           CPU0       CPU1       CPU2       CPU3       CPU4       CPU5       CPU6       CPU7       CPU8       CPU9       CPU10      CPU11      CPU12      CPU13      CPU14      CPU15      CPU16      CPU17      CPU18      CPU19      CPU20      CPU21      CPU22      CPU23      CPU24      CPU25      CPU26      CPU27      CPU28      CPU29      CPU30      CPU31      
  1:          0          0          0          0          0          0          0          0          0          0          0          0          0          0          0          0          0          0          0          0          0          0          0          0          0          9          0          0          0          0          0          0  IO-APIC   1-edge      i8042
  4:          0          0          0          0          0          0          0          0          0          0          0          0          0          0          0          0          0          0          0          0          0          0          0          0          0          0          0        656          0          0          0          0  IO-APIC   4-edge      ttyS0
  8:          0          0          0          0          0          0          0          0          0          0          0          0          0          0          0          0          0          0          0          0          0          0          0          0          0          0          0          0          0          0          0          0  IO-APIC   8-edge      rtc0
  9:          0          0          0          0          0          0          0          0          0          0          0          0          0          0          0          0          0          0          0          0          0          0          0          0          0          0          0          0          0          0          0          0  IO-APIC   9-fasteoi   acpi
 12:          0          0          0          0          0          0          0          0          0          0          0          0          0          0          0          0          0          0          0          0          0          0          0          0        144          0          0          0          0          0          0          0  IO-APIC  12-edge      i8042
 16:          0          0          0          0          0          0          0          0          0          0          0          0          0          0          0          0          0          0          0          0          0          0          0          0          0          0          0          0          0          0          0          0  IO-APIC  16-fasteoi   uhci_hcd:usb2, i801_smbus
 17:          0          0          0          0          0          0          0          0          0          0          0          0          0          0          0          0          0          0          0          0          0          0          0          0          0          0          0          0          0          0          0          0  IO-APIC  17-fasteoi   uhci_hcd:usb3
 18:          0          0          0          0          0          0          0          0          0          0          0          0          0          0          0          0          0          0          0          0          0          0          0          0          0          0          0          0          0          0          0          0  IO-APIC  18-fasteoi   uhci_hcd:usb4
 19:          0          0          0          0          0          0          0          0          0          0          0          0          0          0          0          0          0          0          0          0         30          0          0          0          0          0          0          0          0          0          0          0  IO-APIC  19-fasteoi   ehci_hcd:usb1
 22:          0          0          0          0          0          0          0          0          0          0          0          0          0          0          0          0          0         53          0          0          0          0          0          0          0          0          0          0          0          0          0          0  IO-APIC  22-fasteoi   virtio3, virtio4
 24:          0          0          0          0          0          0          0          0          0          0          0          0          0          0          0          0          0          0          0          0          0          0          0          0          0          0          0          0          0          0          0          0 PCI-MSIX-0000:00:02.0   0-edge      PCIe PME, aerdrv, PCIe bwctrl
 25:          0          0          0          0          0          0          0          0          0          0          0          0          0          0          0          0          0          0          0          0          0          0          0          0          0          0          0          0          0          0          0          0 PCI-MSIX-0000:00:02.1   0-edge      PCIe PME, aerdrv, PCIe bwctrl
 26:          0          0          0          0          0          0          0          0          0          0          0          0          0          0          0          0          0          0          0          0          0          0          0          0          0          0          0          0          0          0          0          0 PCI-MSIX-0000:00:02.2   0-edge      PCIe PME, aerdrv, PCIe bwctrl
 27:          0          0          0          0          0          0          0          0          0          0          0          0          0          0          0          0          0          0          0          0          0          0          0          0          0          0          0          0          0          0          0          0 PCI-MSIX-0000:00:02.3   0-edge      PCIe PME, aerdrv, PCIe bwctrl
 28:          0          0          0          0          0          0          0          0          0          0          0          0          0          0          0          0          0          0          0          0          0          0          0          0          0          0          0          0          0          0          0          0 PCI-MSIX-0000:00:02.4   0-edge      PCIe PME, aerdrv, PCIe bwctrl
 29:          0          0          0          0          0          0          0          0          0          0          0          0          0          0          0          0          0          0          0          0          0          0          0          0          0          0          0          0          0          0          0          0 PCI-MSIX-0000:00:02.5   0-edge      PCIe PME, aerdrv, PCIe bwctrl
 30:          0          0          0          0          0          0          0          0          0          0          0          0          0          0          0          0          0          0          0          0          0          0          0          0          0          0          0          0          0          0          0          0 PCI-MSIX-0000:00:02.6   0-edge      PCIe PME, aerdrv, PCIe bwctrl
 31:          0          0          0          0          0          0          0          0          0          0          0          0          0          0          0          0          0          0          0          0          0          0          0          0          0          0          0          0          0          0          0          0 PCI-MSIX-0000:00:02.7   0-edge      PCIe PME, aerdrv, PCIe bwctrl
 32:          0          0          0          0          0          0          0          0          0          0          0          0          0          0          0          0          0          0          0          0          0          0          0          0          0          0          0          0          0          0          0          0 PCI-MSIX-0000:00:03.0   0-edge      PCIe PME, aerdrv, PCIe bwctrl
 33:          0          0          0          0          0          0          0          0          0          0          0          0          0          0          0          0          0          0          0          0          0          0          0          0          0          0          0          0          0          0          0          0 PCI-MSIX-0000:00:03.1   0-edge      PCIe PME, aerdrv, PCIe bwctrl
 34:          0          0          0          0          0          0          0          0          0          0          0          0          0          0          0          0          0          0          0          0          0          0          0          0          0          0          0          0          0          0          0          0 PCI-MSIX-0000:00:03.2   0-edge      PCIe PME, aerdrv, PCIe bwctrl
 35:          0          0          0          0          0          0          0          0          0          0          0          0          0          0          0          0          0          0          0          0          0          0          0          0          0          0          0          0          0          0          0          0 PCI-MSIX-0000:00:03.3   0-edge      PCIe PME, aerdrv, PCIe bwctrl
 36:          0          0          0          0          0          0          0          0          0          0          0          0          0          0          0          0          0          0          0          0          0          0          0          0          0          0          0          0          0          0          0          0 PCI-MSIX-0000:00:03.4   0-edge      PCIe PME, aerdrv, PCIe bwctrl
 37:          0          0          0          0          0          0          0          0          0          0          0          0          0          0          0          0          0          0          0          0          0          0          0          0          0          0          0          0          0          0          0          0 PCI-MSIX-0000:00:03.5   0-edge      PCIe PME, aerdrv, PCIe bwctrl
 38:          0          0          0          0          0          0          0          0          0          0          0          0          0          0          0          0          0          0          0          0          0          0          0          0          0          0          0          0          0          0          0          0 PCI-MSIX-0000:00:03.6   0-edge      PCIe PME, aerdrv, PCIe bwctrl
 39:          0          0          0          0          0          0          0          0          0          0          0          0          0          0          0          0          0          0          0          0          0          0          0          0          0          0          0          0          0          0          0          0 PCI-MSIX-0000:00:03.7   0-edge      PCIe PME, aerdrv, PCIe bwctrl
 40:          0          0          0          0          0          0          0          0          0          0          0          0          0          0          0          0          0          0          0          0          0          0          0          0          0          0          0          0          0          0          0          0 PCI-MSIX-0000:02:00.0   0-edge      virtio1-config
 41:          0          0          0          0          0          0          0          0          0          0          0          0          0          0          0          0          0          0          0          3          0          0          0          0          0          0          0          0          0          0          0          0 PCI-MSIX-0000:02:00.0   1-edge      virtio1-virtqueues
 42:          0          0          0          0          0          0          0          0          0          0          0          0          0          0          0          0          0          0          0          0          0          0          0          0          0          0          0          0          0          0          0          0 PCI-MSIX-0000:03:00.0   0-edge      virtio2-config
 43:        413          0          0          0          0          0          0          0          0          0          0          0          0          0          0          0          0          0          0          0          0          0          0          0          0          0          0          0          0          0          0          0 PCI-MSIX-0000:03:00.0   1-edge      virtio2-req.0
 44:          0       1198          0          0          0          0          0          0          0          0          0          0          0          0          0          0          0          0          0          0          0          0          0          0          0          0          0          0          0          0          0          0 PCI-MSIX-0000:03:00.0   2-edge      virtio2-req.1
 45:          0          0        565          0          0          0          0          0          0          0          0          0          0          0          0          0          0          0          0          0          0          0          0          0          0          0          0          0          0          0          0          0 PCI-MSIX-0000:03:00.0   3-edge      virtio2-req.2
 46:          0          0          0        412          0          0          0          0          0          0          0          0          0          0          0          0          0          0          0          0          0          0          0          0          0          0          0          0          0          0          0          0 PCI-MSIX-0000:03:00.0   4-edge      virtio2-req.3
 47:          0          0          0          0       1605          0          0          0          0          0          0          0          0          0          0          0          0          0          0          0          0          0          0          0          0          0          0          0          0          0          0          0 PCI-MSIX-0000:03:00.0   5-edge      virtio2-req.4
 48:          0          0          0          0          0        449          0          0          0          0          0          0          0          0          0          0          0          0          0          0          0          0          0          0          0          0          0          0          0          0          0          0 PCI-MSIX-0000:03:00.0   6-edge      virtio2-req.5
 49:          0          0          0          0          0          0        288          0          0          0          0          0          0          0          0          0          0          0          0          0          0          0          0          0          0          0          0          0          0          0          0          0 PCI-MSIX-0000:03:00.0   7-edge      virtio2-req.6
 50:          0          0          0          0          0          0          0        602          0          0          0          0          0          0          0          0          0          0          0          0          0          0          0          0          0          0          0          0          0          0          0          0 PCI-MSIX-0000:03:00.0   8-edge      virtio2-req.7
 51:          0          0          0          0          0          0          0          0       1529          0          0          0          0          0          0          0          0          0          0          0          0          0          0          0          0          0          0          0          0          0          0          0 PCI-MSIX-0000:03:00.0   9-edge      virtio2-req.8
 52:          0          0          0          0          0          0          0          0          0        849          0          0          0          0          0          0          0          0          0          0          0          0          0          0          0          0          0          0          0          0          0          0 PCI-MSIX-0000:03:00.0  10-edge      virtio2-req.9
 53:          0          0          0          0          0          0          0          0          0          0        850          0          0          0          0          0          0          0          0          0          0          0          0          0          0          0          0          0          0          0          0          0 PCI-MSIX-0000:03:00.0  11-edge      virtio2-req.10
 54:          0          0          0          0          0          0          0          0          0          0          0        624          0          0          0          0          0          0          0          0          0          0          0          0          0          0          0          0          0          0          0          0 PCI-MSIX-0000:03:00.0  12-edge      virtio2-req.11
 55:          0          0          0          0          0          0          0          0          0          0          0          0        324          0          0          0          0          0          0          0          0          0          0          0          0          0          0          0          0          0          0          0 PCI-MSIX-0000:03:00.0  13-edge      virtio2-req.12
 56:          0          0          0          0          0          0          0          0          0          0          0          0          0        430          0          0          0          0          0          0          0          0          0          0          0          0          0          0          0          0          0          0 PCI-MSIX-0000:03:00.0  14-edge      virtio2-req.13
 57:          0          0          0          0          0          0          0          0          0          0          0          0          0          0        602          0          0          0          0          0          0          0          0          0          0          0          0          0          0          0          0          0 PCI-MSIX-0000:03:00.0  15-edge      virtio2-req.14
 58:          0          0          0          0          0          0          0          0          0          0          0          0          0          0          0        562          0          0          0          0          0          0          0          0          0          0          0          0          0          0          0          0 PCI-MSIX-0000:03:00.0  16-edge      virtio2-req.15
 59:          0          0          0          0          0          0          0          0          0          0          0          0          0          0          0          0        309          0          0          0          0          0          0          0          0          0          0          0          0          0          0          0 PCI-MSIX-0000:03:00.0  17-edge      virtio2-req.16
 60:          0          0          0          0          0          0          0          0          0          0          0          0          0          0          0          0          0        529          0          0          0          0          0          0          0          0          0          0          0          0          0          0 PCI-MSIX-0000:03:00.0  18-edge      virtio2-req.17
 61:          0          0          0          0          0          0          0          0          0          0          0          0          0          0          0          0          0          0        398          0          0          0          0          0          0          0          0          0          0          0          0          0 PCI-MSIX-0000:03:00.0  19-edge      virtio2-req.18
 62:          0          0          0          0          0          0          0          0          0          0          0          0          0          0          0          0          0          0          0        447          0          0          0          0          0          0          0          0          0          0          0          0 PCI-MSIX-0000:03:00.0  20-edge      virtio2-req.19
 63:          0          0          0          0          0          0          0          0          0          0          0          0          0          0          0          0          0          0          0          0        279          0          0          0          0          0          0          0          0          0          0          0 PCI-MSIX-0000:03:00.0  21-edge      virtio2-req.20
 64:          0          0          0          0          0          0          0          0          0          0          0          0          0          0          0          0          0          0          0          0          0       1966          0          0          0          0          0          0          0          0          0          0 PCI-MSIX-0000:03:00.0  22-edge      virtio2-req.21
 65:          0          0          0          0          0          0          0          0          0          0          0          0          0          0          0          0          0          0          0          0          0          0        531          0          0          0          0          0          0          0          0          0 PCI-MSIX-0000:03:00.0  23-edge      virtio2-req.22
 66:          0          0          0          0          0          0          0          0          0          0          0          0          0          0          0          0          0          0          0          0          0          0          0       3346          0          0          0          0          0          0          0          0 PCI-MSIX-0000:03:00.0  24-edge      virtio2-req.23
 67:          0          0          0          0          0          0          0          0          0          0          0          0          0          0          0          0          0          0          0          0          0          0          0          0        423          0          0          0          0          0          0          0 PCI-MSIX-0000:03:00.0  25-edge      virtio2-req.24
 68:          0          0          0          0          0          0          0          0          0          0          0          0          0          0          0          0          0          0          0          0          0          0          0          0          0       1166          0          0          0          0          0          0 PCI-MSIX-0000:03:00.0  26-edge      virtio2-req.25
 69:          0          0          0          0          0          0          0          0          0          0          0          0          0          0          0          0          0          0          0          0          0          0          0          0          0          0        189          0          0          0          0          0 PCI-MSIX-0000:03:00.0  27-edge      virtio2-req.26
 70:          0          0          0          0          0          0          0          0          0          0          0          0          0          0          0          0          0          0          0          0          0          0          0          0          0          0          0        581          0          0          0          0 PCI-MSIX-0000:03:00.0  28-edge      virtio2-req.27
 71:          0          0          0          0          0          0          0          0          0          0          0          0          0          0          0          0          0          0          0          0          0          0          0          0          0          0          0          0       1936          0          0          0 PCI-MSIX-0000:03:00.0  29-edge      virtio2-req.28
 72:          0          0          0          0          0          0          0          0          0          0          0          0          0          0          0          0          0          0          0          0          0          0          0          0          0          0          0          0          0       1228          0          0 PCI-MSIX-0000:03:00.0  30-edge      virtio2-req.29
 73:          0          0          0          0          0          0          0          0          0          0          0          0          0          0          0          0          0          0          0          0          0          0          0          0          0          0          0          0          0          0        543          0 PCI-MSIX-0000:03:00.0  31-edge      virtio2-req.30
 74:          0          0          0          0          0          0          0          0          0          0          0          0          0          0          0          0          0          0          0          0          0          0          0          0          0          0          0          0          0          0          0        551 PCI-MSIX-0000:03:00.0  32-edge      virtio2-req.31
 75:          0          0          0          0          0          0          0          0          0          0          0          0          0          0          0          0          0          0          0          0          0          0          0          0          0          0          0          0          0          0          0          0 PCI-MSIX-0000:01:00.0   0-edge      virtio0-config
 76:          0          0          0          0          0          0          0          0          0          0          0          0          0          0          0          0          0          0          0          0          0          0          0          0          0          0          0          0          0          0          1          0 PCI-MSIX-0000:01:00.0   1-edge      virtio0-input.0
 77:          0          0          0          0          0          0          0          0          0          0          0          0          0          0          0          0          0          0          0          0          0          0          0          0          0          0          0          0          0          0          0        782 PCI-MSIX-0000:01:00.0   2-edge      virtio0-output.0
 78:          0          0          0          0          0          0          0          0          0          0          0          0          0          0          0          0          0          0          0          0          0          0          0          0          0          0          0          0          0          0          0          0 PCI-MSIX-0000:06:00.0   0-edge      virtio5-config
 79:          0       8540          0          0          0          0          0          0          0          0          0          0          0          0          0          0          0          0          0          0          0          0          0          0          0          0          0          0          0          0          0          0 PCI-MSIX-0000:06:00.0   1-edge      virtio5-input.0
 80:          0          0       7297          0          0          0          0          0          0          0          0          0          0          0          0          0          0          0          0          0          0          0          0          0          0          0          0          0          0          0          0          0 PCI-MSIX-0000:06:00.0   2-edge      virtio5-output.0
 81:          0          0          0          0          0          0          0          0          0          0          0          0          0          0          0          0          0          0          0          0          0          0          0          0          0          0          0          0          0          0          0          0 PCI-MSIX-0000:09:00.0   0-edge      virtio6-config
 82:         48          0          0          0          0          0          0          0          0          0          0          0          0          0          0          0          0          0          0          0          0          0          0          0          0          0          0          0          0          0          0          0 PCI-MSIX-0000:09:00.0   1-edge      virtio6-req.0
 83:          0          0          0          0          0          0          0          0          0          0          0          0          0          0          0          0          0          0          0          0          0          0          0          0          0          0          0          0          0          0          0          0 PCI-MSIX-0000:09:00.0   2-edge      virtio6-req.1
 84:          0          0         35          0          0          0          0          0          0          0          0          0          0          0          0          0          0          0          0          0          0          0          0          0          0          0          0          0          0          0          0          0 PCI-MSIX-0000:09:00.0   3-edge      virtio6-req.2
 85:          0          0          0          0          0          0          0          0          0          0          0          0          0          0          0          0          0          0          0          0          0          0          0          0          0          0          0          0          0          0          0          0 PCI-MSIX-0000:09:00.0   4-edge      virtio6-req.3
 86:          0          0          0          0          0          0          0          0          0          0          0          0          0          0          0          0          0          0          0          0          0          0          0          0          0          0          0          0          0          0          0          0 PCI-MSIX-0000:09:00.0   5-edge      virtio6-req.4
 87:          0          0          0          0          0          0          0          0          0          0          0          0          0          0          0          0          0          0          0          0          0          0          0          0          0          0          0          0          0          0          0          0 PCI-MSIX-0000:09:00.0   6-edge      virtio6-req.5
 88:          0          0          0          0          0          0         42          0          0          0          0          0          0          0          0          0          0          0          0          0          0          0          0          0          0          0          0          0          0          0          0          0 PCI-MSIX-0000:09:00.0   7-edge      virtio6-req.6
 89:          0          0          0          0          0          0          0          0          0          0          0          0          0          0          0          0          0          0          0          0          0          0          0          0          0          0          0          0          0          0          0          0 PCI-MSIX-0000:09:00.0   8-edge      virtio6-req.7
 90:          0          0          0          0          0          0          0          0          0          0          0          0          0          0          0          0          0          0          0          0          0          0          0          0          0          0          0          0          0          0          0          0 PCI-MSIX-0000:09:00.0   9-edge      virtio6-req.8
 91:          0          0          0          0          0          0          0          0          0          1          0          0          0          0          0          0          0          0          0          0          0          0          0          0          0          0          0          0          0          0          0          0 PCI-MSIX-0000:09:00.0  10-edge      virtio6-req.9
 92:          0          0          0          0          0          0          0          0          0          0          0          0          0          0          0          0          0          0          0          0          0          0          0          0          0          0          0          0          0          0          0          0 PCI-MSIX-0000:09:00.0  11-edge      virtio6-req.10
 93:          0          0          0          0          0          0          0          0          0          0          0          0          0          0          0          0          0          0          0          0          0          0          0          0          0          0          0          0          0          0          0          0 PCI-MSIX-0000:09:00.0  12-edge      virtio6-req.11
 94:          0          0          0          0          0          0          0          0          0          0          0          0          0          0          0          0          0          0          0          0          0          0          0          0          0          0          0          0          0          0          0          0 PCI-MSIX-0000:09:00.0  13-edge      virtio6-req.12
 95:          0          0          0          0          0          0          0          0          0          0          0          0          0          0          0          0          0          0          0          0          0          0          0          0          0          0          0          0          0          0          0          0 PCI-MSIX-0000:09:00.0  14-edge      virtio6-req.13
 96:          0          0          0          0          0          0          0          0          0          0          0          0          0          0          0          0          0          0          0          0          0          0          0          0          0          0          0          0          0          0          0          0 PCI-MSIX-0000:09:00.0  15-edge      virtio6-req.14
 97:          0          0          0          0          0          0          0          0          0          0          0          0          0          0          0          0          0          0          0          0          0          0          0          0          0          0          0          0          0          0          0          0 PCI-MSIX-0000:09:00.0  16-edge      virtio6-req.15
 98:          0          0          0          0          0          0          0          0          0          0          0          0          0          0          0          0          0          0          0          0          0          0          0          0          0          0          0          0          0          0          0          0 PCI-MSIX-0000:09:00.0  17-edge      virtio6-req.16
 99:          0          0          0          0          0          0          0          0          0          0          0          0          0          0          0          0          0          0          0          0          0          0          0          0          0          0          0          0          0          0          0          0 PCI-MSIX-0000:09:00.0  18-edge      virtio6-req.17
100:          0          0          0          0          0          0          0          0          0          0          0          0          0          0          0          0          0          0          0          0          0          0          0          0          0          0          0          0          0          0          0          0 PCI-MSIX-0000:09:00.0  19-edge      virtio6-req.18
101:          0          0          0          0          0          0          0          0          0          0          0          0          0          0          0          0          0          0          0          0          0          0          0          0          0          0          0          0          0          0          0          0 PCI-MSIX-0000:09:00.0  20-edge      virtio6-req.19
102:          0          0          0          0          0          0          0          0          0          0          0          0          0          0          0          0          0          0          0          0          2          0          0          0          0          0          0          0          0          0          0          0 PCI-MSIX-0000:09:00.0  21-edge      virtio6-req.20
103:          0          0          0          0          0          0          0          0          0          0          0          0          0          0          0          0          0          0          0          0          0          0          0          0          0          0          0          0          0          0          0          0 PCI-MSIX-0000:09:00.0  22-edge      virtio6-req.21
104:          0          0          0          0          0          0          0          0          0          0          0          0          0          0          0          0          0          0          0          0          0          0         35          0          0          0          0          0          0          0          0          0 PCI-MSIX-0000:09:00.0  23-edge      virtio6-req.22
105:          0          0          0          0          0          0          0          0          0          0          0          0          0          0          0          0          0          0          0          0          0          0          0          0          0          0          0          0          0          0          0          0 PCI-MSIX-0000:09:00.0  24-edge      virtio6-req.23
106:          0          0          0          0          0          0          0          0          0          0          0          0          0          0          0          0          0          0          0          0          0          0          0          0          1          0          0          0          0          0          0          0 PCI-MSIX-0000:09:00.0  25-edge      virtio6-req.24
107:          0          0          0          0          0          0          0          0          0          0          0          0          0          0          0          0          0          0          0          0          0          0          0          0          0          0          0          0          0          0          0          0 PCI-MSIX-0000:09:00.0  26-edge      virtio6-req.25
108:          0          0          0          0          0          0          0          0          0          0          0          0          0          0          0          0          0          0          0          0          0          0          0          0          0          0          0          0          0          0          0          0 PCI-MSIX-0000:09:00.0  27-edge      virtio6-req.26
109:          0          0          0          0          0          0          0          0          0          0          0          0          0          0          0          0          0          0          0          0          0          0          0          0          0          0          0          0          0          0          0          0 PCI-MSIX-0000:09:00.0  28-edge      virtio6-req.27
110:          0          0          0          0          0          0          0          0          0          0          0          0          0          0          0          0          0          0          0          0          0          0          0          0          0          0          0          0          0          0          0          0 PCI-MSIX-0000:09:00.0  29-edge      virtio6-req.28
111:          0          0          0          0          0          0          0          0          0          0          0          0          0          0          0          0          0          0          0          0          0          0          0          0          0          0          0          0          0          0          0          0 PCI-MSIX-0000:09:00.0  30-edge      virtio6-req.29
112:          0          0          0          0          0          0          0          0          0          0          0          0          0          0          0          0          0          0          0          0          0          0          0          0          0          0          0          0          0          0        129          0 PCI-MSIX-0000:09:00.0  31-edge      virtio6-req.30
113:          0          0          0          0          0          0          0          0          0          0          0          0          0          0          0          0          0          0          0          0          0          0          0          0          0          0          0          0          0          0          0          0 PCI-MSIX-0000:09:00.0  32-edge      virtio6-req.31
114:          0          0          0          0          0          0          0          0          0          0          0          0          0          0          0          0          0          0          0          0          0          0          0          0          0          0          0          0          0          0          0          0 PCI-MSIX-0000:0a:00.0   0-edge      virtio7-config
115:        323          0          0          0          0          0          0          0          0          0          0          0          0          0          0          0          0          0          0          0          0          0          0          0          0          0          0          0          0          0          0          0 PCI-MSIX-0000:0a:00.0   1-edge      virtio7-req.0
116:          0         82          0          0          0          0          0          0          0          0          0          0          0          0          0          0          0          0          0          0          0          0          0          0          0          0          0          0          0          0          0          0 PCI-MSIX-0000:0a:00.0   2-edge      virtio7-req.1
117:          0          0         85          0          0          0          0          0          0          0          0          0          0          0          0          0          0          0          0          0          0          0          0          0          0          0          0          0          0          0          0          0 PCI-MSIX-0000:0a:00.0   3-edge      virtio7-req.2
118:          0          0          0        516          0          0          0          0          0          0          0          0          0          0          0          0          0          0          0          0          0          0          0          0          0          0          0          0          0          0          0          0 PCI-MSIX-0000:0a:00.0   4-edge      virtio7-req.3
119:          0          0          0          0        680          0          0          0          0          0          0          0          0          0          0          0          0          0          0          0          0          0          0          0          0          0          0          0          0          0          0          0 PCI-MSIX-0000:0a:00.0   5-edge      virtio7-req.4
120:          0          0          0          0          0         28          0          0          0          0          0          0          0          0          0          0          0          0          0          0          0          0          0          0          0          0          0          0          0          0          0          0 PCI-MSIX-0000:0a:00.0   6-edge      virtio7-req.5
121:          0          0          0          0          0          0        274          0          0          0          0          0          0          0          0          0          0          0          0          0          0          0          0          0          0          0          0          0          0          0          0          0 PCI-MSIX-0000:0a:00.0   7-edge      virtio7-req.6
122:          0          0          0          0          0          0          0         40          0          0          0          0          0          0          0          0          0          0          0          0          0          0          0          0          0          0          0          0          0          0          0          0 PCI-MSIX-0000:0a:00.0   8-edge      virtio7-req.7
123:          0          0          0          0          0          0          0          0         28          0          0          0          0          0          0          0          0          0          0          0          0          0          0          0          0          0          0          0          0          0          0          0 PCI-MSIX-0000:0a:00.0   9-edge      virtio7-req.8
124:          0          0          0          0          0          0          0          0          0        393          0          0          0          0          0          0          0          0          0          0          0          0          0          0          0          0          0          0          0          0          0          0 PCI-MSIX-0000:0a:00.0  10-edge      virtio7-req.9
125:          0          0          0          0          0          0          0          0          0          0        260          0          0          0          0          0          0          0          0          0          0          0          0          0          0          0          0          0          0          0          0          0 PCI-MSIX-0000:0a:00.0  11-edge      virtio7-req.10
126:          0          0          0          0          0          0          0          0          0          0          0         41          0          0          0          0          0          0          0          0          0          0          0          0          0          0          0          0          0          0          0          0 PCI-MSIX-0000:0a:00.0  12-edge      virtio7-req.11
127:          0          0          0          0          0          0          0          0          0          0          0          0        274          0          0          0          0          0          0          0          0          0          0          0          0          0          0          0          0          0          0          0 PCI-MSIX-0000:0a:00.0  13-edge      virtio7-req.12
128:          0          0          0          0          0          0          0          0          0          0          0          0          0        429          0          0          0          0          0          0          0          0          0          0          0          0          0          0          0          0          0          0 PCI-MSIX-0000:0a:00.0  14-edge      virtio7-req.13
129:          0          0          0          0          0          0          0          0          0          0          0          0          0          0        323          0          0          0          0          0          0          0          0          0          0          0          0          0          0          0          0          0 PCI-MSIX-0000:0a:00.0  15-edge      virtio7-req.14
130:          0          0          0          0          0          0          0          0          0          0          0          0          0          0          0        310          0          0          0          0          0          0          0          0          0          0          0          0          0          0          0          0 PCI-MSIX-0000:0a:00.0  16-edge      virtio7-req.15
131:          0          0          0          0          0          0          0          0          0          0          0          0          0          0          0          0        107          0          0          0          0          0          0          0          0          0          0          0          0          0          0          0 PCI-MSIX-0000:0a:00.0  17-edge      virtio7-req.16
132:          0          0          0          0          0          0          0          0          0          0          0          0          0          0          0          0          0        362          0          0          0          0          0          0          0          0          0          0          0          0          0          0 PCI-MSIX-0000:0a:00.0  18-edge      virtio7-req.17
133:          0          0          0          0          0          0          0          0          0          0          0          0          0          0          0          0          0          0        368          0          0          0          0          0          0          0          0          0          0          0          0          0 PCI-MSIX-0000:0a:00.0  19-edge      virtio7-req.18
134:          0          0          0          0          0          0          0          0          0          0          0          0          0          0          0          0          0          0          0        325          0          0          0          0          0          0          0          0          0          0          0          0 PCI-MSIX-0000:0a:00.0  20-edge      virtio7-req.19
135:          0          0          0          0          0          0          0          0          0          0          0          0          0          0          0          0          0          0          0          0        380          0          0          0          0          0          0          0          0          0          0          0 PCI-MSIX-0000:0a:00.0  21-edge      virtio7-req.20
136:          0          0          0          0          0          0          0          0          0          0          0          0          0          0          0          0          0          0          0          0          0        343          0          0          0          0          0          0          0          0          0          0 PCI-MSIX-0000:0a:00.0  22-edge      virtio7-req.21
137:          0          0          0          0          0          0          0          0          0          0          0          0          0          0          0          0          0          0          0          0          0          0        511          0          0          0          0          0          0          0          0          0 PCI-MSIX-0000:0a:00.0  23-edge      virtio7-req.22
138:          0          0          0          0          0          0          0          0          0          0          0          0          0          0          0          0          0          0          0          0          0          0          0        236          0          0          0          0          0          0          0          0 PCI-MSIX-0000:0a:00.0  24-edge      virtio7-req.23
139:          0          0          0          0          0          0          0          0          0          0          0          0          0          0          0          0          0          0          0          0          0          0          0          0        276          0          0          0          0          0          0          0 PCI-MSIX-0000:0a:00.0  25-edge      virtio7-req.24
140:          0          0          0          0          0          0          0          0          0          0          0          0          0          0          0          0          0          0          0          0          0          0          0          0          0        259          0          0          0          0          0          0 PCI-MSIX-0000:0a:00.0  26-edge      virtio7-req.25
141:          0          0          0          0          0          0          0          0          0          0          0          0          0          0          0          0          0          0          0          0          0          0          0          0          0          0         96          0          0          0          0          0 PCI-MSIX-0000:0a:00.0  27-edge      virtio7-req.26
142:          0          0          0          0          0          0          0          0          0          0          0          0          0          0          0          0          0          0          0          0          0          0          0          0          0          0          0        385          0          0          0          0 PCI-MSIX-0000:0a:00.0  28-edge      virtio7-req.27
143:          0          0          0          0          0          0          0          0          0          0          0          0          0          0          0          0          0          0          0          0          0          0          0          0          0          0          0          0        459          0          0          0 PCI-MSIX-0000:0a:00.0  29-edge      virtio7-req.28
144:          0          0          0          0          0          0          0          0          0          0          0          0          0          0          0          0          0          0          0          0          0          0          0          0          0          0          0          0          0        291          0          0 PCI-MSIX-0000:0a:00.0  30-edge      virtio7-req.29
145:          0          0          0          0          0          0          0          0          0          0          0          0          0          0          0          0          0          0          0          0          0          0          0          0          0          0          0          0          0          0        279          0 PCI-MSIX-0000:0a:00.0  31-edge      virtio7-req.30
146:          0          0          0          0          0          0          0          0          0          0          0          0          0          0          0          0          0          0          0          0          0          0          0          0          0          0          0          0          0          0          0         48 PCI-MSIX-0000:0a:00.0  32-edge      virtio7-req.31
147:          0          0          0          0          0          0          0          0          0          0          0          0          0          0          0          0          0          0          0          0          0          0          0          0          0          0          0          0          0          0          0          0 PCI-MSIX-0000:0b:00.0   0-edge      virtio8-config
148:          3          0          0          0          0          0          0          0          0          0          0          0          0          0          0          0          0          0          0          0          0          0          0          0          0          0          0          0          0          0          0          0 PCI-MSIX-0000:0b:00.0   1-edge      virtio8-req.0
149:          0         44          0          0          0          0          0          0          0          0          0          0          0          0          0          0          0          0          0          0          0          0          0          0          0          0          0          0          0          0          0          0 PCI-MSIX-0000:0b:00.0   2-edge      virtio8-req.1
150:          0          0         35          0          0          0          0          0          0          0          0          0          0          0          0          0          0          0          0          0          0          0          0          0          0          0          0          0          0          0          0          0 PCI-MSIX-0000:0b:00.0   3-edge      virtio8-req.2
151:          0          0          0          1          0          0          0          0          0          0          0          0          0          0          0          0          0          0          0          0          0          0          0          0          0          0          0          0          0          0          0          0 PCI-MSIX-0000:0b:00.0   4-edge      virtio8-req.3
152:          0          0          0          0          0          0          0          0          0          0          0          0          0          0          0          0          0          0          0          0          0          0          0          0          0          0          0          0          0          0          0          0 PCI-MSIX-0000:0b:00.0   5-edge      virtio8-req.4
153:          0          0          0          0          0          0          0          0          0          0          0          0          0          0          0          0          0          0          0          0          0          0          0          0          0          0          0          0          0          0          0          0 PCI-MSIX-0000:0b:00.0   6-edge      virtio8-req.5
154:          0          0          0          0          0          0          0          0          0          0          0          0          0          0          0          0          0          0          0          0          0          0          0          0          0          0          0          0          0          0          0          0 PCI-MSIX-0000:0b:00.0   7-edge      virtio8-req.6
155:          0          0          0          0          0          0          0          0          0          0          0          0          0          0          0          0          0          0          0          0          0          0          0          0          0          0          0          0          0          0          0          0 PCI-MSIX-0000:0b:00.0   8-edge      virtio8-req.7
156:          0          0          0          0          0          0          0          0          0          0          0          0          0          0          0          0          0          0          0          0          0          0          0          0          0          0          0          0          0          0          0          0 PCI-MSIX-0000:0b:00.0   9-edge      virtio8-req.8
157:          0          0          0          0          0          0          0          0          0          1          0          0          0          0          0          0          0          0          0          0          0          0          0          0          0          0          0          0          0          0          0          0 PCI-MSIX-0000:0b:00.0  10-edge      virtio8-req.9
158:          0          0          0          0          0          0          0          0          0          0          0          0          0          0          0          0          0          0          0          0          0          0          0          0          0          0          0          0          0          0          0          0 PCI-MSIX-0000:0b:00.0  11-edge      virtio8-req.10
159:          0          0          0          0          0          0          0          0          0          0          0          0          0          0          0          0          0          0          0          0          0          0          0          0          0          0          0          0          0          0          0          0 PCI-MSIX-0000:0b:00.0  12-edge      virtio8-req.11
160:          0          0          0          0          0          0          0          0          0          0          0          0          0          0          0          0          0          0          0          0          0          0          0          0          0          0          0          0          0          0          0          0 PCI-MSIX-0000:0b:00.0  13-edge      virtio8-req.12
161:          0          0          0          0          0          0          0          0          0          0          0          0          0          0          0          0          0          0          0          0          0          0          0          0          0          0          0          0          0          0          0          0 PCI-MSIX-0000:0b:00.0  14-edge      virtio8-req.13
162:          0          0          0          0          0          0          0          0          0          0          0          0          0          0          0          0          0          0          0          0          0          0          0          0          0          0          0          0          0          0          0          0 PCI-MSIX-0000:0b:00.0  15-edge      virtio8-req.14
163:          0          0          0          0          0          0          0          0          0          0          0          0          0          0          0          0          0          0          0          0          0          0          0          0          0          0          0          0          0          0          0          0 PCI-MSIX-0000:0b:00.0  16-edge      virtio8-req.15
164:          0          0          0          0          0          0          0          0          0          0          0          0          0          0          0          0          2          0          0          0          0          0          0          0          0          0          0          0          0          0          0          0 PCI-MSIX-0000:0b:00.0  17-edge      virtio8-req.16
165:          0          0          0          0          0          0          0          0          0          0          0          0          0          0          0          0          0          1          0          0          0          0          0          0          0          0          0          0          0          0          0          0 PCI-MSIX-0000:0b:00.0  18-edge      virtio8-req.17
166:          0          0          0          0          0          0          0          0          0          0          0          0          0          0          0          0          0          0          0          0          0          0          0          0          0          0          0          0          0          0          0          0 PCI-MSIX-0000:0b:00.0  19-edge      virtio8-req.18
167:          0          0          0          0          0          0          0          0          0          0          0          0          0          0          0          0          0          0          0          0          0          0          0          0          0          0          0          0          0          0          0          0 PCI-MSIX-0000:0b:00.0  20-edge      virtio8-req.19
168:          0          0          0          0          0          0          0          0          0          0          0          0          0          0          0          0          0          0          0          0          2          0          0          0          0          0          0          0          0          0          0          0 PCI-MSIX-0000:0b:00.0  21-edge      virtio8-req.20
169:          0          0          0          0          0          0          0          0          0          0          0          0          0          0          0          0          0          0          0          0          0          0          0          0          0          0          0          0          0          0          0          0 PCI-MSIX-0000:0b:00.0  22-edge      virtio8-req.21
170:          0          0          0          0          0          0          0          0          0          0          0          0          0          0          0          0          0          0          0          0          0          0         35          0          0          0          0          0          0          0          0          0 PCI-MSIX-0000:0b:00.0  23-edge      virtio8-req.22
171:          0          0          0          0          0          0          0          0          0          0          0          0          0          0          0          0          0          0          0          0          0          0          0          0          0          0          0          0          0          0          0          0 PCI-MSIX-0000:0b:00.0  24-edge      virtio8-req.23
172:          0          0          0          0          0          0          0          0          0          0          0          0          0          0          0          0          0          0          0          0          0          0          0          0          0          0          0          0          0          0          0          0 PCI-MSIX-0000:0b:00.0  25-edge      virtio8-req.24
173:          0          0          0          0          0          0          0          0          0          0          0          0          0          0          0          0          0          0          0          0          0          0          0          0          0          0          0          0          0          0          0          0 PCI-MSIX-0000:0b:00.0  26-edge      virtio8-req.25
174:          0          0          0          0          0          0          0          0          0          0          0          0          0          0          0          0          0          0          0          0          0          0          0          0          0          0          0          0          0          0          0          0 PCI-MSIX-0000:0b:00.0  27-edge      virtio8-req.26
175:          0          0          0          0          0          0          0          0          0          0          0          0          0          0          0          0          0          0          0          0          0          0          0          0          0          0          0          0          0          0          0          0 PCI-MSIX-0000:0b:00.0  28-edge      virtio8-req.27
176:          0          0          0          0          0          0          0          0          0          0          0          0          0          0          0          0          0          0          0          0          0          0          0          0          0          0          0          0          0          0          0          0 PCI-MSIX-0000:0b:00.0  29-edge      virtio8-req.28
177:          0          0          0          0          0          0          0          0          0          0          0          0          0          0          0          0          0          0          0          0          0          0          0          0          0          0          0          0          0          0          0          0 PCI-MSIX-0000:0b:00.0  30-edge      virtio8-req.29
178:          0          0          0          0          0          0          0          0          0          0          0          0          0          0          0          0          0          0          0          0          0          0          0          0          0          0          0          0          0          0         45          0 PCI-MSIX-0000:0b:00.0  31-edge      virtio8-req.30
179:          0          0          0          0          0          0          0          0          0          0          0          0          0          0          0          0          0          0          0          0          0          0          0          0          0          0          0          0          0          0          0          0 PCI-MSIX-0000:0b:00.0  32-edge      virtio8-req.31
180:          0          0          0          0          0          0          0          0          0          0          0          0          0          0          0          0          0          0          0          0          0          0          0          0          0          0          0          0          0          0          0          0 PCI-MSIX-0000:0c:00.0   0-edge      virtio9-config
181:          3          0          0          0          0          0          0          0          0          0          0          0          0          0          0          0          0          0          0          0          0          0          0          0          0          0          0          0          0          0          0          0 PCI-MSIX-0000:0c:00.0   1-edge      virtio9-req.0
182:          0          0          0          0          0          0          0          0          0          0          0          0          0          0          0          0          0          0          0          0          0          0          0          0          0          0          0          0          0          0          0          0 PCI-MSIX-0000:0c:00.0   2-edge      virtio9-req.1
183:          0          0         35          0          0          0          0          0          0          0          0          0          0          0          0          0          0          0          0          0          0          0          0          0          0          0          0          0          0          0          0          0 PCI-MSIX-0000:0c:00.0   3-edge      virtio9-req.2
184:          0          0          0          0          0          0          0          0          0          0          0          0          0          0          0          0          0          0          0          0          0          0          0          0          0          0          0          0          0          0          0          0 PCI-MSIX-0000:0c:00.0   4-edge      virtio9-req.3
185:          0          0          0          0          0          0          0          0          0          0          0          0          0          0          0          0          0          0          0          0          0          0          0          0          0          0          0          0          0          0          0          0 PCI-MSIX-0000:0c:00.0   5-edge      virtio9-req.4
186:          0          0          0          0          0          0          0          0          0          0          0          0          0          0          0          0          0          0          0          0          0          0          0          0          0          0          0          0          0          0          0          0 PCI-MSIX-0000:0c:00.0   6-edge      virtio9-req.5
187:          0          0          0          0          0          0          0          0          0          0          0          0          0          0          0          0          0          0          0          0          0          0          0          0          0          0          0          0          0          0          0          0 PCI-MSIX-0000:0c:00.0   7-edge      virtio9-req.6
188:          0          0          0          0          0          0          0          0          0          0          0          0          0          0          0          0          0          0          0          0          0          0          0          0          0          0          0          0          0          0          0          0 PCI-MSIX-0000:0c:00.0   8-edge      virtio9-req.7
189:          0          0          0          0          0          0          0          0          0          0          0          0          0          0          0          0          0          0          0          0          0          0          0          0          0          0          0          0          0          0          0          0 PCI-MSIX-0000:0c:00.0   9-edge      virtio9-req.8
190:          0          0          0          0          0          0          0          0          0          1          0          0          0          0          0          0          0          0          0          0          0          0          0          0          0          0          0          0          0          0          0          0 PCI-MSIX-0000:0c:00.0  10-edge      virtio9-req.9
191:          0          0          0          0          0          0          0          0          0          0         42          0          0          0          0          0          0          0          0          0          0          0          0          0          0          0          0          0          0          0          0          0 PCI-MSIX-0000:0c:00.0  11-edge      virtio9-req.10
192:          0          0          0          0          0          0          0          0          0          0          0         11          0          0          0          0          0          0          0          0          0          0          0          0          0          0          0          0          0          0          0          0 PCI-MSIX-0000:0c:00.0  12-edge      virtio9-req.11
193:          0          0          0          0          0          0          0          0          0          0          0          0          0          0          0          0          0          0          0          0          0          0          0          0          0          0          0          0          0          0          0          0 PCI-MSIX-0000:0c:00.0  13-edge      virtio9-req.12
194:          0          0          0          0          0          0          0          0          0          0          0          0          0          0          0          0          0          0          0          0          0          0          0          0          0          0          0          0          0          0          0          0 PCI-MSIX-0000:0c:00.0  14-edge      virtio9-req.13
195:          0          0          0          0          0          0          0          0          0          0          0          0          0          0          0          0          0          0          0          0          0          0          0          0          0          0          0          0          0          0          0          0 PCI-MSIX-0000:0c:00.0  15-edge      virtio9-req.14
196:          0          0          0          0          0          0          0          0          0          0          0          0          0          0          0          0          0          0          0          0          0          0          0          0          0          0          0          0          0          0          0          0 PCI-MSIX-0000:0c:00.0  16-edge      virtio9-req.15
197:          0          0          0          0          0          0          0          0          0          0          0          0          0          0          0          0          2          0          0          0          0          0          0          0          0          0          0          0          0          0          0          0 PCI-MSIX-0000:0c:00.0  17-edge      virtio9-req.16
198:          0          0          0          0          0          0          0          0          0          0          0          0          0          0          0          0          0          2          0          0          0          0          0          0          0          0          0          0          0          0          0          0 PCI-MSIX-0000:0c:00.0  18-edge      virtio9-req.17
199:          0          0          0          0          0          0          0          0          0          0          0          0          0          0          0          0          0          0          0          0          0          0          0          0          0          0          0          0          0          0          0          0 PCI-MSIX-0000:0c:00.0  19-edge      virtio9-req.18
200:          0          0          0          0          0          0          0          0          0          0          0          0          0          0          0          0          0          0          0          0          0          0          0          0          0          0          0          0          0          0          0          0 PCI-MSIX-0000:0c:00.0  20-edge      virtio9-req.19
201:          0          0          0          0          0          0          0          0          0          0          0          0          0          0          0          0          0          0          0          0          2          0          0          0          0          0          0          0          0          0          0          0 PCI-MSIX-0000:0c:00.0  21-edge      virtio9-req.20
202:          0          0          0          0          0          0          0          0          0          0          0          0          0          0          0          0          0          0          0          0          0          0          0          0          0          0          0          0          0          0          0          0 PCI-MSIX-0000:0c:00.0  22-edge      virtio9-req.21
203:          0          0          0          0          0          0          0          0          0          0          0          0          0          0          0          0          0          0          0          0          0          0         36          0          0          0          0          0          0          0          0          0 PCI-MSIX-0000:0c:00.0  23-edge      virtio9-req.22
204:          0          0          0          0          0          0          0          0          0          0          0          0          0          0          0          0          0          0          0          0          0          0          0          0          0          0          0          0          0          0          0          0 PCI-MSIX-0000:0c:00.0  24-edge      virtio9-req.23
205:          0          0          0          0          0          0          0          0          0          0          0          0          0          0          0          0          0          0          0          0          0          0          0          0          0          0          0          0          0          0          0          0 PCI-MSIX-0000:0c:00.0  25-edge      virtio9-req.24
206:          0          0          0          0          0          0          0          0          0          0          0          0          0          0          0          0          0          0          0          0          0          0          0          0          0          0          0          0          0          0          0          0 PCI-MSIX-0000:0c:00.0  26-edge      virtio9-req.25
207:          0          0          0          0          0          0          0          0          0          0          0          0          0          0          0          0          0          0          0          0          0          0          0          0          0          0          0          0          0          0          0          0 PCI-MSIX-0000:0c:00.0  27-edge      virtio9-req.26
208:          0          0          0          0          0          0          0          0          0          0          0          0          0          0          0          0          0          0          0          0          0          0          0          0          0          0          0          0          0          0          0          0 PCI-MSIX-0000:0c:00.0  28-edge      virtio9-req.27
209:          0          0          0          0          0          0          0          0          0          0          0          0          0          0          0          0          0          0          0          0          0          0          0          0          0          0          0          0          0          0          0          0 PCI-MSIX-0000:0c:00.0  29-edge      virtio9-req.28
210:          0          0          0          0          0          0          0          0          0          0          0          0          0          0          0          0          0          0          0          0          0          0          0          0          0          0          0          0          0          0          0          0 PCI-MSIX-0000:0c:00.0  30-edge      virtio9-req.29
211:          0          0          0          0          0          0          0          0          0          0          0          0          0          0          0          0          0          0          0          0          0          0          0          0          0          0          0          0          0          0          0          0 PCI-MSIX-0000:0c:00.0  31-edge      virtio9-req.30
212:          0          0          0          0          0          0          0          0          0          0          0          0          0          0          0          0          0          0          0          0          0          0          0          0          0          0          0          0          0          0          0         27 PCI-MSIX-0000:0c:00.0  32-edge      virtio9-req.31
213:          0          0          0          0          0          0          0          0          0          0          0          0          0          0          0          0          0          0          0          0          0          0          0          0          0          0          0          0          0          0          0          0 PCI-MSIX-0000:0d:00.0   0-edge      virtio10-config
214:         10          0          0          0          0          0          0          0          0          0          0          0          0          0          0          0          0          0          0          0          0          0          0          0          0          0          0          0          0          0          0          0 PCI-MSIX-0000:0d:00.0   1-edge      virtio10-req.0
215:          0          0          0          0          0          0          0          0          0          0          0          0          0          0          0          0          0          0          0          0          0          0          0          0          0          0          0          0          0          0          0          0 PCI-MSIX-0000:0d:00.0   2-edge      virtio10-req.1
216:          0          0         50          0          0          0          0          0          0          0          0          0          0          0          0          0          0          0          0          0          0          0          0          0          0          0          0          0          0          0          0          0 PCI-MSIX-0000:0d:00.0   3-edge      virtio10-req.2
217:          0          0          0          0          0          0          0          0          0          0          0          0          0          0          0          0          0          0          0          0          0          0          0          0          0          0          0          0          0          0          0          0 PCI-MSIX-0000:0d:00.0   4-edge      virtio10-req.3
218:          0          0          0          0          0          0          0          0          0          0          0          0          0          0          0          0          0          0          0          0          0          0          0          0          0          0          0          0          0          0          0          0 PCI-MSIX-0000:0d:00.0   5-edge      virtio10-req.4
219:          0          0          0          0          0         27          0          0          0          0          0          0          0          0          0          0          0          0          0          0          0          0          0          0          0          0          0          0          0          0          0          0 PCI-MSIX-0000:0d:00.0   6-edge      virtio10-req.5
220:          0          0          0          0          0          0          0          0          0          0          0          0          0          0          0          0          0          0          0          0          0          0          0          0          0          0          0          0          0          0          0          0 PCI-MSIX-0000:0d:00.0   7-edge      virtio10-req.6
221:          0          0          0          0          0          0          0         26          0          0          0          0          0          0          0          0          0          0          0          0          0          0          0          0          0          0          0          0          0          0          0          0 PCI-MSIX-0000:0d:00.0   8-edge      virtio10-req.7
222:          0          0          0          0          0          0          0          0          0          0          0          0          0          0          0          0          0          0          0          0          0          0          0          0          0          0          0          0          0          0          0          0 PCI-MSIX-0000:0d:00.0   9-edge      virtio10-req.8
223:          0          0          0          0          0          0          0          0          0          2          0          0          0          0          0          0          0          0          0          0          0          0          0          0          0          0          0          0          0          0          0          0 PCI-MSIX-0000:0d:00.0  10-edge      virtio10-req.9
224:          0          0          0          0          0          0          0          0          0          0          0          0          0          0          0          0          0          0          0          0          0          0          0          0          0          0          0          0          0          0          0          0 PCI-MSIX-0000:0d:00.0  11-edge      virtio10-req.10
225:          0          0          0          0          0          0          0          0          0          0          0          0          0          0          0          0          0          0          0          0          0          0          0          0          0          0          0          0          0          0          0          0 PCI-MSIX-0000:0d:00.0  12-edge      virtio10-req.11
226:          0          0          0          0          0          0          0          0          0          0          0          0         28          0          0          0          0          0          0          0          0          0          0          0          0          0          0          0          0          0          0          0 PCI-MSIX-0000:0d:00.0  13-edge      virtio10-req.12
227:          0          0          0          0          0          0          0          0          0          0          0          0          0          0          0          0          0          0          0          0          0          0          0          0          0          0          0          0          0          0          0          0 PCI-MSIX-0000:0d:00.0  14-edge      virtio10-req.13
228:          0          0          0          0          0          0          0          0          0          0          0          0          0          0         28          0          0          0          0          0          0          0          0          0          0          0          0          0          0          0          0          0 PCI-MSIX-0000:0d:00.0  15-edge      virtio10-req.14
229:          0          0          0          0          0          0          0          0          0          0          0          0          0          0          0          0          0          0          0          0          0          0          0          0          0          0          0          0          0          0          0          0 PCI-MSIX-0000:0d:00.0  16-edge      virtio10-req.15
230:          0          0          0          0          0          0          0          0          0          0          0          0          0          0          0          0          4          0          0          0          0          0          0          0          0          0          0          0          0          0          0          0 PCI-MSIX-0000:0d:00.0  17-edge      virtio10-req.16
231:          0          0          0          0          0          0          0          0          0          0          0          0          0          0          0          0          0         52          0          0          0          0          0          0          0          0          0          0          0          0          0          0 PCI-MSIX-0000:0d:00.0  18-edge      virtio10-req.17
232:          0          0          0          0          0          0          0          0          0          0          0          0          0          0          0          0          0          0          0          0          0          0          0          0          0          0          0          0          0          0          0          0 PCI-MSIX-0000:0d:00.0  19-edge      virtio10-req.18
233:          0          0          0          0          0          0          0          0          0          0          0          0          0          0          0          0          0          0          0          0          0          0          0          0          0          0          0          0          0          0          0          0 PCI-MSIX-0000:0d:00.0  20-edge      virtio10-req.19
234:          0          0          0          0          0          0          0          0          0          0          0          0          0          0          0          0          0          0          0          0          4          0          0          0          0          0          0          0          0          0          0          0 PCI-MSIX-0000:0d:00.0  21-edge      virtio10-req.20
235:          0          0          0          0          0          0          0          0          0          0          0          0          0          0          0          0          0          0          0          0          0          0          0          0          0          0          0          0          0          0          0          0 PCI-MSIX-0000:0d:00.0  22-edge      virtio10-req.21
236:          0          0          0          0          0          0          0          0          0          0          0          0          0          0          0          0          0          0          0          0          0          0         50          0          0          0          0          0          0          0          0          0 PCI-MSIX-0000:0d:00.0  23-edge      virtio10-req.22
237:          0          0          0          0          0          0          0          0          0          0          0          0          0          0          0          0          0          0          0          0          0          0          0          0          0          0          0          0          0          0          0          0 PCI-MSIX-0000:0d:00.0  24-edge      virtio10-req.23
238:          0          0          0          0          0          0          0          0          0          0          0          0          0          0          0          0          0          0          0          0          0          0          0          0          0          0          0          0          0          0          0          0 PCI-MSIX-0000:0d:00.0  25-edge      virtio10-req.24
239:          0          0          0          0          0          0          0          0          0          0          0          0          0          0          0          0          0          0          0          0          0          0          0          0          0         22          0          0          0          0          0          0 PCI-MSIX-0000:0d:00.0  26-edge      virtio10-req.25
240:          0          0          0          0          0          0          0          0          0          0          0          0          0          0          0          0          0          0          0          0          0          0          0          0          0          0          0          0          0          0          0          0 PCI-MSIX-0000:0d:00.0  27-edge      virtio10-req.26
241:          0          0          0          0          0          0          0          0          0          0          0          0          0          0          0          0          0          0          0          0          0          0          0          0          0          0          0         13          0          0          0          0 PCI-MSIX-0000:0d:00.0  28-edge      virtio10-req.27
242:          0          0          0          0          0          0          0          0          0          0          0          0          0          0          0          0          0          0          0          0          0          0          0          0          0          0          0          0          0          0          0          0 PCI-MSIX-0000:0d:00.0  29-edge      virtio10-req.28
243:          0          0          0          0          0          0          0          0          0          0          0          0          0          0          0          0          0          0          0          0          0          0          0          0          0          0          0          0          0          0          0          0 PCI-MSIX-0000:0d:00.0  30-edge      virtio10-req.29
244:          0          0          0          0          0          0          0          0          0          0          0          0          0          0          0          0          0          0          0          0          0          0          0          0          0          0          0          0          0          0          0          0 PCI-MSIX-0000:0d:00.0  31-edge      virtio10-req.30
245:          0          0          0          0          0          0          0          0          0          0          0          0          0          0          0          0          0          0          0          0          0          0          0          0          0          0          0          0          0          0          0          0 PCI-MSIX-0000:0d:00.0  32-edge      virtio10-req.31
246:          0          0          0          0          0          0          0          0          0          0          0          0          0          0          0          0          0          0          0          0          0          0          0          0          0          0          0          0          0          0          0          0 PCI-MSIX-0000:0e:00.0   0-edge      virtio11-config
247:          3          0          0          0          0          0          0          0          0          0          0          0          0          0          0          0          0          0          0          0          0          0          0          0          0          0          0          0          0          0          0          0 PCI-MSIX-0000:0e:00.0   1-edge      virtio11-req.0
248:          0          0          0          0          0          0          0          0          0          0          0          0          0          0          0          0          0          0          0          0          0          0          0          0          0          0          0          0          0          0          0          0 PCI-MSIX-0000:0e:00.0   2-edge      virtio11-req.1
249:          0          0         35          0          0          0          0          0          0          0          0          0          0          0          0          0          0          0          0          0          0          0          0          0          0          0          0          0          0          0          0          0 PCI-MSIX-0000:0e:00.0   3-edge      virtio11-req.2
250:          0          0          0          0          0          0          0          0          0          0          0          0          0          0          0          0          0          0          0          0          0          0          0          0          0          0          0          0          0          0          0          0 PCI-MSIX-0000:0e:00.0   4-edge      virtio11-req.3
251:          0          0          0          0          7          0          0          0          0          0          0          0          0          0          0          0          0          0          0          0          0          0          0          0          0          0          0          0          0          0          0          0 PCI-MSIX-0000:0e:00.0   5-edge      virtio11-req.4
252:          0          0          0          0          0         34          0          0          0          0          0          0          0          0          0          0          0          0          0          0          0          0          0          0          0          0          0          0          0          0          0          0 PCI-MSIX-0000:0e:00.0   6-edge      virtio11-req.5
253:          0          0          0          0          0          0          0          0          0          0          0          0          0          0          0          0          0          0          0          0          0          0          0          0          0          0          0          0          0          0          0          0 PCI-MSIX-0000:0e:00.0   7-edge      virtio11-req.6
254:          0          0          0          0          0          0          0          0          0          0          0          0          0          0          0          0          0          0          0          0          0          0          0          0          0          0          0          0          0          0          0          0 PCI-MSIX-0000:0e:00.0   8-edge      virtio11-req.7
255:          0          0          0          0          0          0          0          0          0          0          0          0          0          0          0          0          0          0          0          0          0          0          0          0          0          0          0          0          0          0          0          0 PCI-MSIX-0000:0e:00.0   9-edge      virtio11-req.8
256:          0          0          0          0          0          0          0          0          0          1          0          0          0          0          0          0          0          0          0          0          0          0          0          0          0          0          0          0          0          0          0          0 PCI-MSIX-0000:0e:00.0  10-edge      virtio11-req.9
257:          0          0          0          0          0          0          0          0          0          0          0          0          0          0          0          0          0          0          0          0          0          0          0          0          0          0          0          0          0          0          0          0 PCI-MSIX-0000:0e:00.0  11-edge      virtio11-req.10
258:          0          0          0          0          0          0          0          0          0          0          0          0          0          0          0          0          0          0          0          0          0          0          0          0          0          0          0          0          0          0          0          0 PCI-MSIX-0000:0e:00.0  12-edge      virtio11-req.11
259:          0          0          0          0          0          0          0          0          0          0          0          0          0          0          0          0          0          0          0          0          0          0          0          0          0          0          0          0          0          0          0          0 PCI-MSIX-0000:0e:00.0  13-edge      virtio11-req.12
260:          0          0          0          0          0          0          0          0          0          0          0          0          0          0          0          0          0          0          0          0          0          0          0          0          0          0          0          0          0          0          0          0 PCI-MSIX-0000:0e:00.0  14-edge      virtio11-req.13
261:          0          0          0          0          0          0          0          0          0          0          0          0          0          0         43          0          0          0          0          0          0          0          0          0          0          0          0          0          0          0          0          0 PCI-MSIX-0000:0e:00.0  15-edge      virtio11-req.14
262:          0          0          0          0          0          0          0          0          0          0          0          0          0          0          0          0          0          0          0          0          0          0          0          0          0          0          0          0          0          0          0          0 PCI-MSIX-0000:0e:00.0  16-edge      virtio11-req.15
263:          0          0          0          0          0          0          0          0          0          0          0          0          0          0          0          0          2          0          0          0          0          0          0          0          0          0          0          0          0          0          0          0 PCI-MSIX-0000:0e:00.0  17-edge      virtio11-req.16
264:          0          0          0          0          0          0          0          0          0          0          0          0          0          0          0          0          0          2          0          0          0          0          0          0          0          0          0          0          0          0          0          0 PCI-MSIX-0000:0e:00.0  18-edge      virtio11-req.17
265:          0          0          0          0          0          0          0          0          0          0          0          0          0          0          0          0          0          0          0          0          0          0          0          0          0          0          0          0          0          0          0          0 PCI-MSIX-0000:0e:00.0  19-edge      virtio11-req.18
266:          0          0          0          0          0          0          0          0          0          0          0          0          0          0          0          0          0          0          0          0          0          0          0          0          0          0          0          0          0          0          0          0 PCI-MSIX-0000:0e:00.0  20-edge      virtio11-req.19
267:          0          0          0          0          0          0          0          0          0          0          0          0          0          0          0          0          0          0          0          0          2          0          0          0          0          0          0          0          0          0          0          0 PCI-MSIX-0000:0e:00.0  21-edge      virtio11-req.20
268:          0          0          0          0          0          0          0          0          0          0          0          0          0          0          0          0          0          0          0          0          0          0          0          0          0          0          0          0          0          0          0          0 PCI-MSIX-0000:0e:00.0  22-edge      virtio11-req.21
269:          0          0          0          0          0          0          0          0          0          0          0          0          0          0          0          0          0          0          0          0          0          0         35          0          0          0          0          0          0          0          0          0 PCI-MSIX-0000:0e:00.0  23-edge      virtio11-req.22
270:          0          0          0          0          0          0          0          0          0          0          0          0          0          0          0          0          0          0          0          0          0          0          0          0          0          0          0          0          0          0          0          0 PCI-MSIX-0000:0e:00.0  24-edge      virtio11-req.23
271:          0          0          0          0          0          0          0          0          0          0          0          0          0          0          0          0          0          0          0          0          0          0          0          0          0          0          0          0          0          0          0          0 PCI-MSIX-0000:0e:00.0  25-edge      virtio11-req.24
272:          0          0          0          0          0          0          0          0          0          0          0          0          0          0          0          0          0          0          0          0          0          0          0          0          0          0          0          0          0          0          0          0 PCI-MSIX-0000:0e:00.0  26-edge      virtio11-req.25
273:          0          0          0          0          0          0          0          0          0          0          0          0          0          0          0          0          0          0          0          0          0          0          0          0          0          0          0          0          0          0          0          0 PCI-MSIX-0000:0e:00.0  27-edge      virtio11-req.26
274:          0          0          0          0          0          0          0          0          0          0          0          0          0          0          0          0          0          0          0          0          0          0          0          0          0          0          0          0          0          0          0          0 PCI-MSIX-0000:0e:00.0  28-edge      virtio11-req.27
275:          0          0          0          0          0          0          0          0          0          0          0          0          0          0          0          0          0          0          0          0          0          0          0          0          0          0          0          0          0          0          0          0 PCI-MSIX-0000:0e:00.0  29-edge      virtio11-req.28
276:          0          0          0          0          0          0          0          0          0          0          0          0          0          0          0          0          0          0          0          0          0          0          0          0          0          0          0          0          0          0          0          0 PCI-MSIX-0000:0e:00.0  30-edge      virtio11-req.29
277:          0          0          0          0          0          0          0          0          0          0          0          0          0          0          0          0          0          0          0          0          0          0          0          0          0          0          0          0          0          0          0          0 PCI-MSIX-0000:0e:00.0  31-edge      virtio11-req.30
278:          0          0          0          0          0          0          0          0          0          0          0          0          0          0          0          0          0          0          0          0          0          0          0          0          0          0          0          0          0          0          0          0 PCI-MSIX-0000:0e:00.0  32-edge      virtio11-req.31
279:          0          0          0          0          0          0          0          0          0          0          0          0          0          0          0          0          0          0          0          0          0          0          0          0          0          0          0          0          0          0          0          0 PCI-MSIX-0000:10:00.0   0-edge      virtio13-config
280:          3          0          0          0          0          0          0          0          0          0          0          0          0          0          0          0          0          0          0          0          0          0          0          0          0          0          0          0          0          0          0          0 PCI-MSIX-0000:10:00.0   1-edge      virtio13-req.0
281:          0         50          0          0          0          0          0          0          0          0          0          0          0          0          0          0          0          0          0          0          0          0          0          0          0          0          0          0          0          0          0          0 PCI-MSIX-0000:10:00.0   2-edge      virtio13-req.1
282:          0          0         41          0          0          0          0          0          0          0          0          0          0          0          0          0          0          0          0          0          0          0          0          0          0          0          0          0          0          0          0          0 PCI-MSIX-0000:10:00.0   3-edge      virtio13-req.2
283:          0          0          0          0          0          0          0          0          0          0          0          0          0          0          0          0          0          0          0          0          0          0          0          0          0          0          0          0          0          0          0          0 PCI-MSIX-0000:10:00.0   4-edge      virtio13-req.3
284:          0          0          0          0          0          0          0          0          0          0          0          0          0          0          0          0          0          0          0          0          0          0          0          0          0          0          0          0          0          0          0          0 PCI-MSIX-0000:10:00.0   5-edge      virtio13-req.4
285:          0          0          0          0          0          0          0          0          0          0          0          0          0          0          0          0          0          0          0          0          0          0          0          0          0          0          0          0          0          0          0          0 PCI-MSIX-0000:10:00.0   6-edge      virtio13-req.5
286:          0          0          0          0          0          0          0          0          0          0          0          0          0          0          0          0          0          0          0          0          0          0          0          0          0          0          0          0          0          0          0          0 PCI-MSIX-0000:10:00.0   7-edge      virtio13-req.6
287:          0          0          0          0          0          0          0          0          0          0          0          0          0          0          0          0          0          0          0          0          0          0          0          0          0          0          0          0          0          0          0          0 PCI-MSIX-0000:10:00.0   8-edge      virtio13-req.7
288:          0          0          0          0          0          0          0          0          0          0          0          0          0          0          0          0          0          0          0          0          0          0          0          0          0          0          0          0          0          0          0          0 PCI-MSIX-0000:10:00.0   9-edge      virtio13-req.8
289:          0          0          0          0          0          0          0          0          0          1          0          0          0          0          0          0          0          0          0          0          0          0          0          0          0          0          0          0          0          0          0          0 PCI-MSIX-0000:10:00.0  10-edge      virtio13-req.9
290:          0          0          0          0          0          0          0          0          0          0         45          0          0          0          0          0          0          0          0          0          0          0          0          0          0          0          0          0          0          0          0          0 PCI-MSIX-0000:10:00.0  11-edge      virtio13-req.10
291:          0          0          0          0          0          0          0          0          0          0          0          0          0          0          0          0          0          0          0          0          0          0          0          0          0          0          0          0          0          0          0          0 PCI-MSIX-0000:10:00.0  12-edge      virtio13-req.11
292:          0          0          0          0          0          0          0          0          0          0          0          0          0          0          0          0          0          0          0          0          0          0          0          0          0          0          0          0          0          0          0          0 PCI-MSIX-0000:10:00.0  13-edge      virtio13-req.12
293:          0          0          0          0          0          0          0          0          0          0          0          0          0          0          0          0          0          0          0          0          0          0          0          0          0          0          0          0          0          0          0          0 PCI-MSIX-0000:10:00.0  14-edge      virtio13-req.13
294:          0          0          0          0          0          0          0          0          0          0          0          0          0          0          0          0          0          0          0          0          0          0          0          0          0          0          0          0          0          0          0          0 PCI-MSIX-0000:10:00.0  15-edge      virtio13-req.14
295:          0          0          0          0          0          0          0          0          0          0          0          0          0          0          0          0          0          0          0          0          0          0          0          0          0          0          0          0          0          0          0          0 PCI-MSIX-0000:10:00.0  16-edge      virtio13-req.15
296:          0          0          0          0          0          0          0          0          0          0          0          0          0          0          0          0          0          0          0          0          0          0          0          0          0          0          0          0          0          0          0          0 PCI-MSIX-0000:10:00.0  17-edge      virtio13-req.16
297:          0          0          0          0          0          0          0          0          0          0          0          0          0          0          0          0          0          0          0          0          0          0          0          0          0          0          0          0          0          0          0          0 PCI-MSIX-0000:10:00.0  18-edge      virtio13-req.17
298:          0          0          0          0          0          0          0          0          0          0          0          0          0          0          0          0          0          0          0          0          0          0          0          0          0          0          0          0          0          0          0          0 PCI-MSIX-0000:10:00.0  19-edge      virtio13-req.18
299:          0          0          0          0          0          0          0          0          0          0          0          0          0          0          0          0          0          0          0          0          0          0          0          0          0          0          0          0          0          0          0          0 PCI-MSIX-0000:10:00.0  20-edge      virtio13-req.19
300:          0          0          0          0          0          0          0          0          0          0          0          0          0          0          0          0          0          0          0          0          2          0          0          0          0          0          0          0          0          0          0          0 PCI-MSIX-0000:10:00.0  21-edge      virtio13-req.20
301:          0          0          0          0          0          0          0          0          0          0          0          0          0          0          0          0          0          0          0          0          0         38          0          0          0          0          0          0          0          0          0          0 PCI-MSIX-0000:10:00.0  22-edge      virtio13-req.21
302:          0          0          0          0          0          0          0          0          0          0          0          0          0          0          0          0          0          0          0          0          0          0         42          0          0          0          0          0          0          0          0          0 PCI-MSIX-0000:10:00.0  23-edge      virtio13-req.22
303:          0          0          0          0          0          0          0          0          0          0          0          0          0          0          0          0          0          0          0          0          0          0          0          0          0          0          0          0          0          0          0          0 PCI-MSIX-0000:10:00.0  24-edge      virtio13-req.23
304:          0          0          0          0          0          0          0          0          0          0          0          0          0          0          0          0          0          0          0          0          0          0          0          0          0          0          0          0          0          0          0          0 PCI-MSIX-0000:10:00.0  25-edge      virtio13-req.24
305:          0          0          0          0          0          0          0          0          0          0          0          0          0          0          0          0          0          0          0          0          0          0          0          0          0          0          0          0          0          0          0          0 PCI-MSIX-0000:10:00.0  26-edge      virtio13-req.25
306:          0          0          0          0          0          0          0          0          0          0          0          0          0          0          0          0          0          0          0          0          0          0          0          0          0          0          0          0          0          0          0          0 PCI-MSIX-0000:10:00.0  27-edge      virtio13-req.26
307:          0          0          0          0          0          0          0          0          0          0          0          0          0          0          0          0          0          0          0          0          0          0          0          0          0          0          0          0          0          0          0          0 PCI-MSIX-0000:10:00.0  28-edge      virtio13-req.27
308:          0          0          0          0          0          0          0          0          0          0          0          0          0          0          0          0          0          0          0          0          0          0          0          0          0          0          0          0          0          0          0          0 PCI-MSIX-0000:10:00.0  29-edge      virtio13-req.28
309:          0          0          0          0          0          0          0          0          0          0          0          0          0          0          0          0          0          0          0          0          0          0          0          0          0          0          0          0          0          0          0          0 PCI-MSIX-0000:10:00.0  30-edge      virtio13-req.29
310:          0          0          0          0          0          0          0          0          0          0          0          0          0          0          0          0          0          0          0          0          0          0          0          0          0          0          0          0          0          0          0          0 PCI-MSIX-0000:10:00.0  31-edge      virtio13-req.30
311:          0          0          0          0          0          0          0          0          0          0          0          0          0          0          0          0          0          0          0          0          0          0          0          0          0          0          0          0          0          0          0          0 PCI-MSIX-0000:10:00.0  32-edge      virtio13-req.31
312:          0          0          0          0          0          0          0          0          0          0       1674          0          0          0          0          0          0          0          0          0          0          0          0          0          0          0          0          0          0          0          0          0 PCI-MSI-0000:00:1f.2   0-edge      ahci[0000:00:1f.2]
313:          0          0          0          0          0          0          0          0          0          0          0        116          0          0          0          0          0          0          0          0          0          0          0          0          0          0          0          0          0          0          0          0 PCI-MSI-0000:00:1b.0   0-edge      snd_hda_intel:card0
NMI:          0          0          0          0          0          0          0          0          0          0          0          0          0          0          0          0          0          0          0          0          0          0          0          0          0          0          0          0          0          0          0          0   Non-maskable interrupts
LOC:      52459      75293      70059      64532      62520      48684      70406      54213      56460      53214      60500      46392      50649      42587      47601      48028      48225      38864      47135      47321      49264      44790      47820      46982      55669      55065      57773      61682      53117      55988      44723      47226   Local timer interrupts
SPU:          0          0          0          0          0          0          0          0          0          0          0          0          0          0          0          0          0          0          0          0          0          0          0          0          0          0          0          0          0          0          0          0   Spurious interrupts
PMI:          0          0          0          0          0          0          0          0          0          0          0          0          0          0          0          0          0          0          0          0          0          0          0          0          0          0          0          0          0          0          0          0   Performance monitoring interrupts
IWI:          1          0          0          0          0          0          0          0          0          0          0          0          0          0          0          1          0          2          0          0          0          0          1          0         20          1          0         13          0          0          0          0   IRQ work interrupts
RTR:          0          0          0          0          0          0          0          0          0          0          0          0          0          0          0          0          0          0          0          0          0          0          0          0          0          0          0          0          0          0          0          0   APIC ICR read retries
RES:       1449       2140       2117       1663       1538       1805       1591       1719       1834       1736       1752       1812       1690       1715       1664       1554       1634       1592       1615       1570       1666       1776       1648       1690       1956       1903       1745       1678       1697       1619       1715       1687   Rescheduling interrupts
CAL:      92968      76160      69311      58061      44176      61297      52983      48808      55356      48512      56001      31109      45791      37052      39703      50671      31473      43038      28128      45851      59379      36248      31058      29612      52724      38555      33354      59467      57318      47417      36760      52709   Function call interrupts
TLB:       1710       2043       1709       1768       1719       1915       1685       1475       1754       1851       1776       1807       1984       2078       1753       1701       1790       1795       1707       1764       1956       1715       1965       1765       1928       2063       1755       1891       1777       2759       2025       1890   TLB shootdowns
TRM:          0          0          0          0          0          0          0          0          0          0          0          0          0          0          0          0          0          0          0          0          0          0          0          0          0          0          0          0          0          0          0          0   Thermal event interrupts
THR:          0          0          0          0          0          0          0          0          0          0          0          0          0          0          0          0          0          0          0          0          0          0          0          0          0          0          0          0          0          0          0          0   Threshold APIC interrupts
DFR:          0          0          0          0          0          0          0          0          0          0          0          0          0          0          0          0          0          0          0          0          0          0          0          0          0          0          0          0          0          0          0          0   Deferred Error APIC interrupts
MCE:          0          0          0          0          0          0          0          0          0          0          0          0          0          0          0          0          0          0          0          0          0          0          0          0          0          0          0          0          0          0          0          0   Machine check exceptions
MCP:         10         10         10         10         10         10         10         10         10         10         10         10         10         10         10         10         10         10         10         10         10         10         10         10         10         10         10         10         10         10         10         10   Machine check polls
ERR:          0
MIS:          0
PIN:          0          0          0          0          0          0          0          0          0          0          0          0          0          0          0          0          0          0          0          0          0          0          0          0          0          0          0          0          0          0          0          0   Posted-interrupt notification event
NPI:          0          0          0          0          0          0          0          0          0          0          0          0          0          0          0          0          0          0          0          0          0          0          0          0          0          0          0          0          0          0          0          0   Nested posted-interrupt event
PIW:          0          0          0          0          0          0          0          0          0          0          0          0          0          0          0          0          0          0          0          0          0          0          0          0          0          0          0          0          0          0          0          0   Posted-interrupt wakeup event
