           CPU0       CPU1       CPU2       CPU3       CPU4       CPU5       CPU6       CPU7       CPU8       CPU9       CPU10      CPU11      CPU12      CPU13      CPU14      CPU15      CPU16      CPU17      CPU18      CPU19      CPU20      CPU21      CPU22      CPU23      CPU24      CPU25      CPU26      CPU27      CPU28      CPU29      CPU30      CPU31      
  0:         54          0          0          0          0          0          0          0          0          0          0          0          0          0          0          0          0          0          0          0          0          0          0          0          0          0          0          0          0          0          0          0  IO-APIC   2-edge      timer
  1:          0          0          0          0          0          0          0          0          0          9          0          0          0          0          0          0          0          0          0          0          0          0          0          0          0          0          0          0          0          0          0          0  IO-APIC   1-edge      i8042
  4:          0          0          0          0          0          0          0          0          0          0          0        667          0          0          0          0          0          2          0          0          0          0          0          0          0          0          0          0          0          0          0          0  IO-APIC   4-edge      ttyS0
  8:          0          0          0          0          0          0          0          0          0          0          0          0          0          0          0          0          0          0          0          0          0          0          0          0          0          0          0          0          0          0          0          0  IO-APIC   8-edge      rtc0
  9:          0          0          0          0          0          0          0          0          0          0          0          0          0          0          0          0          0          0          0          0          0          0          0          0          0          0          0          0          0          0          0          0  IO-APIC   9-fasteoi   acpi
 10:          0          0          0          0          0          0          0          0          0          0          0          0          0          0          0          0          0          0          0          0          0          0          0          0          0          0          0          0          0          0          0          0  IO-APIC  10-fasteoi   virtio4, uhci_hcd:usb1, ehci_hcd:usb2, virtio12
 11:          0          0          0          0          0          0          0          0          0          0          0          0          0          0          0          0          0          0          0          0          0          0          0          0          0          0          0          0          0          0          0          0  IO-APIC  11-fasteoi   uhci_hcd:usb3, uhci_hcd:usb4
 12:          0          0          0          0          0          0          0          0         15          0          0          0          0          0          0          0          0          0          0          0          0          0          0          0          0          0          0          0          0          0          0          0  IO-APIC  12-edge      i8042
 14:          0       2066        314       1097        398       1445        872       1003       1302        792        254        592        202        531        698       1043        621       1230        548     413902        210        245        654        693        392        136        494        308        483      80546        634        460  IO-APIC  14-edge      ata_piix
 15:          0          0          0          0          0          0          0          0          0          0          0          0          0          0          0          0          0          0          0          0          0          0          0          0          0          0          0          0          0          0          0          0  IO-APIC  15-edge      ata_piix
 24:          0          0          0          0          0          0          0          0          0          0          0          0          0          0          0          0          0          0          0          0          0          0          0          0          0          0          0          0          0          0          0          0 PCI-MSIX-0000:00:05.0   0-edge      virtio1-config
 25:          0          0          0          0          3          0          0          0          0          0          0          0          0          0          0          0          0          0          0          0          0          0          0          0          0          0          0          0          0          0          0          0 PCI-MSIX-0000:00:05.0   1-edge      virtio1-virtqueues
 26:          0          0          0          0          0          0          0          0          0          0          0          0          0          0          0          0          0          0          0          0          0          0          0          0          0          0          0          0          0          0          0          0 PCI-MSIX-0000:00:03.0   0-edge      virtio0-config
 27:      19168          0          0          0          0          0          0          0          0          0          0          0          0          0          0          0          0          0          0          0          0          0          0          0          0          0          0          0          0          0          0          0 PCI-MSIX-0000:00:03.0   1-edge      virtio0-req.0
 28:          0      47155          0          0          0          0          0          0          0          0          0          0          0          0          0          0          0          0          0          0          0          0          0          0          0          0          0          0          0          0          0          0 PCI-MSIX-0000:00:03.0   2-edge      virtio0-req.1
 29:          0          0      56869          0          0          0          0          0          0          0          0          0          0          0          0          0          0          0          0          0          0          0          0          0          0          0          0          0          0          0          0          0 PCI-MSIX-0000:00:03.0   3-edge      virtio0-req.2
 30:          0          0          0      53215          0          0          0          0          0          0          0          0          0          0          0          0          0          0          0          0          0          0          0          0          0          0          0          0          0          0          0          0 PCI-MSIX-0000:00:03.0   4-edge      virtio0-req.3
 31:          0          0          0          0      37456          0          0          0          0          0          0          0          0          0          0          0          0          0          0          0          0          0          0          0          0          0          0          0          0          0          0          0 PCI-MSIX-0000:00:03.0   5-edge      virtio0-req.4
 32:          0          0          0          0          0      28017          0          0          0          0          0          0          0          0          0          0          0          0          0          0          0          0          0          0          0          0          0          0          0          0          0          0 PCI-MSIX-0000:00:03.0   6-edge      virtio0-req.5
 33:          0          0          0          0          0          0      22893          0          0          0          0          0          0          0          0          0          0          0          0          0          0          0          0          0          0          0          0          0          0          0          0          0 PCI-MSIX-0000:00:03.0   7-edge      virtio0-req.6
 34:          0          0          0          0          0          0          0      25181          0          0          0          0          0          0          0          0          0          0          0          0          0          0          0          0          0          0          0          0          0          0          0          0 PCI-MSIX-0000:00:03.0   8-edge      virtio0-req.7
 35:          0          0          0          0          0          0          0          0      22288          0          0          0          0          0          0          0          0          0          0          0          0          0          0          0          0          0          0          0          0          0          0          0 PCI-MSIX-0000:00:03.0   9-edge      virtio0-req.8
 36:          0          0          0          0          0          0          0          0          0      24792          0          0          0          0          0          0          0          0          0          0          0          0          0          0          0          0          0          0          0          0          0          0 PCI-MSIX-0000:00:03.0  10-edge      virtio0-req.9
 37:          0          0          0          0          0          0          0          0          0          0      20285          0          0          0          0          0          0          0          0          0          0          0          0          0          0          0          0          0          0          0          0          0 PCI-MSIX-0000:00:03.0  11-edge      virtio0-req.10
 38:          0          0          0          0          0          0          0          0          0          0          0      22307          0          0          0          0          0          0          0          0          0          0          0          0          0          0          0          0          0          0          0          0 PCI-MSIX-0000:00:03.0  12-edge      virtio0-req.11
 39:          0          0          0          0          0          0          0          0          0          0          0          0      21711          0          0          0          0          0          0          0          0          0          0          0          0          0          0          0          0          0          0          0 PCI-MSIX-0000:00:03.0  13-edge      virtio0-req.12
 40:          0          0          0          0          0          0          0          0          0          0          0          0          0      17857          0          0          0          0          0          0          0          0          0          0          0          0          0          0          0          0          0          0 PCI-MSIX-0000:00:03.0  14-edge      virtio0-req.13
 41:          0          0          0          0          0          0          0          0          0          0          0          0          0          0      14298          0          0          0          0          0          0          0          0          0          0          0          0          0          0          0          0          0 PCI-MSIX-0000:00:03.0  15-edge      virtio0-req.14
 42:          0          0          0          0          0          0          0          0          0          0          0          0          0          0          0      16411          0          0          0          0          0          0          0          0          0          0          0          0          0          0          0          0 PCI-MSIX-0000:00:03.0  16-edge      virtio0-req.15
 43:          0          0          0          0          0          0          0          0          0          0          0          0          0          0          0          0      20676          0          0          0          0          0          0          0          0          0          0          0          0          0          0          0 PCI-MSIX-0000:00:03.0  17-edge      virtio0-req.16
 44:          0          0          0          0          0          0          0          0          0          0          0          0          0          0          0          0          0      25173          0          0          0          0          0          0          0          0          0          0          0          0          0          0 PCI-MSIX-0000:00:03.0  18-edge      virtio0-req.17
 45:          0          0          0          0          0          0          0          0          0          0          0          0          0          0          0          0          0          0      17954          0          0          0          0          0          0          0          0          0          0          0          0          0 PCI-MSIX-0000:00:03.0  19-edge      virtio0-req.18
 46:          0          0          0          0          0          0          0          0          0          0          0          0          0          0          0          0          0          0          0      26318          0          0          0          0          0          0          0          0          0          0          0          0 PCI-MSIX-0000:00:03.0  20-edge      virtio0-req.19
 47:          0          0          0          0          0          0          0          0          0          0          0          0          0          0          0          0          0          0          0          0      15666          0          0          0          0          0          0          0          0          0          0          0 PCI-MSIX-0000:00:03.0  21-edge      virtio0-req.20
 48:          0          0          0          0          0          0          0          0          0          0          0          0          0          0          0          0          0          0          0          0          0      22097          0          0          0          0          0          0          0          0          0          0 PCI-MSIX-0000:00:03.0  22-edge      virtio0-req.21
 49:          0          0          0          0          0          0          0          0          0          0          0          0          0          0          0          0          0          0          0          0          0          0      18933          0          0          0          0          0          0          0          0          0 PCI-MSIX-0000:00:03.0  23-edge      virtio0-req.22
 50:          0          0          0          0          0          0          0          0          0          0          0          0          0          0          0          0          0          0          0          0          0          0          0      11558          0          0          0          0          0          0          0          0 PCI-MSIX-0000:00:03.0  24-edge      virtio0-req.23
 51:          0          0          0          0          0          0          0          0          0          0          0          0          0          0          0          0          0          0          0          0          0          0          0          0      20485          0          0          0          0          0          0          0 PCI-MSIX-0000:00:03.0  25-edge      virtio0-req.24
 52:          0          0          0          0          0          0          0          0          0          0          0          0          0          0          0          0          0          0          0          0          0          0          0          0          0      23508          0          0          0          0          0          0 PCI-MSIX-0000:00:03.0  26-edge      virtio0-req.25
 53:          0          0          0          0          0          0          0          0          0          0          0          0          0          0          0          0          0          0          0          0          0          0          0          0          0          0       9169          0          0          0          0          0 PCI-MSIX-0000:00:03.0  27-edge      virtio0-req.26
 54:          0          0          0          0          0          0          0          0          0          0          0          0          0          0          0          0          0          0          0          0          0          0          0          0          0          0          0      14781          0          0          0          0 PCI-MSIX-0000:00:03.0  28-edge      virtio0-req.27
 55:          0          0          0          0          0          0          0          0          0          0          0          0          0          0          0          0          0          0          0          0          0          0          0          0          0          0          0          0      12603          0          0          0 PCI-MSIX-0000:00:03.0  29-edge      virtio0-req.28
 56:          0          0          0          0          0          0          0          0          0          0          0          0          0          0          0          0          0          0          0          0          0          0          0          0          0          0          0          0          0      15325          0          0 PCI-MSIX-0000:00:03.0  30-edge      virtio0-req.29
 57:          0          0          0          0          0          0          0          0          0          0          0          0          0          0          0          0          0          0          0          0          0          0          0          0          0          0          0          0          0          0      11601          0 PCI-MSIX-0000:00:03.0  31-edge      virtio0-req.30
 58:          0          0          0          0          0          0          0          0          0          0          0          0          0          0          0          0          0          0          0          0          0          0          0          0          0          0          0          0          0          0          0      12945 PCI-MSIX-0000:00:03.0  32-edge      virtio0-req.31
 59:          0          0          0          0          0          0          0          0          0          0          0          0          0          0          0          0          0          0          0          0          0          0          0          0          0          0          0          0          0          0          0          0 PCI-MSIX-0000:00:08.0   0-edge      virtio3-config
 60:       6803          0          0          0          0          0          0          0          0          0          0          0          0          0          0          0          0          0          0          0          0          0          0          0          0          0          0          0          0          0          0          0 PCI-MSIX-0000:00:08.0   1-edge      virtio3-req.0
 61:          0      18007          0          0          0          0          0          0          0          0          0          0          0          0          0          0          0          0          0          0          0          0          0          0          0          0          0          0          0          0          0          0 PCI-MSIX-0000:00:08.0   2-edge      virtio3-req.1
 62:          0          0      32404          0          0          0          0          0          0          0          0          0          0          0          0          0          0          0          0          0          0          0          0          0          0          0          0          0          0          0          0          0 PCI-MSIX-0000:00:08.0   3-edge      virtio3-req.2
 63:          0          0          0      14872          0          0          0          0          0          0          0          0          0          0          0          0          0          0          0          0          0          0          0          0          0          0          0          0          0          0          0          0 PCI-MSIX-0000:00:08.0   4-edge      virtio3-req.3
 64:          0          0          0          0      10526          0          0          0          0          0          0          0          0          0          0          0          0          0          0          0          0          0          0          0          0          0          0          0          0          0          0          0 PCI-MSIX-0000:00:08.0   5-edge      virtio3-req.4
 65:          0          0          0          0          0       6691          0          0          0          0          0          0          0          0          0          0          0          0          0          0          0          0          0          0          0          0          0          0          0          0          0          0 PCI-MSIX-0000:00:08.0   6-edge      virtio3-req.5
 66:          0          0          0          0          0          0       3191          0          0          0          0          0          0          0          0          0          0          0          0          0          0          0          0          0          0          0          0          0          0          0          0          0 PCI-MSIX-0000:00:08.0   7-edge      virtio3-req.6
 67:          0          0          0          0          0          0          0       3190          0          0          0          0          0          0          0          0          0          0          0          0          0          0          0          0          0          0          0          0          0          0          0          0 PCI-MSIX-0000:00:08.0   8-edge      virtio3-req.7
 68:          0          0          0          0          0          0          0          0       9117          0          0          0          0          0          0          0          0          0          0          0          0          0          0          0          0          0          0          0          0          0          0          0 PCI-MSIX-0000:00:08.0   9-edge      virtio3-req.8
 69:          0          0          0          0          0          0          0          0          0       4922          0          0          0          0          0          0          0          0          0          0          0          0          0          0          0          0          0          0          0          0          0          0 PCI-MSIX-0000:00:08.0  10-edge      virtio3-req.9
 70:          0          0          0          0          0          0          0          0          0          0       4140          0          0          0          0          0          0          0          0          0          0          0          0          0          0          0          0          0          0          0          0          0 PCI-MSIX-0000:00:08.0  11-edge      virtio3-req.10
 71:          0          0          0          0          0          0          0          0          0          0          0       3461          0          0          0          0          0          0          0          0          0          0          0          0          0          0          0          0          0          0          0          0 PCI-MSIX-0000:00:08.0  12-edge      virtio3-req.11
 72:          0          0          0          0          0          0          0          0          0          0          0          0       5151          0          0          0          0          0          0          0          0          0          0          0          0          0          0          0          0          0          0          0 PCI-MSIX-0000:00:08.0  13-edge      virtio3-req.12
 73:          0          0          0          0          0          0          0          0          0          0          0          0          0       4585          0          0          0          0          0          0          0          0          0          0          0          0          0          0          0          0          0          0 PCI-MSIX-0000:00:08.0  14-edge      virtio3-req.13
 74:          0          0          0          0          0          0          0          0          0          0          0          0          0          0       3719          0          0          0          0          0          0          0          0          0          0          0          0          0          0          0          0          0 PCI-MSIX-0000:00:08.0  15-edge      virtio3-req.14
 75:          0          0          0          0          0          0          0          0          0          0          0          0          0          0          0       2196          0          0          0          0          0          0          0          0          0          0          0          0          0          0          0          0 PCI-MSIX-0000:00:08.0  16-edge      virtio3-req.15
 76:          0          0          0          0          0          0          0          0          0          0          0          0          0          0          0          0       3717          0          0          0          0          0          0          0          0          0          0          0          0          0          0          0 PCI-MSIX-0000:00:08.0  17-edge      virtio3-req.16
 77:          0          0          0          0          0          0          0          0          0          0          0          0          0          0          0          0          0       2402          0          0          0          0          0          0          0          0          0          0          0          0          0          0 PCI-MSIX-0000:00:08.0  18-edge      virtio3-req.17
 78:          0          0          0          0          0          0          0          0          0          0          0          0          0          0          0          0          0          0       1931          0          0          0          0          0          0          0          0          0          0          0          0          0 PCI-MSIX-0000:00:08.0  19-edge      virtio3-req.18
 79:          0          0          0          0          0          0          0          0          0          0          0          0          0          0          0          0          0          0          0       4640          0          0          0          0          0          0          0          0          0          0          0          0 PCI-MSIX-0000:00:08.0  20-edge      virtio3-req.19
 80:          0          0          0          0          0          0          0          0          0          0          0          0          0          0          0          0          0          0          0          0       5893          0          0          0          0          0          0          0          0          0          0          0 PCI-MSIX-0000:00:08.0  21-edge      virtio3-req.20
 81:          0          0          0          0          0          0          0          0          0          0          0          0          0          0          0          0          0          0          0          0          0       4859          0          0          0          0          0          0          0          0          0          0 PCI-MSIX-0000:00:08.0  22-edge      virtio3-req.21
 82:          0          0          0          0          0          0          0          0          0          0          0          0          0          0          0          0          0          0          0          0          0          0       2427          0          0          0          0          0          0          0          0          0 PCI-MSIX-0000:00:08.0  23-edge      virtio3-req.22
 83:          0          0          0          0          0          0          0          0          0          0          0          0          0          0          0          0          0          0          0          0          0          0          0       6392          0          0          0          0          0          0          0          0 PCI-MSIX-0000:00:08.0  24-edge      virtio3-req.23
 84:          0          0          0          0          0          0          0          0          0          0          0          0          0          0          0          0          0          0          0          0          0          0          0          0       4811          0          0          0          0          0          0          0 PCI-MSIX-0000:00:08.0  25-edge      virtio3-req.24
 85:          0          0          0          0          0          0          0          0          0          0          0          0          0          0          0          0          0          0          0          0          0          0          0          0          0       5292          0          0          0          0          0          0 PCI-MSIX-0000:00:08.0  26-edge      virtio3-req.25
 86:          0          0          0          0          0          0          0          0          0          0          0          0          0          0          0          0          0          0          0          0          0          0          0          0          0          0       6071          0          0          0          0          0 PCI-MSIX-0000:00:08.0  27-edge      virtio3-req.26
 87:          0          0          0          0          0          0          0          0          0          0          0          0          0          0          0          0          0          0          0          0          0          0          0          0          0          0          0       7482          0          0          0          0 PCI-MSIX-0000:00:08.0  28-edge      virtio3-req.27
 88:          0          0          0          0          0          0          0          0          0          0          0          0          0          0          0          0          0          0          0          0          0          0          0          0          0          0          0          0       4158          0          0          0 PCI-MSIX-0000:00:08.0  29-edge      virtio3-req.28
 89:          0          0          0          0          0          0          0          0          0          0          0          0          0          0          0          0          0          0          0          0          0          0          0          0          0          0          0          0          0       4928          0          0 PCI-MSIX-0000:00:08.0  30-edge      virtio3-req.29
 90:          0          0          0          0          0          0          0          0          0          0          0          0          0          0          0          0          0          0          0          0          0          0          0          0          0          0          0          0          0          0       2965          0 PCI-MSIX-0000:00:08.0  31-edge      virtio3-req.30
 91:          0          0          0          0          0          0          0          0          0          0          0          0          0          0          0          0          0          0          0          0          0          0          0          0          0          0          0          0          0          0          0       6890 PCI-MSIX-0000:00:08.0  32-edge      virtio3-req.31
 92:          0          0          0          0          0          0          0          0          0          0          0          0          0          0          0          0          0          0          0          0          0          0          0          0          0          0          0          0          0          0          0          0 PCI-MSIX-0000:00:0b.0   0-edge      virtio6-config
 93:     101326          0          0          0          0          0          0          0          0          0          0          0          0          0          0          0          0          0          0          0          0          0          0          0          0          0          0          0          0          0          0          0 PCI-MSIX-0000:00:0b.0   1-edge      virtio6-req.0
 94:          0     554529          0          0          0          0          0          0          0          0          0          0          0          0          0          0          0          0          0          0          0          0          0          0          0          0          0          0          0          0          0          0 PCI-MSIX-0000:00:0b.0   2-edge      virtio6-req.1
 95:          0          0     498574          0          0          0          0          0          0          0          0          0          0          0          0          0          0          0          0          0          0          0          0          0          0          0          0          0          0          0          0          0 PCI-MSIX-0000:00:0b.0   3-edge      virtio6-req.2
 96:          0          0          0     419799          0          0          0          0          0          0          0          0          0          0          0          0          0          0          0          0          0          0          0          0          0          0          0          0          0          0          0          0 PCI-MSIX-0000:00:0b.0   4-edge      virtio6-req.3
 97:          0          0          0          0     280628          0          0          0          0          0          0          0          0          0          0          0          0          0          0          0          0          0          0          0          0          0          0          0          0          0          0          0 PCI-MSIX-0000:00:0b.0   5-edge      virtio6-req.4
 98:          0          0          0          0          0     214283          0          0          0          0          0          0          0          0          0          0          0          0          0          0          0          0          0          0          0          0          0          0          0          0          0          0 PCI-MSIX-0000:00:0b.0   6-edge      virtio6-req.5
 99:          0          0          0          0          0          0     140841          0          0          0          0          0          0          0          0          0          0          0          0          0          0          0          0          0          0          0          0          0          0          0          0          0 PCI-MSIX-0000:00:0b.0   7-edge      virtio6-req.6
100:          0          0          0          0          0          0          0     139891          0          0          0          0          0          0          0          0          0          0          0          0          0          0          0          0          0          0          0          0          0          0          0          0 PCI-MSIX-0000:00:0b.0   8-edge      virtio6-req.7
101:          0          0          0          0          0          0          0          0     132505          0          0          0          0          0          0          0          0          0          0          0          0          0          0          0          0          0          0          0          0          0          0          0 PCI-MSIX-0000:00:0b.0   9-edge      virtio6-req.8
102:          0          0          0          0          0          0          0          0          0     121379          0          0          0          0          0          0          0          0          0          0          0          0          0          0          0          0          0          0          0          0          0          0 PCI-MSIX-0000:00:0b.0  10-edge      virtio6-req.9
103:          0          0          0          0          0          0          0          0          0          0     115982          0          0          0          0          0          0          0          0          0          0          0          0          0          0          0          0          0          0          0          0          0 PCI-MSIX-0000:00:0b.0  11-edge      virtio6-req.10
104:          0          0          0          0          0          0          0          0          0          0          0      96622          0          0          0          0          0          0          0          0          0          0          0          0          0          0          0          0          0          0          0          0 PCI-MSIX-0000:00:0b.0  12-edge      virtio6-req.11
105:          0          0          0          0          0          0          0          0          0          0          0          0      90369          0          0          0          0          0          0          0          0          0          0          0          0          0          0          0          0          0          0          0 PCI-MSIX-0000:00:0b.0  13-edge      virtio6-req.12
106:          0          0          0          0          0          0          0          0          0          0          0          0          0      90482          0          0          0          0          0          0          0          0          0          0          0          0          0          0          0          0          0          0 PCI-MSIX-0000:00:0b.0  14-edge      virtio6-req.13
107:          0          0          0          0          0          0          0          0          0          0          0          0          0          0      71285          0          0          0          0          0          0          0          0          0          0          0          0          0          0          0          0          0 PCI-MSIX-0000:00:0b.0  15-edge      virtio6-req.14
108:          0          0          0          0          0          0          0          0          0          0          0          0          0          0          0      84824          0          0          0          0          0          0          0          0          0          0          0          0          0          0          0          0 PCI-MSIX-0000:00:0b.0  16-edge      virtio6-req.15
109:          0          0          0          0          0          0          0          0          0          0          0          0          0          0          0          0      87312          0          0          0          0          0          0          0          0          0          0          0          0          0          0          0 PCI-MSIX-0000:00:0b.0  17-edge      virtio6-req.16
110:          0          0          0          0          0          0          0          0          0          0          0          0          0          0          0          0          0      68491          0          0          0          0          0          0          0          0          0          0          0          0          0          0 PCI-MSIX-0000:00:0b.0  18-edge      virtio6-req.17
111:          0          0          0          0          0          0          0          0          0          0          0          0          0          0          0          0          0          0      78492          0          0          0          0          0          0          0          0          0          0          0          0          0 PCI-MSIX-0000:00:0b.0  19-edge      virtio6-req.18
112:          0          0          0          0          0          0          0          0          0          0          0          0          0          0          0          0          0          0          0      95743          0          0          0          0          0          0          0          0          0          0          0          0 PCI-MSIX-0000:00:0b.0  20-edge      virtio6-req.19
113:          0          0          0          0          0          0          0          0          0          0          0          0          0          0          0          0          0          0          0          0      70112          0          0          0          0          0          0          0          0          0          0          0 PCI-MSIX-0000:00:0b.0  21-edge      virtio6-req.20
114:          0          0          0          0          0          0          0          0          0          0          0          0          0          0          0          0          0          0          0          0          0      91719          0          0          0          0          0          0          0          0          0          0 PCI-MSIX-0000:00:0b.0  22-edge      virtio6-req.21
115:          0          0          0          0          0          0          0          0          0          0          0          0          0          0          0          0          0          0          0          0          0          0      76446          0          0          0          0          0          0          0          0          0 PCI-MSIX-0000:00:0b.0  23-edge      virtio6-req.22
116:          0          0          0          0          0          0          0          0          0          0          0          0          0          0          0          0          0          0          0          0          0          0          0      67486          0          0          0          0          0          0          0          0 PCI-MSIX-0000:00:0b.0  24-edge      virtio6-req.23
117:          0          0          0          0          0          0          0          0          0          0          0          0          0          0          0          0          0          0          0          0          0          0          0          0      66008          0          0          0          0          0          0          0 PCI-MSIX-0000:00:0b.0  25-edge      virtio6-req.24
118:          0          0          0          0          0          0          0          0          0          0          0          0          0          0          0          0          0          0          0          0          0          0          0          0          0      76013          0          0          0          0          0          0 PCI-MSIX-0000:00:0b.0  26-edge      virtio6-req.25
119:          0          0          0          0          0          0          0          0          0          0          0          0          0          0          0          0          0          0          0          0          0          0          0          0          0          0      63507          0          0          0          0          0 PCI-MSIX-0000:00:0b.0  27-edge      virtio6-req.26
120:          0          0          0          0          0          0          0          0          0          0          0          0          0          0          0          0          0          0          0          0          0          0          0          0          0          0          0      73329          0          0          0          0 PCI-MSIX-0000:00:0b.0  28-edge      virtio6-req.27
121:          0          0          0          0          0          0          0          0          0          0          0          0          0          0          0          0          0          0          0          0          0          0          0          0          0          0          0          0      70277          0          0          0 PCI-MSIX-0000:00:0b.0  29-edge      virtio6-req.28
122:          0          0          0          0          0          0          0          0          0          0          0          0          0          0          0          0          0          0          0          0          0          0          0          0          0          0          0          0          0      70635          0          0 PCI-MSIX-0000:00:0b.0  30-edge      virtio6-req.29
123:          0          0          0          0          0          0          0          0          0          0          0          0          0          0          0          0          0          0          0          0          0          0          0          0          0          0          0          0          0          0      63362          0 PCI-MSIX-0000:00:0b.0  31-edge      virtio6-req.30
124:          0          0          0          0          0          0          0          0          0          0          0          0          0          0          0          0          0          0          0          0          0          0          0          0          0          0          0          0          0          0          0      66052 PCI-MSIX-0000:00:0b.0  32-edge      virtio6-req.31
125:          0          0          0          0          0          0          0          0          0          0          0          0          0          0          0          0          0          0          0          0          0          0          0          0          0          0          0          0          0          0          0          0 PCI-MSIX-0000:00:0c.0   0-edge      virtio7-config
126:      64952          0          0          0          0          0          0          0          0          0          0          0          0          0          0          0          0          0          0          0          0          0          0          0          0          0          0          0          0          0          0          0 PCI-MSIX-0000:00:0c.0   1-edge      virtio7-req.0
127:          0     587654          0          0          0          0          0          0          0          0          0          0          0          0          0          0          0          0          0          0          0          0          0          0          0          0          0          0          0          0          0          0 PCI-MSIX-0000:00:0c.0   2-edge      virtio7-req.1
128:          0          0     462612          0          0          0          0          0          0          0          0          0          0          0          0          0          0          0          0          0          0          0          0          0          0          0          0          0          0          0          0          0 PCI-MSIX-0000:00:0c.0   3-edge      virtio7-req.2
129:          0          0          0     383308          0          0          0          0          0          0          0          0          0          0          0          0          0          0          0          0          0          0          0          0          0          0          0          0          0          0          0          0 PCI-MSIX-0000:00:0c.0   4-edge      virtio7-req.3
130:          0          0          0          0     279910          0          0          0          0          0          0          0          0          0          0          0          0          0          0          0          0          0          0          0          0          0          0          0          0          0          0          0 PCI-MSIX-0000:00:0c.0   5-edge      virtio7-req.4
131:          0          0          0          0          0     202447          0          0          0          0          0          0          0          0          0          0          0          0          0          0          0          0          0          0          0          0          0          0          0          0          0          0 PCI-MSIX-0000:00:0c.0   6-edge      virtio7-req.5
132:          0          0          0          0          0          0     159128          0          0          0          0          0          0          0          0          0          0          0          0          0          0          0          0          0          0          0          0          0          0          0          0          0 PCI-MSIX-0000:00:0c.0   7-edge      virtio7-req.6
133:          0          0          0          0          0          0          0     123479          0          0          0          0          0          0          0          0          0          0          0          0          0          0          0          0          0          0          0          0          0          0          0          0 PCI-MSIX-0000:00:0c.0   8-edge      virtio7-req.7
134:          0          0          0          0          0          0          0          0     118427          0          0          0          0          0          0          0          0          0          0          0          0          0          0          0          0          0          0          0          0          0          0          0 PCI-MSIX-0000:00:0c.0   9-edge      virtio7-req.8
135:          0          0          0          0          0          0          0          0          0     101141          0          0          0          0          0          0          0          0          0          0          0          0          0          0          0          0          0          0          0          0          0          0 PCI-MSIX-0000:00:0c.0  10-edge      virtio7-req.9
136:          0          0          0          0          0          0          0          0          0          0      92082          0          0          0          0          0          0          0          0          0          0          0          0          0          0          0          0          0          0          0          0          0 PCI-MSIX-0000:00:0c.0  11-edge      virtio7-req.10
137:          0          0          0          0          0          0          0          0          0          0          0      96582          0          0          0          0          0          0          0          0          0          0          0          0          0          0          0          0          0          0          0          0 PCI-MSIX-0000:00:0c.0  12-edge      virtio7-req.11
138:          0          0          0          0          0          0          0          0          0          0          0          0      77295          0          0          0          0          0          0          0          0          0          0          0          0          0          0          0          0          0          0          0 PCI-MSIX-0000:00:0c.0  13-edge      virtio7-req.12
139:          0          0          0          0          0          0          0          0          0          0          0          0          0      62786          0          0          0          0          0          0          0          0          0          0          0          0          0          0          0          0          0          0 PCI-MSIX-0000:00:0c.0  14-edge      virtio7-req.13
140:          0          0          0          0          0          0          0          0          0          0          0          0          0          0      72285          0          0          0          0          0          0          0          0          0          0          0          0          0          0          0          0          0 PCI-MSIX-0000:00:0c.0  15-edge      virtio7-req.14
141:          0          0          0          0          0          0          0          0          0          0          0          0          0          0          0      62227          0          0          0          0          0          0          0          0          0          0          0          0          0          0          0          0 PCI-MSIX-0000:00:0c.0  16-edge      virtio7-req.15
142:          0          0          0          0          0          0          0          0          0          0          0          0          0          0          0          0      59049          0          0          0          0          0          0          0          0          0          0          0          0          0          0          0 PCI-MSIX-0000:00:0c.0  17-edge      virtio7-req.16
143:          0          0          0          0          0          0          0          0          0          0          0          0          0          0          0          0          0      66283          0          0          0          0          0          0          0          0          0          0          0          0          0          0 PCI-MSIX-0000:00:0c.0  18-edge      virtio7-req.17
144:          0          0          0          0          0          0          0          0          0          0          0          0          0          0          0          0          0          0      54698          0          0          0          0          0          0          0          0          0          0          0          0          0 PCI-MSIX-0000:00:0c.0  19-edge      virtio7-req.18
145:          0          0          0          0          0          0          0          0          0          0          0          0          0          0          0          0          0          0          0      94245          0          0          0          0          0          0          0          0          0          0          0          0 PCI-MSIX-0000:00:0c.0  20-edge      virtio7-req.19
146:          0          0          0          0          0          0          0          0          0          0          0          0          0          0          0          0          0          0          0          0      62764          0          0          0          0          0          0          0          0          0          0          0 PCI-MSIX-0000:00:0c.0  21-edge      virtio7-req.20
147:          0          0          0          0          0          0          0          0          0          0          0          0          0          0          0          0          0          0          0          0          0      74795          0          0          0          0          0          0          0          0          0          0 PCI-MSIX-0000:00:0c.0  22-edge      virtio7-req.21
148:          0          0          0          0          0          0          0          0          0          0          0          0          0          0          0          0          0          0          0          0          0          0      52273          0          0          0          0          0          0          0          0          0 PCI-MSIX-0000:00:0c.0  23-edge      virtio7-req.22
149:          0          0          0          0          0          0          0          0          0          0          0          0          0          0          0          0          0          0          0          0          0          0          0      59890          0          0          0          0          0          0          0          0 PCI-MSIX-0000:00:0c.0  24-edge      virtio7-req.23
150:          0          0          0          0          0          0          0          0          0          0          0          0          0          0          0          0          0          0          0          0          0          0          0          0      64668          0          0          0          0          0          0          0 PCI-MSIX-0000:00:0c.0  25-edge      virtio7-req.24
151:          0          0          0          0          0          0          0          0          0          0          0          0          0          0          0          0          0          0          0          0          0          0          0          0          0      60238          0          0          0          0          0          0 PCI-MSIX-0000:00:0c.0  26-edge      virtio7-req.25
152:          0          0          0          0          0          0          0          0          0          0          0          0          0          0          0          0          0          0          0          0          0          0          0          0          0          0      48136          0          0          0          0          0 PCI-MSIX-0000:00:0c.0  27-edge      virtio7-req.26
153:          0          0          0          0          0          0          0          0          0          0          0          0          0          0          0          0          0          0          0          0          0          0          0          0          0          0          0      69560          0          0          0          0 PCI-MSIX-0000:00:0c.0  28-edge      virtio7-req.27
154:          0          0          0          0          0          0          0          0          0          0          0          0          0          0          0          0          0          0          0          0          0          0          0          0          0          0          0          0      55949          0          0          0 PCI-MSIX-0000:00:0c.0  29-edge      virtio7-req.28
155:          0          0          0          0          0          0          0          0          0          0          0          0          0          0          0          0          0          0          0          0          0          0          0          0          0          0          0          0          0      52703          0          0 PCI-MSIX-0000:00:0c.0  30-edge      virtio7-req.29
156:          0          0          0          0          0          0          0          0          0          0          0          0          0          0          0          0          0          0          0          0          0          0          0          0          0          0          0          0          0          0      56833          0 PCI-MSIX-0000:00:0c.0  31-edge      virtio7-req.30
157:          0          0          0          0          0          0          0          0          0          0          0          0          0          0          0          0          0          0          0          0          0          0          0          0          0          0          0          0          0          0          0      65303 PCI-MSIX-0000:00:0c.0  32-edge      virtio7-req.31
158:          0          0          0          0          0          0          0          0          0          0          0          0          0          0          0          0          0          0          0          0          0          0          0          0          0          0          0          0          0          0          0          0 PCI-MSIX-0000:00:0d.0   0-edge      virtio8-config
159:          0          0          0          0          0          0          0          0          0          0          0          0          0          0          0          0          0          0          0          0          0          0          0          0          0          0          0          0          0          0          0          0 PCI-MSIX-0000:00:0d.0   1-edge      virtio8-req.0
160:          0          0          0          0          0          0          0          0          0          0          0          0          0          0          0          0          0          0          0          0          0          0          0          0          0          0          0          0          0          0          0          0 PCI-MSIX-0000:00:0d.0   2-edge      virtio8-req.1
161:          0          0          0          0          0          0          0          0          0          0          0          0          0          0          0          0          0          0          0          0          0          0          0          0          0          0          0          0          0          0          0          0 PCI-MSIX-0000:00:0d.0   3-edge      virtio8-req.2
162:          0          0          0          0          0          0          0          0          0          0          0          0          0          0          0          0          0          0          0          0          0          0          0          0          0          0          0          0          0          0          0          0 PCI-MSIX-0000:00:0d.0   4-edge      virtio8-req.3
163:          0          0          0          0         44          0          0          0          0          0          0          0          0          0          0          0          0          0          0          0          0          0          0          0          0          0          0          0          0          0          0          0 PCI-MSIX-0000:00:0d.0   5-edge      virtio8-req.4
164:          0          0          0          0          0          0          0          0          0          0          0          0          0          0          0          0          0          0          0          0          0          0          0          0          0          0          0          0          0          0          0          0 PCI-MSIX-0000:00:0d.0   6-edge      virtio8-req.5
165:          0          0          0          0          0          0          1          0          0          0          0          0          0          0          0          0          0          0          0          0          0          0          0          0          0          0          0          0          0          0          0          0 PCI-MSIX-0000:00:0d.0   7-edge      virtio8-req.6
166:          0          0          0          0          0          0          0         38          0          0          0          0          0          0          0          0          0          0          0          0          0          0          0          0          0          0          0          0          0          0          0          0 PCI-MSIX-0000:00:0d.0   8-edge      virtio8-req.7
167:          0          0          0          0          0          0          0          0          0          0          0          0          0          0          0          0          0          0          0          0          0          0          0          0          0          0          0          0          0          0          0          0 PCI-MSIX-0000:00:0d.0   9-edge      virtio8-req.8
168:          0          0          0          0          0          0          0          0          0          2          0          0          0          0          0          0          0          0          0          0          0          0          0          0          0          0          0          0          0          0          0          0 PCI-MSIX-0000:00:0d.0  10-edge      virtio8-req.9
169:          0          0          0          0          0          0          0          0          0          0          0          0          0          0          0          0          0          0          0          0          0          0          0          0          0          0          0          0          0          0          0          0 PCI-MSIX-0000:00:0d.0  11-edge      virtio8-req.10
170:          0          0          0          0          0          0          0          0          0          0          0          0          0          0          0          0          0          0          0          0          0          0          0          0          0          0          0          0          0          0          0          0 PCI-MSIX-0000:00:0d.0  12-edge      virtio8-req.11
171:          0          0          0          0          0          0          0          0          0          0          0          0          0          0          0          0          0          0          0          0          0          0          0          0          0          0          0          0          0          0          0          0 PCI-MSIX-0000:00:0d.0  13-edge      virtio8-req.12
172:          0          0          0          0          0          0          0          0          0          0          0          0          0          0          0          0          0          0          0          0          0          0          0          0          0          0          0          0          0          0          0          0 PCI-MSIX-0000:00:0d.0  14-edge      virtio8-req.13
173:          0          0          0          0          0          0          0          0          0          0          0          0          0          0          0          0          0          0          0          0          0          0          0          0          0          0          0          0          0          0          0          0 PCI-MSIX-0000:00:0d.0  15-edge      virtio8-req.14
174:          0          0          0          0          0          0          0          0          0          0          0          0          0          0          0          2          0          0          0          0          0          0          0          0          0          0          0          0          0          0          0          0 PCI-MSIX-0000:00:0d.0  16-edge      virtio8-req.15
175:          0          0          0          0          0          0          0          0          0          0          0          0          0          0          0          0          3          0          0          0          0          0          0          0          0          0          0          0          0          0          0          0 PCI-MSIX-0000:00:0d.0  17-edge      virtio8-req.16
176:          0          0          0          0          0          0          0          0          0          0          0          0          0          0          0          0          0          0          0          0          0          0          0          0          0          0          0          0          0          0          0          0 PCI-MSIX-0000:00:0d.0  18-edge      virtio8-req.17
177:          0          0          0          0          0          0          0          0          0          0          0          0          0          0          0          0          0          0          0          0          0          0          0          0          0          0          0          0          0          0          0          0 PCI-MSIX-0000:00:0d.0  19-edge      virtio8-req.18
178:          0          0          0          0          0          0          0          0          0          0          0          0          0          0          0          0          0          0          0          0          0          0          0          0          0          0          0          0          0          0          0          0 PCI-MSIX-0000:00:0d.0  20-edge      virtio8-req.19
179:          0          0          0          0          0          0          0          0          0          0          0          0          0          0          0          0          0          0          0          0          0          0          0          0          0          0          0          0          0          0          0          0 PCI-MSIX-0000:00:0d.0  21-edge      virtio8-req.20
180:          0          0          0          0          0          0          0          0          0          0          0          0          0          0          0          0          0          0          0          0          0          0          0          0          0          0          0          0          0          0          0          0 PCI-MSIX-0000:00:0d.0  22-edge      virtio8-req.21
181:          0          0          0          0          0          0          0          0          0          0          0          0          0          0          0          0          0          0          0          0          0          0          0          0          0          0          0          0          0          0          0          0 PCI-MSIX-0000:00:0d.0  23-edge      virtio8-req.22
182:          0          0          0          0          0          0          0          0          0          0          0          0          0          0          0          0          0          0          0          0          0          0          0          0          0          0          0          0          0          0          0          0 PCI-MSIX-0000:00:0d.0  24-edge      virtio8-req.23
183:          0          0          0          0          0          0          0          0          0          0          0          0          0          0          0          0          0          0          0          0          0          0          0          0          4          0          0          0          0          0          0          0 PCI-MSIX-0000:00:0d.0  25-edge      virtio8-req.24
184:          0          0          0          0          0          0          0          0          0          0          0          0          0          0          0          0          0          0          0          0          0          0          0          0          0          2          0          0          0          0          0          0 PCI-MSIX-0000:00:0d.0  26-edge      virtio8-req.25
185:          0          0          0          0          0          0          0          0          0          0          0          0          0          0          0          0          0          0          0          0          0          0          0          0          0          0         45          0          0          0          0          0 PCI-MSIX-0000:00:0d.0  27-edge      virtio8-req.26
186:          0          0          0          0          0          0          0          0          0          0          0          0          0          0          0          0          0          0          0          0          0          0          0          0          0          0          0          0          0          0          0          0 PCI-MSIX-0000:00:0d.0  28-edge      virtio8-req.27
187:          0          0          0          0          0          0          0          0          0          0          0          0          0          0          0          0          0          0          0          0          0          0          0          0          0          0          0          0          0          0          0          0 PCI-MSIX-0000:00:0d.0  29-edge      virtio8-req.28
188:          0          0          0          0          0          0          0          0          0          0          0          0          0          0          0          0          0          0          0          0          0          0          0          0          0          0          0          0          0          4          0          0 PCI-MSIX-0000:00:0d.0  30-edge      virtio8-req.29
189:          0          0          0          0          0          0          0          0          0          0          0          0          0          0          0          0          0          0          0          0          0          0          0          0          0          0          0          0          0          0         46          0 PCI-MSIX-0000:00:0d.0  31-edge      virtio8-req.30
190:          0          0          0          0          0          0          0          0          0          0          0          0          0          0          0          0          0          0          0          0          0          0          0          0          0          0          0          0          0          0          0          0 PCI-MSIX-0000:00:0d.0  32-edge      virtio8-req.31
191:          0          0          0          0          0          0          0          0          0          0          0          0          0          0          0          0          0          0          0          0          0          0          0          0          0          0          0          0          0          0          0          0 PCI-MSIX-0000:00:0f.0   0-edge      virtio10-config
192:          0          0          0          0          0          0          0          0          0          0          0          0          0          0          0          0          0          0          0          0          0          0          0          0          0          0          0          0          0          0          0          0 PCI-MSIX-0000:00:0f.0   1-edge      virtio10-req.0
193:          0          0          0          0          0          0          0          0          0          0          0          0          0          0          0          0          0          0          0          0          0          0          0          0          0          0          0          0          0          0          0          0 PCI-MSIX-0000:00:0f.0   2-edge      virtio10-req.1
194:          0          0          0          0          0          0          0          0          0          0          0          0          0          0          0          0          0          0          0          0          0          0          0          0          0          0          0          0          0          0          0          0 PCI-MSIX-0000:00:0f.0   3-edge      virtio10-req.2
195:          0          0          0          0          0          0          0          0          0          0          0          0          0          0          0          0          0          0          0          0          0          0          0          0          0          0          0          0          0          0          0          0 PCI-MSIX-0000:00:0f.0   4-edge      virtio10-req.3
196:          0          0          0          0          2          0          0          0          0          0          0          0          0          0          0          0          0          0          0          0          0          0          0          0          0          0          0          0          0          0          0          0 PCI-MSIX-0000:00:0f.0   5-edge      virtio10-req.4
197:          0          0          0          0          0          0          0          0          0          0          0          0          0          0          0          0          0          0          0          0          0          0          0          0          0          0          0          0          0          0          0          0 PCI-MSIX-0000:00:0f.0   6-edge      virtio10-req.5
198:          0          0          0          0          0          0          1          0          0          0          0          0          0          0          0          0          0          0          0          0          0          0          0          0          0          0          0          0          0          0          0          0 PCI-MSIX-0000:00:0f.0   7-edge      virtio10-req.6
199:          0          0          0          0          0          0          0         42          0          0          0          0          0          0          0          0          0          0          0          0          0          0          0          0          0          0          0          0          0          0          0          0 PCI-MSIX-0000:00:0f.0   8-edge      virtio10-req.7
200:          0          0          0          0          0          0          0          0         41          0          0          0          0          0          0          0          0          0          0          0          0          0          0          0          0          0          0          0          0          0          0          0 PCI-MSIX-0000:00:0f.0   9-edge      virtio10-req.8
201:          0          0          0          0          0          0          0          0          0          2          0          0          0          0          0          0          0          0          0          0          0          0          0          0          0          0          0          0          0          0          0          0 PCI-MSIX-0000:00:0f.0  10-edge      virtio10-req.9
202:          0          0          0          0          0          0          0          0          0          0          0          0          0          0          0          0          0          0          0          0          0          0          0          0          0          0          0          0          0          0          0          0 PCI-MSIX-0000:00:0f.0  11-edge      virtio10-req.10
203:          0          0          0          0          0          0          0          0          0          0          0          0          0          0          0          0          0          0          0          0          0          0          0          0          0          0          0          0          0          0          0          0 PCI-MSIX-0000:00:0f.0  12-edge      virtio10-req.11
204:          0          0          0          0          0          0          0          0          0          0          0          0          0          0          0          0          0          0          0          0          0          0          0          0          0          0          0          0          0          0          0          0 PCI-MSIX-0000:00:0f.0  13-edge      virtio10-req.12
205:          0          0          0          0          0          0          0          0          0          0          0          0          0          0          0          0          0          0          0          0          0          0          0          0          0          0          0          0          0          0          0          0 PCI-MSIX-0000:00:0f.0  14-edge      virtio10-req.13
206:          0          0          0          0          0          0          0          0          0          0          0          0          0          0          0          0          0          0          0          0          0          0          0          0          0          0          0          0          0          0          0          0 PCI-MSIX-0000:00:0f.0  15-edge      virtio10-req.14
207:          0          0          0          0          0          0          0          0          0          0          0          0          0          0          0          2          0          0          0          0          0          0          0          0          0          0          0          0          0          0          0          0 PCI-MSIX-0000:00:0f.0  16-edge      virtio10-req.15
208:          0          0          0          0          0          0          0          0          0          0          0          0          0          0          0          0          3          0          0          0          0          0          0          0          0          0          0          0          0          0          0          0 PCI-MSIX-0000:00:0f.0  17-edge      virtio10-req.16
209:          0          0          0          0          0          0          0          0          0          0          0          0          0          0          0          0          0          0          0          0          0          0          0          0          0          0          0          0          0          0          0          0 PCI-MSIX-0000:00:0f.0  18-edge      virtio10-req.17
210:          0          0          0          0          0          0          0          0          0          0          0          0          0          0          0          0          0          0          0          0          0          0          0          0          0          0          0          0          0          0          0          0 PCI-MSIX-0000:00:0f.0  19-edge      virtio10-req.18
211:          0          0          0          0          0          0          0          0          0          0          0          0          0          0          0          0          0          0          0          0          0          0          0          0          0          0          0          0          0          0          0          0 PCI-MSIX-0000:00:0f.0  20-edge      virtio10-req.19
212:          0          0          0          0          0          0          0          0          0          0          0          0          0          0          0          0          0          0          0          0          0          0          0          0          0          0          0          0          0          0          0          0 PCI-MSIX-0000:00:0f.0  21-edge      virtio10-req.20
213:          0          0          0          0          0          0          0          0          0          0          0          0          0          0          0          0          0          0          0          0          0         41          0          0          0          0          0          0          0          0          0          0 PCI-MSIX-0000:00:0f.0  22-edge      virtio10-req.21
214:          0          0          0          0          0          0          0          0          0          0          0          0          0          0          0          0          0          0          0          0          0          0          0          0          0          0          0          0          0          0          0          0 PCI-MSIX-0000:00:0f.0  23-edge      virtio10-req.22
215:          0          0          0          0          0          0          0          0          0          0          0          0          0          0          0          0          0          0          0          0          0          0          0          0          0          0          0          0          0          0          0          0 PCI-MSIX-0000:00:0f.0  24-edge      virtio10-req.23
216:          0          0          0          0          0          0          0          0          0          0          0          0          0          0          0          0          0          0          0          0          0          0          0          0          4          0          0          0          0          0          0          0 PCI-MSIX-0000:00:0f.0  25-edge      virtio10-req.24
217:          0          0          0          0          0          0          0          0          0          0          0          0          0          0          0          0          0          0          0          0          0          0          0          0          0          2          0          0          0          0          0          0 PCI-MSIX-0000:00:0f.0  26-edge      virtio10-req.25
218:          0          0          0          0          0          0          0          0          0          0          0          0          0          0          0          0          0          0          0          0          0          0          0          0          0          0          2          0          0          0          0          0 PCI-MSIX-0000:00:0f.0  27-edge      virtio10-req.26
219:          0          0          0          0          0          0          0          0          0          0          0          0          0          0          0          0          0          0          0          0          0          0          0          0          0          0          0          0          0          0          0          0 PCI-MSIX-0000:00:0f.0  28-edge      virtio10-req.27
220:          0          0          0          0          0          0          0          0          0          0          0          0          0          0          0          0          0          0          0          0          0          0          0          0          0          0          0          0          0          0          0          0 PCI-MSIX-0000:00:0f.0  29-edge      virtio10-req.28
221:          0          0          0          0          0          0          0          0          0          0          0          0          0          0          0          0          0          0          0          0          0          0          0          0          0          0          0          0          0          4          0          0 PCI-MSIX-0000:00:0f.0  30-edge      virtio10-req.29
222:          0          0          0          0          0          0          0          0          0          0          0          0          0          0          0          0          0          0          0          0          0          0          0          0          0          0          0          0          0          0         48          0 PCI-MSIX-0000:00:0f.0  31-edge      virtio10-req.30
223:          0          0          0          0          0          0          0          0          0          0          0          0          0          0          0          0          0          0          0          0          0          0          0          0          0          0          0          0          0          0          0          0 PCI-MSIX-0000:00:0f.0  32-edge      virtio10-req.31
224:          0          0          0          0          0          0          0          0          0          0          0          0          0          0          0          0          0          0          0          0          0          0          0          0          0          0          0          0          0          0          0          0 PCI-MSIX-0000:00:10.0   0-edge      virtio11-config
225:         47          0          0          0          0          0          0          0          0          0          0          0          0          0          0          0          0          0          0          0          0          0          0          0          0          0          0          0          0          0          0          0 PCI-MSIX-0000:00:10.0   1-edge      virtio11-req.0
226:          0          0          0          0          0          0          0          0          0          0          0          0          0          0          0          0          0          0          0          0          0          0          0          0          0          0          0          0          0          0          0          0 PCI-MSIX-0000:00:10.0   2-edge      virtio11-req.1
227:          0          0          0          0          0          0          0          0          0          0          0          0          0          0          0          0          0          0          0          0          0          0          0          0          0          0          0          0          0          0          0          0 PCI-MSIX-0000:00:10.0   3-edge      virtio11-req.2
228:          0          0          0          0          0          0          0          0          0          0          0          0          0          0          0          0          0          0          0          0          0          0          0          0          0          0          0          0          0          0          0          0 PCI-MSIX-0000:00:10.0   4-edge      virtio11-req.3
229:          0          0          0          0          2          0          0          0          0          0          0          0          0          0          0          0          0          0          0          0          0          0          0          0          0          0          0          0          0          0          0          0 PCI-MSIX-0000:00:10.0   5-edge      virtio11-req.4
230:          0          0          0          0          0          0          0          0          0          0          0          0          0          0          0          0          0          0          0          0          0          0          0          0          0          0          0          0          0          0          0          0 PCI-MSIX-0000:00:10.0   6-edge      virtio11-req.5
231:          0          0          0          0          0          0          1          0          0          0          0          0          0          0          0          0          0          0          0          0          0          0          0          0          0          0          0          0          0          0          0          0 PCI-MSIX-0000:00:10.0   7-edge      virtio11-req.6
232:          0          0          0          0          0          0          0         41          0          0          0          0          0          0          0          0          0          0          0          0          0          0          0          0          0          0          0          0          0          0          0          0 PCI-MSIX-0000:00:10.0   8-edge      virtio11-req.7
233:          0          0          0          0          0          0          0          0          0          0          0          0          0          0          0          0          0          0          0          0          0          0          0          0          0          0          0          0          0          0          0          0 PCI-MSIX-0000:00:10.0   9-edge      virtio11-req.8
234:          0          0          0          0          0          0          0          0          0          2          0          0          0          0          0          0          0          0          0          0          0          0          0          0          0          0          0          0          0          0          0          0 PCI-MSIX-0000:00:10.0  10-edge      virtio11-req.9
235:          0          0          0          0          0          0          0          0          0          0          0          0          0          0          0          0          0          0          0          0          0          0          0          0          0          0          0          0          0          0          0          0 PCI-MSIX-0000:00:10.0  11-edge      virtio11-req.10
236:          0          0          0          0          0          0          0          0          0          0          0          0          0          0          0          0          0          0          0          0          0          0          0          0          0          0          0          0          0          0          0          0 PCI-MSIX-0000:00:10.0  12-edge      virtio11-req.11
237:          0          0          0          0          0          0          0          0          0          0          0          0          0          0          0          0          0          0          0          0          0          0          0          0          0          0          0          0          0          0          0          0 PCI-MSIX-0000:00:10.0  13-edge      virtio11-req.12
238:          0          0          0          0          0          0          0          0          0          0          0          0          0          0          0          0          0          0          0          0          0          0          0          0          0          0          0          0          0          0          0          0 PCI-MSIX-0000:00:10.0  14-edge      virtio11-req.13
239:          0          0          0          0          0          0          0          0          0          0          0          0          0          0          0          0          0          0          0          0          0          0          0          0          0          0          0          0          0          0          0          0 PCI-MSIX-0000:00:10.0  15-edge      virtio11-req.14
240:          0          0          0          0          0          0          0          0          0          0          0          0          0          0          0          2          0          0          0          0          0          0          0          0          0          0          0          0          0          0          0          0 PCI-MSIX-0000:00:10.0  16-edge      virtio11-req.15
241:          0          0          0          0          0          0          0          0          0          0          0          0          0          0          0          0          3          0          0          0          0          0          0          0          0          0          0          0          0          0          0          0 PCI-MSIX-0000:00:10.0  17-edge      virtio11-req.16
242:          0          0          0          0          0          0          0          0          0          0          0          0          0          0          0          0          0          0          0          0          0          0          0          0          0          0          0          0          0          0          0          0 PCI-MSIX-0000:00:10.0  18-edge      virtio11-req.17
243:          0          0          0          0          0          0          0          0          0          0          0          0          0          0          0          0          0          0         40          0          0          0          0          0          0          0          0          0          0          0          0          0 PCI-MSIX-0000:00:10.0  19-edge      virtio11-req.18
244:          0          0          0          0          0          0          0          0          0          0          0          0          0          0          0          0          0          0          0          0          0          0          0          0          0          0          0          0          0          0          0          0 PCI-MSIX-0000:00:10.0  20-edge      virtio11-req.19
245:          0          0          0          0          0          0          0          0          0          0          0          0          0          0          0          0          0          0          0          0          0          0          0          0          0          0          0          0          0          0          0          0 PCI-MSIX-0000:00:10.0  21-edge      virtio11-req.20
246:          0          0          0          0          0          0          0          0          0          0          0          0          0          0          0          0          0          0          0          0          0          0          0          0          0          0          0          0          0          0          0          0 PCI-MSIX-0000:00:10.0  22-edge      virtio11-req.21
247:          0          0          0          0          0          0          0          0          0          0          0          0          0          0          0          0          0          0          0          0          0          0          0          0          0          0          0          0          0          0          0          0 PCI-MSIX-0000:00:10.0  23-edge      virtio11-req.22
248:          0          0          0          0          0          0          0          0          0          0          0          0          0          0          0          0          0          0          0          0          0          0          0          0          0          0          0          0          0          0          0          0 PCI-MSIX-0000:00:10.0  24-edge      virtio11-req.23
249:          0          0          0          0          0          0          0          0          0          0          0          0          0          0          0          0          0          0          0          0          0          0          0          0          4          0          0          0          0          0          0          0 PCI-MSIX-0000:00:10.0  25-edge      virtio11-req.24
250:          0          0          0          0          0          0          0          0          0          0          0          0          0          0          0          0          0          0          0          0          0          0          0          0          0          2          0          0          0          0          0          0 PCI-MSIX-0000:00:10.0  26-edge      virtio11-req.25
251:          0          0          0          0          0          0          0          0          0          0          0          0          0          0          0          0          0          0          0          0          0          0          0          0          0          0         42          0          0          0          0          0 PCI-MSIX-0000:00:10.0  27-edge      virtio11-req.26
252:          0          0          0          0          0          0          0          0          0          0          0          0          0          0          0          0          0          0          0          0          0          0          0          0          0          0          0          0          0          0          0          0 PCI-MSIX-0000:00:10.0  28-edge      virtio11-req.27
253:          0          0          0          0          0          0          0          0          0          0          0          0          0          0          0          0          0          0          0          0          0          0          0          0          0          0          0          0          0          0          0          0 PCI-MSIX-0000:00:10.0  29-edge      virtio11-req.28
254:          0          0          0          0          0          0          0          0          0          0          0          0          0          0          0          0          0          0          0          0          0          0          0          0          0          0          0          0          0          4          0          0 PCI-MSIX-0000:00:10.0  30-edge      virtio11-req.29
255:          0          0          0          0          0          0          0          0          0          0          0          0          0          0          0          0          0          0          0          0          0          0          0          0          0          0          0          0          0          0          0          0 PCI-MSIX-0000:00:10.0  31-edge      virtio11-req.30
256:          0          0          0          0          0          0          0          0          0          0          0          0          0          0          0          0          0          0          0          0          0          0          0          0          0          0          0          0          0          0          0          0 PCI-MSIX-0000:00:10.0  32-edge      virtio11-req.31
257:          0          0          0          0          0          0          0          0          0          0          0          0          0          0          0          0          0          0          0          0          0          0          0          0          0          0          0          0          0          0          0          0 PCI-MSIX-0000:00:07.0   0-edge      virtio2-config
258:          0        340        760        913        773       3342       4821       2719       1181       5997        486      51015       4693        326        637        288        568        461       1574        744       4870     116080        706        111        399       3919        314       2583       1444        194        388        484 PCI-MSIX-0000:00:07.0   1-edge      virtio2-input.0
259:          0       1367        711        448        348        543        120       5528        569       2918        418      13002        219        310        356        357        229        569       5520        425        161       5808        540        114        126        128        267        323       1137        348        353        158 PCI-MSIX-0000:00:07.0   2-edge      virtio2-output.0
260:          0          0          0          0          0          0          0          0          0          0          0          0          0          0          0          0          0          0          0          0          0          0          0          0          0          0          0          0          0          0          0          0 PCI-MSIX-0000:00:0a.0   0-edge      virtio5-config
261:          0          0          0          0          0          0          0          0          0          0          0          0          0          0          0          0          0          0          0          0          0          0          0          0          0          0          0          0          0          0          0          0 PCI-MSIX-0000:00:0a.0   1-edge      virtio5-input.0
262:          0          0          0          0          0          0          0          0          0          0          0          0          0          0          0          0          0          0          0          0          0          0          0          0          0          0          0          0          0          0          0          0 PCI-MSIX-0000:00:0a.0   2-edge      virtio5-output.0
263:          0          0          0          0          0          0          0          0          0          0          0          0          0          0          0          0          0          0          0          0          0          0          0          0          0        104          0          0          0          0          0          0 PCI-MSI-0000:00:04.0   0-edge      snd_hda_intel:card0
NMI:          0          0          0          0          0          0          0          0          0          0          0          0          0          0          0          0          0          0          0          0          0          0          0          0          0          0          0          0          0          0          0          0   Non-maskable interrupts
LOC:    5146400   12013290   10063264    9101579    7883224    6534753    5922697    5538817    5218335    4912193    4804045    5377757    4610540    4285776    4275703    4311904    4398940    4232982    4431258    4589918    4227072    5599956    4162287    3999499    4174332    4074873    4124295    4121334    4129603    4534955    4094699    4028026   Local timer interrupts
SPU:          0          0          0          0          0          0          0          0          0          0          0          0          0          0          0          0          0          0          0          0          0          0          0          0          0          0          0          0          0          0          0          0   Spurious interrupts
PMI:          0          0          0          0          0          0          0          0          0          0          0          0          0          0          0          0          0          0          0          0          0          0          0          0          0          0          0          0          0          0          0          0   Performance monitoring interrupts
IWI:       1173        408       2556        374        978         49        487         48         60         12          4         10         10          9         17          2         21         22          0         18         10        500          1         10          3          7        474          2          7          8         47        223   IRQ work interrupts
RTR:          0          0          0          0          0          0          0          0          0          0          0          0          0          0          0          0          0          0          0          0          0          0          0          0          0          0          0          0          0          0          0          0   APIC ICR read retries
RES:     125664     189321     177158     164581     153139     142942     135545     135494     129528     129549     129834     124037     124296     123707     121290     123082     124839     121167     120980     121914     121390     125566     123574     119785     121753     118063     119810     121494     115430     124311     120229     118488   Rescheduling interrupts
CAL:    2716198    2416760    2203526    1883422    1869996    1476351    1374026    1289856    1288169    1157770    1226208    1064887    1049541    1043369    1000644    1011836    1036335     947066    1111609    1040044     942533    1076222     970495     944674     869894     955996     930649    1006367     891422    1017753    1003570     915015   Function call interrupts
TLB:     183795     193431     208716     187606     185743     192284     174845     176349     181273     176118     180966     176630     182515     187730     172343     186339     178095     176589     178439     177378     176886     182415     178934     176670     173808     180594     176628     183574     169497     175696     177877     172154   TLB shootdowns
TRM:          0          0          0          0          0          0          0          0          0          0          0          0          0          0          0          0          0          0          0          0          0          0          0          0          0          0          0          0          0          0          0          0   Thermal event interrupts
THR:          0          0          0          0          0          0          0          0          0          0          0          0          0          0          0          0          0          0          0          0          0          0          0          0          0          0          0          0          0          0          0          0   Threshold APIC interrupts
DFR:          0          0          0          0          0          0          0          0          0          0          0          0          0          0          0          0          0          0          0          0          0          0          0          0          0          0          0          0          0          0          0          0   Deferred Error APIC interrupts
MCE:          0          0          0          0          0          0          0          0          0          0          0          0          0          0          0          0          0          0          0          0          0          0          0          0          0          0          0          0          0          0          0          0   Machine check exceptions
MCP:        834        955        942        935        957        946        948        958        948        946        946        950        950        953        940        953        939        927        930        926        952        947        954        939        953        931        947        945        929        954        951        942   Machine check polls
ERR:          0
MIS:          0
PIN:          0          0          0          0          0          0          0          0          0          0          0          0          0          0          0          0          0          0          0          0          0          0          0          0          0          0          0          0          0          0          0          0   Posted-interrupt notification event
NPI:          0          0          0          0          0          0          0          0          0          0          0          0          0          0          0          0          0          0          0          0          0          0          0          0          0          0          0          0          0          0          0          0   Nested posted-interrupt event
PIW:          0          0          0          0          0          0          0          0          0          0          0          0          0          0          0          0          0          0          0          0          0          0          0          0          0          0          0          0          0          0          0          0   Posted-interrupt wakeup event
