2025-08-10 21:33:51,655 avocado.sysinfo INFO | Commands configured by file: /usr/local/lib/python3.12/dist-packages/avocado/etc/avocado/sysinfo/commands
2025-08-10 21:33:51,656 avocado.sysinfo INFO | Files configured by file: /usr/local/lib/python3.12/dist-packages/avocado/etc/avocado/sysinfo/files
2025-08-10 21:33:51,657 avocado.sysinfo DEBUG| File /usr/local/lib/python3.12/dist-packages/avocado/etc/avocado/sysinfo/fail_commands does not exist.
2025-08-10 21:33:51,658 avocado.sysinfo DEBUG| File /usr/local/lib/python3.12/dist-packages/avocado/etc/avocado/sysinfo/fail_files does not exist.
2025-08-10 21:33:51,658 avocado.sysinfo INFO | Profilers configured by file: /usr/local/lib/python3.12/dist-packages/avocado/etc/avocado/sysinfo/profilers
2025-08-10 21:33:51,658 avocado.sysinfo INFO | Profiler disabled
2025-08-10 21:33:51,760 avocado.sysinfo DEBUG| Not logging /sys/kernel/debug/sched_features (file not found)
2025-08-10 21:33:52,221 avocado.sysinfo DEBUG| Not logging /proc/pci (file not found)
2025-08-10 21:33:52,229 avocado.sysinfo DEBUG| Not logging /sys/devices/system/cpu/cpu0/cpufreq/scaling_governor (file not found)
2025-08-10 21:33:52,266 avocado.test INFO | Command line: /usr/local/bin/avocado run --nrunner-max-parallel-tasks 1 ./pcache.py -m ./pcache.py.data/pcache.yaml
2025-08-10 21:33:52,266 avocado.test INFO | 
2025-08-10 21:33:52,266 avocado.test INFO | Avocado version: 96.0
2025-08-10 21:33:52,266 avocado.test INFO | 
2025-08-10 21:33:52,266 avocado.test INFO | Avocado config:
2025-08-10 21:33:52,266 avocado.test INFO | 
2025-08-10 21:33:52,267 avocado.test INFO | {'assets.fetch.ignore_errors': False,
2025-08-10 21:33:52,267 avocado.test INFO |  'assets.fetch.references': [],
2025-08-10 21:33:52,268 avocado.test INFO |  'assets.fetch.timeout': 300,
2025-08-10 21:33:52,268 avocado.test INFO |  'assets.list.days': None,
2025-08-10 21:33:52,268 avocado.test INFO |  'assets.list.overall_limit': None,
2025-08-10 21:33:52,268 avocado.test INFO |  'assets.list.size_filter': None,
2025-08-10 21:33:52,268 avocado.test INFO |  'assets.purge.days': None,
2025-08-10 21:33:52,268 avocado.test INFO |  'assets.purge.overall_limit': None,
2025-08-10 21:33:52,268 avocado.test INFO |  'assets.purge.size_filter': None,
2025-08-10 21:33:52,268 avocado.test INFO |  'assets.register.name': None,
2025-08-10 21:33:52,268 avocado.test INFO |  'assets.register.sha1_hash': None,
2025-08-10 21:33:52,268 avocado.test INFO |  'assets.register.url': None,
2025-08-10 21:33:52,268 avocado.test INFO |  'config': None,
2025-08-10 21:33:52,268 avocado.test INFO |  'config.datadir': False,
2025-08-10 21:33:52,268 avocado.test INFO |  'core.input_encoding': 'utf-8',
2025-08-10 21:33:52,268 avocado.test INFO |  'core.paginator': False,
2025-08-10 21:33:52,268 avocado.test INFO |  'core.show': {'app'},
2025-08-10 21:33:52,268 avocado.test INFO |  'core.verbose': False,
2025-08-10 21:33:52,268 avocado.test INFO |  'datadir.paths.base_dir': '/root/avocado',
2025-08-10 21:33:52,268 avocado.test INFO |  'datadir.paths.cache_dirs': ['/root/avocado/data/cache'],
2025-08-10 21:33:52,268 avocado.test INFO |  'datadir.paths.data_dir': '/root/avocado/data',
2025-08-10 21:33:52,269 avocado.test INFO |  'datadir.paths.logs_dir': '/root/avocado/job-results',
2025-08-10 21:33:52,269 avocado.test INFO |  'datadir.paths.test_dir': '/usr/share/doc/avocado/tests',
2025-08-10 21:33:52,269 avocado.test INFO |  'diff.create_reports': False,
2025-08-10 21:33:52,269 avocado.test INFO |  'diff.filter': ['cmdline', 'time', 'variants', 'results', 'config', 'sysinfo'],
2025-08-10 21:33:52,269 avocado.test INFO |  'diff.html': None,
2025-08-10 21:33:52,269 avocado.test INFO |  'diff.jobids': [],
2025-08-10 21:33:52,269 avocado.test INFO |  'diff.open_browser': False,
2025-08-10 21:33:52,269 avocado.test INFO |  'diff.strip_id': False,
2025-08-10 21:33:52,269 avocado.test INFO |  'distro.distro_def_arch': '',
2025-08-10 21:33:52,269 avocado.test INFO |  'distro.distro_def_create': False,
2025-08-10 21:33:52,269 avocado.test INFO |  'distro.distro_def_name': '',
2025-08-10 21:33:52,269 avocado.test INFO |  'distro.distro_def_path': '',
2025-08-10 21:33:52,270 avocado.test INFO |  'distro.distro_def_release': '',
2025-08-10 21:33:52,270 avocado.test INFO |  'distro.distro_def_type': '',
2025-08-10 21:33:52,270 avocado.test INFO |  'distro.distro_def_version': '',
2025-08-10 21:33:52,270 avocado.test INFO |  'filter.by_tags.include_empty': False,
2025-08-10 21:33:52,270 avocado.test INFO |  'filter.by_tags.include_empty_key': False,
2025-08-10 21:33:52,270 avocado.test INFO |  'filter.by_tags.tags': [],
2025-08-10 21:33:52,270 avocado.test INFO |  'human_ui.omit.statuses': [],
2025-08-10 21:33:52,270 avocado.test INFO |  'job.output.loglevel': 'DEBUG',
2025-08-10 21:33:52,270 avocado.test INFO |  'job.output.testlogs.logfiles': ['debug.log'],
2025-08-10 21:33:52,270 avocado.test INFO |  'job.output.testlogs.statuses': [],
2025-08-10 21:33:52,270 avocado.test INFO |  'job.output.testlogs.summary_statuses': ['FAIL', 'ERROR'],
2025-08-10 21:33:52,270 avocado.test INFO |  'job.replay.source_job_id': 'latest',
2025-08-10 21:33:52,270 avocado.test INFO |  'job.run.result.html.enabled': True,
2025-08-10 21:33:52,270 avocado.test INFO |  'job.run.result.html.open_browser': False,
2025-08-10 21:33:52,270 avocado.test INFO |  'job.run.result.html.output': None,
2025-08-10 21:33:52,270 avocado.test INFO |  'job.run.result.json.enabled': True,
2025-08-10 21:33:52,270 avocado.test INFO |  'job.run.result.json.output': None,
2025-08-10 21:33:52,270 avocado.test INFO |  'job.run.result.tap.enabled': True,
2025-08-10 21:33:52,270 avocado.test INFO |  'job.run.result.tap.include_logs': False,
2025-08-10 21:33:52,270 avocado.test INFO |  'job.run.result.tap.output': None,
2025-08-10 21:33:52,271 avocado.test INFO |  'job.run.result.xunit.enabled': True,
2025-08-10 21:33:52,271 avocado.test INFO |  'job.run.result.xunit.job_name': None,
2025-08-10 21:33:52,271 avocado.test INFO |  'job.run.result.xunit.max_test_log_chars': 100000,
2025-08-10 21:33:52,271 avocado.test INFO |  'job.run.result.xunit.output': None,
2025-08-10 21:33:52,271 avocado.test INFO |  'job.run.store_logging_stream': ['avocado.core:DEBUG'],
2025-08-10 21:33:52,271 avocado.test INFO |  'job.run.timeout': 0,
2025-08-10 21:33:52,271 avocado.test INFO |  'jobs.get.output_files.destination': None,
2025-08-10 21:33:52,271 avocado.test INFO |  'jobs.get.output_files.job_id': None,
2025-08-10 21:33:52,271 avocado.test INFO |  'jobs.show.job_id': 'latest',
2025-08-10 21:33:52,271 avocado.test INFO |  'json.variants.load': None,
2025-08-10 21:33:52,271 avocado.test INFO |  'list.recipes.write_to_directory': None,
2025-08-10 21:33:52,271 avocado.test INFO |  'list.write_to_json_file': None,
2025-08-10 21:33:52,271 avocado.test INFO |  'nrunner.max_parallel_tasks': 1,
2025-08-10 21:33:52,271 avocado.test INFO |  'nrunner.shuffle': False,
2025-08-10 21:33:52,271 avocado.test INFO |  'nrunner.spawner': 'process',
2025-08-10 21:33:52,271 avocado.test INFO |  'nrunner.status_server_auto': True,
2025-08-10 21:33:52,271 avocado.test INFO |  'nrunner.status_server_buffer_size': 33554432,
2025-08-10 21:33:52,271 avocado.test INFO |  'nrunner.status_server_listen': '127.0.0.1:8888',
2025-08-10 21:33:52,271 avocado.test INFO |  'nrunner.status_server_uri': '127.0.0.1:8888',
2025-08-10 21:33:52,272 avocado.test INFO |  'plugins.cli.cmd.order': [],
2025-08-10 21:33:52,272 avocado.test INFO |  'plugins.cli.order': [],
2025-08-10 21:33:52,272 avocado.test INFO |  'plugins.disable': [],
2025-08-10 21:33:52,272 avocado.test INFO |  'plugins.init.order': [],
2025-08-10 21:33:52,272 avocado.test INFO |  'plugins.job.prepost.order': [],
2025-08-10 21:33:52,272 avocado.test INFO |  'plugins.jobscripts.post': '/etc/avocado/scripts/job/post.d/',
2025-08-10 21:33:52,272 avocado.test INFO |  'plugins.jobscripts.pre': '/etc/avocado/scripts/job/pre.d/',
2025-08-10 21:33:52,272 avocado.test INFO |  'plugins.jobscripts.warn_non_existing_dir': False,
2025-08-10 21:33:52,272 avocado.test INFO |  'plugins.jobscripts.warn_non_zero_status': True,
2025-08-10 21:33:52,272 avocado.test INFO |  'plugins.ordered_list': False,
2025-08-10 21:33:52,272 avocado.test INFO |  'plugins.resolver.order': [],
2025-08-10 21:33:52,272 avocado.test INFO |  'plugins.result.order': [],
2025-08-10 21:33:52,272 avocado.test INFO |  'plugins.result_events.order': [],
2025-08-10 21:33:52,272 avocado.test INFO |  'plugins.runnable.runner.order': [],
2025-08-10 21:33:52,272 avocado.test INFO |  'plugins.runner.order': [],
2025-08-10 21:33:52,272 avocado.test INFO |  'plugins.skip_broken_plugin_notification': [],
2025-08-10 21:33:52,272 avocado.test INFO |  'plugins.spawner.order': [],
2025-08-10 21:33:52,272 avocado.test INFO |  'plugins.varianter.order': [],
2025-08-10 21:33:52,272 avocado.test INFO |  'resolver.references': ['./pcache.py'],
2025-08-10 21:33:52,273 avocado.test INFO |  'run.dict_variants': [],
2025-08-10 21:33:52,273 avocado.test INFO |  'run.dict_variants.variant_id_keys': [],
2025-08-10 21:33:52,273 avocado.test INFO |  'run.dry_run.enabled': False,
2025-08-10 21:33:52,273 avocado.test INFO |  'run.dry_run.no_cleanup': False,
2025-08-10 21:33:52,273 avocado.test INFO |  'run.execution_order': 'variants-per-test',
2025-08-10 21:33:52,273 avocado.test INFO |  'run.failfast': False,
2025-08-10 21:33:52,273 avocado.test INFO |  'run.ignore_missing_references': False,
2025-08-10 21:33:52,273 avocado.test INFO |  'run.job_category': None,
2025-08-10 21:33:52,273 avocado.test INFO |  'run.journal.enabled': False,
2025-08-10 21:33:52,273 avocado.test INFO |  'run.keep_tmp': False,
2025-08-10 21:33:52,273 avocado.test INFO |  'run.loaders': ['file', '@DEFAULT'],
2025-08-10 21:33:52,273 avocado.test INFO |  'run.log_test_data_directories': False,
2025-08-10 21:33:52,273 avocado.test INFO |  'run.results.archive': False,
2025-08-10 21:33:52,273 avocado.test INFO |  'run.results_dir': None,
2025-08-10 21:33:52,273 avocado.test INFO |  'run.test_parameters': [],
2025-08-10 21:33:52,273 avocado.test INFO |  'run.test_runner': 'nrunner',
2025-08-10 21:33:52,273 avocado.test INFO |  'run.unique_job_id': None,
2025-08-10 21:33:52,274 avocado.test INFO |  'run.wrapper.wrappers': [],
2025-08-10 21:33:52,274 avocado.test INFO |  'runner.exectest.exitcodes.skip': [],
2025-08-10 21:33:52,274 avocado.test INFO |  'runner.identifier_format': '{uri}',
2025-08-10 21:33:52,274 avocado.test INFO |  'runner.output.color': 'auto',
2025-08-10 21:33:52,274 avocado.test INFO |  'runner.output.colored': True,
2025-08-10 21:33:52,274 avocado.test INFO |  'runner.output.utf8': True,
2025-08-10 21:33:52,274 avocado.test INFO |  'runner.timeout.after_interrupted': 60,
2025-08-10 21:33:52,274 avocado.test INFO |  'runner.timeout.process_alive': 60,
2025-08-10 21:33:52,274 avocado.test INFO |  'runner.timeout.process_died': 10,
2025-08-10 21:33:52,274 avocado.test INFO |  'simpletests.status.failure_fields': ['status', 'stdout', 'stderr'],
2025-08-10 21:33:52,274 avocado.test INFO |  'simpletests.status.skip_location': 'all',
2025-08-10 21:33:52,274 avocado.test INFO |  'simpletests.status.skip_regex': '^SKIP$',
2025-08-10 21:33:52,274 avocado.test INFO |  'simpletests.status.warn_location': 'all',
2025-08-10 21:33:52,274 avocado.test INFO |  'simpletests.status.warn_regex': '^WARN$',
2025-08-10 21:33:52,274 avocado.test INFO |  'spawner.podman.avocado_spawner_egg': None,
2025-08-10 21:33:52,274 avocado.test INFO |  'spawner.podman.bin': '/usr/bin/podman',
2025-08-10 21:33:52,274 avocado.test INFO |  'spawner.podman.image': 'Ubuntu:24',
2025-08-10 21:33:52,274 avocado.test INFO |  'subcommand': 'run',
2025-08-10 21:33:52,274 avocado.test INFO |  'sysinfo.collect.commands_timeout': -1,
2025-08-10 21:33:52,275 avocado.test INFO |  'sysinfo.collect.enabled': True,
2025-08-10 21:33:52,275 avocado.test INFO |  'sysinfo.collect.installed_packages': False,
2025-08-10 21:33:52,275 avocado.test INFO |  'sysinfo.collect.locale': 'C',
2025-08-10 21:33:52,275 avocado.test INFO |  'sysinfo.collect.optimize': False,
2025-08-10 21:33:52,275 avocado.test INFO |  'sysinfo.collect.per_test': False,
2025-08-10 21:33:52,275 avocado.test INFO |  'sysinfo.collect.profiler': False,
2025-08-10 21:33:52,275 avocado.test INFO |  'sysinfo.collect.sysinfodir': None,
2025-08-10 21:33:52,275 avocado.test INFO |  'sysinfo.collectibles.commands': '/usr/local/lib/python3.12/dist-packages/avocado/etc/avocado/sysinfo/commands',
2025-08-10 21:33:52,275 avocado.test INFO |  'sysinfo.collectibles.fail_commands': '/usr/local/lib/python3.12/dist-packages/avocado/etc/avocado/sysinfo/fail_commands',
2025-08-10 21:33:52,275 avocado.test INFO |  'sysinfo.collectibles.fail_files': '/usr/local/lib/python3.12/dist-packages/avocado/etc/avocado/sysinfo/fail_files',
2025-08-10 21:33:52,275 avocado.test INFO |  'sysinfo.collectibles.files': '/usr/local/lib/python3.12/dist-packages/avocado/etc/avocado/sysinfo/files',
2025-08-10 21:33:52,275 avocado.test INFO |  'sysinfo.collectibles.profilers': '/usr/local/lib/python3.12/dist-packages/avocado/etc/avocado/sysinfo/profilers',
2025-08-10 21:33:52,275 avocado.test INFO |  'task.timeout.running': None,
2025-08-10 21:33:52,275 avocado.test INFO |  'variants.contents': False,
2025-08-10 21:33:52,275 avocado.test INFO |  'variants.debug': False,
2025-08-10 21:33:52,275 avocado.test INFO |  'variants.inherit': False,
2025-08-10 21:33:52,275 avocado.test INFO |  'variants.json_variants_dump': None,
2025-08-10 21:33:52,275 avocado.test INFO |  'variants.summary': 0,
2025-08-10 21:33:52,275 avocado.test INFO |  'variants.tree': False,
2025-08-10 21:33:52,276 avocado.test INFO |  'variants.variants': 1,
2025-08-10 21:33:52,276 avocado.test INFO |  'vmimage.get.arch': None,
2025-08-10 21:33:52,276 avocado.test INFO |  'vmimage.get.distro': None,
2025-08-10 21:33:52,276 avocado.test INFO |  'vmimage.get.version': None,
2025-08-10 21:33:52,276 avocado.test INFO |  'yaml_to_mux.files': ['./pcache.py.data/pcache.yaml'],
2025-08-10 21:33:52,276 avocado.test INFO |  'yaml_to_mux.filter_only': [],
2025-08-10 21:33:52,276 avocado.test INFO |  'yaml_to_mux.filter_out': [],
2025-08-10 21:33:52,276 avocado.test INFO |  'yaml_to_mux.inject': [],
2025-08-10 21:33:52,276 avocado.test INFO |  'yaml_to_mux.parameter_paths': ['/run/*']}
2025-08-10 21:33:52,276 avocado.test INFO | 
2025-08-10 21:33:52,276 avocado.test INFO | Avocado Data Directories:
2025-08-10 21:33:52,276 avocado.test INFO | 
2025-08-10 21:33:52,276 avocado.test INFO | base     /root/avocado
2025-08-10 21:33:52,278 avocado.test INFO | tests    /root/avocado/tests
2025-08-10 21:33:52,278 avocado.test INFO | data     /root/avocado/data
2025-08-10 21:33:52,278 avocado.test INFO | logs     /root/avocado/job-results/job-2025-08-10T21.33-aa6cbdd
2025-08-10 21:33:52,278 avocado.test INFO | 
2025-08-10 21:33:52,374 avocado.test INFO | Multiplex tree representation:
2025-08-10 21:33:52,374 avocado.test INFO |  \-- run
2025-08-10 21:33:52,374 avocado.test INFO |       |-- cache_mode
2025-08-10 21:33:52,374 avocado.test INFO |       |    #== writeback
2025-08-10 21:33:52,374 avocado.test INFO |       |    #== writethrough
2025-08-10 21:33:52,375 avocado.test INFO |       |    #== writearound
2025-08-10 21:33:52,375 avocado.test INFO |       |    #== writeonly
2025-08-10 21:33:52,375 avocado.test INFO |       |-- gc
2025-08-10 21:33:52,375 avocado.test INFO |       |    #== gc0
2025-08-10 21:33:52,375 avocado.test INFO |       |    #== gc80
2025-08-10 21:33:52,375 avocado.test INFO |       |-- crc
2025-08-10 21:33:52,375 avocado.test INFO |       |    #== enable
2025-08-10 21:33:52,375 avocado.test INFO |       |    #== disable
2025-08-10 21:33:52,375 avocado.test INFO |       \-- test_script
2025-08-10 21:33:52,375 avocado.test INFO |            #== default
2025-08-10 21:33:52,375 avocado.test INFO |            #== xfstests
2025-08-10 21:33:52,375 avocado.test INFO |            #== misc
2025-08-10 21:33:52,375 avocado.test INFO |            #== failslab
2025-08-10 21:33:52,375 avocado.test INFO |            #== fail_make_request
2025-08-10 21:33:52,375 avocado.test INFO |            #== recreate_loop
2025-08-10 21:33:52,375 avocado.test INFO | 
2025-08-10 21:33:52,375 avocado.test INFO | Multiplex variants (96):
2025-08-10 21:33:52,375 avocado.test INFO | Variant run-cache_mode-writeback-crc-enable-gc-gc0-test_script-default-9ab4:    /run/cache_mode/writeback, /run/gc/gc0, /run/crc/enable, /run/test_script/default
2025-08-10 21:33:52,375 avocado.test INFO | Variant run-cache_mode-writeback-crc-enable-gc-gc0-test_script-xfstests-29d4:    /run/cache_mode/writeback, /run/gc/gc0, /run/crc/enable, /run/test_script/xfstests
2025-08-10 21:33:52,376 avocado.test INFO | Variant run-cache_mode-writeback-crc-enable-gc-gc0-test_script-misc-d3a4:    /run/cache_mode/writeback, /run/gc/gc0, /run/crc/enable, /run/test_script/misc
2025-08-10 21:33:52,376 avocado.test INFO | Variant run-cache_mode-writeback-crc-enable-gc-gc0-test_script-failslab-6485:    /run/cache_mode/writeback, /run/gc/gc0, /run/crc/enable, /run/test_script/failslab
2025-08-10 21:33:52,376 avocado.test INFO | Variant run-cache_mode-writeback-crc-enable-gc-gc0-test_script-fail_make_request-5f16:    /run/cache_mode/writeback, /run/gc/gc0, /run/crc/enable, /run/test_script/fail_make_request
2025-08-10 21:33:52,376 avocado.test INFO | Variant run-cache_mode-writeback-crc-enable-gc-gc0-test_script-recreate_loop-2c9e:    /run/cache_mode/writeback, /run/gc/gc0, /run/crc/enable, /run/test_script/recreate_loop
2025-08-10 21:33:52,376 avocado.test INFO | Variant run-cache_mode-writeback-crc-disable-gc-gc0-test_script-default-904f:    /run/cache_mode/writeback, /run/gc/gc0, /run/crc/disable, /run/test_script/default
2025-08-10 21:33:52,376 avocado.test INFO | Variant run-cache_mode-writeback-crc-disable-gc-gc0-test_script-xfstests-ad59:    /run/cache_mode/writeback, /run/gc/gc0, /run/crc/disable, /run/test_script/xfstests
2025-08-10 21:33:52,376 avocado.test INFO | Variant run-cache_mode-writeback-crc-disable-gc-gc0-test_script-misc-bef0:    /run/cache_mode/writeback, /run/gc/gc0, /run/crc/disable, /run/test_script/misc
2025-08-10 21:33:52,376 avocado.test INFO | Variant run-cache_mode-writeback-crc-disable-gc-gc0-test_script-failslab-5b2a:    /run/cache_mode/writeback, /run/gc/gc0, /run/crc/disable, /run/test_script/failslab
2025-08-10 21:33:52,376 avocado.test INFO | Variant run-cache_mode-writeback-crc-disable-gc-gc0-test_script-fail_make_request-2445:    /run/cache_mode/writeback, /run/gc/gc0, /run/crc/disable, /run/test_script/fail_make_request
2025-08-10 21:33:52,376 avocado.test INFO | Variant run-cache_mode-writeback-crc-disable-gc-gc0-test_script-recreate_loop-cd61:    /run/cache_mode/writeback, /run/gc/gc0, /run/crc/disable, /run/test_script/recreate_loop
2025-08-10 21:33:52,376 avocado.test INFO | Variant run-cache_mode-writeback-crc-enable-gc-gc80-test_script-default-0538:    /run/cache_mode/writeback, /run/gc/gc80, /run/crc/enable, /run/test_script/default
2025-08-10 21:33:52,376 avocado.test INFO | Variant run-cache_mode-writeback-crc-enable-gc-gc80-test_script-xfstests-1204:    /run/cache_mode/writeback, /run/gc/gc80, /run/crc/enable, /run/test_script/xfstests
2025-08-10 21:33:52,376 avocado.test INFO | Variant run-cache_mode-writeback-crc-enable-gc-gc80-test_script-misc-a355:    /run/cache_mode/writeback, /run/gc/gc80, /run/crc/enable, /run/test_script/misc
2025-08-10 21:33:52,376 avocado.test INFO | Variant run-cache_mode-writeback-crc-enable-gc-gc80-test_script-failslab-c024:    /run/cache_mode/writeback, /run/gc/gc80, /run/crc/enable, /run/test_script/failslab
2025-08-10 21:33:52,376 avocado.test INFO | Variant run-cache_mode-writeback-crc-enable-gc-gc80-test_script-fail_make_request-0678:    /run/cache_mode/writeback, /run/gc/gc80, /run/crc/enable, /run/test_script/fail_make_request
2025-08-10 21:33:52,376 avocado.test INFO | Variant run-cache_mode-writeback-crc-enable-gc-gc80-test_script-recreate_loop-3aa7:    /run/cache_mode/writeback, /run/gc/gc80, /run/crc/enable, /run/test_script/recreate_loop
2025-08-10 21:33:52,376 avocado.test INFO | Variant run-cache_mode-writeback-crc-disable-gc-gc80-test_script-default-7c11:    /run/cache_mode/writeback, /run/gc/gc80, /run/crc/disable, /run/test_script/default
2025-08-10 21:33:52,376 avocado.test INFO | Variant run-cache_mode-writeback-crc-disable-gc-gc80-test_script-xfstests-f37e:    /run/cache_mode/writeback, /run/gc/gc80, /run/crc/disable, /run/test_script/xfstests
2025-08-10 21:33:52,377 avocado.test INFO | Variant run-cache_mode-writeback-crc-disable-gc-gc80-test_script-misc-e2df:    /run/cache_mode/writeback, /run/gc/gc80, /run/crc/disable, /run/test_script/misc
2025-08-10 21:33:52,377 avocado.test INFO | Variant run-cache_mode-writeback-crc-disable-gc-gc80-test_script-failslab-26e1:    /run/cache_mode/writeback, /run/gc/gc80, /run/crc/disable, /run/test_script/failslab
2025-08-10 21:33:52,377 avocado.test INFO | Variant run-cache_mode-writeback-crc-disable-gc-gc80-test_script-fail_make_request-d92f:    /run/cache_mode/writeback, /run/gc/gc80, /run/crc/disable, /run/test_script/fail_make_request
2025-08-10 21:33:52,377 avocado.test INFO | Variant run-cache_mode-writeback-crc-disable-gc-gc80-test_script-recreate_loop-23cb:    /run/cache_mode/writeback, /run/gc/gc80, /run/crc/disable, /run/test_script/recreate_loop
2025-08-10 21:33:52,377 avocado.test INFO | Variant run-cache_mode-writethrough-crc-enable-gc-gc0-test_script-default-929f:    /run/cache_mode/writethrough, /run/gc/gc0, /run/crc/enable, /run/test_script/default
2025-08-10 21:33:52,377 avocado.test INFO | Variant run-cache_mode-writethrough-crc-enable-gc-gc0-test_script-xfstests-2562:    /run/cache_mode/writethrough, /run/gc/gc0, /run/crc/enable, /run/test_script/xfstests
2025-08-10 21:33:52,377 avocado.test INFO | Variant run-cache_mode-writethrough-crc-enable-gc-gc0-test_script-misc-0a57:    /run/cache_mode/writethrough, /run/gc/gc0, /run/crc/enable, /run/test_script/misc
2025-08-10 21:33:52,377 avocado.test INFO | Variant run-cache_mode-writethrough-crc-enable-gc-gc0-test_script-failslab-1867:    /run/cache_mode/writethrough, /run/gc/gc0, /run/crc/enable, /run/test_script/failslab
2025-08-10 21:33:52,377 avocado.test INFO | Variant run-cache_mode-writethrough-crc-enable-gc-gc0-test_script-fail_make_request-fa55:    /run/cache_mode/writethrough, /run/gc/gc0, /run/crc/enable, /run/test_script/fail_make_request
2025-08-10 21:33:52,377 avocado.test INFO | Variant run-cache_mode-writethrough-crc-enable-gc-gc0-test_script-recreate_loop-b6b1:    /run/cache_mode/writethrough, /run/gc/gc0, /run/crc/enable, /run/test_script/recreate_loop
2025-08-10 21:33:52,377 avocado.test INFO | Variant run-cache_mode-writethrough-crc-disable-gc-gc0-test_script-default-d3c7:    /run/cache_mode/writethrough, /run/gc/gc0, /run/crc/disable, /run/test_script/default
2025-08-10 21:33:52,377 avocado.test INFO | Variant run-cache_mode-writethrough-crc-disable-gc-gc0-test_script-xfstests-fe57:    /run/cache_mode/writethrough, /run/gc/gc0, /run/crc/disable, /run/test_script/xfstests
2025-08-10 21:33:52,377 avocado.test INFO | Variant run-cache_mode-writethrough-crc-disable-gc-gc0-test_script-misc-1809:    /run/cache_mode/writethrough, /run/gc/gc0, /run/crc/disable, /run/test_script/misc
2025-08-10 21:33:52,377 avocado.test INFO | Variant run-cache_mode-writethrough-crc-disable-gc-gc0-test_script-failslab-ccdf:    /run/cache_mode/writethrough, /run/gc/gc0, /run/crc/disable, /run/test_script/failslab
2025-08-10 21:33:52,377 avocado.test INFO | Variant run-cache_mode-writethrough-crc-disable-gc-gc0-test_script-fail_make_request-0c19:    /run/cache_mode/writethrough, /run/gc/gc0, /run/crc/disable, /run/test_script/fail_make_request
2025-08-10 21:33:52,377 avocado.test INFO | Variant run-cache_mode-writethrough-crc-disable-gc-gc0-test_script-recreate_loop-a5a7:    /run/cache_mode/writethrough, /run/gc/gc0, /run/crc/disable, /run/test_script/recreate_loop
2025-08-10 21:33:52,377 avocado.test INFO | Variant run-cache_mode-writethrough-crc-enable-gc-gc80-test_script-default-e33f:    /run/cache_mode/writethrough, /run/gc/gc80, /run/crc/enable, /run/test_script/default
2025-08-10 21:33:52,378 avocado.test INFO | Variant run-cache_mode-writethrough-crc-enable-gc-gc80-test_script-xfstests-883f:    /run/cache_mode/writethrough, /run/gc/gc80, /run/crc/enable, /run/test_script/xfstests
2025-08-10 21:33:52,378 avocado.test INFO | Variant run-cache_mode-writethrough-crc-enable-gc-gc80-test_script-misc-824b:    /run/cache_mode/writethrough, /run/gc/gc80, /run/crc/enable, /run/test_script/misc
2025-08-10 21:33:52,378 avocado.test INFO | Variant run-cache_mode-writethrough-crc-enable-gc-gc80-test_script-failslab-b336:    /run/cache_mode/writethrough, /run/gc/gc80, /run/crc/enable, /run/test_script/failslab
2025-08-10 21:33:52,378 avocado.test INFO | Variant run-cache_mode-writethrough-crc-enable-gc-gc80-test_script-fail_make_request-f6db:    /run/cache_mode/writethrough, /run/gc/gc80, /run/crc/enable, /run/test_script/fail_make_request
2025-08-10 21:33:52,378 avocado.test INFO | Variant run-cache_mode-writethrough-crc-enable-gc-gc80-test_script-recreate_loop-de6d:    /run/cache_mode/writethrough, /run/gc/gc80, /run/crc/enable, /run/test_script/recreate_loop
2025-08-10 21:33:52,378 avocado.test INFO | Variant run-cache_mode-writethrough-crc-disable-gc-gc80-test_script-default-5bcf:    /run/cache_mode/writethrough, /run/gc/gc80, /run/crc/disable, /run/test_script/default
2025-08-10 21:33:52,378 avocado.test INFO | Variant run-cache_mode-writethrough-crc-disable-gc-gc80-test_script-xfstests-ab30:    /run/cache_mode/writethrough, /run/gc/gc80, /run/crc/disable, /run/test_script/xfstests
2025-08-10 21:33:52,378 avocado.test INFO | Variant run-cache_mode-writethrough-crc-disable-gc-gc80-test_script-misc-041d:    /run/cache_mode/writethrough, /run/gc/gc80, /run/crc/disable, /run/test_script/misc
2025-08-10 21:33:52,378 avocado.test INFO | Variant run-cache_mode-writethrough-crc-disable-gc-gc80-test_script-failslab-2096:    /run/cache_mode/writethrough, /run/gc/gc80, /run/crc/disable, /run/test_script/failslab
2025-08-10 21:33:52,378 avocado.test INFO | Variant run-cache_mode-writethrough-crc-disable-gc-gc80-test_script-fail_make_request-d545:    /run/cache_mode/writethrough, /run/gc/gc80, /run/crc/disable, /run/test_script/fail_make_request
2025-08-10 21:33:52,378 avocado.test INFO | Variant run-cache_mode-writethrough-crc-disable-gc-gc80-test_script-recreate_loop-73c2:    /run/cache_mode/writethrough, /run/gc/gc80, /run/crc/disable, /run/test_script/recreate_loop
2025-08-10 21:33:52,378 avocado.test INFO | Variant run-cache_mode-writearound-crc-enable-gc-gc0-test_script-default-a3bd:    /run/cache_mode/writearound, /run/gc/gc0, /run/crc/enable, /run/test_script/default
2025-08-10 21:33:52,378 avocado.test INFO | Variant run-cache_mode-writearound-crc-enable-gc-gc0-test_script-xfstests-4857:    /run/cache_mode/writearound, /run/gc/gc0, /run/crc/enable, /run/test_script/xfstests
2025-08-10 21:33:52,378 avocado.test INFO | Variant run-cache_mode-writearound-crc-enable-gc-gc0-test_script-misc-b277:    /run/cache_mode/writearound, /run/gc/gc0, /run/crc/enable, /run/test_script/misc
2025-08-10 21:33:52,378 avocado.test INFO | Variant run-cache_mode-writearound-crc-enable-gc-gc0-test_script-failslab-63a3:    /run/cache_mode/writearound, /run/gc/gc0, /run/crc/enable, /run/test_script/failslab
2025-08-10 21:33:52,378 avocado.test INFO | Variant run-cache_mode-writearound-crc-enable-gc-gc0-test_script-fail_make_request-5fea:    /run/cache_mode/writearound, /run/gc/gc0, /run/crc/enable, /run/test_script/fail_make_request
2025-08-10 21:33:52,378 avocado.test INFO | Variant run-cache_mode-writearound-crc-enable-gc-gc0-test_script-recreate_loop-e7a6:    /run/cache_mode/writearound, /run/gc/gc0, /run/crc/enable, /run/test_script/recreate_loop
2025-08-10 21:33:52,378 avocado.test INFO | Variant run-cache_mode-writearound-crc-disable-gc-gc0-test_script-default-f843:    /run/cache_mode/writearound, /run/gc/gc0, /run/crc/disable, /run/test_script/default
2025-08-10 21:33:52,378 avocado.test INFO | Variant run-cache_mode-writearound-crc-disable-gc-gc0-test_script-xfstests-89fd:    /run/cache_mode/writearound, /run/gc/gc0, /run/crc/disable, /run/test_script/xfstests
2025-08-10 21:33:52,379 avocado.test INFO | Variant run-cache_mode-writearound-crc-disable-gc-gc0-test_script-misc-9271:    /run/cache_mode/writearound, /run/gc/gc0, /run/crc/disable, /run/test_script/misc
2025-08-10 21:33:52,379 avocado.test INFO | Variant run-cache_mode-writearound-crc-disable-gc-gc0-test_script-failslab-faca:    /run/cache_mode/writearound, /run/gc/gc0, /run/crc/disable, /run/test_script/failslab
2025-08-10 21:33:52,379 avocado.test INFO | Variant run-cache_mode-writearound-crc-disable-gc-gc0-test_script-fail_make_request-e98d:    /run/cache_mode/writearound, /run/gc/gc0, /run/crc/disable, /run/test_script/fail_make_request
2025-08-10 21:33:52,379 avocado.test INFO | Variant run-cache_mode-writearound-crc-disable-gc-gc0-test_script-recreate_loop-cb17:    /run/cache_mode/writearound, /run/gc/gc0, /run/crc/disable, /run/test_script/recreate_loop
2025-08-10 21:33:52,379 avocado.test INFO | Variant run-cache_mode-writearound-crc-enable-gc-gc80-test_script-default-d719:    /run/cache_mode/writearound, /run/gc/gc80, /run/crc/enable, /run/test_script/default
2025-08-10 21:33:52,379 avocado.test INFO | Variant run-cache_mode-writearound-crc-enable-gc-gc80-test_script-xfstests-1bfb:    /run/cache_mode/writearound, /run/gc/gc80, /run/crc/enable, /run/test_script/xfstests
2025-08-10 21:33:52,379 avocado.test INFO | Variant run-cache_mode-writearound-crc-enable-gc-gc80-test_script-misc-5417:    /run/cache_mode/writearound, /run/gc/gc80, /run/crc/enable, /run/test_script/misc
2025-08-10 21:33:52,379 avocado.test INFO | Variant run-cache_mode-writearound-crc-enable-gc-gc80-test_script-failslab-1743:    /run/cache_mode/writearound, /run/gc/gc80, /run/crc/enable, /run/test_script/failslab
2025-08-10 21:33:52,379 avocado.test INFO | Variant run-cache_mode-writearound-crc-enable-gc-gc80-test_script-fail_make_request-73cb:    /run/cache_mode/writearound, /run/gc/gc80, /run/crc/enable, /run/test_script/fail_make_request
2025-08-10 21:33:52,379 avocado.test INFO | Variant run-cache_mode-writearound-crc-enable-gc-gc80-test_script-recreate_loop-eee8:    /run/cache_mode/writearound, /run/gc/gc80, /run/crc/enable, /run/test_script/recreate_loop
2025-08-10 21:33:52,379 avocado.test INFO | Variant run-cache_mode-writearound-crc-disable-gc-gc80-test_script-default-c93e:    /run/cache_mode/writearound, /run/gc/gc80, /run/crc/disable, /run/test_script/default
2025-08-10 21:33:52,379 avocado.test INFO | Variant run-cache_mode-writearound-crc-disable-gc-gc80-test_script-xfstests-ca9c:    /run/cache_mode/writearound, /run/gc/gc80, /run/crc/disable, /run/test_script/xfstests
2025-08-10 21:33:52,379 avocado.test INFO | Variant run-cache_mode-writearound-crc-disable-gc-gc80-test_script-misc-e62d:    /run/cache_mode/writearound, /run/gc/gc80, /run/crc/disable, /run/test_script/misc
2025-08-10 21:33:52,379 avocado.test INFO | Variant run-cache_mode-writearound-crc-disable-gc-gc80-test_script-failslab-05db:    /run/cache_mode/writearound, /run/gc/gc80, /run/crc/disable, /run/test_script/failslab
2025-08-10 21:33:52,379 avocado.test INFO | Variant run-cache_mode-writearound-crc-disable-gc-gc80-test_script-fail_make_request-a7f6:    /run/cache_mode/writearound, /run/gc/gc80, /run/crc/disable, /run/test_script/fail_make_request
2025-08-10 21:33:52,379 avocado.test INFO | Variant run-cache_mode-writearound-crc-disable-gc-gc80-test_script-recreate_loop-6b0e:    /run/cache_mode/writearound, /run/gc/gc80, /run/crc/disable, /run/test_script/recreate_loop
2025-08-10 21:33:52,379 avocado.test INFO | Variant run-cache_mode-writeonly-crc-enable-gc-gc0-test_script-default-dae7:    /run/cache_mode/writeonly, /run/gc/gc0, /run/crc/enable, /run/test_script/default
2025-08-10 21:33:52,379 avocado.test INFO | Variant run-cache_mode-writeonly-crc-enable-gc-gc0-test_script-xfstests-60eb:    /run/cache_mode/writeonly, /run/gc/gc0, /run/crc/enable, /run/test_script/xfstests
2025-08-10 21:33:52,380 avocado.test INFO | Variant run-cache_mode-writeonly-crc-enable-gc-gc0-test_script-misc-5e74:    /run/cache_mode/writeonly, /run/gc/gc0, /run/crc/enable, /run/test_script/misc
2025-08-10 21:33:52,380 avocado.test INFO | Variant run-cache_mode-writeonly-crc-enable-gc-gc0-test_script-failslab-c181:    /run/cache_mode/writeonly, /run/gc/gc0, /run/crc/enable, /run/test_script/failslab
2025-08-10 21:33:52,380 avocado.test INFO | Variant run-cache_mode-writeonly-crc-enable-gc-gc0-test_script-fail_make_request-283a:    /run/cache_mode/writeonly, /run/gc/gc0, /run/crc/enable, /run/test_script/fail_make_request
2025-08-10 21:33:52,380 avocado.test INFO | Variant run-cache_mode-writeonly-crc-enable-gc-gc0-test_script-recreate_loop-df57:    /run/cache_mode/writeonly, /run/gc/gc0, /run/crc/enable, /run/test_script/recreate_loop
2025-08-10 21:33:52,380 avocado.test INFO | Variant run-cache_mode-writeonly-crc-disable-gc-gc0-test_script-default-8e8c:    /run/cache_mode/writeonly, /run/gc/gc0, /run/crc/disable, /run/test_script/default
2025-08-10 21:33:52,380 avocado.test INFO | Variant run-cache_mode-writeonly-crc-disable-gc-gc0-test_script-xfstests-c01d:    /run/cache_mode/writeonly, /run/gc/gc0, /run/crc/disable, /run/test_script/xfstests
2025-08-10 21:33:52,380 avocado.test INFO | Variant run-cache_mode-writeonly-crc-disable-gc-gc0-test_script-misc-a365:    /run/cache_mode/writeonly, /run/gc/gc0, /run/crc/disable, /run/test_script/misc
2025-08-10 21:33:52,380 avocado.test INFO | Variant run-cache_mode-writeonly-crc-disable-gc-gc0-test_script-failslab-fbc3:    /run/cache_mode/writeonly, /run/gc/gc0, /run/crc/disable, /run/test_script/failslab
2025-08-10 21:33:52,380 avocado.test INFO | Variant run-cache_mode-writeonly-crc-disable-gc-gc0-test_script-fail_make_request-63a3:    /run/cache_mode/writeonly, /run/gc/gc0, /run/crc/disable, /run/test_script/fail_make_request
2025-08-10 21:33:52,380 avocado.test INFO | Variant run-cache_mode-writeonly-crc-disable-gc-gc0-test_script-recreate_loop-1ef1:    /run/cache_mode/writeonly, /run/gc/gc0, /run/crc/disable, /run/test_script/recreate_loop
2025-08-10 21:33:52,380 avocado.test INFO | Variant run-cache_mode-writeonly-crc-enable-gc-gc80-test_script-default-c8fc:    /run/cache_mode/writeonly, /run/gc/gc80, /run/crc/enable, /run/test_script/default
2025-08-10 21:33:52,380 avocado.test INFO | Variant run-cache_mode-writeonly-crc-enable-gc-gc80-test_script-xfstests-2a57:    /run/cache_mode/writeonly, /run/gc/gc80, /run/crc/enable, /run/test_script/xfstests
2025-08-10 21:33:52,380 avocado.test INFO | Variant run-cache_mode-writeonly-crc-enable-gc-gc80-test_script-misc-34f1:    /run/cache_mode/writeonly, /run/gc/gc80, /run/crc/enable, /run/test_script/misc
2025-08-10 21:33:52,380 avocado.test INFO | Variant run-cache_mode-writeonly-crc-enable-gc-gc80-test_script-failslab-76cb:    /run/cache_mode/writeonly, /run/gc/gc80, /run/crc/enable, /run/test_script/failslab
2025-08-10 21:33:52,380 avocado.test INFO | Variant run-cache_mode-writeonly-crc-enable-gc-gc80-test_script-fail_make_request-e249:    /run/cache_mode/writeonly, /run/gc/gc80, /run/crc/enable, /run/test_script/fail_make_request
2025-08-10 21:33:52,380 avocado.test INFO | Variant run-cache_mode-writeonly-crc-enable-gc-gc80-test_script-recreate_loop-fba4:    /run/cache_mode/writeonly, /run/gc/gc80, /run/crc/enable, /run/test_script/recreate_loop
2025-08-10 21:33:52,380 avocado.test INFO | Variant run-cache_mode-writeonly-crc-disable-gc-gc80-test_script-default-957a:    /run/cache_mode/writeonly, /run/gc/gc80, /run/crc/disable, /run/test_script/default
2025-08-10 21:33:52,380 avocado.test INFO | Variant run-cache_mode-writeonly-crc-disable-gc-gc80-test_script-xfstests-f9a3:    /run/cache_mode/writeonly, /run/gc/gc80, /run/crc/disable, /run/test_script/xfstests
2025-08-10 21:33:52,381 avocado.test INFO | Variant run-cache_mode-writeonly-crc-disable-gc-gc80-test_script-misc-4544:    /run/cache_mode/writeonly, /run/gc/gc80, /run/crc/disable, /run/test_script/misc
2025-08-10 21:33:52,381 avocado.test INFO | Variant run-cache_mode-writeonly-crc-disable-gc-gc80-test_script-failslab-33a9:    /run/cache_mode/writeonly, /run/gc/gc80, /run/crc/disable, /run/test_script/failslab
2025-08-10 21:33:52,381 avocado.test INFO | Variant run-cache_mode-writeonly-crc-disable-gc-gc80-test_script-fail_make_request-614f:    /run/cache_mode/writeonly, /run/gc/gc80, /run/crc/disable, /run/test_script/fail_make_request
2025-08-10 21:33:52,381 avocado.test INFO | Variant run-cache_mode-writeonly-crc-disable-gc-gc80-test_script-recreate_loop-11b4:    /run/cache_mode/writeonly, /run/gc/gc80, /run/crc/disable, /run/test_script/recreate_loop
2025-08-10 21:33:52,381 avocado.test INFO | Temporary dir: /var/tmp/avocado_tmp_urbdchgs/avocado_job_78okw2u_
2025-08-10 21:33:52,381 avocado.test INFO | 
2025-08-10 21:33:52,381 avocado.test INFO | Job ID: aa6cbdd5758f5fb82a06804c4e6cf9e8f1d92f98
2025-08-10 21:33:52,381 avocado.test INFO | 
2025-08-10 21:33:53,134 avocado.core.task.statemachine DEBUG| <Worker spawner="<avocado.plugins.spawners.process.ProcessSpawner object at 0x7fa7e6a66450>" max_triaging=32 max_running=1 task_timeout=None> has been initialized
2025-08-10 21:33:53,135 avocado.core.task.statemachine DEBUG| Task "01-./pcache.py:PcacheTest.test;run-cache_mode-writeback-crc-enable-gc-gc0-test_script-default-9ab4": requested -> triaging
2025-08-10 21:33:53,135 avocado.core.task.statemachine DEBUG| Task "01-./pcache.py:PcacheTest.test;run-cache_mode-writeback-crc-enable-gc-gc0-test_script-default-9ab4": requirements OK (will proceed to check dependencies)
2025-08-10 21:33:53,135 avocado.core.task.statemachine DEBUG| Task "01-./pcache.py:PcacheTest.test;run-cache_mode-writeback-crc-enable-gc-gc0-test_script-default-9ab4": about to be spawned with "<avocado.plugins.spawners.process.ProcessSpawner object at 0x7fa7e6a66450>"
2025-08-10 21:33:53,137 avocado.core.task.statemachine DEBUG| Task "01-./pcache.py:PcacheTest.test;run-cache_mode-writeback-crc-enable-gc-gc0-test_script-default-9ab4": spawned successfully
2025-08-10 21:33:53,551 avocado.core.status.repo DEBUG| Task "01-./pcache.py:PcacheTest.test;run-cache_mode-writeback-crc-enable-gc-gc0-test_script-default-9ab4" started message: "{'status': 'started', 'time': 259568.157288582, 'output_dir': '/root/avocado/job-results/job-2025-08-10T21.33-aa6cbdd/test-results/01-._pcache.py_PcacheTest.test_run-cache_mode-writeback-crc-enable-gc-gc0-test_script-default-9ab4', 'id': '01-./pcache.py:PcacheTest.test;run-cache_mode-writeback-crc-enable-gc-gc0-test_script-default-9ab4'}"
2025-08-10 21:33:53,589 avocado.test INFO | ./pcache.py:PcacheTest.test;run-cache_mode-writeback-crc-enable-gc-gc0-test_script-default-9ab4: STARTED
2025-08-10 21:33:55,802 avocado.core.status.repo DEBUG| Task "01-./pcache.py:PcacheTest.test;run-cache_mode-writeback-crc-enable-gc-gc0-test_script-default-9ab4" finished message: "{'result': 'pass', 'status': 'finished', 'time': 259570.317052212}"
2025-08-10 21:33:55,850 avocado.test INFO | ./pcache.py:PcacheTest.test;run-cache_mode-writeback-crc-enable-gc-gc0-test_script-default-9ab4: PASS
2025-08-10 21:33:55,850 avocado.test INFO | More information in /root/avocado/job-results/job-2025-08-10T21.33-aa6cbdd/test-results/01-._pcache.py_PcacheTest.test_run-cache_mode-writeback-crc-enable-gc-gc0-test_script-default-9ab4
2025-08-10 21:33:55,865 avocado.core.task.statemachine DEBUG| Task "01-./pcache.py:PcacheTest.test;run-cache_mode-writeback-crc-enable-gc-gc0-test_script-default-9ab4" finished
2025-08-10 21:33:55,865 avocado.core.task.statemachine DEBUG| Task "02-./pcache.py:PcacheTest.test;run-cache_mode-writeback-crc-enable-gc-gc0-test_script-xfstests-29d4": requested -> triaging
2025-08-10 21:33:55,865 avocado.core.task.statemachine DEBUG| Task "02-./pcache.py:PcacheTest.test;run-cache_mode-writeback-crc-enable-gc-gc0-test_script-xfstests-29d4": requirements OK (will proceed to check dependencies)
2025-08-10 21:33:55,865 avocado.core.task.statemachine DEBUG| Task "02-./pcache.py:PcacheTest.test;run-cache_mode-writeback-crc-enable-gc-gc0-test_script-xfstests-29d4": about to be spawned with "<avocado.plugins.spawners.process.ProcessSpawner object at 0x7fa7e6a66450>"
2025-08-10 21:33:55,867 avocado.core.task.statemachine DEBUG| Task "02-./pcache.py:PcacheTest.test;run-cache_mode-writeback-crc-enable-gc-gc0-test_script-xfstests-29d4": spawned successfully
2025-08-10 21:33:56,294 avocado.core.status.repo DEBUG| Task "02-./pcache.py:PcacheTest.test;run-cache_mode-writeback-crc-enable-gc-gc0-test_script-xfstests-29d4" started message: "{'status': 'started', 'time': 259570.899961888, 'output_dir': '/root/avocado/job-results/job-2025-08-10T21.33-aa6cbdd/test-results/02-._pcache.py_PcacheTest.test_run-cache_mode-writeback-crc-enable-gc-gc0-test_script-xfstests-29d4', 'id': '02-./pcache.py:PcacheTest.test;run-cache_mode-writeback-crc-enable-gc-gc0-test_script-xfstests-29d4'}"
2025-08-10 21:33:56,303 avocado.test INFO | ./pcache.py:PcacheTest.test;run-cache_mode-writeback-crc-enable-gc-gc0-test_script-xfstests-29d4: STARTED
2025-08-11 01:17:55,551 avocado.core.status.repo DEBUG| Task "02-./pcache.py:PcacheTest.test;run-cache_mode-writeback-crc-enable-gc-gc0-test_script-xfstests-29d4" finished message: "{'result': 'pass', 'status': 'finished', 'time': 273010.084681183}"
2025-08-11 01:17:55,583 avocado.test INFO | ./pcache.py:PcacheTest.test;run-cache_mode-writeback-crc-enable-gc-gc0-test_script-xfstests-29d4: PASS
2025-08-11 01:17:55,583 avocado.test INFO | More information in /root/avocado/job-results/job-2025-08-10T21.33-aa6cbdd/test-results/02-._pcache.py_PcacheTest.test_run-cache_mode-writeback-crc-enable-gc-gc0-test_script-xfstests-29d4
2025-08-11 01:17:55,658 avocado.core.task.statemachine DEBUG| Task "02-./pcache.py:PcacheTest.test;run-cache_mode-writeback-crc-enable-gc-gc0-test_script-xfstests-29d4" finished
2025-08-11 01:17:55,659 avocado.core.task.statemachine DEBUG| Task "03-./pcache.py:PcacheTest.test;run-cache_mode-writeback-crc-enable-gc-gc0-test_script-misc-d3a4": requested -> triaging
2025-08-11 01:17:55,659 avocado.core.task.statemachine DEBUG| Task "03-./pcache.py:PcacheTest.test;run-cache_mode-writeback-crc-enable-gc-gc0-test_script-misc-d3a4": requirements OK (will proceed to check dependencies)
2025-08-11 01:17:55,659 avocado.core.task.statemachine DEBUG| Task "03-./pcache.py:PcacheTest.test;run-cache_mode-writeback-crc-enable-gc-gc0-test_script-misc-d3a4": about to be spawned with "<avocado.plugins.spawners.process.ProcessSpawner object at 0x7fa7e6a66450>"
2025-08-11 01:17:55,666 avocado.core.task.statemachine DEBUG| Task "03-./pcache.py:PcacheTest.test;run-cache_mode-writeback-crc-enable-gc-gc0-test_script-misc-d3a4": spawned successfully
2025-08-11 01:17:57,130 avocado.core.status.repo DEBUG| Task "03-./pcache.py:PcacheTest.test;run-cache_mode-writeback-crc-enable-gc-gc0-test_script-misc-d3a4" started message: "{'status': 'started', 'time': 273011.735442715, 'output_dir': '/root/avocado/job-results/job-2025-08-10T21.33-aa6cbdd/test-results/03-._pcache.py_PcacheTest.test_run-cache_mode-writeback-crc-enable-gc-gc0-test_script-misc-d3a4', 'id': '03-./pcache.py:PcacheTest.test;run-cache_mode-writeback-crc-enable-gc-gc0-test_script-misc-d3a4'}"
2025-08-11 01:17:57,143 avocado.test INFO | ./pcache.py:PcacheTest.test;run-cache_mode-writeback-crc-enable-gc-gc0-test_script-misc-d3a4: STARTED
2025-08-11 01:23:06,256 avocado.core.status.repo DEBUG| Task "03-./pcache.py:PcacheTest.test;run-cache_mode-writeback-crc-enable-gc-gc0-test_script-misc-d3a4" finished message: "{'result': 'pass', 'status': 'finished', 'time': 273320.75958601}"
2025-08-11 01:23:06,311 avocado.test INFO | ./pcache.py:PcacheTest.test;run-cache_mode-writeback-crc-enable-gc-gc0-test_script-misc-d3a4: PASS
2025-08-11 01:23:06,311 avocado.test INFO | More information in /root/avocado/job-results/job-2025-08-10T21.33-aa6cbdd/test-results/03-._pcache.py_PcacheTest.test_run-cache_mode-writeback-crc-enable-gc-gc0-test_script-misc-d3a4
2025-08-11 01:23:06,327 avocado.core.task.statemachine DEBUG| Task "03-./pcache.py:PcacheTest.test;run-cache_mode-writeback-crc-enable-gc-gc0-test_script-misc-d3a4" finished
2025-08-11 01:23:06,327 avocado.core.task.statemachine DEBUG| Task "04-./pcache.py:PcacheTest.test;run-cache_mode-writeback-crc-enable-gc-gc0-test_script-failslab-6485": requested -> triaging
2025-08-11 01:23:06,327 avocado.core.task.statemachine DEBUG| Task "04-./pcache.py:PcacheTest.test;run-cache_mode-writeback-crc-enable-gc-gc0-test_script-failslab-6485": requirements OK (will proceed to check dependencies)
2025-08-11 01:23:06,327 avocado.core.task.statemachine DEBUG| Task "04-./pcache.py:PcacheTest.test;run-cache_mode-writeback-crc-enable-gc-gc0-test_script-failslab-6485": about to be spawned with "<avocado.plugins.spawners.process.ProcessSpawner object at 0x7fa7e6a66450>"
2025-08-11 01:23:06,330 avocado.core.task.statemachine DEBUG| Task "04-./pcache.py:PcacheTest.test;run-cache_mode-writeback-crc-enable-gc-gc0-test_script-failslab-6485": spawned successfully
2025-08-11 01:23:06,743 avocado.core.status.repo DEBUG| Task "04-./pcache.py:PcacheTest.test;run-cache_mode-writeback-crc-enable-gc-gc0-test_script-failslab-6485" started message: "{'status': 'started', 'time': 273321.349355371, 'output_dir': '/root/avocado/job-results/job-2025-08-10T21.33-aa6cbdd/test-results/04-._pcache.py_PcacheTest.test_run-cache_mode-writeback-crc-enable-gc-gc0-test_script-failslab-6485', 'id': '04-./pcache.py:PcacheTest.test;run-cache_mode-writeback-crc-enable-gc-gc0-test_script-failslab-6485'}"
2025-08-11 01:23:06,765 avocado.test INFO | ./pcache.py:PcacheTest.test;run-cache_mode-writeback-crc-enable-gc-gc0-test_script-failslab-6485: STARTED
2025-08-11 01:24:00,724 avocado.core.status.repo DEBUG| Task "04-./pcache.py:PcacheTest.test;run-cache_mode-writeback-crc-enable-gc-gc0-test_script-failslab-6485" finished message: "{'result': 'pass', 'status': 'finished', 'time': 273375.236757292}"
2025-08-11 01:24:00,751 avocado.test INFO | ./pcache.py:PcacheTest.test;run-cache_mode-writeback-crc-enable-gc-gc0-test_script-failslab-6485: PASS
2025-08-11 01:24:00,751 avocado.test INFO | More information in /root/avocado/job-results/job-2025-08-10T21.33-aa6cbdd/test-results/04-._pcache.py_PcacheTest.test_run-cache_mode-writeback-crc-enable-gc-gc0-test_script-failslab-6485
2025-08-11 01:24:00,790 avocado.core.task.statemachine DEBUG| Task "04-./pcache.py:PcacheTest.test;run-cache_mode-writeback-crc-enable-gc-gc0-test_script-failslab-6485" finished
2025-08-11 01:24:00,790 avocado.core.task.statemachine DEBUG| Task "05-./pcache.py:PcacheTest.test;run-cache_mode-writeback-crc-enable-gc-gc0-test_script-fail_make_request-5f16": requested -> triaging
2025-08-11 01:24:00,790 avocado.core.task.statemachine DEBUG| Task "05-./pcache.py:PcacheTest.test;run-cache_mode-writeback-crc-enable-gc-gc0-test_script-fail_make_request-5f16": requirements OK (will proceed to check dependencies)
2025-08-11 01:24:00,790 avocado.core.task.statemachine DEBUG| Task "05-./pcache.py:PcacheTest.test;run-cache_mode-writeback-crc-enable-gc-gc0-test_script-fail_make_request-5f16": about to be spawned with "<avocado.plugins.spawners.process.ProcessSpawner object at 0x7fa7e6a66450>"
2025-08-11 01:24:00,792 avocado.core.task.statemachine DEBUG| Task "05-./pcache.py:PcacheTest.test;run-cache_mode-writeback-crc-enable-gc-gc0-test_script-fail_make_request-5f16": spawned successfully
2025-08-11 01:24:01,205 avocado.core.status.repo DEBUG| Task "05-./pcache.py:PcacheTest.test;run-cache_mode-writeback-crc-enable-gc-gc0-test_script-fail_make_request-5f16" started message: "{'status': 'started', 'time': 273375.812041899, 'output_dir': '/root/avocado/job-results/job-2025-08-10T21.33-aa6cbdd/test-results/05-._pcache.py_PcacheTest.test_run-cache_mode-writeback-crc-enable-gc-gc0-test_script-fail_make_request-5f16', 'id': '05-./pcache.py:PcacheTest.test;run-cache_mode-writeback-crc-enable-gc-gc0-test_script-fail_make_request-5f16'}"
2025-08-11 01:24:01,256 avocado.test INFO | ./pcache.py:PcacheTest.test;run-cache_mode-writeback-crc-enable-gc-gc0-test_script-fail_make_request-5f16: STARTED
2025-08-11 01:24:05,060 avocado.core.status.repo DEBUG| Task "05-./pcache.py:PcacheTest.test;run-cache_mode-writeback-crc-enable-gc-gc0-test_script-fail_make_request-5f16" finished message: "{'result': 'pass', 'status': 'finished', 'time': 273379.571037964}"
2025-08-11 01:24:05,399 avocado.test INFO | ./pcache.py:PcacheTest.test;run-cache_mode-writeback-crc-enable-gc-gc0-test_script-fail_make_request-5f16: PASS
2025-08-11 01:24:05,399 avocado.test INFO | More information in /root/avocado/job-results/job-2025-08-10T21.33-aa6cbdd/test-results/05-._pcache.py_PcacheTest.test_run-cache_mode-writeback-crc-enable-gc-gc0-test_script-fail_make_request-5f16
2025-08-11 01:24:05,399 avocado.core.task.statemachine DEBUG| Task "05-./pcache.py:PcacheTest.test;run-cache_mode-writeback-crc-enable-gc-gc0-test_script-fail_make_request-5f16" finished
2025-08-11 01:24:05,399 avocado.core.task.statemachine DEBUG| Task "06-./pcache.py:PcacheTest.test;run-cache_mode-writeback-crc-enable-gc-gc0-test_script-recreate_loop-2c9e": requested -> triaging
2025-08-11 01:24:05,399 avocado.core.task.statemachine DEBUG| Task "06-./pcache.py:PcacheTest.test;run-cache_mode-writeback-crc-enable-gc-gc0-test_script-recreate_loop-2c9e": requirements OK (will proceed to check dependencies)
2025-08-11 01:24:05,399 avocado.core.task.statemachine DEBUG| Task "06-./pcache.py:PcacheTest.test;run-cache_mode-writeback-crc-enable-gc-gc0-test_script-recreate_loop-2c9e": about to be spawned with "<avocado.plugins.spawners.process.ProcessSpawner object at 0x7fa7e6a66450>"
2025-08-11 01:24:05,401 avocado.core.task.statemachine DEBUG| Task "06-./pcache.py:PcacheTest.test;run-cache_mode-writeback-crc-enable-gc-gc0-test_script-recreate_loop-2c9e": spawned successfully
2025-08-11 01:24:05,806 avocado.core.status.repo DEBUG| Task "06-./pcache.py:PcacheTest.test;run-cache_mode-writeback-crc-enable-gc-gc0-test_script-recreate_loop-2c9e" started message: "{'status': 'started', 'time': 273380.412777151, 'output_dir': '/root/avocado/job-results/job-2025-08-10T21.33-aa6cbdd/test-results/06-._pcache.py_PcacheTest.test_run-cache_mode-writeback-crc-enable-gc-gc0-test_script-recreate_loop-2c9e', 'id': '06-./pcache.py:PcacheTest.test;run-cache_mode-writeback-crc-enable-gc-gc0-test_script-recreate_loop-2c9e'}"
2025-08-11 01:24:05,852 avocado.test INFO | ./pcache.py:PcacheTest.test;run-cache_mode-writeback-crc-enable-gc-gc0-test_script-recreate_loop-2c9e: STARTED
2025-08-11 01:27:44,568 avocado.core.status.repo DEBUG| Task "06-./pcache.py:PcacheTest.test;run-cache_mode-writeback-crc-enable-gc-gc0-test_script-recreate_loop-2c9e" finished message: "{'result': 'pass', 'status': 'finished', 'time': 273599.091194907}"
2025-08-11 01:27:44,608 avocado.test INFO | ./pcache.py:PcacheTest.test;run-cache_mode-writeback-crc-enable-gc-gc0-test_script-recreate_loop-2c9e: PASS
2025-08-11 01:27:44,608 avocado.test INFO | More information in /root/avocado/job-results/job-2025-08-10T21.33-aa6cbdd/test-results/06-._pcache.py_PcacheTest.test_run-cache_mode-writeback-crc-enable-gc-gc0-test_script-recreate_loop-2c9e
2025-08-11 01:27:44,679 avocado.core.task.statemachine DEBUG| Task "06-./pcache.py:PcacheTest.test;run-cache_mode-writeback-crc-enable-gc-gc0-test_script-recreate_loop-2c9e" finished
2025-08-11 01:27:44,680 avocado.core.task.statemachine DEBUG| Task "07-./pcache.py:PcacheTest.test;run-cache_mode-writeback-crc-disable-gc-gc0-test_script-default-904f": requested -> triaging
2025-08-11 01:27:44,680 avocado.core.task.statemachine DEBUG| Task "07-./pcache.py:PcacheTest.test;run-cache_mode-writeback-crc-disable-gc-gc0-test_script-default-904f": requirements OK (will proceed to check dependencies)
2025-08-11 01:27:44,680 avocado.core.task.statemachine DEBUG| Task "07-./pcache.py:PcacheTest.test;run-cache_mode-writeback-crc-disable-gc-gc0-test_script-default-904f": about to be spawned with "<avocado.plugins.spawners.process.ProcessSpawner object at 0x7fa7e6a66450>"
2025-08-11 01:27:44,683 avocado.core.task.statemachine DEBUG| Task "07-./pcache.py:PcacheTest.test;run-cache_mode-writeback-crc-disable-gc-gc0-test_script-default-904f": spawned successfully
2025-08-11 01:27:45,119 avocado.core.status.repo DEBUG| Task "07-./pcache.py:PcacheTest.test;run-cache_mode-writeback-crc-disable-gc-gc0-test_script-default-904f" started message: "{'status': 'started', 'time': 273599.725630095, 'output_dir': '/root/avocado/job-results/job-2025-08-10T21.33-aa6cbdd/test-results/07-._pcache.py_PcacheTest.test_run-cache_mode-writeback-crc-disable-gc-gc0-test_script-default-904f', 'id': '07-./pcache.py:PcacheTest.test;run-cache_mode-writeback-crc-disable-gc-gc0-test_script-default-904f'}"
2025-08-11 01:27:45,165 avocado.test INFO | ./pcache.py:PcacheTest.test;run-cache_mode-writeback-crc-disable-gc-gc0-test_script-default-904f: STARTED
2025-08-11 01:27:46,764 avocado.core.status.repo DEBUG| Task "07-./pcache.py:PcacheTest.test;run-cache_mode-writeback-crc-disable-gc-gc0-test_script-default-904f" finished message: "{'result': 'pass', 'status': 'finished', 'time': 273601.276592622}"
2025-08-11 01:27:46,797 avocado.test INFO | ./pcache.py:PcacheTest.test;run-cache_mode-writeback-crc-disable-gc-gc0-test_script-default-904f: PASS
2025-08-11 01:27:46,797 avocado.test INFO | More information in /root/avocado/job-results/job-2025-08-10T21.33-aa6cbdd/test-results/07-._pcache.py_PcacheTest.test_run-cache_mode-writeback-crc-disable-gc-gc0-test_script-default-904f
2025-08-11 01:27:46,826 avocado.core.task.statemachine DEBUG| Task "07-./pcache.py:PcacheTest.test;run-cache_mode-writeback-crc-disable-gc-gc0-test_script-default-904f" finished
2025-08-11 01:27:46,826 avocado.core.task.statemachine DEBUG| Task "08-./pcache.py:PcacheTest.test;run-cache_mode-writeback-crc-disable-gc-gc0-test_script-xfstests-ad59": requested -> triaging
2025-08-11 01:27:46,826 avocado.core.task.statemachine DEBUG| Task "08-./pcache.py:PcacheTest.test;run-cache_mode-writeback-crc-disable-gc-gc0-test_script-xfstests-ad59": requirements OK (will proceed to check dependencies)
2025-08-11 01:27:46,826 avocado.core.task.statemachine DEBUG| Task "08-./pcache.py:PcacheTest.test;run-cache_mode-writeback-crc-disable-gc-gc0-test_script-xfstests-ad59": about to be spawned with "<avocado.plugins.spawners.process.ProcessSpawner object at 0x7fa7e6a66450>"
2025-08-11 01:27:46,828 avocado.core.task.statemachine DEBUG| Task "08-./pcache.py:PcacheTest.test;run-cache_mode-writeback-crc-disable-gc-gc0-test_script-xfstests-ad59": spawned successfully
2025-08-11 01:27:47,234 avocado.core.status.repo DEBUG| Task "08-./pcache.py:PcacheTest.test;run-cache_mode-writeback-crc-disable-gc-gc0-test_script-xfstests-ad59" started message: "{'status': 'started', 'time': 273601.841032007, 'output_dir': '/root/avocado/job-results/job-2025-08-10T21.33-aa6cbdd/test-results/08-._pcache.py_PcacheTest.test_run-cache_mode-writeback-crc-disable-gc-gc0-test_script-xfstests-ad59', 'id': '08-./pcache.py:PcacheTest.test;run-cache_mode-writeback-crc-disable-gc-gc0-test_script-xfstests-ad59'}"
2025-08-11 01:27:47,251 avocado.test INFO | ./pcache.py:PcacheTest.test;run-cache_mode-writeback-crc-disable-gc-gc0-test_script-xfstests-ad59: STARTED
2025-08-11 04:35:50,169 avocado.core.status.repo DEBUG| Task "08-./pcache.py:PcacheTest.test;run-cache_mode-writeback-crc-disable-gc-gc0-test_script-xfstests-ad59" finished message: "{'result': 'pass', 'status': 'finished', 'time': 284884.733949211}"
2025-08-11 04:35:51,630 avocado.test INFO | ./pcache.py:PcacheTest.test;run-cache_mode-writeback-crc-disable-gc-gc0-test_script-xfstests-ad59: PASS
2025-08-11 04:35:51,630 avocado.test INFO | More information in /root/avocado/job-results/job-2025-08-10T21.33-aa6cbdd/test-results/08-._pcache.py_PcacheTest.test_run-cache_mode-writeback-crc-disable-gc-gc0-test_script-xfstests-ad59
2025-08-11 04:35:51,710 avocado.core.task.statemachine DEBUG| Task "08-./pcache.py:PcacheTest.test;run-cache_mode-writeback-crc-disable-gc-gc0-test_script-xfstests-ad59" finished
2025-08-11 04:35:51,710 avocado.core.task.statemachine DEBUG| Task "09-./pcache.py:PcacheTest.test;run-cache_mode-writeback-crc-disable-gc-gc0-test_script-misc-bef0": requested -> triaging
2025-08-11 04:35:51,710 avocado.core.task.statemachine DEBUG| Task "09-./pcache.py:PcacheTest.test;run-cache_mode-writeback-crc-disable-gc-gc0-test_script-misc-bef0": requirements OK (will proceed to check dependencies)
2025-08-11 04:35:51,710 avocado.core.task.statemachine DEBUG| Task "09-./pcache.py:PcacheTest.test;run-cache_mode-writeback-crc-disable-gc-gc0-test_script-misc-bef0": about to be spawned with "<avocado.plugins.spawners.process.ProcessSpawner object at 0x7fa7e6a66450>"
2025-08-11 04:35:51,750 avocado.core.task.statemachine DEBUG| Task "09-./pcache.py:PcacheTest.test;run-cache_mode-writeback-crc-disable-gc-gc0-test_script-misc-bef0": spawned successfully
2025-08-11 04:36:01,229 avocado.core.status.repo DEBUG| Task "09-./pcache.py:PcacheTest.test;run-cache_mode-writeback-crc-disable-gc-gc0-test_script-misc-bef0" started message: "{'status': 'started', 'time': 284895.8351415, 'output_dir': '/root/avocado/job-results/job-2025-08-10T21.33-aa6cbdd/test-results/09-._pcache.py_PcacheTest.test_run-cache_mode-writeback-crc-disable-gc-gc0-test_script-misc-bef0', 'id': '09-./pcache.py:PcacheTest.test;run-cache_mode-writeback-crc-disable-gc-gc0-test_script-misc-bef0'}"
2025-08-11 04:36:01,255 avocado.test INFO | ./pcache.py:PcacheTest.test;run-cache_mode-writeback-crc-disable-gc-gc0-test_script-misc-bef0: STARTED
2025-08-11 04:41:21,644 avocado.core.status.repo DEBUG| Task "09-./pcache.py:PcacheTest.test;run-cache_mode-writeback-crc-disable-gc-gc0-test_script-misc-bef0" finished message: "{'result': 'pass', 'status': 'finished', 'time': 285216.147144818}"
2025-08-11 04:41:21,701 avocado.test INFO | ./pcache.py:PcacheTest.test;run-cache_mode-writeback-crc-disable-gc-gc0-test_script-misc-bef0: PASS
2025-08-11 04:41:21,702 avocado.test INFO | More information in /root/avocado/job-results/job-2025-08-10T21.33-aa6cbdd/test-results/09-._pcache.py_PcacheTest.test_run-cache_mode-writeback-crc-disable-gc-gc0-test_script-misc-bef0
2025-08-11 04:41:21,733 avocado.core.task.statemachine DEBUG| Task "09-./pcache.py:PcacheTest.test;run-cache_mode-writeback-crc-disable-gc-gc0-test_script-misc-bef0" finished
2025-08-11 04:41:21,733 avocado.core.task.statemachine DEBUG| Task "10-./pcache.py:PcacheTest.test;run-cache_mode-writeback-crc-disable-gc-gc0-test_script-failslab-5b2a": requested -> triaging
2025-08-11 04:41:21,733 avocado.core.task.statemachine DEBUG| Task "10-./pcache.py:PcacheTest.test;run-cache_mode-writeback-crc-disable-gc-gc0-test_script-failslab-5b2a": requirements OK (will proceed to check dependencies)
2025-08-11 04:41:21,733 avocado.core.task.statemachine DEBUG| Task "10-./pcache.py:PcacheTest.test;run-cache_mode-writeback-crc-disable-gc-gc0-test_script-failslab-5b2a": about to be spawned with "<avocado.plugins.spawners.process.ProcessSpawner object at 0x7fa7e6a66450>"
2025-08-11 04:41:21,735 avocado.core.task.statemachine DEBUG| Task "10-./pcache.py:PcacheTest.test;run-cache_mode-writeback-crc-disable-gc-gc0-test_script-failslab-5b2a": spawned successfully
2025-08-11 04:41:22,164 avocado.core.status.repo DEBUG| Task "10-./pcache.py:PcacheTest.test;run-cache_mode-writeback-crc-disable-gc-gc0-test_script-failslab-5b2a" started message: "{'status': 'started', 'time': 285216.770579425, 'output_dir': '/root/avocado/job-results/job-2025-08-10T21.33-aa6cbdd/test-results/10-._pcache.py_PcacheTest.test_run-cache_mode-writeback-crc-disable-gc-gc0-test_script-failslab-5b2a', 'id': '10-./pcache.py:PcacheTest.test;run-cache_mode-writeback-crc-disable-gc-gc0-test_script-failslab-5b2a'}"
2025-08-11 04:41:22,206 avocado.test INFO | ./pcache.py:PcacheTest.test;run-cache_mode-writeback-crc-disable-gc-gc0-test_script-failslab-5b2a: STARTED
2025-08-11 04:42:27,401 avocado.core.status.repo DEBUG| Task "10-./pcache.py:PcacheTest.test;run-cache_mode-writeback-crc-disable-gc-gc0-test_script-failslab-5b2a" finished message: "{'result': 'pass', 'status': 'finished', 'time': 285281.910083808}"
2025-08-11 04:42:28,487 avocado.test INFO | ./pcache.py:PcacheTest.test;run-cache_mode-writeback-crc-disable-gc-gc0-test_script-failslab-5b2a: PASS
2025-08-11 04:42:28,487 avocado.test INFO | More information in /root/avocado/job-results/job-2025-08-10T21.33-aa6cbdd/test-results/10-._pcache.py_PcacheTest.test_run-cache_mode-writeback-crc-disable-gc-gc0-test_script-failslab-5b2a
2025-08-11 04:42:28,546 avocado.core.task.statemachine DEBUG| Task "10-./pcache.py:PcacheTest.test;run-cache_mode-writeback-crc-disable-gc-gc0-test_script-failslab-5b2a" finished
2025-08-11 04:42:28,546 avocado.core.task.statemachine DEBUG| Task "11-./pcache.py:PcacheTest.test;run-cache_mode-writeback-crc-disable-gc-gc0-test_script-fail_make_request-2445": requested -> triaging
2025-08-11 04:42:28,547 avocado.core.task.statemachine DEBUG| Task "11-./pcache.py:PcacheTest.test;run-cache_mode-writeback-crc-disable-gc-gc0-test_script-fail_make_request-2445": requirements OK (will proceed to check dependencies)
2025-08-11 04:42:28,547 avocado.core.task.statemachine DEBUG| Task "11-./pcache.py:PcacheTest.test;run-cache_mode-writeback-crc-disable-gc-gc0-test_script-fail_make_request-2445": about to be spawned with "<avocado.plugins.spawners.process.ProcessSpawner object at 0x7fa7e6a66450>"
2025-08-11 04:42:28,549 avocado.core.task.statemachine DEBUG| Task "11-./pcache.py:PcacheTest.test;run-cache_mode-writeback-crc-disable-gc-gc0-test_script-fail_make_request-2445": spawned successfully
2025-08-11 04:42:28,964 avocado.core.status.repo DEBUG| Task "11-./pcache.py:PcacheTest.test;run-cache_mode-writeback-crc-disable-gc-gc0-test_script-fail_make_request-2445" started message: "{'status': 'started', 'time': 285283.570014689, 'output_dir': '/root/avocado/job-results/job-2025-08-10T21.33-aa6cbdd/test-results/11-._pcache.py_PcacheTest.test_run-cache_mode-writeback-crc-disable-gc-gc0-test_script-fail_make_request-2445', 'id': '11-./pcache.py:PcacheTest.test;run-cache_mode-writeback-crc-disable-gc-gc0-test_script-fail_make_request-2445'}"
2025-08-11 04:42:28,993 avocado.test INFO | ./pcache.py:PcacheTest.test;run-cache_mode-writeback-crc-disable-gc-gc0-test_script-fail_make_request-2445: STARTED
2025-08-11 04:42:33,541 avocado.core.status.repo DEBUG| Task "11-./pcache.py:PcacheTest.test;run-cache_mode-writeback-crc-disable-gc-gc0-test_script-fail_make_request-2445" finished message: "{'result': 'pass', 'status': 'finished', 'time': 285288.048457825}"
2025-08-11 04:42:36,460 avocado.test INFO | ./pcache.py:PcacheTest.test;run-cache_mode-writeback-crc-disable-gc-gc0-test_script-fail_make_request-2445: PASS
2025-08-11 04:42:36,460 avocado.test INFO | More information in /root/avocado/job-results/job-2025-08-10T21.33-aa6cbdd/test-results/11-._pcache.py_PcacheTest.test_run-cache_mode-writeback-crc-disable-gc-gc0-test_script-fail_make_request-2445
2025-08-11 04:42:36,461 avocado.core.task.statemachine DEBUG| Task "11-./pcache.py:PcacheTest.test;run-cache_mode-writeback-crc-disable-gc-gc0-test_script-fail_make_request-2445" finished
2025-08-11 04:42:36,461 avocado.core.task.statemachine DEBUG| Task "12-./pcache.py:PcacheTest.test;run-cache_mode-writeback-crc-disable-gc-gc0-test_script-recreate_loop-cd61": requested -> triaging
2025-08-11 04:42:36,461 avocado.core.task.statemachine DEBUG| Task "12-./pcache.py:PcacheTest.test;run-cache_mode-writeback-crc-disable-gc-gc0-test_script-recreate_loop-cd61": requirements OK (will proceed to check dependencies)
2025-08-11 04:42:36,461 avocado.core.task.statemachine DEBUG| Task "12-./pcache.py:PcacheTest.test;run-cache_mode-writeback-crc-disable-gc-gc0-test_script-recreate_loop-cd61": about to be spawned with "<avocado.plugins.spawners.process.ProcessSpawner object at 0x7fa7e6a66450>"
2025-08-11 04:42:36,463 avocado.core.task.statemachine DEBUG| Task "12-./pcache.py:PcacheTest.test;run-cache_mode-writeback-crc-disable-gc-gc0-test_script-recreate_loop-cd61": spawned successfully
2025-08-11 04:42:36,876 avocado.core.status.repo DEBUG| Task "12-./pcache.py:PcacheTest.test;run-cache_mode-writeback-crc-disable-gc-gc0-test_script-recreate_loop-cd61" started message: "{'status': 'started', 'time': 285291.482272314, 'output_dir': '/root/avocado/job-results/job-2025-08-10T21.33-aa6cbdd/test-results/12-._pcache.py_PcacheTest.test_run-cache_mode-writeback-crc-disable-gc-gc0-test_script-recreate_loop-cd61', 'id': '12-./pcache.py:PcacheTest.test;run-cache_mode-writeback-crc-disable-gc-gc0-test_script-recreate_loop-cd61'}"
2025-08-11 04:42:36,915 avocado.test INFO | ./pcache.py:PcacheTest.test;run-cache_mode-writeback-crc-disable-gc-gc0-test_script-recreate_loop-cd61: STARTED
2025-08-11 04:46:04,976 avocado.core.status.repo DEBUG| Task "12-./pcache.py:PcacheTest.test;run-cache_mode-writeback-crc-disable-gc-gc0-test_script-recreate_loop-cd61" finished message: "{'result': 'pass', 'status': 'finished', 'time': 285499.501973565}"
2025-08-11 04:46:05,217 avocado.test INFO | ./pcache.py:PcacheTest.test;run-cache_mode-writeback-crc-disable-gc-gc0-test_script-recreate_loop-cd61: PASS
2025-08-11 04:46:05,217 avocado.test INFO | More information in /root/avocado/job-results/job-2025-08-10T21.33-aa6cbdd/test-results/12-._pcache.py_PcacheTest.test_run-cache_mode-writeback-crc-disable-gc-gc0-test_script-recreate_loop-cd61
2025-08-11 04:46:05,219 avocado.core.task.statemachine DEBUG| Task "12-./pcache.py:PcacheTest.test;run-cache_mode-writeback-crc-disable-gc-gc0-test_script-recreate_loop-cd61" finished
2025-08-11 04:46:05,219 avocado.core.task.statemachine DEBUG| Task "13-./pcache.py:PcacheTest.test;run-cache_mode-writeback-crc-enable-gc-gc80-test_script-default-0538": requested -> triaging
2025-08-11 04:46:05,219 avocado.core.task.statemachine DEBUG| Task "13-./pcache.py:PcacheTest.test;run-cache_mode-writeback-crc-enable-gc-gc80-test_script-default-0538": requirements OK (will proceed to check dependencies)
2025-08-11 04:46:05,219 avocado.core.task.statemachine DEBUG| Task "13-./pcache.py:PcacheTest.test;run-cache_mode-writeback-crc-enable-gc-gc80-test_script-default-0538": about to be spawned with "<avocado.plugins.spawners.process.ProcessSpawner object at 0x7fa7e6a66450>"
2025-08-11 04:46:05,223 avocado.core.task.statemachine DEBUG| Task "13-./pcache.py:PcacheTest.test;run-cache_mode-writeback-crc-enable-gc-gc80-test_script-default-0538": spawned successfully
2025-08-11 04:46:05,667 avocado.core.status.repo DEBUG| Task "13-./pcache.py:PcacheTest.test;run-cache_mode-writeback-crc-enable-gc-gc80-test_script-default-0538" started message: "{'status': 'started', 'time': 285500.273030309, 'output_dir': '/root/avocado/job-results/job-2025-08-10T21.33-aa6cbdd/test-results/13-._pcache.py_PcacheTest.test_run-cache_mode-writeback-crc-enable-gc-gc80-test_script-default-0538', 'id': '13-./pcache.py:PcacheTest.test;run-cache_mode-writeback-crc-enable-gc-gc80-test_script-default-0538'}"
2025-08-11 04:46:05,671 avocado.test INFO | ./pcache.py:PcacheTest.test;run-cache_mode-writeback-crc-enable-gc-gc80-test_script-default-0538: STARTED
2025-08-11 04:46:10,181 avocado.core.status.repo DEBUG| Task "13-./pcache.py:PcacheTest.test;run-cache_mode-writeback-crc-enable-gc-gc80-test_script-default-0538" finished message: "{'result': 'pass', 'status': 'finished', 'time': 285504.686817563}"
2025-08-11 04:46:10,224 avocado.test INFO | ./pcache.py:PcacheTest.test;run-cache_mode-writeback-crc-enable-gc-gc80-test_script-default-0538: PASS
2025-08-11 04:46:10,224 avocado.test INFO | More information in /root/avocado/job-results/job-2025-08-10T21.33-aa6cbdd/test-results/13-._pcache.py_PcacheTest.test_run-cache_mode-writeback-crc-enable-gc-gc80-test_script-default-0538
2025-08-11 04:46:10,277 avocado.core.task.statemachine DEBUG| Task "13-./pcache.py:PcacheTest.test;run-cache_mode-writeback-crc-enable-gc-gc80-test_script-default-0538" finished
2025-08-11 04:46:10,277 avocado.core.task.statemachine DEBUG| Task "14-./pcache.py:PcacheTest.test;run-cache_mode-writeback-crc-enable-gc-gc80-test_script-xfstests-1204": requested -> triaging
2025-08-11 04:46:10,277 avocado.core.task.statemachine DEBUG| Task "14-./pcache.py:PcacheTest.test;run-cache_mode-writeback-crc-enable-gc-gc80-test_script-xfstests-1204": requirements OK (will proceed to check dependencies)
2025-08-11 04:46:10,277 avocado.core.task.statemachine DEBUG| Task "14-./pcache.py:PcacheTest.test;run-cache_mode-writeback-crc-enable-gc-gc80-test_script-xfstests-1204": about to be spawned with "<avocado.plugins.spawners.process.ProcessSpawner object at 0x7fa7e6a66450>"
2025-08-11 04:46:10,279 avocado.core.task.statemachine DEBUG| Task "14-./pcache.py:PcacheTest.test;run-cache_mode-writeback-crc-enable-gc-gc80-test_script-xfstests-1204": spawned successfully
2025-08-11 04:46:10,682 avocado.core.status.repo DEBUG| Task "14-./pcache.py:PcacheTest.test;run-cache_mode-writeback-crc-enable-gc-gc80-test_script-xfstests-1204" started message: "{'status': 'started', 'time': 285505.288907322, 'output_dir': '/root/avocado/job-results/job-2025-08-10T21.33-aa6cbdd/test-results/14-._pcache.py_PcacheTest.test_run-cache_mode-writeback-crc-enable-gc-gc80-test_script-xfstests-1204', 'id': '14-./pcache.py:PcacheTest.test;run-cache_mode-writeback-crc-enable-gc-gc80-test_script-xfstests-1204'}"
2025-08-11 04:46:10,728 avocado.test INFO | ./pcache.py:PcacheTest.test;run-cache_mode-writeback-crc-enable-gc-gc80-test_script-xfstests-1204: STARTED
2025-08-11 07:52:08,701 avocado.core.status.repo DEBUG| Task "14-./pcache.py:PcacheTest.test;run-cache_mode-writeback-crc-enable-gc-gc80-test_script-xfstests-1204" finished message: "{'result': 'pass', 'status': 'finished', 'time': 296663.245119859}"
2025-08-11 07:52:08,748 avocado.test INFO | ./pcache.py:PcacheTest.test;run-cache_mode-writeback-crc-enable-gc-gc80-test_script-xfstests-1204: PASS
2025-08-11 07:52:08,748 avocado.test INFO | More information in /root/avocado/job-results/job-2025-08-10T21.33-aa6cbdd/test-results/14-._pcache.py_PcacheTest.test_run-cache_mode-writeback-crc-enable-gc-gc80-test_script-xfstests-1204
2025-08-11 07:52:08,808 avocado.core.task.statemachine DEBUG| Task "14-./pcache.py:PcacheTest.test;run-cache_mode-writeback-crc-enable-gc-gc80-test_script-xfstests-1204" finished
2025-08-11 07:52:08,809 avocado.core.task.statemachine DEBUG| Task "15-./pcache.py:PcacheTest.test;run-cache_mode-writeback-crc-enable-gc-gc80-test_script-misc-a355": requested -> triaging
2025-08-11 07:52:08,809 avocado.core.task.statemachine DEBUG| Task "15-./pcache.py:PcacheTest.test;run-cache_mode-writeback-crc-enable-gc-gc80-test_script-misc-a355": requirements OK (will proceed to check dependencies)
2025-08-11 07:52:08,809 avocado.core.task.statemachine DEBUG| Task "15-./pcache.py:PcacheTest.test;run-cache_mode-writeback-crc-enable-gc-gc80-test_script-misc-a355": about to be spawned with "<avocado.plugins.spawners.process.ProcessSpawner object at 0x7fa7e6a66450>"
2025-08-11 07:52:08,814 avocado.core.task.statemachine DEBUG| Task "15-./pcache.py:PcacheTest.test;run-cache_mode-writeback-crc-enable-gc-gc80-test_script-misc-a355": spawned successfully
2025-08-11 07:52:09,791 avocado.core.status.repo DEBUG| Task "15-./pcache.py:PcacheTest.test;run-cache_mode-writeback-crc-enable-gc-gc80-test_script-misc-a355" started message: "{'status': 'started', 'time': 296664.397470491, 'output_dir': '/root/avocado/job-results/job-2025-08-10T21.33-aa6cbdd/test-results/15-._pcache.py_PcacheTest.test_run-cache_mode-writeback-crc-enable-gc-gc80-test_script-misc-a355', 'id': '15-./pcache.py:PcacheTest.test;run-cache_mode-writeback-crc-enable-gc-gc80-test_script-misc-a355'}"
2025-08-11 07:52:09,806 avocado.test INFO | ./pcache.py:PcacheTest.test;run-cache_mode-writeback-crc-enable-gc-gc80-test_script-misc-a355: STARTED
2025-08-11 07:56:21,317 avocado.core.status.repo DEBUG| Task "15-./pcache.py:PcacheTest.test;run-cache_mode-writeback-crc-enable-gc-gc80-test_script-misc-a355" finished message: "{'result': 'pass', 'status': 'finished', 'time': 296915.820875647}"
2025-08-11 07:56:21,366 avocado.test INFO | ./pcache.py:PcacheTest.test;run-cache_mode-writeback-crc-enable-gc-gc80-test_script-misc-a355: PASS
2025-08-11 07:56:21,366 avocado.test INFO | More information in /root/avocado/job-results/job-2025-08-10T21.33-aa6cbdd/test-results/15-._pcache.py_PcacheTest.test_run-cache_mode-writeback-crc-enable-gc-gc80-test_script-misc-a355
2025-08-11 07:56:21,396 avocado.core.task.statemachine DEBUG| Task "15-./pcache.py:PcacheTest.test;run-cache_mode-writeback-crc-enable-gc-gc80-test_script-misc-a355" finished
2025-08-11 07:56:21,396 avocado.core.task.statemachine DEBUG| Task "16-./pcache.py:PcacheTest.test;run-cache_mode-writeback-crc-enable-gc-gc80-test_script-failslab-c024": requested -> triaging
2025-08-11 07:56:21,397 avocado.core.task.statemachine DEBUG| Task "16-./pcache.py:PcacheTest.test;run-cache_mode-writeback-crc-enable-gc-gc80-test_script-failslab-c024": requirements OK (will proceed to check dependencies)
2025-08-11 07:56:21,397 avocado.core.task.statemachine DEBUG| Task "16-./pcache.py:PcacheTest.test;run-cache_mode-writeback-crc-enable-gc-gc80-test_script-failslab-c024": about to be spawned with "<avocado.plugins.spawners.process.ProcessSpawner object at 0x7fa7e6a66450>"
2025-08-11 07:56:21,399 avocado.core.task.statemachine DEBUG| Task "16-./pcache.py:PcacheTest.test;run-cache_mode-writeback-crc-enable-gc-gc80-test_script-failslab-c024": spawned successfully
2025-08-11 07:56:21,805 avocado.core.status.repo DEBUG| Task "16-./pcache.py:PcacheTest.test;run-cache_mode-writeback-crc-enable-gc-gc80-test_script-failslab-c024" started message: "{'status': 'started', 'time': 296916.412151094, 'output_dir': '/root/avocado/job-results/job-2025-08-10T21.33-aa6cbdd/test-results/16-._pcache.py_PcacheTest.test_run-cache_mode-writeback-crc-enable-gc-gc80-test_script-failslab-c024', 'id': '16-./pcache.py:PcacheTest.test;run-cache_mode-writeback-crc-enable-gc-gc80-test_script-failslab-c024'}"
2025-08-11 07:56:21,821 avocado.test INFO | ./pcache.py:PcacheTest.test;run-cache_mode-writeback-crc-enable-gc-gc80-test_script-failslab-c024: STARTED
2025-08-11 07:57:15,245 avocado.core.status.repo DEBUG| Task "16-./pcache.py:PcacheTest.test;run-cache_mode-writeback-crc-enable-gc-gc80-test_script-failslab-c024" finished message: "{'result': 'pass', 'status': 'finished', 'time': 296969.752673968}"
2025-08-11 07:57:15,271 avocado.test INFO | ./pcache.py:PcacheTest.test;run-cache_mode-writeback-crc-enable-gc-gc80-test_script-failslab-c024: PASS
2025-08-11 07:57:15,272 avocado.test INFO | More information in /root/avocado/job-results/job-2025-08-10T21.33-aa6cbdd/test-results/16-._pcache.py_PcacheTest.test_run-cache_mode-writeback-crc-enable-gc-gc80-test_script-failslab-c024
2025-08-11 07:57:15,324 avocado.core.task.statemachine DEBUG| Task "16-./pcache.py:PcacheTest.test;run-cache_mode-writeback-crc-enable-gc-gc80-test_script-failslab-c024" finished
2025-08-11 07:57:15,324 avocado.core.task.statemachine DEBUG| Task "17-./pcache.py:PcacheTest.test;run-cache_mode-writeback-crc-enable-gc-gc80-test_script-fail_make_request-0678": requested -> triaging
2025-08-11 07:57:15,324 avocado.core.task.statemachine DEBUG| Task "17-./pcache.py:PcacheTest.test;run-cache_mode-writeback-crc-enable-gc-gc80-test_script-fail_make_request-0678": requirements OK (will proceed to check dependencies)
2025-08-11 07:57:15,325 avocado.core.task.statemachine DEBUG| Task "17-./pcache.py:PcacheTest.test;run-cache_mode-writeback-crc-enable-gc-gc80-test_script-fail_make_request-0678": about to be spawned with "<avocado.plugins.spawners.process.ProcessSpawner object at 0x7fa7e6a66450>"
2025-08-11 07:57:15,327 avocado.core.task.statemachine DEBUG| Task "17-./pcache.py:PcacheTest.test;run-cache_mode-writeback-crc-enable-gc-gc80-test_script-fail_make_request-0678": spawned successfully
2025-08-11 07:57:15,723 avocado.core.status.repo DEBUG| Task "17-./pcache.py:PcacheTest.test;run-cache_mode-writeback-crc-enable-gc-gc80-test_script-fail_make_request-0678" started message: "{'status': 'started', 'time': 296970.329509551, 'output_dir': '/root/avocado/job-results/job-2025-08-10T21.33-aa6cbdd/test-results/17-._pcache.py_PcacheTest.test_run-cache_mode-writeback-crc-enable-gc-gc80-test_script-fail_make_request-0678', 'id': '17-./pcache.py:PcacheTest.test;run-cache_mode-writeback-crc-enable-gc-gc80-test_script-fail_make_request-0678'}"
2025-08-11 07:57:15,727 avocado.test INFO | ./pcache.py:PcacheTest.test;run-cache_mode-writeback-crc-enable-gc-gc80-test_script-fail_make_request-0678: STARTED
2025-08-11 07:57:19,547 avocado.core.status.repo DEBUG| Task "17-./pcache.py:PcacheTest.test;run-cache_mode-writeback-crc-enable-gc-gc80-test_script-fail_make_request-0678" finished message: "{'result': 'pass', 'status': 'finished', 'time': 296974.050760448}"
2025-08-11 07:57:20,445 avocado.test INFO | ./pcache.py:PcacheTest.test;run-cache_mode-writeback-crc-enable-gc-gc80-test_script-fail_make_request-0678: PASS
2025-08-11 07:57:20,445 avocado.test INFO | More information in /root/avocado/job-results/job-2025-08-10T21.33-aa6cbdd/test-results/17-._pcache.py_PcacheTest.test_run-cache_mode-writeback-crc-enable-gc-gc80-test_script-fail_make_request-0678
2025-08-11 07:57:20,446 avocado.core.task.statemachine DEBUG| Task "17-./pcache.py:PcacheTest.test;run-cache_mode-writeback-crc-enable-gc-gc80-test_script-fail_make_request-0678" finished
2025-08-11 07:57:20,446 avocado.core.task.statemachine DEBUG| Task "18-./pcache.py:PcacheTest.test;run-cache_mode-writeback-crc-enable-gc-gc80-test_script-recreate_loop-3aa7": requested -> triaging
2025-08-11 07:57:20,446 avocado.core.task.statemachine DEBUG| Task "18-./pcache.py:PcacheTest.test;run-cache_mode-writeback-crc-enable-gc-gc80-test_script-recreate_loop-3aa7": requirements OK (will proceed to check dependencies)
2025-08-11 07:57:20,446 avocado.core.task.statemachine DEBUG| Task "18-./pcache.py:PcacheTest.test;run-cache_mode-writeback-crc-enable-gc-gc80-test_script-recreate_loop-3aa7": about to be spawned with "<avocado.plugins.spawners.process.ProcessSpawner object at 0x7fa7e6a66450>"
2025-08-11 07:57:20,449 avocado.core.task.statemachine DEBUG| Task "18-./pcache.py:PcacheTest.test;run-cache_mode-writeback-crc-enable-gc-gc80-test_script-recreate_loop-3aa7": spawned successfully
2025-08-11 07:57:20,854 avocado.core.status.repo DEBUG| Task "18-./pcache.py:PcacheTest.test;run-cache_mode-writeback-crc-enable-gc-gc80-test_script-recreate_loop-3aa7" started message: "{'status': 'started', 'time': 296975.460892122, 'output_dir': '/root/avocado/job-results/job-2025-08-10T21.33-aa6cbdd/test-results/18-._pcache.py_PcacheTest.test_run-cache_mode-writeback-crc-enable-gc-gc80-test_script-recreate_loop-3aa7', 'id': '18-./pcache.py:PcacheTest.test;run-cache_mode-writeback-crc-enable-gc-gc80-test_script-recreate_loop-3aa7'}"
2025-08-11 07:57:20,899 avocado.test INFO | ./pcache.py:PcacheTest.test;run-cache_mode-writeback-crc-enable-gc-gc80-test_script-recreate_loop-3aa7: STARTED
2025-08-11 08:01:17,339 avocado.core.status.repo DEBUG| Task "18-./pcache.py:PcacheTest.test;run-cache_mode-writeback-crc-enable-gc-gc80-test_script-recreate_loop-3aa7" finished message: "{'result': 'pass', 'status': 'finished', 'time': 297211.861830801}"
2025-08-11 08:01:17,380 avocado.test INFO | ./pcache.py:PcacheTest.test;run-cache_mode-writeback-crc-enable-gc-gc80-test_script-recreate_loop-3aa7: PASS
2025-08-11 08:01:17,381 avocado.test INFO | More information in /root/avocado/job-results/job-2025-08-10T21.33-aa6cbdd/test-results/18-._pcache.py_PcacheTest.test_run-cache_mode-writeback-crc-enable-gc-gc80-test_script-recreate_loop-3aa7
2025-08-11 08:01:17,419 avocado.core.task.statemachine DEBUG| Task "18-./pcache.py:PcacheTest.test;run-cache_mode-writeback-crc-enable-gc-gc80-test_script-recreate_loop-3aa7" finished
2025-08-11 08:01:17,419 avocado.core.task.statemachine DEBUG| Task "19-./pcache.py:PcacheTest.test;run-cache_mode-writeback-crc-disable-gc-gc80-test_script-default-7c11": requested -> triaging
2025-08-11 08:01:17,419 avocado.core.task.statemachine DEBUG| Task "19-./pcache.py:PcacheTest.test;run-cache_mode-writeback-crc-disable-gc-gc80-test_script-default-7c11": requirements OK (will proceed to check dependencies)
2025-08-11 08:01:17,420 avocado.core.task.statemachine DEBUG| Task "19-./pcache.py:PcacheTest.test;run-cache_mode-writeback-crc-disable-gc-gc80-test_script-default-7c11": about to be spawned with "<avocado.plugins.spawners.process.ProcessSpawner object at 0x7fa7e6a66450>"
2025-08-11 08:01:17,422 avocado.core.task.statemachine DEBUG| Task "19-./pcache.py:PcacheTest.test;run-cache_mode-writeback-crc-disable-gc-gc80-test_script-default-7c11": spawned successfully
2025-08-11 08:01:17,827 avocado.core.status.repo DEBUG| Task "19-./pcache.py:PcacheTest.test;run-cache_mode-writeback-crc-disable-gc-gc80-test_script-default-7c11" started message: "{'status': 'started', 'time': 297212.433804173, 'output_dir': '/root/avocado/job-results/job-2025-08-10T21.33-aa6cbdd/test-results/19-._pcache.py_PcacheTest.test_run-cache_mode-writeback-crc-disable-gc-gc80-test_script-default-7c11', 'id': '19-./pcache.py:PcacheTest.test;run-cache_mode-writeback-crc-disable-gc-gc80-test_script-default-7c11'}"
2025-08-11 08:01:17,836 avocado.test INFO | ./pcache.py:PcacheTest.test;run-cache_mode-writeback-crc-disable-gc-gc80-test_script-default-7c11: STARTED
2025-08-11 08:01:19,410 avocado.core.status.repo DEBUG| Task "19-./pcache.py:PcacheTest.test;run-cache_mode-writeback-crc-disable-gc-gc80-test_script-default-7c11" finished message: "{'result': 'pass', 'status': 'finished', 'time': 297213.921309331}"
2025-08-11 08:01:19,469 avocado.test INFO | ./pcache.py:PcacheTest.test;run-cache_mode-writeback-crc-disable-gc-gc80-test_script-default-7c11: PASS
2025-08-11 08:01:19,469 avocado.test INFO | More information in /root/avocado/job-results/job-2025-08-10T21.33-aa6cbdd/test-results/19-._pcache.py_PcacheTest.test_run-cache_mode-writeback-crc-disable-gc-gc80-test_script-default-7c11
2025-08-11 08:01:19,498 avocado.core.task.statemachine DEBUG| Task "19-./pcache.py:PcacheTest.test;run-cache_mode-writeback-crc-disable-gc-gc80-test_script-default-7c11" finished
2025-08-11 08:01:19,498 avocado.core.task.statemachine DEBUG| Task "20-./pcache.py:PcacheTest.test;run-cache_mode-writeback-crc-disable-gc-gc80-test_script-xfstests-f37e": requested -> triaging
2025-08-11 08:01:19,498 avocado.core.task.statemachine DEBUG| Task "20-./pcache.py:PcacheTest.test;run-cache_mode-writeback-crc-disable-gc-gc80-test_script-xfstests-f37e": requirements OK (will proceed to check dependencies)
2025-08-11 08:01:19,498 avocado.core.task.statemachine DEBUG| Task "20-./pcache.py:PcacheTest.test;run-cache_mode-writeback-crc-disable-gc-gc80-test_script-xfstests-f37e": about to be spawned with "<avocado.plugins.spawners.process.ProcessSpawner object at 0x7fa7e6a66450>"
2025-08-11 08:01:19,500 avocado.core.task.statemachine DEBUG| Task "20-./pcache.py:PcacheTest.test;run-cache_mode-writeback-crc-disable-gc-gc80-test_script-xfstests-f37e": spawned successfully
2025-08-11 08:01:19,903 avocado.core.status.repo DEBUG| Task "20-./pcache.py:PcacheTest.test;run-cache_mode-writeback-crc-disable-gc-gc80-test_script-xfstests-f37e" started message: "{'status': 'started', 'time': 297214.509853407, 'output_dir': '/root/avocado/job-results/job-2025-08-10T21.33-aa6cbdd/test-results/20-._pcache.py_PcacheTest.test_run-cache_mode-writeback-crc-disable-gc-gc80-test_script-xfstests-f37e', 'id': '20-./pcache.py:PcacheTest.test;run-cache_mode-writeback-crc-disable-gc-gc80-test_script-xfstests-f37e'}"
2025-08-11 08:01:19,922 avocado.test INFO | ./pcache.py:PcacheTest.test;run-cache_mode-writeback-crc-disable-gc-gc80-test_script-xfstests-f37e: STARTED
2025-08-11 10:52:55,197 avocado.core.status.repo DEBUG| Task "20-./pcache.py:PcacheTest.test;run-cache_mode-writeback-crc-disable-gc-gc80-test_script-xfstests-f37e" finished message: "{'result': 'pass', 'status': 'finished', 'time': 307509.709889697}"
2025-08-11 10:52:55,254 avocado.test INFO | ./pcache.py:PcacheTest.test;run-cache_mode-writeback-crc-disable-gc-gc80-test_script-xfstests-f37e: PASS
2025-08-11 10:52:55,255 avocado.test INFO | More information in /root/avocado/job-results/job-2025-08-10T21.33-aa6cbdd/test-results/20-._pcache.py_PcacheTest.test_run-cache_mode-writeback-crc-disable-gc-gc80-test_script-xfstests-f37e
2025-08-11 10:52:55,315 avocado.core.task.statemachine DEBUG| Task "20-./pcache.py:PcacheTest.test;run-cache_mode-writeback-crc-disable-gc-gc80-test_script-xfstests-f37e" finished
2025-08-11 10:52:55,316 avocado.core.task.statemachine DEBUG| Task "21-./pcache.py:PcacheTest.test;run-cache_mode-writeback-crc-disable-gc-gc80-test_script-misc-e2df": requested -> triaging
2025-08-11 10:52:55,316 avocado.core.task.statemachine DEBUG| Task "21-./pcache.py:PcacheTest.test;run-cache_mode-writeback-crc-disable-gc-gc80-test_script-misc-e2df": requirements OK (will proceed to check dependencies)
2025-08-11 10:52:55,316 avocado.core.task.statemachine DEBUG| Task "21-./pcache.py:PcacheTest.test;run-cache_mode-writeback-crc-disable-gc-gc80-test_script-misc-e2df": about to be spawned with "<avocado.plugins.spawners.process.ProcessSpawner object at 0x7fa7e6a66450>"
2025-08-11 10:52:55,321 avocado.core.task.statemachine DEBUG| Task "21-./pcache.py:PcacheTest.test;run-cache_mode-writeback-crc-disable-gc-gc80-test_script-misc-e2df": spawned successfully
2025-08-11 10:52:56,233 avocado.core.status.repo DEBUG| Task "21-./pcache.py:PcacheTest.test;run-cache_mode-writeback-crc-disable-gc-gc80-test_script-misc-e2df" started message: "{'status': 'started', 'time': 307510.839392517, 'output_dir': '/root/avocado/job-results/job-2025-08-10T21.33-aa6cbdd/test-results/21-._pcache.py_PcacheTest.test_run-cache_mode-writeback-crc-disable-gc-gc80-test_script-misc-e2df', 'id': '21-./pcache.py:PcacheTest.test;run-cache_mode-writeback-crc-disable-gc-gc80-test_script-misc-e2df'}"
2025-08-11 10:52:56,262 avocado.test INFO | ./pcache.py:PcacheTest.test;run-cache_mode-writeback-crc-disable-gc-gc80-test_script-misc-e2df: STARTED
2025-08-11 10:57:55,357 avocado.core.status.repo DEBUG| Task "21-./pcache.py:PcacheTest.test;run-cache_mode-writeback-crc-disable-gc-gc80-test_script-misc-e2df" finished message: "{'result': 'pass', 'status': 'finished', 'time': 307809.869802402}"
2025-08-11 10:57:55,413 avocado.test INFO | ./pcache.py:PcacheTest.test;run-cache_mode-writeback-crc-disable-gc-gc80-test_script-misc-e2df: PASS
2025-08-11 10:57:55,413 avocado.test INFO | More information in /root/avocado/job-results/job-2025-08-10T21.33-aa6cbdd/test-results/21-._pcache.py_PcacheTest.test_run-cache_mode-writeback-crc-disable-gc-gc80-test_script-misc-e2df
2025-08-11 10:57:55,464 avocado.core.task.statemachine DEBUG| Task "21-./pcache.py:PcacheTest.test;run-cache_mode-writeback-crc-disable-gc-gc80-test_script-misc-e2df" finished
2025-08-11 10:57:55,465 avocado.core.task.statemachine DEBUG| Task "22-./pcache.py:PcacheTest.test;run-cache_mode-writeback-crc-disable-gc-gc80-test_script-failslab-26e1": requested -> triaging
2025-08-11 10:57:55,465 avocado.core.task.statemachine DEBUG| Task "22-./pcache.py:PcacheTest.test;run-cache_mode-writeback-crc-disable-gc-gc80-test_script-failslab-26e1": requirements OK (will proceed to check dependencies)
2025-08-11 10:57:55,465 avocado.core.task.statemachine DEBUG| Task "22-./pcache.py:PcacheTest.test;run-cache_mode-writeback-crc-disable-gc-gc80-test_script-failslab-26e1": about to be spawned with "<avocado.plugins.spawners.process.ProcessSpawner object at 0x7fa7e6a66450>"
2025-08-11 10:57:55,468 avocado.core.task.statemachine DEBUG| Task "22-./pcache.py:PcacheTest.test;run-cache_mode-writeback-crc-disable-gc-gc80-test_script-failslab-26e1": spawned successfully
2025-08-11 10:57:55,898 avocado.core.status.repo DEBUG| Task "22-./pcache.py:PcacheTest.test;run-cache_mode-writeback-crc-disable-gc-gc80-test_script-failslab-26e1" started message: "{'status': 'started', 'time': 307810.503535139, 'output_dir': '/root/avocado/job-results/job-2025-08-10T21.33-aa6cbdd/test-results/22-._pcache.py_PcacheTest.test_run-cache_mode-writeback-crc-disable-gc-gc80-test_script-failslab-26e1', 'id': '22-./pcache.py:PcacheTest.test;run-cache_mode-writeback-crc-disable-gc-gc80-test_script-failslab-26e1'}"
2025-08-11 10:57:55,918 avocado.test INFO | ./pcache.py:PcacheTest.test;run-cache_mode-writeback-crc-disable-gc-gc80-test_script-failslab-26e1: STARTED
2025-08-11 10:58:51,973 avocado.core.status.repo DEBUG| Task "22-./pcache.py:PcacheTest.test;run-cache_mode-writeback-crc-disable-gc-gc80-test_script-failslab-26e1" finished message: "{'result': 'pass', 'status': 'finished', 'time': 307866.480793192}"
2025-08-11 10:58:52,007 avocado.test INFO | ./pcache.py:PcacheTest.test;run-cache_mode-writeback-crc-disable-gc-gc80-test_script-failslab-26e1: PASS
2025-08-11 10:58:52,007 avocado.test INFO | More information in /root/avocado/job-results/job-2025-08-10T21.33-aa6cbdd/test-results/22-._pcache.py_PcacheTest.test_run-cache_mode-writeback-crc-disable-gc-gc80-test_script-failslab-26e1
2025-08-11 10:58:52,058 avocado.core.task.statemachine DEBUG| Task "22-./pcache.py:PcacheTest.test;run-cache_mode-writeback-crc-disable-gc-gc80-test_script-failslab-26e1" finished
2025-08-11 10:58:52,058 avocado.core.task.statemachine DEBUG| Task "23-./pcache.py:PcacheTest.test;run-cache_mode-writeback-crc-disable-gc-gc80-test_script-fail_make_request-d92f": requested -> triaging
2025-08-11 10:58:52,058 avocado.core.task.statemachine DEBUG| Task "23-./pcache.py:PcacheTest.test;run-cache_mode-writeback-crc-disable-gc-gc80-test_script-fail_make_request-d92f": requirements OK (will proceed to check dependencies)
2025-08-11 10:58:52,058 avocado.core.task.statemachine DEBUG| Task "23-./pcache.py:PcacheTest.test;run-cache_mode-writeback-crc-disable-gc-gc80-test_script-fail_make_request-d92f": about to be spawned with "<avocado.plugins.spawners.process.ProcessSpawner object at 0x7fa7e6a66450>"
2025-08-11 10:58:52,060 avocado.core.task.statemachine DEBUG| Task "23-./pcache.py:PcacheTest.test;run-cache_mode-writeback-crc-disable-gc-gc80-test_script-fail_make_request-d92f": spawned successfully
2025-08-11 10:58:52,476 avocado.core.status.repo DEBUG| Task "23-./pcache.py:PcacheTest.test;run-cache_mode-writeback-crc-disable-gc-gc80-test_script-fail_make_request-d92f" started message: "{'status': 'started', 'time': 307867.082281339, 'output_dir': '/root/avocado/job-results/job-2025-08-10T21.33-aa6cbdd/test-results/23-._pcache.py_PcacheTest.test_run-cache_mode-writeback-crc-disable-gc-gc80-test_script-fail_make_request-d92f', 'id': '23-./pcache.py:PcacheTest.test;run-cache_mode-writeback-crc-disable-gc-gc80-test_script-fail_make_request-d92f'}"
2025-08-11 10:58:52,512 avocado.test INFO | ./pcache.py:PcacheTest.test;run-cache_mode-writeback-crc-disable-gc-gc80-test_script-fail_make_request-d92f: STARTED
2025-08-11 10:58:56,299 avocado.core.status.repo DEBUG| Task "23-./pcache.py:PcacheTest.test;run-cache_mode-writeback-crc-disable-gc-gc80-test_script-fail_make_request-d92f" finished message: "{'result': 'pass', 'status': 'finished', 'time': 307870.811833325}"
2025-08-11 10:58:56,578 avocado.test INFO | ./pcache.py:PcacheTest.test;run-cache_mode-writeback-crc-disable-gc-gc80-test_script-fail_make_request-d92f: PASS
2025-08-11 10:58:56,578 avocado.test INFO | More information in /root/avocado/job-results/job-2025-08-10T21.33-aa6cbdd/test-results/23-._pcache.py_PcacheTest.test_run-cache_mode-writeback-crc-disable-gc-gc80-test_script-fail_make_request-d92f
2025-08-11 10:58:56,579 avocado.core.task.statemachine DEBUG| Task "23-./pcache.py:PcacheTest.test;run-cache_mode-writeback-crc-disable-gc-gc80-test_script-fail_make_request-d92f" finished
2025-08-11 10:58:56,579 avocado.core.task.statemachine DEBUG| Task "24-./pcache.py:PcacheTest.test;run-cache_mode-writeback-crc-disable-gc-gc80-test_script-recreate_loop-23cb": requested -> triaging
2025-08-11 10:58:56,579 avocado.core.task.statemachine DEBUG| Task "24-./pcache.py:PcacheTest.test;run-cache_mode-writeback-crc-disable-gc-gc80-test_script-recreate_loop-23cb": requirements OK (will proceed to check dependencies)
2025-08-11 10:58:56,579 avocado.core.task.statemachine DEBUG| Task "24-./pcache.py:PcacheTest.test;run-cache_mode-writeback-crc-disable-gc-gc80-test_script-recreate_loop-23cb": about to be spawned with "<avocado.plugins.spawners.process.ProcessSpawner object at 0x7fa7e6a66450>"
2025-08-11 10:58:56,581 avocado.core.task.statemachine DEBUG| Task "24-./pcache.py:PcacheTest.test;run-cache_mode-writeback-crc-disable-gc-gc80-test_script-recreate_loop-23cb": spawned successfully
2025-08-11 10:58:56,983 avocado.core.status.repo DEBUG| Task "24-./pcache.py:PcacheTest.test;run-cache_mode-writeback-crc-disable-gc-gc80-test_script-recreate_loop-23cb" started message: "{'status': 'started', 'time': 307871.589752266, 'output_dir': '/root/avocado/job-results/job-2025-08-10T21.33-aa6cbdd/test-results/24-._pcache.py_PcacheTest.test_run-cache_mode-writeback-crc-disable-gc-gc80-test_script-recreate_loop-23cb', 'id': '24-./pcache.py:PcacheTest.test;run-cache_mode-writeback-crc-disable-gc-gc80-test_script-recreate_loop-23cb'}"
2025-08-11 10:58:57,033 avocado.test INFO | ./pcache.py:PcacheTest.test;run-cache_mode-writeback-crc-disable-gc-gc80-test_script-recreate_loop-23cb: STARTED
2025-08-11 11:02:37,321 avocado.core.status.repo DEBUG| Task "24-./pcache.py:PcacheTest.test;run-cache_mode-writeback-crc-disable-gc-gc80-test_script-recreate_loop-23cb" finished message: "{'result': 'pass', 'status': 'finished', 'time': 308091.8440799}"
2025-08-11 11:02:37,353 avocado.test INFO | ./pcache.py:PcacheTest.test;run-cache_mode-writeback-crc-disable-gc-gc80-test_script-recreate_loop-23cb: PASS
2025-08-11 11:02:37,353 avocado.test INFO | More information in /root/avocado/job-results/job-2025-08-10T21.33-aa6cbdd/test-results/24-._pcache.py_PcacheTest.test_run-cache_mode-writeback-crc-disable-gc-gc80-test_script-recreate_loop-23cb
2025-08-11 11:02:37,401 avocado.core.task.statemachine DEBUG| Task "24-./pcache.py:PcacheTest.test;run-cache_mode-writeback-crc-disable-gc-gc80-test_script-recreate_loop-23cb" finished
2025-08-11 11:02:37,401 avocado.core.task.statemachine DEBUG| Task "25-./pcache.py:PcacheTest.test;run-cache_mode-writethrough-crc-enable-gc-gc0-test_script-default-929f": requested -> triaging
2025-08-11 11:02:37,401 avocado.core.task.statemachine DEBUG| Task "25-./pcache.py:PcacheTest.test;run-cache_mode-writethrough-crc-enable-gc-gc0-test_script-default-929f": requirements OK (will proceed to check dependencies)
2025-08-11 11:02:37,402 avocado.core.task.statemachine DEBUG| Task "25-./pcache.py:PcacheTest.test;run-cache_mode-writethrough-crc-enable-gc-gc0-test_script-default-929f": about to be spawned with "<avocado.plugins.spawners.process.ProcessSpawner object at 0x7fa7e6a66450>"
2025-08-11 11:02:37,404 avocado.core.task.statemachine DEBUG| Task "25-./pcache.py:PcacheTest.test;run-cache_mode-writethrough-crc-enable-gc-gc0-test_script-default-929f": spawned successfully
2025-08-11 11:02:37,813 avocado.core.status.repo DEBUG| Task "25-./pcache.py:PcacheTest.test;run-cache_mode-writethrough-crc-enable-gc-gc0-test_script-default-929f" started message: "{'status': 'started', 'time': 308092.419525781, 'output_dir': '/root/avocado/job-results/job-2025-08-10T21.33-aa6cbdd/test-results/25-._pcache.py_PcacheTest.test_run-cache_mode-writethrough-crc-enable-gc-gc0-test_script-default-929f', 'id': '25-./pcache.py:PcacheTest.test;run-cache_mode-writethrough-crc-enable-gc-gc0-test_script-default-929f'}"
2025-08-11 11:02:37,857 avocado.test INFO | ./pcache.py:PcacheTest.test;run-cache_mode-writethrough-crc-enable-gc-gc0-test_script-default-929f: STARTED
2025-08-11 11:02:38,181 avocado.core.status.repo DEBUG| Task "25-./pcache.py:PcacheTest.test;run-cache_mode-writethrough-crc-enable-gc-gc0-test_script-default-929f" finished message: "{'result': 'pass', 'status': 'finished', 'time': 308092.689005492}"
2025-08-11 11:02:38,231 avocado.test INFO | ./pcache.py:PcacheTest.test;run-cache_mode-writethrough-crc-enable-gc-gc0-test_script-default-929f: PASS
2025-08-11 11:02:38,231 avocado.test INFO | More information in /root/avocado/job-results/job-2025-08-10T21.33-aa6cbdd/test-results/25-._pcache.py_PcacheTest.test_run-cache_mode-writethrough-crc-enable-gc-gc0-test_script-default-929f
2025-08-11 11:02:38,260 avocado.core.task.statemachine DEBUG| Task "25-./pcache.py:PcacheTest.test;run-cache_mode-writethrough-crc-enable-gc-gc0-test_script-default-929f" finished
2025-08-11 11:02:38,260 avocado.core.task.statemachine DEBUG| Task "26-./pcache.py:PcacheTest.test;run-cache_mode-writethrough-crc-enable-gc-gc0-test_script-xfstests-2562": requested -> triaging
2025-08-11 11:02:38,260 avocado.core.task.statemachine DEBUG| Task "26-./pcache.py:PcacheTest.test;run-cache_mode-writethrough-crc-enable-gc-gc0-test_script-xfstests-2562": requirements OK (will proceed to check dependencies)
2025-08-11 11:02:38,260 avocado.core.task.statemachine DEBUG| Task "26-./pcache.py:PcacheTest.test;run-cache_mode-writethrough-crc-enable-gc-gc0-test_script-xfstests-2562": about to be spawned with "<avocado.plugins.spawners.process.ProcessSpawner object at 0x7fa7e6a66450>"
2025-08-11 11:02:38,262 avocado.core.task.statemachine DEBUG| Task "26-./pcache.py:PcacheTest.test;run-cache_mode-writethrough-crc-enable-gc-gc0-test_script-xfstests-2562": spawned successfully
2025-08-11 11:02:38,672 avocado.core.status.repo DEBUG| Task "26-./pcache.py:PcacheTest.test;run-cache_mode-writethrough-crc-enable-gc-gc0-test_script-xfstests-2562" started message: "{'status': 'started', 'time': 308093.278538156, 'output_dir': '/root/avocado/job-results/job-2025-08-10T21.33-aa6cbdd/test-results/26-._pcache.py_PcacheTest.test_run-cache_mode-writethrough-crc-enable-gc-gc0-test_script-xfstests-2562', 'id': '26-./pcache.py:PcacheTest.test;run-cache_mode-writethrough-crc-enable-gc-gc0-test_script-xfstests-2562'}"
2025-08-11 11:02:38,687 avocado.test INFO | ./pcache.py:PcacheTest.test;run-cache_mode-writethrough-crc-enable-gc-gc0-test_script-xfstests-2562: STARTED
2025-08-11 11:02:39,430 avocado.core.status.repo DEBUG| Task "26-./pcache.py:PcacheTest.test;run-cache_mode-writethrough-crc-enable-gc-gc0-test_script-xfstests-2562" finished message: "{'result': 'pass', 'status': 'finished', 'time': 308093.939920486}"
2025-08-11 11:02:39,460 avocado.test INFO | ./pcache.py:PcacheTest.test;run-cache_mode-writethrough-crc-enable-gc-gc0-test_script-xfstests-2562: PASS
2025-08-11 11:02:39,460 avocado.test INFO | More information in /root/avocado/job-results/job-2025-08-10T21.33-aa6cbdd/test-results/26-._pcache.py_PcacheTest.test_run-cache_mode-writethrough-crc-enable-gc-gc0-test_script-xfstests-2562
2025-08-11 11:02:39,503 avocado.core.task.statemachine DEBUG| Task "26-./pcache.py:PcacheTest.test;run-cache_mode-writethrough-crc-enable-gc-gc0-test_script-xfstests-2562" finished
2025-08-11 11:02:39,503 avocado.core.task.statemachine DEBUG| Task "27-./pcache.py:PcacheTest.test;run-cache_mode-writethrough-crc-enable-gc-gc0-test_script-misc-0a57": requested -> triaging
2025-08-11 11:02:39,503 avocado.core.task.statemachine DEBUG| Task "27-./pcache.py:PcacheTest.test;run-cache_mode-writethrough-crc-enable-gc-gc0-test_script-misc-0a57": requirements OK (will proceed to check dependencies)
2025-08-11 11:02:39,503 avocado.core.task.statemachine DEBUG| Task "27-./pcache.py:PcacheTest.test;run-cache_mode-writethrough-crc-enable-gc-gc0-test_script-misc-0a57": about to be spawned with "<avocado.plugins.spawners.process.ProcessSpawner object at 0x7fa7e6a66450>"
2025-08-11 11:02:39,505 avocado.core.task.statemachine DEBUG| Task "27-./pcache.py:PcacheTest.test;run-cache_mode-writethrough-crc-enable-gc-gc0-test_script-misc-0a57": spawned successfully
2025-08-11 11:02:39,920 avocado.core.status.repo DEBUG| Task "27-./pcache.py:PcacheTest.test;run-cache_mode-writethrough-crc-enable-gc-gc0-test_script-misc-0a57" started message: "{'status': 'started', 'time': 308094.526126079, 'output_dir': '/root/avocado/job-results/job-2025-08-10T21.33-aa6cbdd/test-results/27-._pcache.py_PcacheTest.test_run-cache_mode-writethrough-crc-enable-gc-gc0-test_script-misc-0a57', 'id': '27-./pcache.py:PcacheTest.test;run-cache_mode-writethrough-crc-enable-gc-gc0-test_script-misc-0a57'}"
2025-08-11 11:02:39,965 avocado.test INFO | ./pcache.py:PcacheTest.test;run-cache_mode-writethrough-crc-enable-gc-gc0-test_script-misc-0a57: STARTED
2025-08-11 11:02:40,606 avocado.core.status.repo DEBUG| Task "27-./pcache.py:PcacheTest.test;run-cache_mode-writethrough-crc-enable-gc-gc0-test_script-misc-0a57" finished message: "{'result': 'pass', 'status': 'finished', 'time': 308095.113932663}"
2025-08-11 11:02:40,639 avocado.test INFO | ./pcache.py:PcacheTest.test;run-cache_mode-writethrough-crc-enable-gc-gc0-test_script-misc-0a57: PASS
2025-08-11 11:02:40,640 avocado.test INFO | More information in /root/avocado/job-results/job-2025-08-10T21.33-aa6cbdd/test-results/27-._pcache.py_PcacheTest.test_run-cache_mode-writethrough-crc-enable-gc-gc0-test_script-misc-0a57
2025-08-11 11:02:40,674 avocado.core.task.statemachine DEBUG| Task "27-./pcache.py:PcacheTest.test;run-cache_mode-writethrough-crc-enable-gc-gc0-test_script-misc-0a57" finished
2025-08-11 11:02:40,674 avocado.core.task.statemachine DEBUG| Task "28-./pcache.py:PcacheTest.test;run-cache_mode-writethrough-crc-enable-gc-gc0-test_script-failslab-1867": requested -> triaging
2025-08-11 11:02:40,674 avocado.core.task.statemachine DEBUG| Task "28-./pcache.py:PcacheTest.test;run-cache_mode-writethrough-crc-enable-gc-gc0-test_script-failslab-1867": requirements OK (will proceed to check dependencies)
2025-08-11 11:02:40,674 avocado.core.task.statemachine DEBUG| Task "28-./pcache.py:PcacheTest.test;run-cache_mode-writethrough-crc-enable-gc-gc0-test_script-failslab-1867": about to be spawned with "<avocado.plugins.spawners.process.ProcessSpawner object at 0x7fa7e6a66450>"
2025-08-11 11:02:40,676 avocado.core.task.statemachine DEBUG| Task "28-./pcache.py:PcacheTest.test;run-cache_mode-writethrough-crc-enable-gc-gc0-test_script-failslab-1867": spawned successfully
2025-08-11 11:02:41,083 avocado.core.status.repo DEBUG| Task "28-./pcache.py:PcacheTest.test;run-cache_mode-writethrough-crc-enable-gc-gc0-test_script-failslab-1867" started message: "{'status': 'started', 'time': 308095.689816408, 'output_dir': '/root/avocado/job-results/job-2025-08-10T21.33-aa6cbdd/test-results/28-._pcache.py_PcacheTest.test_run-cache_mode-writethrough-crc-enable-gc-gc0-test_script-failslab-1867', 'id': '28-./pcache.py:PcacheTest.test;run-cache_mode-writethrough-crc-enable-gc-gc0-test_script-failslab-1867'}"
2025-08-11 11:02:41,094 avocado.test INFO | ./pcache.py:PcacheTest.test;run-cache_mode-writethrough-crc-enable-gc-gc0-test_script-failslab-1867: STARTED
2025-08-11 11:02:41,871 avocado.core.status.repo DEBUG| Task "28-./pcache.py:PcacheTest.test;run-cache_mode-writethrough-crc-enable-gc-gc0-test_script-failslab-1867" finished message: "{'result': 'pass', 'status': 'finished', 'time': 308096.383077331}"
2025-08-11 11:02:41,919 avocado.test INFO | ./pcache.py:PcacheTest.test;run-cache_mode-writethrough-crc-enable-gc-gc0-test_script-failslab-1867: PASS
2025-08-11 11:02:41,919 avocado.test INFO | More information in /root/avocado/job-results/job-2025-08-10T21.33-aa6cbdd/test-results/28-._pcache.py_PcacheTest.test_run-cache_mode-writethrough-crc-enable-gc-gc0-test_script-failslab-1867
2025-08-11 11:02:41,935 avocado.core.task.statemachine DEBUG| Task "28-./pcache.py:PcacheTest.test;run-cache_mode-writethrough-crc-enable-gc-gc0-test_script-failslab-1867" finished
2025-08-11 11:02:41,935 avocado.core.task.statemachine DEBUG| Task "29-./pcache.py:PcacheTest.test;run-cache_mode-writethrough-crc-enable-gc-gc0-test_script-fail_make_request-fa55": requested -> triaging
2025-08-11 11:02:41,935 avocado.core.task.statemachine DEBUG| Task "29-./pcache.py:PcacheTest.test;run-cache_mode-writethrough-crc-enable-gc-gc0-test_script-fail_make_request-fa55": requirements OK (will proceed to check dependencies)
2025-08-11 11:02:41,935 avocado.core.task.statemachine DEBUG| Task "29-./pcache.py:PcacheTest.test;run-cache_mode-writethrough-crc-enable-gc-gc0-test_script-fail_make_request-fa55": about to be spawned with "<avocado.plugins.spawners.process.ProcessSpawner object at 0x7fa7e6a66450>"
2025-08-11 11:02:41,938 avocado.core.task.statemachine DEBUG| Task "29-./pcache.py:PcacheTest.test;run-cache_mode-writethrough-crc-enable-gc-gc0-test_script-fail_make_request-fa55": spawned successfully
2025-08-11 11:02:42,340 avocado.core.status.repo DEBUG| Task "29-./pcache.py:PcacheTest.test;run-cache_mode-writethrough-crc-enable-gc-gc0-test_script-fail_make_request-fa55" started message: "{'status': 'started', 'time': 308096.946549402, 'output_dir': '/root/avocado/job-results/job-2025-08-10T21.33-aa6cbdd/test-results/29-._pcache.py_PcacheTest.test_run-cache_mode-writethrough-crc-enable-gc-gc0-test_script-fail_make_request-fa55', 'id': '29-./pcache.py:PcacheTest.test;run-cache_mode-writethrough-crc-enable-gc-gc0-test_script-fail_make_request-fa55'}"
2025-08-11 11:02:42,373 avocado.test INFO | ./pcache.py:PcacheTest.test;run-cache_mode-writethrough-crc-enable-gc-gc0-test_script-fail_make_request-fa55: STARTED
2025-08-11 11:02:43,620 avocado.core.status.repo DEBUG| Task "29-./pcache.py:PcacheTest.test;run-cache_mode-writethrough-crc-enable-gc-gc0-test_script-fail_make_request-fa55" finished message: "{'result': 'pass', 'status': 'finished', 'time': 308098.130815733}"
2025-08-11 11:02:43,664 avocado.test INFO | ./pcache.py:PcacheTest.test;run-cache_mode-writethrough-crc-enable-gc-gc0-test_script-fail_make_request-fa55: PASS
2025-08-11 11:02:43,664 avocado.test INFO | More information in /root/avocado/job-results/job-2025-08-10T21.33-aa6cbdd/test-results/29-._pcache.py_PcacheTest.test_run-cache_mode-writethrough-crc-enable-gc-gc0-test_script-fail_make_request-fa55
2025-08-11 11:02:43,701 avocado.core.task.statemachine DEBUG| Task "29-./pcache.py:PcacheTest.test;run-cache_mode-writethrough-crc-enable-gc-gc0-test_script-fail_make_request-fa55" finished
2025-08-11 11:02:43,702 avocado.core.task.statemachine DEBUG| Task "30-./pcache.py:PcacheTest.test;run-cache_mode-writethrough-crc-enable-gc-gc0-test_script-recreate_loop-b6b1": requested -> triaging
2025-08-11 11:02:43,702 avocado.core.task.statemachine DEBUG| Task "30-./pcache.py:PcacheTest.test;run-cache_mode-writethrough-crc-enable-gc-gc0-test_script-recreate_loop-b6b1": requirements OK (will proceed to check dependencies)
2025-08-11 11:02:43,702 avocado.core.task.statemachine DEBUG| Task "30-./pcache.py:PcacheTest.test;run-cache_mode-writethrough-crc-enable-gc-gc0-test_script-recreate_loop-b6b1": about to be spawned with "<avocado.plugins.spawners.process.ProcessSpawner object at 0x7fa7e6a66450>"
2025-08-11 11:02:43,704 avocado.core.task.statemachine DEBUG| Task "30-./pcache.py:PcacheTest.test;run-cache_mode-writethrough-crc-enable-gc-gc0-test_script-recreate_loop-b6b1": spawned successfully
2025-08-11 11:02:44,110 avocado.core.status.repo DEBUG| Task "30-./pcache.py:PcacheTest.test;run-cache_mode-writethrough-crc-enable-gc-gc0-test_script-recreate_loop-b6b1" started message: "{'status': 'started', 'time': 308098.715643456, 'output_dir': '/root/avocado/job-results/job-2025-08-10T21.33-aa6cbdd/test-results/30-._pcache.py_PcacheTest.test_run-cache_mode-writethrough-crc-enable-gc-gc0-test_script-recreate_loop-b6b1', 'id': '30-./pcache.py:PcacheTest.test;run-cache_mode-writethrough-crc-enable-gc-gc0-test_script-recreate_loop-b6b1'}"
2025-08-11 11:02:44,118 avocado.test INFO | ./pcache.py:PcacheTest.test;run-cache_mode-writethrough-crc-enable-gc-gc0-test_script-recreate_loop-b6b1: STARTED
2025-08-11 11:02:44,415 avocado.core.status.repo DEBUG| Task "30-./pcache.py:PcacheTest.test;run-cache_mode-writethrough-crc-enable-gc-gc0-test_script-recreate_loop-b6b1" finished message: "{'result': 'pass', 'status': 'finished', 'time': 308098.929950825}"
2025-08-11 11:02:44,442 avocado.test INFO | ./pcache.py:PcacheTest.test;run-cache_mode-writethrough-crc-enable-gc-gc0-test_script-recreate_loop-b6b1: PASS
2025-08-11 11:02:44,442 avocado.test INFO | More information in /root/avocado/job-results/job-2025-08-10T21.33-aa6cbdd/test-results/30-._pcache.py_PcacheTest.test_run-cache_mode-writethrough-crc-enable-gc-gc0-test_script-recreate_loop-b6b1
2025-08-11 11:02:44,484 avocado.core.task.statemachine DEBUG| Task "30-./pcache.py:PcacheTest.test;run-cache_mode-writethrough-crc-enable-gc-gc0-test_script-recreate_loop-b6b1" finished
2025-08-11 11:02:44,484 avocado.core.task.statemachine DEBUG| Task "31-./pcache.py:PcacheTest.test;run-cache_mode-writethrough-crc-disable-gc-gc0-test_script-default-d3c7": requested -> triaging
2025-08-11 11:02:44,484 avocado.core.task.statemachine DEBUG| Task "31-./pcache.py:PcacheTest.test;run-cache_mode-writethrough-crc-disable-gc-gc0-test_script-default-d3c7": requirements OK (will proceed to check dependencies)
2025-08-11 11:02:44,484 avocado.core.task.statemachine DEBUG| Task "31-./pcache.py:PcacheTest.test;run-cache_mode-writethrough-crc-disable-gc-gc0-test_script-default-d3c7": about to be spawned with "<avocado.plugins.spawners.process.ProcessSpawner object at 0x7fa7e6a66450>"
2025-08-11 11:02:44,486 avocado.core.task.statemachine DEBUG| Task "31-./pcache.py:PcacheTest.test;run-cache_mode-writethrough-crc-disable-gc-gc0-test_script-default-d3c7": spawned successfully
2025-08-11 11:02:44,892 avocado.core.status.repo DEBUG| Task "31-./pcache.py:PcacheTest.test;run-cache_mode-writethrough-crc-disable-gc-gc0-test_script-default-d3c7" started message: "{'status': 'started', 'time': 308099.497952516, 'output_dir': '/root/avocado/job-results/job-2025-08-10T21.33-aa6cbdd/test-results/31-._pcache.py_PcacheTest.test_run-cache_mode-writethrough-crc-disable-gc-gc0-test_script-default-d3c7', 'id': '31-./pcache.py:PcacheTest.test;run-cache_mode-writethrough-crc-disable-gc-gc0-test_script-default-d3c7'}"
2025-08-11 11:02:44,897 avocado.test INFO | ./pcache.py:PcacheTest.test;run-cache_mode-writethrough-crc-disable-gc-gc0-test_script-default-d3c7: STARTED
2025-08-11 11:02:45,619 avocado.core.status.repo DEBUG| Task "31-./pcache.py:PcacheTest.test;run-cache_mode-writethrough-crc-disable-gc-gc0-test_script-default-d3c7" finished message: "{'result': 'pass', 'status': 'finished', 'time': 308100.12887824}"
2025-08-11 11:02:45,676 avocado.test INFO | ./pcache.py:PcacheTest.test;run-cache_mode-writethrough-crc-disable-gc-gc0-test_script-default-d3c7: PASS
2025-08-11 11:02:45,676 avocado.test INFO | More information in /root/avocado/job-results/job-2025-08-10T21.33-aa6cbdd/test-results/31-._pcache.py_PcacheTest.test_run-cache_mode-writethrough-crc-disable-gc-gc0-test_script-default-d3c7
2025-08-11 11:02:45,690 avocado.core.task.statemachine DEBUG| Task "31-./pcache.py:PcacheTest.test;run-cache_mode-writethrough-crc-disable-gc-gc0-test_script-default-d3c7" finished
2025-08-11 11:02:45,690 avocado.core.task.statemachine DEBUG| Task "32-./pcache.py:PcacheTest.test;run-cache_mode-writethrough-crc-disable-gc-gc0-test_script-xfstests-fe57": requested -> triaging
2025-08-11 11:02:45,690 avocado.core.task.statemachine DEBUG| Task "32-./pcache.py:PcacheTest.test;run-cache_mode-writethrough-crc-disable-gc-gc0-test_script-xfstests-fe57": requirements OK (will proceed to check dependencies)
2025-08-11 11:02:45,691 avocado.core.task.statemachine DEBUG| Task "32-./pcache.py:PcacheTest.test;run-cache_mode-writethrough-crc-disable-gc-gc0-test_script-xfstests-fe57": about to be spawned with "<avocado.plugins.spawners.process.ProcessSpawner object at 0x7fa7e6a66450>"
2025-08-11 11:02:45,692 avocado.core.task.statemachine DEBUG| Task "32-./pcache.py:PcacheTest.test;run-cache_mode-writethrough-crc-disable-gc-gc0-test_script-xfstests-fe57": spawned successfully
2025-08-11 11:02:46,093 avocado.core.status.repo DEBUG| Task "32-./pcache.py:PcacheTest.test;run-cache_mode-writethrough-crc-disable-gc-gc0-test_script-xfstests-fe57" started message: "{'status': 'started', 'time': 308100.699820684, 'output_dir': '/root/avocado/job-results/job-2025-08-10T21.33-aa6cbdd/test-results/32-._pcache.py_PcacheTest.test_run-cache_mode-writethrough-crc-disable-gc-gc0-test_script-xfstests-fe57', 'id': '32-./pcache.py:PcacheTest.test;run-cache_mode-writethrough-crc-disable-gc-gc0-test_script-xfstests-fe57'}"
2025-08-11 11:02:46,130 avocado.test INFO | ./pcache.py:PcacheTest.test;run-cache_mode-writethrough-crc-disable-gc-gc0-test_script-xfstests-fe57: STARTED
2025-08-11 11:02:46,779 avocado.core.status.repo DEBUG| Task "32-./pcache.py:PcacheTest.test;run-cache_mode-writethrough-crc-disable-gc-gc0-test_script-xfstests-fe57" finished message: "{'result': 'pass', 'status': 'finished', 'time': 308101.286413969}"
2025-08-11 11:02:46,812 avocado.test INFO | ./pcache.py:PcacheTest.test;run-cache_mode-writethrough-crc-disable-gc-gc0-test_script-xfstests-fe57: PASS
2025-08-11 11:02:46,813 avocado.test INFO | More information in /root/avocado/job-results/job-2025-08-10T21.33-aa6cbdd/test-results/32-._pcache.py_PcacheTest.test_run-cache_mode-writethrough-crc-disable-gc-gc0-test_script-xfstests-fe57
2025-08-11 11:02:46,837 avocado.core.task.statemachine DEBUG| Task "32-./pcache.py:PcacheTest.test;run-cache_mode-writethrough-crc-disable-gc-gc0-test_script-xfstests-fe57" finished
2025-08-11 11:02:46,837 avocado.core.task.statemachine DEBUG| Task "33-./pcache.py:PcacheTest.test;run-cache_mode-writethrough-crc-disable-gc-gc0-test_script-misc-1809": requested -> triaging
2025-08-11 11:02:46,838 avocado.core.task.statemachine DEBUG| Task "33-./pcache.py:PcacheTest.test;run-cache_mode-writethrough-crc-disable-gc-gc0-test_script-misc-1809": requirements OK (will proceed to check dependencies)
2025-08-11 11:02:46,838 avocado.core.task.statemachine DEBUG| Task "33-./pcache.py:PcacheTest.test;run-cache_mode-writethrough-crc-disable-gc-gc0-test_script-misc-1809": about to be spawned with "<avocado.plugins.spawners.process.ProcessSpawner object at 0x7fa7e6a66450>"
2025-08-11 11:02:46,840 avocado.core.task.statemachine DEBUG| Task "33-./pcache.py:PcacheTest.test;run-cache_mode-writethrough-crc-disable-gc-gc0-test_script-misc-1809": spawned successfully
2025-08-11 11:02:47,249 avocado.core.status.repo DEBUG| Task "33-./pcache.py:PcacheTest.test;run-cache_mode-writethrough-crc-disable-gc-gc0-test_script-misc-1809" started message: "{'status': 'started', 'time': 308101.855513152, 'output_dir': '/root/avocado/job-results/job-2025-08-10T21.33-aa6cbdd/test-results/33-._pcache.py_PcacheTest.test_run-cache_mode-writethrough-crc-disable-gc-gc0-test_script-misc-1809', 'id': '33-./pcache.py:PcacheTest.test;run-cache_mode-writethrough-crc-disable-gc-gc0-test_script-misc-1809'}"
2025-08-11 11:02:47,267 avocado.test INFO | ./pcache.py:PcacheTest.test;run-cache_mode-writethrough-crc-disable-gc-gc0-test_script-misc-1809: STARTED
2025-08-11 11:02:47,904 avocado.core.status.repo DEBUG| Task "33-./pcache.py:PcacheTest.test;run-cache_mode-writethrough-crc-disable-gc-gc0-test_script-misc-1809" finished message: "{'result': 'pass', 'status': 'finished', 'time': 308102.410712934}"
2025-08-11 11:02:47,945 avocado.test INFO | ./pcache.py:PcacheTest.test;run-cache_mode-writethrough-crc-disable-gc-gc0-test_script-misc-1809: PASS
2025-08-11 11:02:47,946 avocado.test INFO | More information in /root/avocado/job-results/job-2025-08-10T21.33-aa6cbdd/test-results/33-._pcache.py_PcacheTest.test_run-cache_mode-writethrough-crc-disable-gc-gc0-test_script-misc-1809
2025-08-11 11:02:47,963 avocado.core.task.statemachine DEBUG| Task "33-./pcache.py:PcacheTest.test;run-cache_mode-writethrough-crc-disable-gc-gc0-test_script-misc-1809" finished
2025-08-11 11:02:47,964 avocado.core.task.statemachine DEBUG| Task "34-./pcache.py:PcacheTest.test;run-cache_mode-writethrough-crc-disable-gc-gc0-test_script-failslab-ccdf": requested -> triaging
2025-08-11 11:02:47,964 avocado.core.task.statemachine DEBUG| Task "34-./pcache.py:PcacheTest.test;run-cache_mode-writethrough-crc-disable-gc-gc0-test_script-failslab-ccdf": requirements OK (will proceed to check dependencies)
2025-08-11 11:02:47,964 avocado.core.task.statemachine DEBUG| Task "34-./pcache.py:PcacheTest.test;run-cache_mode-writethrough-crc-disable-gc-gc0-test_script-failslab-ccdf": about to be spawned with "<avocado.plugins.spawners.process.ProcessSpawner object at 0x7fa7e6a66450>"
2025-08-11 11:02:47,966 avocado.core.task.statemachine DEBUG| Task "34-./pcache.py:PcacheTest.test;run-cache_mode-writethrough-crc-disable-gc-gc0-test_script-failslab-ccdf": spawned successfully
2025-08-11 11:02:48,365 avocado.core.status.repo DEBUG| Task "34-./pcache.py:PcacheTest.test;run-cache_mode-writethrough-crc-disable-gc-gc0-test_script-failslab-ccdf" started message: "{'status': 'started', 'time': 308102.971637443, 'output_dir': '/root/avocado/job-results/job-2025-08-10T21.33-aa6cbdd/test-results/34-._pcache.py_PcacheTest.test_run-cache_mode-writethrough-crc-disable-gc-gc0-test_script-failslab-ccdf', 'id': '34-./pcache.py:PcacheTest.test;run-cache_mode-writethrough-crc-disable-gc-gc0-test_script-failslab-ccdf'}"
2025-08-11 11:02:48,400 avocado.test INFO | ./pcache.py:PcacheTest.test;run-cache_mode-writethrough-crc-disable-gc-gc0-test_script-failslab-ccdf: STARTED
2025-08-11 11:02:49,083 avocado.core.status.repo DEBUG| Task "34-./pcache.py:PcacheTest.test;run-cache_mode-writethrough-crc-disable-gc-gc0-test_script-failslab-ccdf" finished message: "{'result': 'pass', 'status': 'finished', 'time': 308103.589567783}"
2025-08-11 11:02:49,127 avocado.test INFO | ./pcache.py:PcacheTest.test;run-cache_mode-writethrough-crc-disable-gc-gc0-test_script-failslab-ccdf: PASS
2025-08-11 11:02:49,127 avocado.test INFO | More information in /root/avocado/job-results/job-2025-08-10T21.33-aa6cbdd/test-results/34-._pcache.py_PcacheTest.test_run-cache_mode-writethrough-crc-disable-gc-gc0-test_script-failslab-ccdf
2025-08-11 11:02:49,150 avocado.core.task.statemachine DEBUG| Task "34-./pcache.py:PcacheTest.test;run-cache_mode-writethrough-crc-disable-gc-gc0-test_script-failslab-ccdf" finished
2025-08-11 11:02:49,150 avocado.core.task.statemachine DEBUG| Task "35-./pcache.py:PcacheTest.test;run-cache_mode-writethrough-crc-disable-gc-gc0-test_script-fail_make_request-0c19": requested -> triaging
2025-08-11 11:02:49,150 avocado.core.task.statemachine DEBUG| Task "35-./pcache.py:PcacheTest.test;run-cache_mode-writethrough-crc-disable-gc-gc0-test_script-fail_make_request-0c19": requirements OK (will proceed to check dependencies)
2025-08-11 11:02:49,150 avocado.core.task.statemachine DEBUG| Task "35-./pcache.py:PcacheTest.test;run-cache_mode-writethrough-crc-disable-gc-gc0-test_script-fail_make_request-0c19": about to be spawned with "<avocado.plugins.spawners.process.ProcessSpawner object at 0x7fa7e6a66450>"
2025-08-11 11:02:49,152 avocado.core.task.statemachine DEBUG| Task "35-./pcache.py:PcacheTest.test;run-cache_mode-writethrough-crc-disable-gc-gc0-test_script-fail_make_request-0c19": spawned successfully
2025-08-11 11:02:49,559 avocado.core.status.repo DEBUG| Task "35-./pcache.py:PcacheTest.test;run-cache_mode-writethrough-crc-disable-gc-gc0-test_script-fail_make_request-0c19" started message: "{'status': 'started', 'time': 308104.165998611, 'output_dir': '/root/avocado/job-results/job-2025-08-10T21.33-aa6cbdd/test-results/35-._pcache.py_PcacheTest.test_run-cache_mode-writethrough-crc-disable-gc-gc0-test_script-fail_make_request-0c19', 'id': '35-./pcache.py:PcacheTest.test;run-cache_mode-writethrough-crc-disable-gc-gc0-test_script-fail_make_request-0c19'}"
2025-08-11 11:02:49,581 avocado.test INFO | ./pcache.py:PcacheTest.test;run-cache_mode-writethrough-crc-disable-gc-gc0-test_script-fail_make_request-0c19: STARTED
2025-08-11 11:02:50,808 avocado.core.status.repo DEBUG| Task "35-./pcache.py:PcacheTest.test;run-cache_mode-writethrough-crc-disable-gc-gc0-test_script-fail_make_request-0c19" finished message: "{'result': 'pass', 'status': 'finished', 'time': 308105.318733509}"
2025-08-11 11:02:50,869 avocado.test INFO | ./pcache.py:PcacheTest.test;run-cache_mode-writethrough-crc-disable-gc-gc0-test_script-fail_make_request-0c19: PASS
2025-08-11 11:02:50,869 avocado.test INFO | More information in /root/avocado/job-results/job-2025-08-10T21.33-aa6cbdd/test-results/35-._pcache.py_PcacheTest.test_run-cache_mode-writethrough-crc-disable-gc-gc0-test_script-fail_make_request-0c19
2025-08-11 11:02:50,869 avocado.core.task.statemachine DEBUG| Task "35-./pcache.py:PcacheTest.test;run-cache_mode-writethrough-crc-disable-gc-gc0-test_script-fail_make_request-0c19" finished
2025-08-11 11:02:50,870 avocado.core.task.statemachine DEBUG| Task "36-./pcache.py:PcacheTest.test;run-cache_mode-writethrough-crc-disable-gc-gc0-test_script-recreate_loop-a5a7": requested -> triaging
2025-08-11 11:02:50,870 avocado.core.task.statemachine DEBUG| Task "36-./pcache.py:PcacheTest.test;run-cache_mode-writethrough-crc-disable-gc-gc0-test_script-recreate_loop-a5a7": requirements OK (will proceed to check dependencies)
2025-08-11 11:02:50,870 avocado.core.task.statemachine DEBUG| Task "36-./pcache.py:PcacheTest.test;run-cache_mode-writethrough-crc-disable-gc-gc0-test_script-recreate_loop-a5a7": about to be spawned with "<avocado.plugins.spawners.process.ProcessSpawner object at 0x7fa7e6a66450>"
2025-08-11 11:02:50,872 avocado.core.task.statemachine DEBUG| Task "36-./pcache.py:PcacheTest.test;run-cache_mode-writethrough-crc-disable-gc-gc0-test_script-recreate_loop-a5a7": spawned successfully
2025-08-11 11:02:51,273 avocado.core.status.repo DEBUG| Task "36-./pcache.py:PcacheTest.test;run-cache_mode-writethrough-crc-disable-gc-gc0-test_script-recreate_loop-a5a7" started message: "{'status': 'started', 'time': 308105.880058029, 'output_dir': '/root/avocado/job-results/job-2025-08-10T21.33-aa6cbdd/test-results/36-._pcache.py_PcacheTest.test_run-cache_mode-writethrough-crc-disable-gc-gc0-test_script-recreate_loop-a5a7', 'id': '36-./pcache.py:PcacheTest.test;run-cache_mode-writethrough-crc-disable-gc-gc0-test_script-recreate_loop-a5a7'}"
2025-08-11 11:02:51,323 avocado.test INFO | ./pcache.py:PcacheTest.test;run-cache_mode-writethrough-crc-disable-gc-gc0-test_script-recreate_loop-a5a7: STARTED
2025-08-11 11:02:51,579 avocado.core.status.repo DEBUG| Task "36-./pcache.py:PcacheTest.test;run-cache_mode-writethrough-crc-disable-gc-gc0-test_script-recreate_loop-a5a7" finished message: "{'result': 'pass', 'status': 'finished', 'time': 308106.0930102}"
2025-08-11 11:02:51,610 avocado.test INFO | ./pcache.py:PcacheTest.test;run-cache_mode-writethrough-crc-disable-gc-gc0-test_script-recreate_loop-a5a7: PASS
2025-08-11 11:02:51,610 avocado.test INFO | More information in /root/avocado/job-results/job-2025-08-10T21.33-aa6cbdd/test-results/36-._pcache.py_PcacheTest.test_run-cache_mode-writethrough-crc-disable-gc-gc0-test_script-recreate_loop-a5a7
2025-08-11 11:02:51,650 avocado.core.task.statemachine DEBUG| Task "36-./pcache.py:PcacheTest.test;run-cache_mode-writethrough-crc-disable-gc-gc0-test_script-recreate_loop-a5a7" finished
2025-08-11 11:02:51,650 avocado.core.task.statemachine DEBUG| Task "37-./pcache.py:PcacheTest.test;run-cache_mode-writethrough-crc-enable-gc-gc80-test_script-default-e33f": requested -> triaging
2025-08-11 11:02:51,650 avocado.core.task.statemachine DEBUG| Task "37-./pcache.py:PcacheTest.test;run-cache_mode-writethrough-crc-enable-gc-gc80-test_script-default-e33f": requirements OK (will proceed to check dependencies)
2025-08-11 11:02:51,650 avocado.core.task.statemachine DEBUG| Task "37-./pcache.py:PcacheTest.test;run-cache_mode-writethrough-crc-enable-gc-gc80-test_script-default-e33f": about to be spawned with "<avocado.plugins.spawners.process.ProcessSpawner object at 0x7fa7e6a66450>"
2025-08-11 11:02:51,652 avocado.core.task.statemachine DEBUG| Task "37-./pcache.py:PcacheTest.test;run-cache_mode-writethrough-crc-enable-gc-gc80-test_script-default-e33f": spawned successfully
2025-08-11 11:02:52,060 avocado.core.status.repo DEBUG| Task "37-./pcache.py:PcacheTest.test;run-cache_mode-writethrough-crc-enable-gc-gc80-test_script-default-e33f" started message: "{'status': 'started', 'time': 308106.666558555, 'output_dir': '/root/avocado/job-results/job-2025-08-10T21.33-aa6cbdd/test-results/37-._pcache.py_PcacheTest.test_run-cache_mode-writethrough-crc-enable-gc-gc80-test_script-default-e33f', 'id': '37-./pcache.py:PcacheTest.test;run-cache_mode-writethrough-crc-enable-gc-gc80-test_script-default-e33f'}"
2025-08-11 11:02:52,064 avocado.test INFO | ./pcache.py:PcacheTest.test;run-cache_mode-writethrough-crc-enable-gc-gc80-test_script-default-e33f: STARTED
2025-08-11 11:02:52,818 avocado.core.status.repo DEBUG| Task "37-./pcache.py:PcacheTest.test;run-cache_mode-writethrough-crc-enable-gc-gc80-test_script-default-e33f" finished message: "{'result': 'pass', 'status': 'finished', 'time': 308107.322596059}"
2025-08-11 11:02:52,842 avocado.test INFO | ./pcache.py:PcacheTest.test;run-cache_mode-writethrough-crc-enable-gc-gc80-test_script-default-e33f: PASS
2025-08-11 11:02:52,842 avocado.test INFO | More information in /root/avocado/job-results/job-2025-08-10T21.33-aa6cbdd/test-results/37-._pcache.py_PcacheTest.test_run-cache_mode-writethrough-crc-enable-gc-gc80-test_script-default-e33f
2025-08-11 11:02:52,878 avocado.core.task.statemachine DEBUG| Task "37-./pcache.py:PcacheTest.test;run-cache_mode-writethrough-crc-enable-gc-gc80-test_script-default-e33f" finished
2025-08-11 11:02:52,878 avocado.core.task.statemachine DEBUG| Task "38-./pcache.py:PcacheTest.test;run-cache_mode-writethrough-crc-enable-gc-gc80-test_script-xfstests-883f": requested -> triaging
2025-08-11 11:02:52,878 avocado.core.task.statemachine DEBUG| Task "38-./pcache.py:PcacheTest.test;run-cache_mode-writethrough-crc-enable-gc-gc80-test_script-xfstests-883f": requirements OK (will proceed to check dependencies)
2025-08-11 11:02:52,878 avocado.core.task.statemachine DEBUG| Task "38-./pcache.py:PcacheTest.test;run-cache_mode-writethrough-crc-enable-gc-gc80-test_script-xfstests-883f": about to be spawned with "<avocado.plugins.spawners.process.ProcessSpawner object at 0x7fa7e6a66450>"
2025-08-11 11:02:52,880 avocado.core.task.statemachine DEBUG| Task "38-./pcache.py:PcacheTest.test;run-cache_mode-writethrough-crc-enable-gc-gc80-test_script-xfstests-883f": spawned successfully
2025-08-11 11:02:53,304 avocado.core.status.repo DEBUG| Task "38-./pcache.py:PcacheTest.test;run-cache_mode-writethrough-crc-enable-gc-gc80-test_script-xfstests-883f" started message: "{'status': 'started', 'time': 308107.910095495, 'output_dir': '/root/avocado/job-results/job-2025-08-10T21.33-aa6cbdd/test-results/38-._pcache.py_PcacheTest.test_run-cache_mode-writethrough-crc-enable-gc-gc80-test_script-xfstests-883f', 'id': '38-./pcache.py:PcacheTest.test;run-cache_mode-writethrough-crc-enable-gc-gc80-test_script-xfstests-883f'}"
2025-08-11 11:02:53,346 avocado.test INFO | ./pcache.py:PcacheTest.test;run-cache_mode-writethrough-crc-enable-gc-gc80-test_script-xfstests-883f: STARTED
2025-08-11 11:02:54,010 avocado.core.status.repo DEBUG| Task "38-./pcache.py:PcacheTest.test;run-cache_mode-writethrough-crc-enable-gc-gc80-test_script-xfstests-883f" finished message: "{'result': 'pass', 'status': 'finished', 'time': 308108.524335018}"
2025-08-11 11:02:54,074 avocado.test INFO | ./pcache.py:PcacheTest.test;run-cache_mode-writethrough-crc-enable-gc-gc80-test_script-xfstests-883f: PASS
2025-08-11 11:02:54,074 avocado.test INFO | More information in /root/avocado/job-results/job-2025-08-10T21.33-aa6cbdd/test-results/38-._pcache.py_PcacheTest.test_run-cache_mode-writethrough-crc-enable-gc-gc80-test_script-xfstests-883f
2025-08-11 11:02:54,092 avocado.core.task.statemachine DEBUG| Task "38-./pcache.py:PcacheTest.test;run-cache_mode-writethrough-crc-enable-gc-gc80-test_script-xfstests-883f" finished
2025-08-11 11:02:54,092 avocado.core.task.statemachine DEBUG| Task "39-./pcache.py:PcacheTest.test;run-cache_mode-writethrough-crc-enable-gc-gc80-test_script-misc-824b": requested -> triaging
2025-08-11 11:02:54,092 avocado.core.task.statemachine DEBUG| Task "39-./pcache.py:PcacheTest.test;run-cache_mode-writethrough-crc-enable-gc-gc80-test_script-misc-824b": requirements OK (will proceed to check dependencies)
2025-08-11 11:02:54,092 avocado.core.task.statemachine DEBUG| Task "39-./pcache.py:PcacheTest.test;run-cache_mode-writethrough-crc-enable-gc-gc80-test_script-misc-824b": about to be spawned with "<avocado.plugins.spawners.process.ProcessSpawner object at 0x7fa7e6a66450>"
2025-08-11 11:02:54,095 avocado.core.task.statemachine DEBUG| Task "39-./pcache.py:PcacheTest.test;run-cache_mode-writethrough-crc-enable-gc-gc80-test_script-misc-824b": spawned successfully
2025-08-11 11:02:54,497 avocado.core.status.repo DEBUG| Task "39-./pcache.py:PcacheTest.test;run-cache_mode-writethrough-crc-enable-gc-gc80-test_script-misc-824b" started message: "{'status': 'started', 'time': 308109.10319519, 'output_dir': '/root/avocado/job-results/job-2025-08-10T21.33-aa6cbdd/test-results/39-._pcache.py_PcacheTest.test_run-cache_mode-writethrough-crc-enable-gc-gc80-test_script-misc-824b', 'id': '39-./pcache.py:PcacheTest.test;run-cache_mode-writethrough-crc-enable-gc-gc80-test_script-misc-824b'}"
2025-08-11 11:02:54,528 avocado.test INFO | ./pcache.py:PcacheTest.test;run-cache_mode-writethrough-crc-enable-gc-gc80-test_script-misc-824b: STARTED
2025-08-11 11:02:55,204 avocado.core.status.repo DEBUG| Task "39-./pcache.py:PcacheTest.test;run-cache_mode-writethrough-crc-enable-gc-gc80-test_script-misc-824b" finished message: "{'result': 'pass', 'status': 'finished', 'time': 308109.716985494}"
2025-08-11 11:02:55,255 avocado.test INFO | ./pcache.py:PcacheTest.test;run-cache_mode-writethrough-crc-enable-gc-gc80-test_script-misc-824b: PASS
2025-08-11 11:02:55,255 avocado.test INFO | More information in /root/avocado/job-results/job-2025-08-10T21.33-aa6cbdd/test-results/39-._pcache.py_PcacheTest.test_run-cache_mode-writethrough-crc-enable-gc-gc80-test_script-misc-824b
2025-08-11 11:02:55,263 avocado.core.task.statemachine DEBUG| Task "39-./pcache.py:PcacheTest.test;run-cache_mode-writethrough-crc-enable-gc-gc80-test_script-misc-824b" finished
2025-08-11 11:02:55,264 avocado.core.task.statemachine DEBUG| Task "40-./pcache.py:PcacheTest.test;run-cache_mode-writethrough-crc-enable-gc-gc80-test_script-failslab-b336": requested -> triaging
2025-08-11 11:02:55,264 avocado.core.task.statemachine DEBUG| Task "40-./pcache.py:PcacheTest.test;run-cache_mode-writethrough-crc-enable-gc-gc80-test_script-failslab-b336": requirements OK (will proceed to check dependencies)
2025-08-11 11:02:55,264 avocado.core.task.statemachine DEBUG| Task "40-./pcache.py:PcacheTest.test;run-cache_mode-writethrough-crc-enable-gc-gc80-test_script-failslab-b336": about to be spawned with "<avocado.plugins.spawners.process.ProcessSpawner object at 0x7fa7e6a66450>"
2025-08-11 11:02:55,266 avocado.core.task.statemachine DEBUG| Task "40-./pcache.py:PcacheTest.test;run-cache_mode-writethrough-crc-enable-gc-gc80-test_script-failslab-b336": spawned successfully
2025-08-11 11:02:55,677 avocado.core.status.repo DEBUG| Task "40-./pcache.py:PcacheTest.test;run-cache_mode-writethrough-crc-enable-gc-gc80-test_script-failslab-b336" started message: "{'status': 'started', 'time': 308110.28371706, 'output_dir': '/root/avocado/job-results/job-2025-08-10T21.33-aa6cbdd/test-results/40-._pcache.py_PcacheTest.test_run-cache_mode-writethrough-crc-enable-gc-gc80-test_script-failslab-b336', 'id': '40-./pcache.py:PcacheTest.test;run-cache_mode-writethrough-crc-enable-gc-gc80-test_script-failslab-b336'}"
2025-08-11 11:02:55,709 avocado.test INFO | ./pcache.py:PcacheTest.test;run-cache_mode-writethrough-crc-enable-gc-gc80-test_script-failslab-b336: STARTED
2025-08-11 11:02:56,425 avocado.core.status.repo DEBUG| Task "40-./pcache.py:PcacheTest.test;run-cache_mode-writethrough-crc-enable-gc-gc80-test_script-failslab-b336" finished message: "{'result': 'pass', 'status': 'finished', 'time': 308110.930704498}"
2025-08-11 11:02:56,489 avocado.test INFO | ./pcache.py:PcacheTest.test;run-cache_mode-writethrough-crc-enable-gc-gc80-test_script-failslab-b336: PASS
2025-08-11 11:02:56,489 avocado.test INFO | More information in /root/avocado/job-results/job-2025-08-10T21.33-aa6cbdd/test-results/40-._pcache.py_PcacheTest.test_run-cache_mode-writethrough-crc-enable-gc-gc80-test_script-failslab-b336
2025-08-11 11:02:56,489 avocado.core.task.statemachine DEBUG| Task "40-./pcache.py:PcacheTest.test;run-cache_mode-writethrough-crc-enable-gc-gc80-test_script-failslab-b336" finished
2025-08-11 11:02:56,489 avocado.core.task.statemachine DEBUG| Task "41-./pcache.py:PcacheTest.test;run-cache_mode-writethrough-crc-enable-gc-gc80-test_script-fail_make_request-f6db": requested -> triaging
2025-08-11 11:02:56,490 avocado.core.task.statemachine DEBUG| Task "41-./pcache.py:PcacheTest.test;run-cache_mode-writethrough-crc-enable-gc-gc80-test_script-fail_make_request-f6db": requirements OK (will proceed to check dependencies)
2025-08-11 11:02:56,490 avocado.core.task.statemachine DEBUG| Task "41-./pcache.py:PcacheTest.test;run-cache_mode-writethrough-crc-enable-gc-gc80-test_script-fail_make_request-f6db": about to be spawned with "<avocado.plugins.spawners.process.ProcessSpawner object at 0x7fa7e6a66450>"
2025-08-11 11:02:56,492 avocado.core.task.statemachine DEBUG| Task "41-./pcache.py:PcacheTest.test;run-cache_mode-writethrough-crc-enable-gc-gc80-test_script-fail_make_request-f6db": spawned successfully
2025-08-11 11:02:56,901 avocado.core.status.repo DEBUG| Task "41-./pcache.py:PcacheTest.test;run-cache_mode-writethrough-crc-enable-gc-gc80-test_script-fail_make_request-f6db" started message: "{'status': 'started', 'time': 308111.507650849, 'output_dir': '/root/avocado/job-results/job-2025-08-10T21.33-aa6cbdd/test-results/41-._pcache.py_PcacheTest.test_run-cache_mode-writethrough-crc-enable-gc-gc80-test_script-fail_make_request-f6db', 'id': '41-./pcache.py:PcacheTest.test;run-cache_mode-writethrough-crc-enable-gc-gc80-test_script-fail_make_request-f6db'}"
2025-08-11 11:02:56,943 avocado.test INFO | ./pcache.py:PcacheTest.test;run-cache_mode-writethrough-crc-enable-gc-gc80-test_script-fail_make_request-f6db: STARTED
2025-08-11 11:02:58,025 avocado.core.status.repo DEBUG| Task "41-./pcache.py:PcacheTest.test;run-cache_mode-writethrough-crc-enable-gc-gc80-test_script-fail_make_request-f6db" finished message: "{'result': 'pass', 'status': 'finished', 'time': 308112.534571002}"
2025-08-11 11:02:58,075 avocado.test INFO | ./pcache.py:PcacheTest.test;run-cache_mode-writethrough-crc-enable-gc-gc80-test_script-fail_make_request-f6db: PASS
2025-08-11 11:02:58,075 avocado.test INFO | More information in /root/avocado/job-results/job-2025-08-10T21.33-aa6cbdd/test-results/41-._pcache.py_PcacheTest.test_run-cache_mode-writethrough-crc-enable-gc-gc80-test_script-fail_make_request-f6db
2025-08-11 11:02:58,085 avocado.core.task.statemachine DEBUG| Task "41-./pcache.py:PcacheTest.test;run-cache_mode-writethrough-crc-enable-gc-gc80-test_script-fail_make_request-f6db" finished
2025-08-11 11:02:58,085 avocado.core.task.statemachine DEBUG| Task "42-./pcache.py:PcacheTest.test;run-cache_mode-writethrough-crc-enable-gc-gc80-test_script-recreate_loop-de6d": requested -> triaging
2025-08-11 11:02:58,086 avocado.core.task.statemachine DEBUG| Task "42-./pcache.py:PcacheTest.test;run-cache_mode-writethrough-crc-enable-gc-gc80-test_script-recreate_loop-de6d": requirements OK (will proceed to check dependencies)
2025-08-11 11:02:58,086 avocado.core.task.statemachine DEBUG| Task "42-./pcache.py:PcacheTest.test;run-cache_mode-writethrough-crc-enable-gc-gc80-test_script-recreate_loop-de6d": about to be spawned with "<avocado.plugins.spawners.process.ProcessSpawner object at 0x7fa7e6a66450>"
2025-08-11 11:02:58,088 avocado.core.task.statemachine DEBUG| Task "42-./pcache.py:PcacheTest.test;run-cache_mode-writethrough-crc-enable-gc-gc80-test_script-recreate_loop-de6d": spawned successfully
2025-08-11 11:02:58,497 avocado.core.status.repo DEBUG| Task "42-./pcache.py:PcacheTest.test;run-cache_mode-writethrough-crc-enable-gc-gc80-test_script-recreate_loop-de6d" started message: "{'status': 'started', 'time': 308113.103863172, 'output_dir': '/root/avocado/job-results/job-2025-08-10T21.33-aa6cbdd/test-results/42-._pcache.py_PcacheTest.test_run-cache_mode-writethrough-crc-enable-gc-gc80-test_script-recreate_loop-de6d', 'id': '42-./pcache.py:PcacheTest.test;run-cache_mode-writethrough-crc-enable-gc-gc80-test_script-recreate_loop-de6d'}"
2025-08-11 11:02:58,529 avocado.test INFO | ./pcache.py:PcacheTest.test;run-cache_mode-writethrough-crc-enable-gc-gc80-test_script-recreate_loop-de6d: STARTED
2025-08-11 11:02:58,814 avocado.core.status.repo DEBUG| Task "42-./pcache.py:PcacheTest.test;run-cache_mode-writethrough-crc-enable-gc-gc80-test_script-recreate_loop-de6d" finished message: "{'result': 'pass', 'status': 'finished', 'time': 308113.319661477}"
2025-08-11 11:02:58,853 avocado.test INFO | ./pcache.py:PcacheTest.test;run-cache_mode-writethrough-crc-enable-gc-gc80-test_script-recreate_loop-de6d: PASS
2025-08-11 11:02:58,853 avocado.test INFO | More information in /root/avocado/job-results/job-2025-08-10T21.33-aa6cbdd/test-results/42-._pcache.py_PcacheTest.test_run-cache_mode-writethrough-crc-enable-gc-gc80-test_script-recreate_loop-de6d
2025-08-11 11:02:58,880 avocado.core.task.statemachine DEBUG| Task "42-./pcache.py:PcacheTest.test;run-cache_mode-writethrough-crc-enable-gc-gc80-test_script-recreate_loop-de6d" finished
2025-08-11 11:02:58,881 avocado.core.task.statemachine DEBUG| Task "43-./pcache.py:PcacheTest.test;run-cache_mode-writethrough-crc-disable-gc-gc80-test_script-default-5bcf": requested -> triaging
2025-08-11 11:02:58,881 avocado.core.task.statemachine DEBUG| Task "43-./pcache.py:PcacheTest.test;run-cache_mode-writethrough-crc-disable-gc-gc80-test_script-default-5bcf": requirements OK (will proceed to check dependencies)
2025-08-11 11:02:58,881 avocado.core.task.statemachine DEBUG| Task "43-./pcache.py:PcacheTest.test;run-cache_mode-writethrough-crc-disable-gc-gc80-test_script-default-5bcf": about to be spawned with "<avocado.plugins.spawners.process.ProcessSpawner object at 0x7fa7e6a66450>"
2025-08-11 11:02:58,885 avocado.core.task.statemachine DEBUG| Task "43-./pcache.py:PcacheTest.test;run-cache_mode-writethrough-crc-disable-gc-gc80-test_script-default-5bcf": spawned successfully
2025-08-11 11:02:59,293 avocado.core.status.repo DEBUG| Task "43-./pcache.py:PcacheTest.test;run-cache_mode-writethrough-crc-disable-gc-gc80-test_script-default-5bcf" started message: "{'status': 'started', 'time': 308113.89963266, 'output_dir': '/root/avocado/job-results/job-2025-08-10T21.33-aa6cbdd/test-results/43-._pcache.py_PcacheTest.test_run-cache_mode-writethrough-crc-disable-gc-gc80-test_script-default-5bcf', 'id': '43-./pcache.py:PcacheTest.test;run-cache_mode-writethrough-crc-disable-gc-gc80-test_script-default-5bcf'}"
2025-08-11 11:02:59,308 avocado.test INFO | ./pcache.py:PcacheTest.test;run-cache_mode-writethrough-crc-disable-gc-gc80-test_script-default-5bcf: STARTED
2025-08-11 11:02:59,979 avocado.core.status.repo DEBUG| Task "43-./pcache.py:PcacheTest.test;run-cache_mode-writethrough-crc-disable-gc-gc80-test_script-default-5bcf" finished message: "{'result': 'pass', 'status': 'finished', 'time': 308114.485815653}"
2025-08-11 11:03:00,038 avocado.test INFO | ./pcache.py:PcacheTest.test;run-cache_mode-writethrough-crc-disable-gc-gc80-test_script-default-5bcf: PASS
2025-08-11 11:03:00,038 avocado.test INFO | More information in /root/avocado/job-results/job-2025-08-10T21.33-aa6cbdd/test-results/43-._pcache.py_PcacheTest.test_run-cache_mode-writethrough-crc-disable-gc-gc80-test_script-default-5bcf
2025-08-11 11:03:00,039 avocado.core.task.statemachine DEBUG| Task "43-./pcache.py:PcacheTest.test;run-cache_mode-writethrough-crc-disable-gc-gc80-test_script-default-5bcf" finished
2025-08-11 11:03:00,039 avocado.core.task.statemachine DEBUG| Task "44-./pcache.py:PcacheTest.test;run-cache_mode-writethrough-crc-disable-gc-gc80-test_script-xfstests-ab30": requested -> triaging
2025-08-11 11:03:00,039 avocado.core.task.statemachine DEBUG| Task "44-./pcache.py:PcacheTest.test;run-cache_mode-writethrough-crc-disable-gc-gc80-test_script-xfstests-ab30": requirements OK (will proceed to check dependencies)
2025-08-11 11:03:00,039 avocado.core.task.statemachine DEBUG| Task "44-./pcache.py:PcacheTest.test;run-cache_mode-writethrough-crc-disable-gc-gc80-test_script-xfstests-ab30": about to be spawned with "<avocado.plugins.spawners.process.ProcessSpawner object at 0x7fa7e6a66450>"
2025-08-11 11:03:00,041 avocado.core.task.statemachine DEBUG| Task "44-./pcache.py:PcacheTest.test;run-cache_mode-writethrough-crc-disable-gc-gc80-test_script-xfstests-ab30": spawned successfully
2025-08-11 11:03:00,448 avocado.core.status.repo DEBUG| Task "44-./pcache.py:PcacheTest.test;run-cache_mode-writethrough-crc-disable-gc-gc80-test_script-xfstests-ab30" started message: "{'status': 'started', 'time': 308115.054160807, 'output_dir': '/root/avocado/job-results/job-2025-08-10T21.33-aa6cbdd/test-results/44-._pcache.py_PcacheTest.test_run-cache_mode-writethrough-crc-disable-gc-gc80-test_script-xfstests-ab30', 'id': '44-./pcache.py:PcacheTest.test;run-cache_mode-writethrough-crc-disable-gc-gc80-test_script-xfstests-ab30'}"
2025-08-11 11:03:00,492 avocado.test INFO | ./pcache.py:PcacheTest.test;run-cache_mode-writethrough-crc-disable-gc-gc80-test_script-xfstests-ab30: STARTED
2025-08-11 11:03:01,101 avocado.core.status.repo DEBUG| Task "44-./pcache.py:PcacheTest.test;run-cache_mode-writethrough-crc-disable-gc-gc80-test_script-xfstests-ab30" finished message: "{'result': 'pass', 'status': 'finished', 'time': 308115.609272959}"
2025-08-11 11:03:01,168 avocado.test INFO | ./pcache.py:PcacheTest.test;run-cache_mode-writethrough-crc-disable-gc-gc80-test_script-xfstests-ab30: PASS
2025-08-11 11:03:01,168 avocado.test INFO | More information in /root/avocado/job-results/job-2025-08-10T21.33-aa6cbdd/test-results/44-._pcache.py_PcacheTest.test_run-cache_mode-writethrough-crc-disable-gc-gc80-test_script-xfstests-ab30
2025-08-11 11:03:01,172 avocado.core.task.statemachine DEBUG| Task "44-./pcache.py:PcacheTest.test;run-cache_mode-writethrough-crc-disable-gc-gc80-test_script-xfstests-ab30" finished
2025-08-11 11:03:01,172 avocado.core.task.statemachine DEBUG| Task "45-./pcache.py:PcacheTest.test;run-cache_mode-writethrough-crc-disable-gc-gc80-test_script-misc-041d": requested -> triaging
2025-08-11 11:03:01,173 avocado.core.task.statemachine DEBUG| Task "45-./pcache.py:PcacheTest.test;run-cache_mode-writethrough-crc-disable-gc-gc80-test_script-misc-041d": requirements OK (will proceed to check dependencies)
2025-08-11 11:03:01,173 avocado.core.task.statemachine DEBUG| Task "45-./pcache.py:PcacheTest.test;run-cache_mode-writethrough-crc-disable-gc-gc80-test_script-misc-041d": about to be spawned with "<avocado.plugins.spawners.process.ProcessSpawner object at 0x7fa7e6a66450>"
2025-08-11 11:03:01,175 avocado.core.task.statemachine DEBUG| Task "45-./pcache.py:PcacheTest.test;run-cache_mode-writethrough-crc-disable-gc-gc80-test_script-misc-041d": spawned successfully
2025-08-11 11:03:01,582 avocado.core.status.repo DEBUG| Task "45-./pcache.py:PcacheTest.test;run-cache_mode-writethrough-crc-disable-gc-gc80-test_script-misc-041d" started message: "{'status': 'started', 'time': 308116.188927176, 'output_dir': '/root/avocado/job-results/job-2025-08-10T21.33-aa6cbdd/test-results/45-._pcache.py_PcacheTest.test_run-cache_mode-writethrough-crc-disable-gc-gc80-test_script-misc-041d', 'id': '45-./pcache.py:PcacheTest.test;run-cache_mode-writethrough-crc-disable-gc-gc80-test_script-misc-041d'}"
2025-08-11 11:03:01,622 avocado.test INFO | ./pcache.py:PcacheTest.test;run-cache_mode-writethrough-crc-disable-gc-gc80-test_script-misc-041d: STARTED
2025-08-11 11:03:02,278 avocado.core.status.repo DEBUG| Task "45-./pcache.py:PcacheTest.test;run-cache_mode-writethrough-crc-disable-gc-gc80-test_script-misc-041d" finished message: "{'result': 'pass', 'status': 'finished', 'time': 308116.789537766}"
2025-08-11 11:03:02,299 avocado.test INFO | ./pcache.py:PcacheTest.test;run-cache_mode-writethrough-crc-disable-gc-gc80-test_script-misc-041d: PASS
2025-08-11 11:03:02,299 avocado.test INFO | More information in /root/avocado/job-results/job-2025-08-10T21.33-aa6cbdd/test-results/45-._pcache.py_PcacheTest.test_run-cache_mode-writethrough-crc-disable-gc-gc80-test_script-misc-041d
2025-08-11 11:03:02,338 avocado.core.task.statemachine DEBUG| Task "45-./pcache.py:PcacheTest.test;run-cache_mode-writethrough-crc-disable-gc-gc80-test_script-misc-041d" finished
2025-08-11 11:03:02,338 avocado.core.task.statemachine DEBUG| Task "46-./pcache.py:PcacheTest.test;run-cache_mode-writethrough-crc-disable-gc-gc80-test_script-failslab-2096": requested -> triaging
2025-08-11 11:03:02,338 avocado.core.task.statemachine DEBUG| Task "46-./pcache.py:PcacheTest.test;run-cache_mode-writethrough-crc-disable-gc-gc80-test_script-failslab-2096": requirements OK (will proceed to check dependencies)
2025-08-11 11:03:02,338 avocado.core.task.statemachine DEBUG| Task "46-./pcache.py:PcacheTest.test;run-cache_mode-writethrough-crc-disable-gc-gc80-test_script-failslab-2096": about to be spawned with "<avocado.plugins.spawners.process.ProcessSpawner object at 0x7fa7e6a66450>"
2025-08-11 11:03:02,340 avocado.core.task.statemachine DEBUG| Task "46-./pcache.py:PcacheTest.test;run-cache_mode-writethrough-crc-disable-gc-gc80-test_script-failslab-2096": spawned successfully
2025-08-11 11:03:02,749 avocado.core.status.repo DEBUG| Task "46-./pcache.py:PcacheTest.test;run-cache_mode-writethrough-crc-disable-gc-gc80-test_script-failslab-2096" started message: "{'status': 'started', 'time': 308117.35609799, 'output_dir': '/root/avocado/job-results/job-2025-08-10T21.33-aa6cbdd/test-results/46-._pcache.py_PcacheTest.test_run-cache_mode-writethrough-crc-disable-gc-gc80-test_script-failslab-2096', 'id': '46-./pcache.py:PcacheTest.test;run-cache_mode-writethrough-crc-disable-gc-gc80-test_script-failslab-2096'}"
2025-08-11 11:03:02,753 avocado.test INFO | ./pcache.py:PcacheTest.test;run-cache_mode-writethrough-crc-disable-gc-gc80-test_script-failslab-2096: STARTED
2025-08-11 11:03:03,476 avocado.core.status.repo DEBUG| Task "46-./pcache.py:PcacheTest.test;run-cache_mode-writethrough-crc-disable-gc-gc80-test_script-failslab-2096" finished message: "{'result': 'pass', 'status': 'finished', 'time': 308117.982642784}"
2025-08-11 11:03:03,540 avocado.test INFO | ./pcache.py:PcacheTest.test;run-cache_mode-writethrough-crc-disable-gc-gc80-test_script-failslab-2096: PASS
2025-08-11 11:03:03,540 avocado.test INFO | More information in /root/avocado/job-results/job-2025-08-10T21.33-aa6cbdd/test-results/46-._pcache.py_PcacheTest.test_run-cache_mode-writethrough-crc-disable-gc-gc80-test_script-failslab-2096
2025-08-11 11:03:03,541 avocado.core.task.statemachine DEBUG| Task "46-./pcache.py:PcacheTest.test;run-cache_mode-writethrough-crc-disable-gc-gc80-test_script-failslab-2096" finished
2025-08-11 11:03:03,541 avocado.core.task.statemachine DEBUG| Task "47-./pcache.py:PcacheTest.test;run-cache_mode-writethrough-crc-disable-gc-gc80-test_script-fail_make_request-d545": requested -> triaging
2025-08-11 11:03:03,541 avocado.core.task.statemachine DEBUG| Task "47-./pcache.py:PcacheTest.test;run-cache_mode-writethrough-crc-disable-gc-gc80-test_script-fail_make_request-d545": requirements OK (will proceed to check dependencies)
2025-08-11 11:03:03,541 avocado.core.task.statemachine DEBUG| Task "47-./pcache.py:PcacheTest.test;run-cache_mode-writethrough-crc-disable-gc-gc80-test_script-fail_make_request-d545": about to be spawned with "<avocado.plugins.spawners.process.ProcessSpawner object at 0x7fa7e6a66450>"
2025-08-11 11:03:03,543 avocado.core.task.statemachine DEBUG| Task "47-./pcache.py:PcacheTest.test;run-cache_mode-writethrough-crc-disable-gc-gc80-test_script-fail_make_request-d545": spawned successfully
2025-08-11 11:03:03,942 avocado.core.status.repo DEBUG| Task "47-./pcache.py:PcacheTest.test;run-cache_mode-writethrough-crc-disable-gc-gc80-test_script-fail_make_request-d545" started message: "{'status': 'started', 'time': 308118.548814337, 'output_dir': '/root/avocado/job-results/job-2025-08-10T21.33-aa6cbdd/test-results/47-._pcache.py_PcacheTest.test_run-cache_mode-writethrough-crc-disable-gc-gc80-test_script-fail_make_request-d545', 'id': '47-./pcache.py:PcacheTest.test;run-cache_mode-writethrough-crc-disable-gc-gc80-test_script-fail_make_request-d545'}"
2025-08-11 11:03:03,944 avocado.test INFO | ./pcache.py:PcacheTest.test;run-cache_mode-writethrough-crc-disable-gc-gc80-test_script-fail_make_request-d545: STARTED
2025-08-11 11:03:05,180 avocado.core.status.repo DEBUG| Task "47-./pcache.py:PcacheTest.test;run-cache_mode-writethrough-crc-disable-gc-gc80-test_script-fail_make_request-d545" finished message: "{'result': 'pass', 'status': 'finished', 'time': 308119.687344517}"
2025-08-11 11:03:05,230 avocado.test INFO | ./pcache.py:PcacheTest.test;run-cache_mode-writethrough-crc-disable-gc-gc80-test_script-fail_make_request-d545: PASS
2025-08-11 11:03:05,230 avocado.test INFO | More information in /root/avocado/job-results/job-2025-08-10T21.33-aa6cbdd/test-results/47-._pcache.py_PcacheTest.test_run-cache_mode-writethrough-crc-disable-gc-gc80-test_script-fail_make_request-d545
2025-08-11 11:03:05,241 avocado.core.task.statemachine DEBUG| Task "47-./pcache.py:PcacheTest.test;run-cache_mode-writethrough-crc-disable-gc-gc80-test_script-fail_make_request-d545" finished
2025-08-11 11:03:05,242 avocado.core.task.statemachine DEBUG| Task "48-./pcache.py:PcacheTest.test;run-cache_mode-writethrough-crc-disable-gc-gc80-test_script-recreate_loop-73c2": requested -> triaging
2025-08-11 11:03:05,242 avocado.core.task.statemachine DEBUG| Task "48-./pcache.py:PcacheTest.test;run-cache_mode-writethrough-crc-disable-gc-gc80-test_script-recreate_loop-73c2": requirements OK (will proceed to check dependencies)
2025-08-11 11:03:05,242 avocado.core.task.statemachine DEBUG| Task "48-./pcache.py:PcacheTest.test;run-cache_mode-writethrough-crc-disable-gc-gc80-test_script-recreate_loop-73c2": about to be spawned with "<avocado.plugins.spawners.process.ProcessSpawner object at 0x7fa7e6a66450>"
2025-08-11 11:03:05,244 avocado.core.task.statemachine DEBUG| Task "48-./pcache.py:PcacheTest.test;run-cache_mode-writethrough-crc-disable-gc-gc80-test_script-recreate_loop-73c2": spawned successfully
2025-08-11 11:03:05,651 avocado.core.status.repo DEBUG| Task "48-./pcache.py:PcacheTest.test;run-cache_mode-writethrough-crc-disable-gc-gc80-test_script-recreate_loop-73c2" started message: "{'status': 'started', 'time': 308120.257904718, 'output_dir': '/root/avocado/job-results/job-2025-08-10T21.33-aa6cbdd/test-results/48-._pcache.py_PcacheTest.test_run-cache_mode-writethrough-crc-disable-gc-gc80-test_script-recreate_loop-73c2', 'id': '48-./pcache.py:PcacheTest.test;run-cache_mode-writethrough-crc-disable-gc-gc80-test_script-recreate_loop-73c2'}"
2025-08-11 11:03:05,684 avocado.test INFO | ./pcache.py:PcacheTest.test;run-cache_mode-writethrough-crc-disable-gc-gc80-test_script-recreate_loop-73c2: STARTED
2025-08-11 11:03:05,967 avocado.core.status.repo DEBUG| Task "48-./pcache.py:PcacheTest.test;run-cache_mode-writethrough-crc-disable-gc-gc80-test_script-recreate_loop-73c2" finished message: "{'result': 'pass', 'status': 'finished', 'time': 308120.477017605}"
2025-08-11 11:03:06,014 avocado.test INFO | ./pcache.py:PcacheTest.test;run-cache_mode-writethrough-crc-disable-gc-gc80-test_script-recreate_loop-73c2: PASS
2025-08-11 11:03:06,015 avocado.test INFO | More information in /root/avocado/job-results/job-2025-08-10T21.33-aa6cbdd/test-results/48-._pcache.py_PcacheTest.test_run-cache_mode-writethrough-crc-disable-gc-gc80-test_script-recreate_loop-73c2
2025-08-11 11:03:06,037 avocado.core.task.statemachine DEBUG| Task "48-./pcache.py:PcacheTest.test;run-cache_mode-writethrough-crc-disable-gc-gc80-test_script-recreate_loop-73c2" finished
2025-08-11 11:03:06,037 avocado.core.task.statemachine DEBUG| Task "49-./pcache.py:PcacheTest.test;run-cache_mode-writearound-crc-enable-gc-gc0-test_script-default-a3bd": requested -> triaging
2025-08-11 11:03:06,037 avocado.core.task.statemachine DEBUG| Task "49-./pcache.py:PcacheTest.test;run-cache_mode-writearound-crc-enable-gc-gc0-test_script-default-a3bd": requirements OK (will proceed to check dependencies)
2025-08-11 11:03:06,037 avocado.core.task.statemachine DEBUG| Task "49-./pcache.py:PcacheTest.test;run-cache_mode-writearound-crc-enable-gc-gc0-test_script-default-a3bd": about to be spawned with "<avocado.plugins.spawners.process.ProcessSpawner object at 0x7fa7e6a66450>"
2025-08-11 11:03:06,039 avocado.core.task.statemachine DEBUG| Task "49-./pcache.py:PcacheTest.test;run-cache_mode-writearound-crc-enable-gc-gc0-test_script-default-a3bd": spawned successfully
2025-08-11 11:03:06,440 avocado.core.status.repo DEBUG| Task "49-./pcache.py:PcacheTest.test;run-cache_mode-writearound-crc-enable-gc-gc0-test_script-default-a3bd" started message: "{'status': 'started', 'time': 308121.046409644, 'output_dir': '/root/avocado/job-results/job-2025-08-10T21.33-aa6cbdd/test-results/49-._pcache.py_PcacheTest.test_run-cache_mode-writearound-crc-enable-gc-gc0-test_script-default-a3bd', 'id': '49-./pcache.py:PcacheTest.test;run-cache_mode-writearound-crc-enable-gc-gc0-test_script-default-a3bd'}"
2025-08-11 11:03:06,469 avocado.test INFO | ./pcache.py:PcacheTest.test;run-cache_mode-writearound-crc-enable-gc-gc0-test_script-default-a3bd: STARTED
2025-08-11 11:03:07,134 avocado.core.status.repo DEBUG| Task "49-./pcache.py:PcacheTest.test;run-cache_mode-writearound-crc-enable-gc-gc0-test_script-default-a3bd" finished message: "{'result': 'pass', 'status': 'finished', 'time': 308121.641177035}"
2025-08-11 11:03:07,203 avocado.test INFO | ./pcache.py:PcacheTest.test;run-cache_mode-writearound-crc-enable-gc-gc0-test_script-default-a3bd: PASS
2025-08-11 11:03:07,203 avocado.test INFO | More information in /root/avocado/job-results/job-2025-08-10T21.33-aa6cbdd/test-results/49-._pcache.py_PcacheTest.test_run-cache_mode-writearound-crc-enable-gc-gc0-test_script-default-a3bd
2025-08-11 11:03:07,204 avocado.core.task.statemachine DEBUG| Task "49-./pcache.py:PcacheTest.test;run-cache_mode-writearound-crc-enable-gc-gc0-test_script-default-a3bd" finished
2025-08-11 11:03:07,204 avocado.core.task.statemachine DEBUG| Task "50-./pcache.py:PcacheTest.test;run-cache_mode-writearound-crc-enable-gc-gc0-test_script-xfstests-4857": requested -> triaging
2025-08-11 11:03:07,204 avocado.core.task.statemachine DEBUG| Task "50-./pcache.py:PcacheTest.test;run-cache_mode-writearound-crc-enable-gc-gc0-test_script-xfstests-4857": requirements OK (will proceed to check dependencies)
2025-08-11 11:03:07,204 avocado.core.task.statemachine DEBUG| Task "50-./pcache.py:PcacheTest.test;run-cache_mode-writearound-crc-enable-gc-gc0-test_script-xfstests-4857": about to be spawned with "<avocado.plugins.spawners.process.ProcessSpawner object at 0x7fa7e6a66450>"
2025-08-11 11:03:07,206 avocado.core.task.statemachine DEBUG| Task "50-./pcache.py:PcacheTest.test;run-cache_mode-writearound-crc-enable-gc-gc0-test_script-xfstests-4857": spawned successfully
2025-08-11 11:03:07,606 avocado.core.status.repo DEBUG| Task "50-./pcache.py:PcacheTest.test;run-cache_mode-writearound-crc-enable-gc-gc0-test_script-xfstests-4857" started message: "{'status': 'started', 'time': 308122.212988546, 'output_dir': '/root/avocado/job-results/job-2025-08-10T21.33-aa6cbdd/test-results/50-._pcache.py_PcacheTest.test_run-cache_mode-writearound-crc-enable-gc-gc0-test_script-xfstests-4857', 'id': '50-./pcache.py:PcacheTest.test;run-cache_mode-writearound-crc-enable-gc-gc0-test_script-xfstests-4857'}"
2025-08-11 11:03:07,658 avocado.test INFO | ./pcache.py:PcacheTest.test;run-cache_mode-writearound-crc-enable-gc-gc0-test_script-xfstests-4857: STARTED
2025-08-11 11:03:08,292 avocado.core.status.repo DEBUG| Task "50-./pcache.py:PcacheTest.test;run-cache_mode-writearound-crc-enable-gc-gc0-test_script-xfstests-4857" finished message: "{'result': 'pass', 'status': 'finished', 'time': 308122.803109938}"
2025-08-11 11:03:08,342 avocado.test INFO | ./pcache.py:PcacheTest.test;run-cache_mode-writearound-crc-enable-gc-gc0-test_script-xfstests-4857: PASS
2025-08-11 11:03:08,342 avocado.test INFO | More information in /root/avocado/job-results/job-2025-08-10T21.33-aa6cbdd/test-results/50-._pcache.py_PcacheTest.test_run-cache_mode-writearound-crc-enable-gc-gc0-test_script-xfstests-4857
2025-08-11 11:03:08,351 avocado.core.task.statemachine DEBUG| Task "50-./pcache.py:PcacheTest.test;run-cache_mode-writearound-crc-enable-gc-gc0-test_script-xfstests-4857" finished
2025-08-11 11:03:08,351 avocado.core.task.statemachine DEBUG| Task "51-./pcache.py:PcacheTest.test;run-cache_mode-writearound-crc-enable-gc-gc0-test_script-misc-b277": requested -> triaging
2025-08-11 11:03:08,351 avocado.core.task.statemachine DEBUG| Task "51-./pcache.py:PcacheTest.test;run-cache_mode-writearound-crc-enable-gc-gc0-test_script-misc-b277": requirements OK (will proceed to check dependencies)
2025-08-11 11:03:08,351 avocado.core.task.statemachine DEBUG| Task "51-./pcache.py:PcacheTest.test;run-cache_mode-writearound-crc-enable-gc-gc0-test_script-misc-b277": about to be spawned with "<avocado.plugins.spawners.process.ProcessSpawner object at 0x7fa7e6a66450>"
2025-08-11 11:03:08,353 avocado.core.task.statemachine DEBUG| Task "51-./pcache.py:PcacheTest.test;run-cache_mode-writearound-crc-enable-gc-gc0-test_script-misc-b277": spawned successfully
2025-08-11 11:03:08,765 avocado.core.status.repo DEBUG| Task "51-./pcache.py:PcacheTest.test;run-cache_mode-writearound-crc-enable-gc-gc0-test_script-misc-b277" started message: "{'status': 'started', 'time': 308123.372039222, 'output_dir': '/root/avocado/job-results/job-2025-08-10T21.33-aa6cbdd/test-results/51-._pcache.py_PcacheTest.test_run-cache_mode-writearound-crc-enable-gc-gc0-test_script-misc-b277', 'id': '51-./pcache.py:PcacheTest.test;run-cache_mode-writearound-crc-enable-gc-gc0-test_script-misc-b277'}"
2025-08-11 11:03:08,796 avocado.test INFO | ./pcache.py:PcacheTest.test;run-cache_mode-writearound-crc-enable-gc-gc0-test_script-misc-b277: STARTED
2025-08-11 11:03:09,390 avocado.core.status.repo DEBUG| Task "51-./pcache.py:PcacheTest.test;run-cache_mode-writearound-crc-enable-gc-gc0-test_script-misc-b277" finished message: "{'result': 'pass', 'status': 'finished', 'time': 308123.898939622}"
2025-08-11 11:03:09,423 avocado.test INFO | ./pcache.py:PcacheTest.test;run-cache_mode-writearound-crc-enable-gc-gc0-test_script-misc-b277: PASS
2025-08-11 11:03:09,423 avocado.test INFO | More information in /root/avocado/job-results/job-2025-08-10T21.33-aa6cbdd/test-results/51-._pcache.py_PcacheTest.test_run-cache_mode-writearound-crc-enable-gc-gc0-test_script-misc-b277
2025-08-11 11:03:09,455 avocado.core.task.statemachine DEBUG| Task "51-./pcache.py:PcacheTest.test;run-cache_mode-writearound-crc-enable-gc-gc0-test_script-misc-b277" finished
2025-08-11 11:03:09,455 avocado.core.task.statemachine DEBUG| Task "52-./pcache.py:PcacheTest.test;run-cache_mode-writearound-crc-enable-gc-gc0-test_script-failslab-63a3": requested -> triaging
2025-08-11 11:03:09,455 avocado.core.task.statemachine DEBUG| Task "52-./pcache.py:PcacheTest.test;run-cache_mode-writearound-crc-enable-gc-gc0-test_script-failslab-63a3": requirements OK (will proceed to check dependencies)
2025-08-11 11:03:09,455 avocado.core.task.statemachine DEBUG| Task "52-./pcache.py:PcacheTest.test;run-cache_mode-writearound-crc-enable-gc-gc0-test_script-failslab-63a3": about to be spawned with "<avocado.plugins.spawners.process.ProcessSpawner object at 0x7fa7e6a66450>"
2025-08-11 11:03:09,457 avocado.core.task.statemachine DEBUG| Task "52-./pcache.py:PcacheTest.test;run-cache_mode-writearound-crc-enable-gc-gc0-test_script-failslab-63a3": spawned successfully
2025-08-11 11:03:09,871 avocado.core.status.repo DEBUG| Task "52-./pcache.py:PcacheTest.test;run-cache_mode-writearound-crc-enable-gc-gc0-test_script-failslab-63a3" started message: "{'status': 'started', 'time': 308124.477102651, 'output_dir': '/root/avocado/job-results/job-2025-08-10T21.33-aa6cbdd/test-results/52-._pcache.py_PcacheTest.test_run-cache_mode-writearound-crc-enable-gc-gc0-test_script-failslab-63a3', 'id': '52-./pcache.py:PcacheTest.test;run-cache_mode-writearound-crc-enable-gc-gc0-test_script-failslab-63a3'}"
2025-08-11 11:03:09,877 avocado.test INFO | ./pcache.py:PcacheTest.test;run-cache_mode-writearound-crc-enable-gc-gc0-test_script-failslab-63a3: STARTED
2025-08-11 11:03:10,608 avocado.core.status.repo DEBUG| Task "52-./pcache.py:PcacheTest.test;run-cache_mode-writearound-crc-enable-gc-gc0-test_script-failslab-63a3" finished message: "{'result': 'pass', 'status': 'finished', 'time': 308125.115644419}"
2025-08-11 11:03:10,658 avocado.test INFO | ./pcache.py:PcacheTest.test;run-cache_mode-writearound-crc-enable-gc-gc0-test_script-failslab-63a3: PASS
2025-08-11 11:03:10,658 avocado.test INFO | More information in /root/avocado/job-results/job-2025-08-10T21.33-aa6cbdd/test-results/52-._pcache.py_PcacheTest.test_run-cache_mode-writearound-crc-enable-gc-gc0-test_script-failslab-63a3
2025-08-11 11:03:10,696 avocado.core.task.statemachine DEBUG| Task "52-./pcache.py:PcacheTest.test;run-cache_mode-writearound-crc-enable-gc-gc0-test_script-failslab-63a3" finished
2025-08-11 11:03:10,696 avocado.core.task.statemachine DEBUG| Task "53-./pcache.py:PcacheTest.test;run-cache_mode-writearound-crc-enable-gc-gc0-test_script-fail_make_request-5fea": requested -> triaging
2025-08-11 11:03:10,696 avocado.core.task.statemachine DEBUG| Task "53-./pcache.py:PcacheTest.test;run-cache_mode-writearound-crc-enable-gc-gc0-test_script-fail_make_request-5fea": requirements OK (will proceed to check dependencies)
2025-08-11 11:03:10,696 avocado.core.task.statemachine DEBUG| Task "53-./pcache.py:PcacheTest.test;run-cache_mode-writearound-crc-enable-gc-gc0-test_script-fail_make_request-5fea": about to be spawned with "<avocado.plugins.spawners.process.ProcessSpawner object at 0x7fa7e6a66450>"
2025-08-11 11:03:10,698 avocado.core.task.statemachine DEBUG| Task "53-./pcache.py:PcacheTest.test;run-cache_mode-writearound-crc-enable-gc-gc0-test_script-fail_make_request-5fea": spawned successfully
2025-08-11 11:03:11,102 avocado.core.status.repo DEBUG| Task "53-./pcache.py:PcacheTest.test;run-cache_mode-writearound-crc-enable-gc-gc0-test_script-fail_make_request-5fea" started message: "{'status': 'started', 'time': 308125.708720258, 'output_dir': '/root/avocado/job-results/job-2025-08-10T21.33-aa6cbdd/test-results/53-._pcache.py_PcacheTest.test_run-cache_mode-writearound-crc-enable-gc-gc0-test_script-fail_make_request-5fea', 'id': '53-./pcache.py:PcacheTest.test;run-cache_mode-writearound-crc-enable-gc-gc0-test_script-fail_make_request-5fea'}"
2025-08-11 11:03:11,113 avocado.test INFO | ./pcache.py:PcacheTest.test;run-cache_mode-writearound-crc-enable-gc-gc0-test_script-fail_make_request-5fea: STARTED
2025-08-11 11:03:12,270 avocado.core.status.repo DEBUG| Task "53-./pcache.py:PcacheTest.test;run-cache_mode-writearound-crc-enable-gc-gc0-test_script-fail_make_request-5fea" finished message: "{'result': 'pass', 'status': 'finished', 'time': 308126.782402014}"
2025-08-11 11:03:12,299 avocado.test INFO | ./pcache.py:PcacheTest.test;run-cache_mode-writearound-crc-enable-gc-gc0-test_script-fail_make_request-5fea: PASS
2025-08-11 11:03:12,300 avocado.test INFO | More information in /root/avocado/job-results/job-2025-08-10T21.33-aa6cbdd/test-results/53-._pcache.py_PcacheTest.test_run-cache_mode-writearound-crc-enable-gc-gc0-test_script-fail_make_request-5fea
2025-08-11 11:03:12,328 avocado.core.task.statemachine DEBUG| Task "53-./pcache.py:PcacheTest.test;run-cache_mode-writearound-crc-enable-gc-gc0-test_script-fail_make_request-5fea" finished
2025-08-11 11:03:12,328 avocado.core.task.statemachine DEBUG| Task "54-./pcache.py:PcacheTest.test;run-cache_mode-writearound-crc-enable-gc-gc0-test_script-recreate_loop-e7a6": requested -> triaging
2025-08-11 11:03:12,329 avocado.core.task.statemachine DEBUG| Task "54-./pcache.py:PcacheTest.test;run-cache_mode-writearound-crc-enable-gc-gc0-test_script-recreate_loop-e7a6": requirements OK (will proceed to check dependencies)
2025-08-11 11:03:12,329 avocado.core.task.statemachine DEBUG| Task "54-./pcache.py:PcacheTest.test;run-cache_mode-writearound-crc-enable-gc-gc0-test_script-recreate_loop-e7a6": about to be spawned with "<avocado.plugins.spawners.process.ProcessSpawner object at 0x7fa7e6a66450>"
2025-08-11 11:03:12,331 avocado.core.task.statemachine DEBUG| Task "54-./pcache.py:PcacheTest.test;run-cache_mode-writearound-crc-enable-gc-gc0-test_script-recreate_loop-e7a6": spawned successfully
2025-08-11 11:03:12,733 avocado.core.status.repo DEBUG| Task "54-./pcache.py:PcacheTest.test;run-cache_mode-writearound-crc-enable-gc-gc0-test_script-recreate_loop-e7a6" started message: "{'status': 'started', 'time': 308127.339107482, 'output_dir': '/root/avocado/job-results/job-2025-08-10T21.33-aa6cbdd/test-results/54-._pcache.py_PcacheTest.test_run-cache_mode-writearound-crc-enable-gc-gc0-test_script-recreate_loop-e7a6', 'id': '54-./pcache.py:PcacheTest.test;run-cache_mode-writearound-crc-enable-gc-gc0-test_script-recreate_loop-e7a6'}"
2025-08-11 11:03:12,753 avocado.test INFO | ./pcache.py:PcacheTest.test;run-cache_mode-writearound-crc-enable-gc-gc0-test_script-recreate_loop-e7a6: STARTED
2025-08-11 11:03:13,040 avocado.core.status.repo DEBUG| Task "54-./pcache.py:PcacheTest.test;run-cache_mode-writearound-crc-enable-gc-gc0-test_script-recreate_loop-e7a6" finished message: "{'result': 'pass', 'status': 'finished', 'time': 308127.552696708}"
2025-08-11 11:03:13,084 avocado.test INFO | ./pcache.py:PcacheTest.test;run-cache_mode-writearound-crc-enable-gc-gc0-test_script-recreate_loop-e7a6: PASS
2025-08-11 11:03:13,084 avocado.test INFO | More information in /root/avocado/job-results/job-2025-08-10T21.33-aa6cbdd/test-results/54-._pcache.py_PcacheTest.test_run-cache_mode-writearound-crc-enable-gc-gc0-test_script-recreate_loop-e7a6
2025-08-11 11:03:13,109 avocado.core.task.statemachine DEBUG| Task "54-./pcache.py:PcacheTest.test;run-cache_mode-writearound-crc-enable-gc-gc0-test_script-recreate_loop-e7a6" finished
2025-08-11 11:03:13,109 avocado.core.task.statemachine DEBUG| Task "55-./pcache.py:PcacheTest.test;run-cache_mode-writearound-crc-disable-gc-gc0-test_script-default-f843": requested -> triaging
2025-08-11 11:03:13,109 avocado.core.task.statemachine DEBUG| Task "55-./pcache.py:PcacheTest.test;run-cache_mode-writearound-crc-disable-gc-gc0-test_script-default-f843": requirements OK (will proceed to check dependencies)
2025-08-11 11:03:13,109 avocado.core.task.statemachine DEBUG| Task "55-./pcache.py:PcacheTest.test;run-cache_mode-writearound-crc-disable-gc-gc0-test_script-default-f843": about to be spawned with "<avocado.plugins.spawners.process.ProcessSpawner object at 0x7fa7e6a66450>"
2025-08-11 11:03:13,111 avocado.core.task.statemachine DEBUG| Task "55-./pcache.py:PcacheTest.test;run-cache_mode-writearound-crc-disable-gc-gc0-test_script-default-f843": spawned successfully
2025-08-11 11:03:13,513 avocado.core.status.repo DEBUG| Task "55-./pcache.py:PcacheTest.test;run-cache_mode-writearound-crc-disable-gc-gc0-test_script-default-f843" started message: "{'status': 'started', 'time': 308128.117752097, 'output_dir': '/root/avocado/job-results/job-2025-08-10T21.33-aa6cbdd/test-results/55-._pcache.py_PcacheTest.test_run-cache_mode-writearound-crc-disable-gc-gc0-test_script-default-f843', 'id': '55-./pcache.py:PcacheTest.test;run-cache_mode-writearound-crc-disable-gc-gc0-test_script-default-f843'}"
2025-08-11 11:03:13,537 avocado.test INFO | ./pcache.py:PcacheTest.test;run-cache_mode-writearound-crc-disable-gc-gc0-test_script-default-f843: STARTED
2025-08-11 11:03:14,217 avocado.core.status.repo DEBUG| Task "55-./pcache.py:PcacheTest.test;run-cache_mode-writearound-crc-disable-gc-gc0-test_script-default-f843" finished message: "{'result': 'pass', 'status': 'finished', 'time': 308128.725765988}"
2025-08-11 11:03:14,267 avocado.test INFO | ./pcache.py:PcacheTest.test;run-cache_mode-writearound-crc-disable-gc-gc0-test_script-default-f843: PASS
2025-08-11 11:03:14,267 avocado.test INFO | More information in /root/avocado/job-results/job-2025-08-10T21.33-aa6cbdd/test-results/55-._pcache.py_PcacheTest.test_run-cache_mode-writearound-crc-disable-gc-gc0-test_script-default-f843
2025-08-11 11:03:14,289 avocado.core.task.statemachine DEBUG| Task "55-./pcache.py:PcacheTest.test;run-cache_mode-writearound-crc-disable-gc-gc0-test_script-default-f843" finished
2025-08-11 11:03:14,289 avocado.core.task.statemachine DEBUG| Task "56-./pcache.py:PcacheTest.test;run-cache_mode-writearound-crc-disable-gc-gc0-test_script-xfstests-89fd": requested -> triaging
2025-08-11 11:03:14,289 avocado.core.task.statemachine DEBUG| Task "56-./pcache.py:PcacheTest.test;run-cache_mode-writearound-crc-disable-gc-gc0-test_script-xfstests-89fd": requirements OK (will proceed to check dependencies)
2025-08-11 11:03:14,289 avocado.core.task.statemachine DEBUG| Task "56-./pcache.py:PcacheTest.test;run-cache_mode-writearound-crc-disable-gc-gc0-test_script-xfstests-89fd": about to be spawned with "<avocado.plugins.spawners.process.ProcessSpawner object at 0x7fa7e6a66450>"
2025-08-11 11:03:14,291 avocado.core.task.statemachine DEBUG| Task "56-./pcache.py:PcacheTest.test;run-cache_mode-writearound-crc-disable-gc-gc0-test_script-xfstests-89fd": spawned successfully
2025-08-11 11:03:14,703 avocado.core.status.repo DEBUG| Task "56-./pcache.py:PcacheTest.test;run-cache_mode-writearound-crc-disable-gc-gc0-test_script-xfstests-89fd" started message: "{'status': 'started', 'time': 308129.309223868, 'output_dir': '/root/avocado/job-results/job-2025-08-10T21.33-aa6cbdd/test-results/56-._pcache.py_PcacheTest.test_run-cache_mode-writearound-crc-disable-gc-gc0-test_script-xfstests-89fd', 'id': '56-./pcache.py:PcacheTest.test;run-cache_mode-writearound-crc-disable-gc-gc0-test_script-xfstests-89fd'}"
2025-08-11 11:03:14,722 avocado.test INFO | ./pcache.py:PcacheTest.test;run-cache_mode-writearound-crc-disable-gc-gc0-test_script-xfstests-89fd: STARTED
2025-08-11 11:03:15,409 avocado.core.status.repo DEBUG| Task "56-./pcache.py:PcacheTest.test;run-cache_mode-writearound-crc-disable-gc-gc0-test_script-xfstests-89fd" finished message: "{'result': 'pass', 'status': 'finished', 'time': 308129.914764883}"
2025-08-11 11:03:15,458 avocado.test INFO | ./pcache.py:PcacheTest.test;run-cache_mode-writearound-crc-disable-gc-gc0-test_script-xfstests-89fd: PASS
2025-08-11 11:03:15,458 avocado.test INFO | More information in /root/avocado/job-results/job-2025-08-10T21.33-aa6cbdd/test-results/56-._pcache.py_PcacheTest.test_run-cache_mode-writearound-crc-disable-gc-gc0-test_script-xfstests-89fd
2025-08-11 11:03:15,468 avocado.core.task.statemachine DEBUG| Task "56-./pcache.py:PcacheTest.test;run-cache_mode-writearound-crc-disable-gc-gc0-test_script-xfstests-89fd" finished
2025-08-11 11:03:15,468 avocado.core.task.statemachine DEBUG| Task "57-./pcache.py:PcacheTest.test;run-cache_mode-writearound-crc-disable-gc-gc0-test_script-misc-9271": requested -> triaging
2025-08-11 11:03:15,468 avocado.core.task.statemachine DEBUG| Task "57-./pcache.py:PcacheTest.test;run-cache_mode-writearound-crc-disable-gc-gc0-test_script-misc-9271": requirements OK (will proceed to check dependencies)
2025-08-11 11:03:15,468 avocado.core.task.statemachine DEBUG| Task "57-./pcache.py:PcacheTest.test;run-cache_mode-writearound-crc-disable-gc-gc0-test_script-misc-9271": about to be spawned with "<avocado.plugins.spawners.process.ProcessSpawner object at 0x7fa7e6a66450>"
2025-08-11 11:03:15,470 avocado.core.task.statemachine DEBUG| Task "57-./pcache.py:PcacheTest.test;run-cache_mode-writearound-crc-disable-gc-gc0-test_script-misc-9271": spawned successfully
2025-08-11 11:03:15,876 avocado.core.status.repo DEBUG| Task "57-./pcache.py:PcacheTest.test;run-cache_mode-writearound-crc-disable-gc-gc0-test_script-misc-9271" started message: "{'status': 'started', 'time': 308130.482661923, 'output_dir': '/root/avocado/job-results/job-2025-08-10T21.33-aa6cbdd/test-results/57-._pcache.py_PcacheTest.test_run-cache_mode-writearound-crc-disable-gc-gc0-test_script-misc-9271', 'id': '57-./pcache.py:PcacheTest.test;run-cache_mode-writearound-crc-disable-gc-gc0-test_script-misc-9271'}"
2025-08-11 11:03:15,912 avocado.test INFO | ./pcache.py:PcacheTest.test;run-cache_mode-writearound-crc-disable-gc-gc0-test_script-misc-9271: STARTED
2025-08-11 11:03:16,542 avocado.core.status.repo DEBUG| Task "57-./pcache.py:PcacheTest.test;run-cache_mode-writearound-crc-disable-gc-gc0-test_script-misc-9271" finished message: "{'result': 'pass', 'status': 'finished', 'time': 308131.054223071}"
2025-08-11 11:03:16,595 avocado.test INFO | ./pcache.py:PcacheTest.test;run-cache_mode-writearound-crc-disable-gc-gc0-test_script-misc-9271: PASS
2025-08-11 11:03:16,595 avocado.test INFO | More information in /root/avocado/job-results/job-2025-08-10T21.33-aa6cbdd/test-results/57-._pcache.py_PcacheTest.test_run-cache_mode-writearound-crc-disable-gc-gc0-test_script-misc-9271
2025-08-11 11:03:16,602 avocado.core.task.statemachine DEBUG| Task "57-./pcache.py:PcacheTest.test;run-cache_mode-writearound-crc-disable-gc-gc0-test_script-misc-9271" finished
2025-08-11 11:03:16,602 avocado.core.task.statemachine DEBUG| Task "58-./pcache.py:PcacheTest.test;run-cache_mode-writearound-crc-disable-gc-gc0-test_script-failslab-faca": requested -> triaging
2025-08-11 11:03:16,602 avocado.core.task.statemachine DEBUG| Task "58-./pcache.py:PcacheTest.test;run-cache_mode-writearound-crc-disable-gc-gc0-test_script-failslab-faca": requirements OK (will proceed to check dependencies)
2025-08-11 11:03:16,602 avocado.core.task.statemachine DEBUG| Task "58-./pcache.py:PcacheTest.test;run-cache_mode-writearound-crc-disable-gc-gc0-test_script-failslab-faca": about to be spawned with "<avocado.plugins.spawners.process.ProcessSpawner object at 0x7fa7e6a66450>"
2025-08-11 11:03:16,604 avocado.core.task.statemachine DEBUG| Task "58-./pcache.py:PcacheTest.test;run-cache_mode-writearound-crc-disable-gc-gc0-test_script-failslab-faca": spawned successfully
2025-08-11 11:03:17,012 avocado.core.status.repo DEBUG| Task "58-./pcache.py:PcacheTest.test;run-cache_mode-writearound-crc-disable-gc-gc0-test_script-failslab-faca" started message: "{'status': 'started', 'time': 308131.618812193, 'output_dir': '/root/avocado/job-results/job-2025-08-10T21.33-aa6cbdd/test-results/58-._pcache.py_PcacheTest.test_run-cache_mode-writearound-crc-disable-gc-gc0-test_script-failslab-faca', 'id': '58-./pcache.py:PcacheTest.test;run-cache_mode-writearound-crc-disable-gc-gc0-test_script-failslab-faca'}"
2025-08-11 11:03:17,049 avocado.test INFO | ./pcache.py:PcacheTest.test;run-cache_mode-writearound-crc-disable-gc-gc0-test_script-failslab-faca: STARTED
2025-08-11 11:03:17,738 avocado.core.status.repo DEBUG| Task "58-./pcache.py:PcacheTest.test;run-cache_mode-writearound-crc-disable-gc-gc0-test_script-failslab-faca" finished message: "{'result': 'pass', 'status': 'finished', 'time': 308132.246255968}"
2025-08-11 11:03:17,778 avocado.test INFO | ./pcache.py:PcacheTest.test;run-cache_mode-writearound-crc-disable-gc-gc0-test_script-failslab-faca: PASS
2025-08-11 11:03:17,778 avocado.test INFO | More information in /root/avocado/job-results/job-2025-08-10T21.33-aa6cbdd/test-results/58-._pcache.py_PcacheTest.test_run-cache_mode-writearound-crc-disable-gc-gc0-test_script-failslab-faca
2025-08-11 11:03:17,813 avocado.core.task.statemachine DEBUG| Task "58-./pcache.py:PcacheTest.test;run-cache_mode-writearound-crc-disable-gc-gc0-test_script-failslab-faca" finished
2025-08-11 11:03:17,813 avocado.core.task.statemachine DEBUG| Task "59-./pcache.py:PcacheTest.test;run-cache_mode-writearound-crc-disable-gc-gc0-test_script-fail_make_request-e98d": requested -> triaging
2025-08-11 11:03:17,813 avocado.core.task.statemachine DEBUG| Task "59-./pcache.py:PcacheTest.test;run-cache_mode-writearound-crc-disable-gc-gc0-test_script-fail_make_request-e98d": requirements OK (will proceed to check dependencies)
2025-08-11 11:03:17,813 avocado.core.task.statemachine DEBUG| Task "59-./pcache.py:PcacheTest.test;run-cache_mode-writearound-crc-disable-gc-gc0-test_script-fail_make_request-e98d": about to be spawned with "<avocado.plugins.spawners.process.ProcessSpawner object at 0x7fa7e6a66450>"
2025-08-11 11:03:17,815 avocado.core.task.statemachine DEBUG| Task "59-./pcache.py:PcacheTest.test;run-cache_mode-writearound-crc-disable-gc-gc0-test_script-fail_make_request-e98d": spawned successfully
2025-08-11 11:03:18,221 avocado.core.status.repo DEBUG| Task "59-./pcache.py:PcacheTest.test;run-cache_mode-writearound-crc-disable-gc-gc0-test_script-fail_make_request-e98d" started message: "{'status': 'started', 'time': 308132.828068912, 'output_dir': '/root/avocado/job-results/job-2025-08-10T21.33-aa6cbdd/test-results/59-._pcache.py_PcacheTest.test_run-cache_mode-writearound-crc-disable-gc-gc0-test_script-fail_make_request-e98d', 'id': '59-./pcache.py:PcacheTest.test;run-cache_mode-writearound-crc-disable-gc-gc0-test_script-fail_make_request-e98d'}"
2025-08-11 11:03:18,232 avocado.test INFO | ./pcache.py:PcacheTest.test;run-cache_mode-writearound-crc-disable-gc-gc0-test_script-fail_make_request-e98d: STARTED
2025-08-11 11:03:19,418 avocado.core.status.repo DEBUG| Task "59-./pcache.py:PcacheTest.test;run-cache_mode-writearound-crc-disable-gc-gc0-test_script-fail_make_request-e98d" finished message: "{'result': 'pass', 'status': 'finished', 'time': 308133.931142823}"
2025-08-11 11:03:19,468 avocado.test INFO | ./pcache.py:PcacheTest.test;run-cache_mode-writearound-crc-disable-gc-gc0-test_script-fail_make_request-e98d: PASS
2025-08-11 11:03:19,468 avocado.test INFO | More information in /root/avocado/job-results/job-2025-08-10T21.33-aa6cbdd/test-results/59-._pcache.py_PcacheTest.test_run-cache_mode-writearound-crc-disable-gc-gc0-test_script-fail_make_request-e98d
2025-08-11 11:03:19,477 avocado.core.task.statemachine DEBUG| Task "59-./pcache.py:PcacheTest.test;run-cache_mode-writearound-crc-disable-gc-gc0-test_script-fail_make_request-e98d" finished
2025-08-11 11:03:19,477 avocado.core.task.statemachine DEBUG| Task "60-./pcache.py:PcacheTest.test;run-cache_mode-writearound-crc-disable-gc-gc0-test_script-recreate_loop-cb17": requested -> triaging
2025-08-11 11:03:19,477 avocado.core.task.statemachine DEBUG| Task "60-./pcache.py:PcacheTest.test;run-cache_mode-writearound-crc-disable-gc-gc0-test_script-recreate_loop-cb17": requirements OK (will proceed to check dependencies)
2025-08-11 11:03:19,478 avocado.core.task.statemachine DEBUG| Task "60-./pcache.py:PcacheTest.test;run-cache_mode-writearound-crc-disable-gc-gc0-test_script-recreate_loop-cb17": about to be spawned with "<avocado.plugins.spawners.process.ProcessSpawner object at 0x7fa7e6a66450>"
2025-08-11 11:03:19,480 avocado.core.task.statemachine DEBUG| Task "60-./pcache.py:PcacheTest.test;run-cache_mode-writearound-crc-disable-gc-gc0-test_script-recreate_loop-cb17": spawned successfully
2025-08-11 11:03:19,893 avocado.core.status.repo DEBUG| Task "60-./pcache.py:PcacheTest.test;run-cache_mode-writearound-crc-disable-gc-gc0-test_script-recreate_loop-cb17" started message: "{'status': 'started', 'time': 308134.498932678, 'output_dir': '/root/avocado/job-results/job-2025-08-10T21.33-aa6cbdd/test-results/60-._pcache.py_PcacheTest.test_run-cache_mode-writearound-crc-disable-gc-gc0-test_script-recreate_loop-cb17', 'id': '60-./pcache.py:PcacheTest.test;run-cache_mode-writearound-crc-disable-gc-gc0-test_script-recreate_loop-cb17'}"
2025-08-11 11:03:19,922 avocado.test INFO | ./pcache.py:PcacheTest.test;run-cache_mode-writearound-crc-disable-gc-gc0-test_script-recreate_loop-cb17: STARTED
2025-08-11 11:03:20,209 avocado.core.status.repo DEBUG| Task "60-./pcache.py:PcacheTest.test;run-cache_mode-writearound-crc-disable-gc-gc0-test_script-recreate_loop-cb17" finished message: "{'result': 'pass', 'status': 'finished', 'time': 308134.716233979}"
2025-08-11 11:03:20,246 avocado.test INFO | ./pcache.py:PcacheTest.test;run-cache_mode-writearound-crc-disable-gc-gc0-test_script-recreate_loop-cb17: PASS
2025-08-11 11:03:20,246 avocado.test INFO | More information in /root/avocado/job-results/job-2025-08-10T21.33-aa6cbdd/test-results/60-._pcache.py_PcacheTest.test_run-cache_mode-writearound-crc-disable-gc-gc0-test_script-recreate_loop-cb17
2025-08-11 11:03:20,269 avocado.core.task.statemachine DEBUG| Task "60-./pcache.py:PcacheTest.test;run-cache_mode-writearound-crc-disable-gc-gc0-test_script-recreate_loop-cb17" finished
2025-08-11 11:03:20,269 avocado.core.task.statemachine DEBUG| Task "61-./pcache.py:PcacheTest.test;run-cache_mode-writearound-crc-enable-gc-gc80-test_script-default-d719": requested -> triaging
2025-08-11 11:03:20,269 avocado.core.task.statemachine DEBUG| Task "61-./pcache.py:PcacheTest.test;run-cache_mode-writearound-crc-enable-gc-gc80-test_script-default-d719": requirements OK (will proceed to check dependencies)
2025-08-11 11:03:20,269 avocado.core.task.statemachine DEBUG| Task "61-./pcache.py:PcacheTest.test;run-cache_mode-writearound-crc-enable-gc-gc80-test_script-default-d719": about to be spawned with "<avocado.plugins.spawners.process.ProcessSpawner object at 0x7fa7e6a66450>"
2025-08-11 11:03:20,271 avocado.core.task.statemachine DEBUG| Task "61-./pcache.py:PcacheTest.test;run-cache_mode-writearound-crc-enable-gc-gc80-test_script-default-d719": spawned successfully
2025-08-11 11:03:20,680 avocado.core.status.repo DEBUG| Task "61-./pcache.py:PcacheTest.test;run-cache_mode-writearound-crc-enable-gc-gc80-test_script-default-d719" started message: "{'status': 'started', 'time': 308135.286646113, 'output_dir': '/root/avocado/job-results/job-2025-08-10T21.33-aa6cbdd/test-results/61-._pcache.py_PcacheTest.test_run-cache_mode-writearound-crc-enable-gc-gc80-test_script-default-d719', 'id': '61-./pcache.py:PcacheTest.test;run-cache_mode-writearound-crc-enable-gc-gc80-test_script-default-d719'}"
2025-08-11 11:03:20,701 avocado.test INFO | ./pcache.py:PcacheTest.test;run-cache_mode-writearound-crc-enable-gc-gc80-test_script-default-d719: STARTED
2025-08-11 11:03:21,387 avocado.core.status.repo DEBUG| Task "61-./pcache.py:PcacheTest.test;run-cache_mode-writearound-crc-enable-gc-gc80-test_script-default-d719" finished message: "{'result': 'pass', 'status': 'finished', 'time': 308135.899738501}"
2025-08-11 11:03:21,429 avocado.test INFO | ./pcache.py:PcacheTest.test;run-cache_mode-writearound-crc-enable-gc-gc80-test_script-default-d719: PASS
2025-08-11 11:03:21,429 avocado.test INFO | More information in /root/avocado/job-results/job-2025-08-10T21.33-aa6cbdd/test-results/61-._pcache.py_PcacheTest.test_run-cache_mode-writearound-crc-enable-gc-gc80-test_script-default-d719
2025-08-11 11:03:21,463 avocado.core.task.statemachine DEBUG| Task "61-./pcache.py:PcacheTest.test;run-cache_mode-writearound-crc-enable-gc-gc80-test_script-default-d719" finished
2025-08-11 11:03:21,463 avocado.core.task.statemachine DEBUG| Task "62-./pcache.py:PcacheTest.test;run-cache_mode-writearound-crc-enable-gc-gc80-test_script-xfstests-1bfb": requested -> triaging
2025-08-11 11:03:21,463 avocado.core.task.statemachine DEBUG| Task "62-./pcache.py:PcacheTest.test;run-cache_mode-writearound-crc-enable-gc-gc80-test_script-xfstests-1bfb": requirements OK (will proceed to check dependencies)
2025-08-11 11:03:21,463 avocado.core.task.statemachine DEBUG| Task "62-./pcache.py:PcacheTest.test;run-cache_mode-writearound-crc-enable-gc-gc80-test_script-xfstests-1bfb": about to be spawned with "<avocado.plugins.spawners.process.ProcessSpawner object at 0x7fa7e6a66450>"
2025-08-11 11:03:21,465 avocado.core.task.statemachine DEBUG| Task "62-./pcache.py:PcacheTest.test;run-cache_mode-writearound-crc-enable-gc-gc80-test_script-xfstests-1bfb": spawned successfully
2025-08-11 11:03:21,873 avocado.core.status.repo DEBUG| Task "62-./pcache.py:PcacheTest.test;run-cache_mode-writearound-crc-enable-gc-gc80-test_script-xfstests-1bfb" started message: "{'status': 'started', 'time': 308136.479690081, 'output_dir': '/root/avocado/job-results/job-2025-08-10T21.33-aa6cbdd/test-results/62-._pcache.py_PcacheTest.test_run-cache_mode-writearound-crc-enable-gc-gc80-test_script-xfstests-1bfb', 'id': '62-./pcache.py:PcacheTest.test;run-cache_mode-writearound-crc-enable-gc-gc80-test_script-xfstests-1bfb'}"
2025-08-11 11:03:21,882 avocado.test INFO | ./pcache.py:PcacheTest.test;run-cache_mode-writearound-crc-enable-gc-gc80-test_script-xfstests-1bfb: STARTED
2025-08-11 11:03:22,548 avocado.core.status.repo DEBUG| Task "62-./pcache.py:PcacheTest.test;run-cache_mode-writearound-crc-enable-gc-gc80-test_script-xfstests-1bfb" finished message: "{'result': 'pass', 'status': 'finished', 'time': 308137.059850284}"
2025-08-11 11:03:22,609 avocado.test INFO | ./pcache.py:PcacheTest.test;run-cache_mode-writearound-crc-enable-gc-gc80-test_script-xfstests-1bfb: PASS
2025-08-11 11:03:22,609 avocado.test INFO | More information in /root/avocado/job-results/job-2025-08-10T21.33-aa6cbdd/test-results/62-._pcache.py_PcacheTest.test_run-cache_mode-writearound-crc-enable-gc-gc80-test_script-xfstests-1bfb
2025-08-11 11:03:22,630 avocado.core.task.statemachine DEBUG| Task "62-./pcache.py:PcacheTest.test;run-cache_mode-writearound-crc-enable-gc-gc80-test_script-xfstests-1bfb" finished
2025-08-11 11:03:22,631 avocado.core.task.statemachine DEBUG| Task "63-./pcache.py:PcacheTest.test;run-cache_mode-writearound-crc-enable-gc-gc80-test_script-misc-5417": requested -> triaging
2025-08-11 11:03:22,631 avocado.core.task.statemachine DEBUG| Task "63-./pcache.py:PcacheTest.test;run-cache_mode-writearound-crc-enable-gc-gc80-test_script-misc-5417": requirements OK (will proceed to check dependencies)
2025-08-11 11:03:22,631 avocado.core.task.statemachine DEBUG| Task "63-./pcache.py:PcacheTest.test;run-cache_mode-writearound-crc-enable-gc-gc80-test_script-misc-5417": about to be spawned with "<avocado.plugins.spawners.process.ProcessSpawner object at 0x7fa7e6a66450>"
2025-08-11 11:03:22,633 avocado.core.task.statemachine DEBUG| Task "63-./pcache.py:PcacheTest.test;run-cache_mode-writearound-crc-enable-gc-gc80-test_script-misc-5417": spawned successfully
2025-08-11 11:03:23,043 avocado.core.status.repo DEBUG| Task "63-./pcache.py:PcacheTest.test;run-cache_mode-writearound-crc-enable-gc-gc80-test_script-misc-5417" started message: "{'status': 'started', 'time': 308137.650007757, 'output_dir': '/root/avocado/job-results/job-2025-08-10T21.33-aa6cbdd/test-results/63-._pcache.py_PcacheTest.test_run-cache_mode-writearound-crc-enable-gc-gc80-test_script-misc-5417', 'id': '63-./pcache.py:PcacheTest.test;run-cache_mode-writearound-crc-enable-gc-gc80-test_script-misc-5417'}"
2025-08-11 11:03:23,063 avocado.test INFO | ./pcache.py:PcacheTest.test;run-cache_mode-writearound-crc-enable-gc-gc80-test_script-misc-5417: STARTED
2025-08-11 11:03:23,739 avocado.core.status.repo DEBUG| Task "63-./pcache.py:PcacheTest.test;run-cache_mode-writearound-crc-enable-gc-gc80-test_script-misc-5417" finished message: "{'result': 'pass', 'status': 'finished', 'time': 308138.244621729}"
2025-08-11 11:03:23,795 avocado.test INFO | ./pcache.py:PcacheTest.test;run-cache_mode-writearound-crc-enable-gc-gc80-test_script-misc-5417: PASS
2025-08-11 11:03:23,796 avocado.test INFO | More information in /root/avocado/job-results/job-2025-08-10T21.33-aa6cbdd/test-results/63-._pcache.py_PcacheTest.test_run-cache_mode-writearound-crc-enable-gc-gc80-test_script-misc-5417
2025-08-11 11:03:23,797 avocado.core.task.statemachine DEBUG| Task "63-./pcache.py:PcacheTest.test;run-cache_mode-writearound-crc-enable-gc-gc80-test_script-misc-5417" finished
2025-08-11 11:03:23,797 avocado.core.task.statemachine DEBUG| Task "64-./pcache.py:PcacheTest.test;run-cache_mode-writearound-crc-enable-gc-gc80-test_script-failslab-1743": requested -> triaging
2025-08-11 11:03:23,797 avocado.core.task.statemachine DEBUG| Task "64-./pcache.py:PcacheTest.test;run-cache_mode-writearound-crc-enable-gc-gc80-test_script-failslab-1743": requirements OK (will proceed to check dependencies)
2025-08-11 11:03:23,797 avocado.core.task.statemachine DEBUG| Task "64-./pcache.py:PcacheTest.test;run-cache_mode-writearound-crc-enable-gc-gc80-test_script-failslab-1743": about to be spawned with "<avocado.plugins.spawners.process.ProcessSpawner object at 0x7fa7e6a66450>"
2025-08-11 11:03:23,799 avocado.core.task.statemachine DEBUG| Task "64-./pcache.py:PcacheTest.test;run-cache_mode-writearound-crc-enable-gc-gc80-test_script-failslab-1743": spawned successfully
2025-08-11 11:03:24,208 avocado.core.status.repo DEBUG| Task "64-./pcache.py:PcacheTest.test;run-cache_mode-writearound-crc-enable-gc-gc80-test_script-failslab-1743" started message: "{'status': 'started', 'time': 308138.814363588, 'output_dir': '/root/avocado/job-results/job-2025-08-10T21.33-aa6cbdd/test-results/64-._pcache.py_PcacheTest.test_run-cache_mode-writearound-crc-enable-gc-gc80-test_script-failslab-1743', 'id': '64-./pcache.py:PcacheTest.test;run-cache_mode-writearound-crc-enable-gc-gc80-test_script-failslab-1743'}"
2025-08-11 11:03:24,250 avocado.test INFO | ./pcache.py:PcacheTest.test;run-cache_mode-writearound-crc-enable-gc-gc80-test_script-failslab-1743: STARTED
2025-08-11 11:03:24,935 avocado.core.status.repo DEBUG| Task "64-./pcache.py:PcacheTest.test;run-cache_mode-writearound-crc-enable-gc-gc80-test_script-failslab-1743" finished message: "{'result': 'pass', 'status': 'finished', 'time': 308139.443897333}"
2025-08-11 11:03:24,983 avocado.test INFO | ./pcache.py:PcacheTest.test;run-cache_mode-writearound-crc-enable-gc-gc80-test_script-failslab-1743: PASS
2025-08-11 11:03:24,983 avocado.test INFO | More information in /root/avocado/job-results/job-2025-08-10T21.33-aa6cbdd/test-results/64-._pcache.py_PcacheTest.test_run-cache_mode-writearound-crc-enable-gc-gc80-test_script-failslab-1743
2025-08-11 11:03:24,992 avocado.core.task.statemachine DEBUG| Task "64-./pcache.py:PcacheTest.test;run-cache_mode-writearound-crc-enable-gc-gc80-test_script-failslab-1743" finished
2025-08-11 11:03:24,992 avocado.core.task.statemachine DEBUG| Task "65-./pcache.py:PcacheTest.test;run-cache_mode-writearound-crc-enable-gc-gc80-test_script-fail_make_request-73cb": requested -> triaging
2025-08-11 11:03:24,992 avocado.core.task.statemachine DEBUG| Task "65-./pcache.py:PcacheTest.test;run-cache_mode-writearound-crc-enable-gc-gc80-test_script-fail_make_request-73cb": requirements OK (will proceed to check dependencies)
2025-08-11 11:03:24,992 avocado.core.task.statemachine DEBUG| Task "65-./pcache.py:PcacheTest.test;run-cache_mode-writearound-crc-enable-gc-gc80-test_script-fail_make_request-73cb": about to be spawned with "<avocado.plugins.spawners.process.ProcessSpawner object at 0x7fa7e6a66450>"
2025-08-11 11:03:24,994 avocado.core.task.statemachine DEBUG| Task "65-./pcache.py:PcacheTest.test;run-cache_mode-writearound-crc-enable-gc-gc80-test_script-fail_make_request-73cb": spawned successfully
2025-08-11 11:03:25,410 avocado.core.status.repo DEBUG| Task "65-./pcache.py:PcacheTest.test;run-cache_mode-writearound-crc-enable-gc-gc80-test_script-fail_make_request-73cb" started message: "{'status': 'started', 'time': 308140.016543404, 'output_dir': '/root/avocado/job-results/job-2025-08-10T21.33-aa6cbdd/test-results/65-._pcache.py_PcacheTest.test_run-cache_mode-writearound-crc-enable-gc-gc80-test_script-fail_make_request-73cb', 'id': '65-./pcache.py:PcacheTest.test;run-cache_mode-writearound-crc-enable-gc-gc80-test_script-fail_make_request-73cb'}"
2025-08-11 11:03:25,437 avocado.test INFO | ./pcache.py:PcacheTest.test;run-cache_mode-writearound-crc-enable-gc-gc80-test_script-fail_make_request-73cb: STARTED
2025-08-11 11:03:26,608 avocado.core.status.repo DEBUG| Task "65-./pcache.py:PcacheTest.test;run-cache_mode-writearound-crc-enable-gc-gc80-test_script-fail_make_request-73cb" finished message: "{'result': 'pass', 'status': 'finished', 'time': 308141.114426401}"
2025-08-11 11:03:26,671 avocado.test INFO | ./pcache.py:PcacheTest.test;run-cache_mode-writearound-crc-enable-gc-gc80-test_script-fail_make_request-73cb: PASS
2025-08-11 11:03:26,671 avocado.test INFO | More information in /root/avocado/job-results/job-2025-08-10T21.33-aa6cbdd/test-results/65-._pcache.py_PcacheTest.test_run-cache_mode-writearound-crc-enable-gc-gc80-test_script-fail_make_request-73cb
2025-08-11 11:03:26,673 avocado.core.task.statemachine DEBUG| Task "65-./pcache.py:PcacheTest.test;run-cache_mode-writearound-crc-enable-gc-gc80-test_script-fail_make_request-73cb" finished
2025-08-11 11:03:26,674 avocado.core.task.statemachine DEBUG| Task "66-./pcache.py:PcacheTest.test;run-cache_mode-writearound-crc-enable-gc-gc80-test_script-recreate_loop-eee8": requested -> triaging
2025-08-11 11:03:26,674 avocado.core.task.statemachine DEBUG| Task "66-./pcache.py:PcacheTest.test;run-cache_mode-writearound-crc-enable-gc-gc80-test_script-recreate_loop-eee8": requirements OK (will proceed to check dependencies)
2025-08-11 11:03:26,674 avocado.core.task.statemachine DEBUG| Task "66-./pcache.py:PcacheTest.test;run-cache_mode-writearound-crc-enable-gc-gc80-test_script-recreate_loop-eee8": about to be spawned with "<avocado.plugins.spawners.process.ProcessSpawner object at 0x7fa7e6a66450>"
2025-08-11 11:03:26,676 avocado.core.task.statemachine DEBUG| Task "66-./pcache.py:PcacheTest.test;run-cache_mode-writearound-crc-enable-gc-gc80-test_script-recreate_loop-eee8": spawned successfully
2025-08-11 11:03:27,076 avocado.core.status.repo DEBUG| Task "66-./pcache.py:PcacheTest.test;run-cache_mode-writearound-crc-enable-gc-gc80-test_script-recreate_loop-eee8" started message: "{'status': 'started', 'time': 308141.682597516, 'output_dir': '/root/avocado/job-results/job-2025-08-10T21.33-aa6cbdd/test-results/66-._pcache.py_PcacheTest.test_run-cache_mode-writearound-crc-enable-gc-gc80-test_script-recreate_loop-eee8', 'id': '66-./pcache.py:PcacheTest.test;run-cache_mode-writearound-crc-enable-gc-gc80-test_script-recreate_loop-eee8'}"
2025-08-11 11:03:27,125 avocado.test INFO | ./pcache.py:PcacheTest.test;run-cache_mode-writearound-crc-enable-gc-gc80-test_script-recreate_loop-eee8: STARTED
2025-08-11 11:03:27,382 avocado.core.status.repo DEBUG| Task "66-./pcache.py:PcacheTest.test;run-cache_mode-writearound-crc-enable-gc-gc80-test_script-recreate_loop-eee8" finished message: "{'result': 'pass', 'status': 'finished', 'time': 308141.895990168}"
2025-08-11 11:03:27,405 avocado.test INFO | ./pcache.py:PcacheTest.test;run-cache_mode-writearound-crc-enable-gc-gc80-test_script-recreate_loop-eee8: PASS
2025-08-11 11:03:27,405 avocado.test INFO | More information in /root/avocado/job-results/job-2025-08-10T21.33-aa6cbdd/test-results/66-._pcache.py_PcacheTest.test_run-cache_mode-writearound-crc-enable-gc-gc80-test_script-recreate_loop-eee8
2025-08-11 11:03:27,440 avocado.core.task.statemachine DEBUG| Task "66-./pcache.py:PcacheTest.test;run-cache_mode-writearound-crc-enable-gc-gc80-test_script-recreate_loop-eee8" finished
2025-08-11 11:03:27,441 avocado.core.task.statemachine DEBUG| Task "67-./pcache.py:PcacheTest.test;run-cache_mode-writearound-crc-disable-gc-gc80-test_script-default-c93e": requested -> triaging
2025-08-11 11:03:27,441 avocado.core.task.statemachine DEBUG| Task "67-./pcache.py:PcacheTest.test;run-cache_mode-writearound-crc-disable-gc-gc80-test_script-default-c93e": requirements OK (will proceed to check dependencies)
2025-08-11 11:03:27,441 avocado.core.task.statemachine DEBUG| Task "67-./pcache.py:PcacheTest.test;run-cache_mode-writearound-crc-disable-gc-gc80-test_script-default-c93e": about to be spawned with "<avocado.plugins.spawners.process.ProcessSpawner object at 0x7fa7e6a66450>"
2025-08-11 11:03:27,443 avocado.core.task.statemachine DEBUG| Task "67-./pcache.py:PcacheTest.test;run-cache_mode-writearound-crc-disable-gc-gc80-test_script-default-c93e": spawned successfully
2025-08-11 11:03:27,851 avocado.core.status.repo DEBUG| Task "67-./pcache.py:PcacheTest.test;run-cache_mode-writearound-crc-disable-gc-gc80-test_script-default-c93e" started message: "{'status': 'started', 'time': 308142.457756558, 'output_dir': '/root/avocado/job-results/job-2025-08-10T21.33-aa6cbdd/test-results/67-._pcache.py_PcacheTest.test_run-cache_mode-writearound-crc-disable-gc-gc80-test_script-default-c93e', 'id': '67-./pcache.py:PcacheTest.test;run-cache_mode-writearound-crc-disable-gc-gc80-test_script-default-c93e'}"
2025-08-11 11:03:27,860 avocado.test INFO | ./pcache.py:PcacheTest.test;run-cache_mode-writearound-crc-disable-gc-gc80-test_script-default-c93e: STARTED
2025-08-11 11:03:28,527 avocado.core.status.repo DEBUG| Task "67-./pcache.py:PcacheTest.test;run-cache_mode-writearound-crc-disable-gc-gc80-test_script-default-c93e" finished message: "{'result': 'pass', 'status': 'finished', 'time': 308143.031307584}"
2025-08-11 11:03:28,593 avocado.test INFO | ./pcache.py:PcacheTest.test;run-cache_mode-writearound-crc-disable-gc-gc80-test_script-default-c93e: PASS
2025-08-11 11:03:28,593 avocado.test INFO | More information in /root/avocado/job-results/job-2025-08-10T21.33-aa6cbdd/test-results/67-._pcache.py_PcacheTest.test_run-cache_mode-writearound-crc-disable-gc-gc80-test_script-default-c93e
2025-08-11 11:03:28,594 avocado.core.task.statemachine DEBUG| Task "67-./pcache.py:PcacheTest.test;run-cache_mode-writearound-crc-disable-gc-gc80-test_script-default-c93e" finished
2025-08-11 11:03:28,594 avocado.core.task.statemachine DEBUG| Task "68-./pcache.py:PcacheTest.test;run-cache_mode-writearound-crc-disable-gc-gc80-test_script-xfstests-ca9c": requested -> triaging
2025-08-11 11:03:28,594 avocado.core.task.statemachine DEBUG| Task "68-./pcache.py:PcacheTest.test;run-cache_mode-writearound-crc-disable-gc-gc80-test_script-xfstests-ca9c": requirements OK (will proceed to check dependencies)
2025-08-11 11:03:28,594 avocado.core.task.statemachine DEBUG| Task "68-./pcache.py:PcacheTest.test;run-cache_mode-writearound-crc-disable-gc-gc80-test_script-xfstests-ca9c": about to be spawned with "<avocado.plugins.spawners.process.ProcessSpawner object at 0x7fa7e6a66450>"
2025-08-11 11:03:28,598 avocado.core.task.statemachine DEBUG| Task "68-./pcache.py:PcacheTest.test;run-cache_mode-writearound-crc-disable-gc-gc80-test_script-xfstests-ca9c": spawned successfully
2025-08-11 11:03:29,003 avocado.core.status.repo DEBUG| Task "68-./pcache.py:PcacheTest.test;run-cache_mode-writearound-crc-disable-gc-gc80-test_script-xfstests-ca9c" started message: "{'status': 'started', 'time': 308143.609889201, 'output_dir': '/root/avocado/job-results/job-2025-08-10T21.33-aa6cbdd/test-results/68-._pcache.py_PcacheTest.test_run-cache_mode-writearound-crc-disable-gc-gc80-test_script-xfstests-ca9c', 'id': '68-./pcache.py:PcacheTest.test;run-cache_mode-writearound-crc-disable-gc-gc80-test_script-xfstests-ca9c'}"
2025-08-11 11:03:29,047 avocado.test INFO | ./pcache.py:PcacheTest.test;run-cache_mode-writearound-crc-disable-gc-gc80-test_script-xfstests-ca9c: STARTED
2025-08-11 11:03:29,688 avocado.core.status.repo DEBUG| Task "68-./pcache.py:PcacheTest.test;run-cache_mode-writearound-crc-disable-gc-gc80-test_script-xfstests-ca9c" finished message: "{'result': 'pass', 'status': 'finished', 'time': 308144.195431607}"
2025-08-11 11:03:29,729 avocado.test INFO | ./pcache.py:PcacheTest.test;run-cache_mode-writearound-crc-disable-gc-gc80-test_script-xfstests-ca9c: PASS
2025-08-11 11:03:29,729 avocado.test INFO | More information in /root/avocado/job-results/job-2025-08-10T21.33-aa6cbdd/test-results/68-._pcache.py_PcacheTest.test_run-cache_mode-writearound-crc-disable-gc-gc80-test_script-xfstests-ca9c
2025-08-11 11:03:29,749 avocado.core.task.statemachine DEBUG| Task "68-./pcache.py:PcacheTest.test;run-cache_mode-writearound-crc-disable-gc-gc80-test_script-xfstests-ca9c" finished
2025-08-11 11:03:29,749 avocado.core.task.statemachine DEBUG| Task "69-./pcache.py:PcacheTest.test;run-cache_mode-writearound-crc-disable-gc-gc80-test_script-misc-e62d": requested -> triaging
2025-08-11 11:03:29,749 avocado.core.task.statemachine DEBUG| Task "69-./pcache.py:PcacheTest.test;run-cache_mode-writearound-crc-disable-gc-gc80-test_script-misc-e62d": requirements OK (will proceed to check dependencies)
2025-08-11 11:03:29,749 avocado.core.task.statemachine DEBUG| Task "69-./pcache.py:PcacheTest.test;run-cache_mode-writearound-crc-disable-gc-gc80-test_script-misc-e62d": about to be spawned with "<avocado.plugins.spawners.process.ProcessSpawner object at 0x7fa7e6a66450>"
2025-08-11 11:03:29,751 avocado.core.task.statemachine DEBUG| Task "69-./pcache.py:PcacheTest.test;run-cache_mode-writearound-crc-disable-gc-gc80-test_script-misc-e62d": spawned successfully
2025-08-11 11:03:30,153 avocado.core.status.repo DEBUG| Task "69-./pcache.py:PcacheTest.test;run-cache_mode-writearound-crc-disable-gc-gc80-test_script-misc-e62d" started message: "{'status': 'started', 'time': 308144.759769208, 'output_dir': '/root/avocado/job-results/job-2025-08-10T21.33-aa6cbdd/test-results/69-._pcache.py_PcacheTest.test_run-cache_mode-writearound-crc-disable-gc-gc80-test_script-misc-e62d', 'id': '69-./pcache.py:PcacheTest.test;run-cache_mode-writearound-crc-disable-gc-gc80-test_script-misc-e62d'}"
2025-08-11 11:03:30,183 avocado.test INFO | ./pcache.py:PcacheTest.test;run-cache_mode-writearound-crc-disable-gc-gc80-test_script-misc-e62d: STARTED
2025-08-11 11:03:30,808 avocado.core.status.repo DEBUG| Task "69-./pcache.py:PcacheTest.test;run-cache_mode-writearound-crc-disable-gc-gc80-test_script-misc-e62d" finished message: "{'result': 'pass', 'status': 'finished', 'time': 308145.319350606}"
2025-08-11 11:03:30,865 avocado.test INFO | ./pcache.py:PcacheTest.test;run-cache_mode-writearound-crc-disable-gc-gc80-test_script-misc-e62d: PASS
2025-08-11 11:03:30,865 avocado.test INFO | More information in /root/avocado/job-results/job-2025-08-10T21.33-aa6cbdd/test-results/69-._pcache.py_PcacheTest.test_run-cache_mode-writearound-crc-disable-gc-gc80-test_script-misc-e62d
2025-08-11 11:03:30,866 avocado.core.task.statemachine DEBUG| Task "69-./pcache.py:PcacheTest.test;run-cache_mode-writearound-crc-disable-gc-gc80-test_script-misc-e62d" finished
2025-08-11 11:03:30,866 avocado.core.task.statemachine DEBUG| Task "70-./pcache.py:PcacheTest.test;run-cache_mode-writearound-crc-disable-gc-gc80-test_script-failslab-05db": requested -> triaging
2025-08-11 11:03:30,866 avocado.core.task.statemachine DEBUG| Task "70-./pcache.py:PcacheTest.test;run-cache_mode-writearound-crc-disable-gc-gc80-test_script-failslab-05db": requirements OK (will proceed to check dependencies)
2025-08-11 11:03:30,866 avocado.core.task.statemachine DEBUG| Task "70-./pcache.py:PcacheTest.test;run-cache_mode-writearound-crc-disable-gc-gc80-test_script-failslab-05db": about to be spawned with "<avocado.plugins.spawners.process.ProcessSpawner object at 0x7fa7e6a66450>"
2025-08-11 11:03:30,868 avocado.core.task.statemachine DEBUG| Task "70-./pcache.py:PcacheTest.test;run-cache_mode-writearound-crc-disable-gc-gc80-test_script-failslab-05db": spawned successfully
2025-08-11 11:03:31,276 avocado.core.status.repo DEBUG| Task "70-./pcache.py:PcacheTest.test;run-cache_mode-writearound-crc-disable-gc-gc80-test_script-failslab-05db" started message: "{'status': 'started', 'time': 308145.882604805, 'output_dir': '/root/avocado/job-results/job-2025-08-10T21.33-aa6cbdd/test-results/70-._pcache.py_PcacheTest.test_run-cache_mode-writearound-crc-disable-gc-gc80-test_script-failslab-05db', 'id': '70-./pcache.py:PcacheTest.test;run-cache_mode-writearound-crc-disable-gc-gc80-test_script-failslab-05db'}"
2025-08-11 11:03:31,319 avocado.test INFO | ./pcache.py:PcacheTest.test;run-cache_mode-writearound-crc-disable-gc-gc80-test_script-failslab-05db: STARTED
2025-08-11 11:03:31,972 avocado.core.status.repo DEBUG| Task "70-./pcache.py:PcacheTest.test;run-cache_mode-writearound-crc-disable-gc-gc80-test_script-failslab-05db" finished message: "{'result': 'pass', 'status': 'finished', 'time': 308146.480809048}"
2025-08-11 11:03:32,007 avocado.test INFO | ./pcache.py:PcacheTest.test;run-cache_mode-writearound-crc-disable-gc-gc80-test_script-failslab-05db: PASS
2025-08-11 11:03:32,007 avocado.test INFO | More information in /root/avocado/job-results/job-2025-08-10T21.33-aa6cbdd/test-results/70-._pcache.py_PcacheTest.test_run-cache_mode-writearound-crc-disable-gc-gc80-test_script-failslab-05db
2025-08-11 11:03:32,047 avocado.core.task.statemachine DEBUG| Task "70-./pcache.py:PcacheTest.test;run-cache_mode-writearound-crc-disable-gc-gc80-test_script-failslab-05db" finished
2025-08-11 11:03:32,047 avocado.core.task.statemachine DEBUG| Task "71-./pcache.py:PcacheTest.test;run-cache_mode-writearound-crc-disable-gc-gc80-test_script-fail_make_request-a7f6": requested -> triaging
2025-08-11 11:03:32,047 avocado.core.task.statemachine DEBUG| Task "71-./pcache.py:PcacheTest.test;run-cache_mode-writearound-crc-disable-gc-gc80-test_script-fail_make_request-a7f6": requirements OK (will proceed to check dependencies)
2025-08-11 11:03:32,047 avocado.core.task.statemachine DEBUG| Task "71-./pcache.py:PcacheTest.test;run-cache_mode-writearound-crc-disable-gc-gc80-test_script-fail_make_request-a7f6": about to be spawned with "<avocado.plugins.spawners.process.ProcessSpawner object at 0x7fa7e6a66450>"
2025-08-11 11:03:32,049 avocado.core.task.statemachine DEBUG| Task "71-./pcache.py:PcacheTest.test;run-cache_mode-writearound-crc-disable-gc-gc80-test_script-fail_make_request-a7f6": spawned successfully
2025-08-11 11:03:32,450 avocado.core.status.repo DEBUG| Task "71-./pcache.py:PcacheTest.test;run-cache_mode-writearound-crc-disable-gc-gc80-test_script-fail_make_request-a7f6" started message: "{'status': 'started', 'time': 308147.05626865, 'output_dir': '/root/avocado/job-results/job-2025-08-10T21.33-aa6cbdd/test-results/71-._pcache.py_PcacheTest.test_run-cache_mode-writearound-crc-disable-gc-gc80-test_script-fail_make_request-a7f6', 'id': '71-./pcache.py:PcacheTest.test;run-cache_mode-writearound-crc-disable-gc-gc80-test_script-fail_make_request-a7f6'}"
2025-08-11 11:03:32,460 avocado.test INFO | ./pcache.py:PcacheTest.test;run-cache_mode-writearound-crc-disable-gc-gc80-test_script-fail_make_request-a7f6: STARTED
2025-08-11 11:03:33,699 avocado.core.status.repo DEBUG| Task "71-./pcache.py:PcacheTest.test;run-cache_mode-writearound-crc-disable-gc-gc80-test_script-fail_make_request-a7f6" finished message: "{'result': 'pass', 'status': 'finished', 'time': 308148.210534379}"
2025-08-11 11:03:33,753 avocado.test INFO | ./pcache.py:PcacheTest.test;run-cache_mode-writearound-crc-disable-gc-gc80-test_script-fail_make_request-a7f6: PASS
2025-08-11 11:03:33,753 avocado.test INFO | More information in /root/avocado/job-results/job-2025-08-10T21.33-aa6cbdd/test-results/71-._pcache.py_PcacheTest.test_run-cache_mode-writearound-crc-disable-gc-gc80-test_script-fail_make_request-a7f6
2025-08-11 11:03:33,755 avocado.core.task.statemachine DEBUG| Task "71-./pcache.py:PcacheTest.test;run-cache_mode-writearound-crc-disable-gc-gc80-test_script-fail_make_request-a7f6" finished
2025-08-11 11:03:33,755 avocado.core.task.statemachine DEBUG| Task "72-./pcache.py:PcacheTest.test;run-cache_mode-writearound-crc-disable-gc-gc80-test_script-recreate_loop-6b0e": requested -> triaging
2025-08-11 11:03:33,755 avocado.core.task.statemachine DEBUG| Task "72-./pcache.py:PcacheTest.test;run-cache_mode-writearound-crc-disable-gc-gc80-test_script-recreate_loop-6b0e": requirements OK (will proceed to check dependencies)
2025-08-11 11:03:33,755 avocado.core.task.statemachine DEBUG| Task "72-./pcache.py:PcacheTest.test;run-cache_mode-writearound-crc-disable-gc-gc80-test_script-recreate_loop-6b0e": about to be spawned with "<avocado.plugins.spawners.process.ProcessSpawner object at 0x7fa7e6a66450>"
2025-08-11 11:03:33,757 avocado.core.task.statemachine DEBUG| Task "72-./pcache.py:PcacheTest.test;run-cache_mode-writearound-crc-disable-gc-gc80-test_script-recreate_loop-6b0e": spawned successfully
2025-08-11 11:03:34,161 avocado.core.status.repo DEBUG| Task "72-./pcache.py:PcacheTest.test;run-cache_mode-writearound-crc-disable-gc-gc80-test_script-recreate_loop-6b0e" started message: "{'status': 'started', 'time': 308148.76750851, 'output_dir': '/root/avocado/job-results/job-2025-08-10T21.33-aa6cbdd/test-results/72-._pcache.py_PcacheTest.test_run-cache_mode-writearound-crc-disable-gc-gc80-test_script-recreate_loop-6b0e', 'id': '72-./pcache.py:PcacheTest.test;run-cache_mode-writearound-crc-disable-gc-gc80-test_script-recreate_loop-6b0e'}"
2025-08-11 11:03:34,207 avocado.test INFO | ./pcache.py:PcacheTest.test;run-cache_mode-writearound-crc-disable-gc-gc80-test_script-recreate_loop-6b0e: STARTED
2025-08-11 11:03:34,477 avocado.core.status.repo DEBUG| Task "72-./pcache.py:PcacheTest.test;run-cache_mode-writearound-crc-disable-gc-gc80-test_script-recreate_loop-6b0e" finished message: "{'result': 'pass', 'status': 'finished', 'time': 308148.986166847}"
2025-08-11 11:03:34,537 avocado.test INFO | ./pcache.py:PcacheTest.test;run-cache_mode-writearound-crc-disable-gc-gc80-test_script-recreate_loop-6b0e: PASS
2025-08-11 11:03:34,537 avocado.test INFO | More information in /root/avocado/job-results/job-2025-08-10T21.33-aa6cbdd/test-results/72-._pcache.py_PcacheTest.test_run-cache_mode-writearound-crc-disable-gc-gc80-test_script-recreate_loop-6b0e
2025-08-11 11:03:34,544 avocado.core.task.statemachine DEBUG| Task "72-./pcache.py:PcacheTest.test;run-cache_mode-writearound-crc-disable-gc-gc80-test_script-recreate_loop-6b0e" finished
2025-08-11 11:03:34,545 avocado.core.task.statemachine DEBUG| Task "73-./pcache.py:PcacheTest.test;run-cache_mode-writeonly-crc-enable-gc-gc0-test_script-default-dae7": requested -> triaging
2025-08-11 11:03:34,545 avocado.core.task.statemachine DEBUG| Task "73-./pcache.py:PcacheTest.test;run-cache_mode-writeonly-crc-enable-gc-gc0-test_script-default-dae7": requirements OK (will proceed to check dependencies)
2025-08-11 11:03:34,545 avocado.core.task.statemachine DEBUG| Task "73-./pcache.py:PcacheTest.test;run-cache_mode-writeonly-crc-enable-gc-gc0-test_script-default-dae7": about to be spawned with "<avocado.plugins.spawners.process.ProcessSpawner object at 0x7fa7e6a66450>"
2025-08-11 11:03:34,547 avocado.core.task.statemachine DEBUG| Task "73-./pcache.py:PcacheTest.test;run-cache_mode-writeonly-crc-enable-gc-gc0-test_script-default-dae7": spawned successfully
2025-08-11 11:03:34,971 avocado.core.status.repo DEBUG| Task "73-./pcache.py:PcacheTest.test;run-cache_mode-writeonly-crc-enable-gc-gc0-test_script-default-dae7" started message: "{'status': 'started', 'time': 308149.577594547, 'output_dir': '/root/avocado/job-results/job-2025-08-10T21.33-aa6cbdd/test-results/73-._pcache.py_PcacheTest.test_run-cache_mode-writeonly-crc-enable-gc-gc0-test_script-default-dae7', 'id': '73-./pcache.py:PcacheTest.test;run-cache_mode-writeonly-crc-enable-gc-gc0-test_script-default-dae7'}"
2025-08-11 11:03:34,991 avocado.test INFO | ./pcache.py:PcacheTest.test;run-cache_mode-writeonly-crc-enable-gc-gc0-test_script-default-dae7: STARTED
2025-08-11 11:03:35,659 avocado.core.status.repo DEBUG| Task "73-./pcache.py:PcacheTest.test;run-cache_mode-writeonly-crc-enable-gc-gc0-test_script-default-dae7" finished message: "{'result': 'pass', 'status': 'finished', 'time': 308150.168852189}"
2025-08-11 11:03:35,718 avocado.test INFO | ./pcache.py:PcacheTest.test;run-cache_mode-writeonly-crc-enable-gc-gc0-test_script-default-dae7: PASS
2025-08-11 11:03:35,718 avocado.test INFO | More information in /root/avocado/job-results/job-2025-08-10T21.33-aa6cbdd/test-results/73-._pcache.py_PcacheTest.test_run-cache_mode-writeonly-crc-enable-gc-gc0-test_script-default-dae7
2025-08-11 11:03:35,719 avocado.core.task.statemachine DEBUG| Task "73-./pcache.py:PcacheTest.test;run-cache_mode-writeonly-crc-enable-gc-gc0-test_script-default-dae7" finished
2025-08-11 11:03:35,719 avocado.core.task.statemachine DEBUG| Task "74-./pcache.py:PcacheTest.test;run-cache_mode-writeonly-crc-enable-gc-gc0-test_script-xfstests-60eb": requested -> triaging
2025-08-11 11:03:35,719 avocado.core.task.statemachine DEBUG| Task "74-./pcache.py:PcacheTest.test;run-cache_mode-writeonly-crc-enable-gc-gc0-test_script-xfstests-60eb": requirements OK (will proceed to check dependencies)
2025-08-11 11:03:35,719 avocado.core.task.statemachine DEBUG| Task "74-./pcache.py:PcacheTest.test;run-cache_mode-writeonly-crc-enable-gc-gc0-test_script-xfstests-60eb": about to be spawned with "<avocado.plugins.spawners.process.ProcessSpawner object at 0x7fa7e6a66450>"
2025-08-11 11:03:35,721 avocado.core.task.statemachine DEBUG| Task "74-./pcache.py:PcacheTest.test;run-cache_mode-writeonly-crc-enable-gc-gc0-test_script-xfstests-60eb": spawned successfully
2025-08-11 11:03:36,125 avocado.core.status.repo DEBUG| Task "74-./pcache.py:PcacheTest.test;run-cache_mode-writeonly-crc-enable-gc-gc0-test_script-xfstests-60eb" started message: "{'status': 'started', 'time': 308150.731264856, 'output_dir': '/root/avocado/job-results/job-2025-08-10T21.33-aa6cbdd/test-results/74-._pcache.py_PcacheTest.test_run-cache_mode-writeonly-crc-enable-gc-gc0-test_script-xfstests-60eb', 'id': '74-./pcache.py:PcacheTest.test;run-cache_mode-writeonly-crc-enable-gc-gc0-test_script-xfstests-60eb'}"
2025-08-11 11:03:36,172 avocado.test INFO | ./pcache.py:PcacheTest.test;run-cache_mode-writeonly-crc-enable-gc-gc0-test_script-xfstests-60eb: STARTED
2025-08-11 11:03:36,811 avocado.core.status.repo DEBUG| Task "74-./pcache.py:PcacheTest.test;run-cache_mode-writeonly-crc-enable-gc-gc0-test_script-xfstests-60eb" finished message: "{'result': 'pass', 'status': 'finished', 'time': 308151.318971135}"
2025-08-11 11:03:36,855 avocado.test INFO | ./pcache.py:PcacheTest.test;run-cache_mode-writeonly-crc-enable-gc-gc0-test_script-xfstests-60eb: PASS
2025-08-11 11:03:36,855 avocado.test INFO | More information in /root/avocado/job-results/job-2025-08-10T21.33-aa6cbdd/test-results/74-._pcache.py_PcacheTest.test_run-cache_mode-writeonly-crc-enable-gc-gc0-test_script-xfstests-60eb
2025-08-11 11:03:36,880 avocado.core.task.statemachine DEBUG| Task "74-./pcache.py:PcacheTest.test;run-cache_mode-writeonly-crc-enable-gc-gc0-test_script-xfstests-60eb" finished
2025-08-11 11:03:36,880 avocado.core.task.statemachine DEBUG| Task "75-./pcache.py:PcacheTest.test;run-cache_mode-writeonly-crc-enable-gc-gc0-test_script-misc-5e74": requested -> triaging
2025-08-11 11:03:36,880 avocado.core.task.statemachine DEBUG| Task "75-./pcache.py:PcacheTest.test;run-cache_mode-writeonly-crc-enable-gc-gc0-test_script-misc-5e74": requirements OK (will proceed to check dependencies)
2025-08-11 11:03:36,880 avocado.core.task.statemachine DEBUG| Task "75-./pcache.py:PcacheTest.test;run-cache_mode-writeonly-crc-enable-gc-gc0-test_script-misc-5e74": about to be spawned with "<avocado.plugins.spawners.process.ProcessSpawner object at 0x7fa7e6a66450>"
2025-08-11 11:03:36,883 avocado.core.task.statemachine DEBUG| Task "75-./pcache.py:PcacheTest.test;run-cache_mode-writeonly-crc-enable-gc-gc0-test_script-misc-5e74": spawned successfully
2025-08-11 11:03:37,294 avocado.core.status.repo DEBUG| Task "75-./pcache.py:PcacheTest.test;run-cache_mode-writeonly-crc-enable-gc-gc0-test_script-misc-5e74" started message: "{'status': 'started', 'time': 308151.900274636, 'output_dir': '/root/avocado/job-results/job-2025-08-10T21.33-aa6cbdd/test-results/75-._pcache.py_PcacheTest.test_run-cache_mode-writeonly-crc-enable-gc-gc0-test_script-misc-5e74', 'id': '75-./pcache.py:PcacheTest.test;run-cache_mode-writeonly-crc-enable-gc-gc0-test_script-misc-5e74'}"
2025-08-11 11:03:37,309 avocado.test INFO | ./pcache.py:PcacheTest.test;run-cache_mode-writeonly-crc-enable-gc-gc0-test_script-misc-5e74: STARTED
2025-08-11 11:03:37,969 avocado.core.status.repo DEBUG| Task "75-./pcache.py:PcacheTest.test;run-cache_mode-writeonly-crc-enable-gc-gc0-test_script-misc-5e74" finished message: "{'result': 'pass', 'status': 'finished', 'time': 308152.48303837}"
2025-08-11 11:03:38,041 avocado.test INFO | ./pcache.py:PcacheTest.test;run-cache_mode-writeonly-crc-enable-gc-gc0-test_script-misc-5e74: PASS
2025-08-11 11:03:38,042 avocado.test INFO | More information in /root/avocado/job-results/job-2025-08-10T21.33-aa6cbdd/test-results/75-._pcache.py_PcacheTest.test_run-cache_mode-writeonly-crc-enable-gc-gc0-test_script-misc-5e74
2025-08-11 11:03:38,042 avocado.core.task.statemachine DEBUG| Task "75-./pcache.py:PcacheTest.test;run-cache_mode-writeonly-crc-enable-gc-gc0-test_script-misc-5e74" finished
2025-08-11 11:03:38,042 avocado.core.task.statemachine DEBUG| Task "76-./pcache.py:PcacheTest.test;run-cache_mode-writeonly-crc-enable-gc-gc0-test_script-failslab-c181": requested -> triaging
2025-08-11 11:03:38,042 avocado.core.task.statemachine DEBUG| Task "76-./pcache.py:PcacheTest.test;run-cache_mode-writeonly-crc-enable-gc-gc0-test_script-failslab-c181": requirements OK (will proceed to check dependencies)
2025-08-11 11:03:38,042 avocado.core.task.statemachine DEBUG| Task "76-./pcache.py:PcacheTest.test;run-cache_mode-writeonly-crc-enable-gc-gc0-test_script-failslab-c181": about to be spawned with "<avocado.plugins.spawners.process.ProcessSpawner object at 0x7fa7e6a66450>"
2025-08-11 11:03:38,045 avocado.core.task.statemachine DEBUG| Task "76-./pcache.py:PcacheTest.test;run-cache_mode-writeonly-crc-enable-gc-gc0-test_script-failslab-c181": spawned successfully
2025-08-11 11:03:38,458 avocado.core.status.repo DEBUG| Task "76-./pcache.py:PcacheTest.test;run-cache_mode-writeonly-crc-enable-gc-gc0-test_script-failslab-c181" started message: "{'status': 'started', 'time': 308153.064987521, 'output_dir': '/root/avocado/job-results/job-2025-08-10T21.33-aa6cbdd/test-results/76-._pcache.py_PcacheTest.test_run-cache_mode-writeonly-crc-enable-gc-gc0-test_script-failslab-c181', 'id': '76-./pcache.py:PcacheTest.test;run-cache_mode-writeonly-crc-enable-gc-gc0-test_script-failslab-c181'}"
2025-08-11 11:03:38,496 avocado.test INFO | ./pcache.py:PcacheTest.test;run-cache_mode-writeonly-crc-enable-gc-gc0-test_script-failslab-c181: STARTED
2025-08-11 11:03:39,175 avocado.core.status.repo DEBUG| Task "76-./pcache.py:PcacheTest.test;run-cache_mode-writeonly-crc-enable-gc-gc0-test_script-failslab-c181" finished message: "{'result': 'pass', 'status': 'finished', 'time': 308153.680574258}"
2025-08-11 11:03:39,221 avocado.test INFO | ./pcache.py:PcacheTest.test;run-cache_mode-writeonly-crc-enable-gc-gc0-test_script-failslab-c181: PASS
2025-08-11 11:03:39,221 avocado.test INFO | More information in /root/avocado/job-results/job-2025-08-10T21.33-aa6cbdd/test-results/76-._pcache.py_PcacheTest.test_run-cache_mode-writeonly-crc-enable-gc-gc0-test_script-failslab-c181
2025-08-11 11:03:39,265 avocado.core.task.statemachine DEBUG| Task "76-./pcache.py:PcacheTest.test;run-cache_mode-writeonly-crc-enable-gc-gc0-test_script-failslab-c181" finished
2025-08-11 11:03:39,265 avocado.core.task.statemachine DEBUG| Task "77-./pcache.py:PcacheTest.test;run-cache_mode-writeonly-crc-enable-gc-gc0-test_script-fail_make_request-283a": requested -> triaging
2025-08-11 11:03:39,265 avocado.core.task.statemachine DEBUG| Task "77-./pcache.py:PcacheTest.test;run-cache_mode-writeonly-crc-enable-gc-gc0-test_script-fail_make_request-283a": requirements OK (will proceed to check dependencies)
2025-08-11 11:03:39,265 avocado.core.task.statemachine DEBUG| Task "77-./pcache.py:PcacheTest.test;run-cache_mode-writeonly-crc-enable-gc-gc0-test_script-fail_make_request-283a": about to be spawned with "<avocado.plugins.spawners.process.ProcessSpawner object at 0x7fa7e6a66450>"
2025-08-11 11:03:39,267 avocado.core.task.statemachine DEBUG| Task "77-./pcache.py:PcacheTest.test;run-cache_mode-writeonly-crc-enable-gc-gc0-test_script-fail_make_request-283a": spawned successfully
2025-08-11 11:03:39,688 avocado.core.status.repo DEBUG| Task "77-./pcache.py:PcacheTest.test;run-cache_mode-writeonly-crc-enable-gc-gc0-test_script-fail_make_request-283a" started message: "{'status': 'started', 'time': 308154.295083383, 'output_dir': '/root/avocado/job-results/job-2025-08-10T21.33-aa6cbdd/test-results/77-._pcache.py_PcacheTest.test_run-cache_mode-writeonly-crc-enable-gc-gc0-test_script-fail_make_request-283a', 'id': '77-./pcache.py:PcacheTest.test;run-cache_mode-writeonly-crc-enable-gc-gc0-test_script-fail_make_request-283a'}"
2025-08-11 11:03:39,725 avocado.test INFO | ./pcache.py:PcacheTest.test;run-cache_mode-writeonly-crc-enable-gc-gc0-test_script-fail_make_request-283a: STARTED
2025-08-11 11:03:40,815 avocado.core.status.repo DEBUG| Task "77-./pcache.py:PcacheTest.test;run-cache_mode-writeonly-crc-enable-gc-gc0-test_script-fail_make_request-283a" finished message: "{'result': 'pass', 'status': 'finished', 'time': 308155.327189564}"
2025-08-11 11:03:40,856 avocado.test INFO | ./pcache.py:PcacheTest.test;run-cache_mode-writeonly-crc-enable-gc-gc0-test_script-fail_make_request-283a: PASS
2025-08-11 11:03:40,856 avocado.test INFO | More information in /root/avocado/job-results/job-2025-08-10T21.33-aa6cbdd/test-results/77-._pcache.py_PcacheTest.test_run-cache_mode-writeonly-crc-enable-gc-gc0-test_script-fail_make_request-283a
2025-08-11 11:03:40,886 avocado.core.task.statemachine DEBUG| Task "77-./pcache.py:PcacheTest.test;run-cache_mode-writeonly-crc-enable-gc-gc0-test_script-fail_make_request-283a" finished
2025-08-11 11:03:40,886 avocado.core.task.statemachine DEBUG| Task "78-./pcache.py:PcacheTest.test;run-cache_mode-writeonly-crc-enable-gc-gc0-test_script-recreate_loop-df57": requested -> triaging
2025-08-11 11:03:40,886 avocado.core.task.statemachine DEBUG| Task "78-./pcache.py:PcacheTest.test;run-cache_mode-writeonly-crc-enable-gc-gc0-test_script-recreate_loop-df57": requirements OK (will proceed to check dependencies)
2025-08-11 11:03:40,886 avocado.core.task.statemachine DEBUG| Task "78-./pcache.py:PcacheTest.test;run-cache_mode-writeonly-crc-enable-gc-gc0-test_script-recreate_loop-df57": about to be spawned with "<avocado.plugins.spawners.process.ProcessSpawner object at 0x7fa7e6a66450>"
2025-08-11 11:03:40,888 avocado.core.task.statemachine DEBUG| Task "78-./pcache.py:PcacheTest.test;run-cache_mode-writeonly-crc-enable-gc-gc0-test_script-recreate_loop-df57": spawned successfully
2025-08-11 11:03:41,293 avocado.core.status.repo DEBUG| Task "78-./pcache.py:PcacheTest.test;run-cache_mode-writeonly-crc-enable-gc-gc0-test_script-recreate_loop-df57" started message: "{'status': 'started', 'time': 308155.899702235, 'output_dir': '/root/avocado/job-results/job-2025-08-10T21.33-aa6cbdd/test-results/78-._pcache.py_PcacheTest.test_run-cache_mode-writeonly-crc-enable-gc-gc0-test_script-recreate_loop-df57', 'id': '78-./pcache.py:PcacheTest.test;run-cache_mode-writeonly-crc-enable-gc-gc0-test_script-recreate_loop-df57'}"
2025-08-11 11:03:41,310 avocado.test INFO | ./pcache.py:PcacheTest.test;run-cache_mode-writeonly-crc-enable-gc-gc0-test_script-recreate_loop-df57: STARTED
2025-08-11 11:03:41,599 avocado.core.status.repo DEBUG| Task "78-./pcache.py:PcacheTest.test;run-cache_mode-writeonly-crc-enable-gc-gc0-test_script-recreate_loop-df57" finished message: "{'result': 'pass', 'status': 'finished', 'time': 308156.11312114}"
2025-08-11 11:03:41,641 avocado.test INFO | ./pcache.py:PcacheTest.test;run-cache_mode-writeonly-crc-enable-gc-gc0-test_script-recreate_loop-df57: PASS
2025-08-11 11:03:41,641 avocado.test INFO | More information in /root/avocado/job-results/job-2025-08-10T21.33-aa6cbdd/test-results/78-._pcache.py_PcacheTest.test_run-cache_mode-writeonly-crc-enable-gc-gc0-test_script-recreate_loop-df57
2025-08-11 11:03:41,669 avocado.core.task.statemachine DEBUG| Task "78-./pcache.py:PcacheTest.test;run-cache_mode-writeonly-crc-enable-gc-gc0-test_script-recreate_loop-df57" finished
2025-08-11 11:03:41,670 avocado.core.task.statemachine DEBUG| Task "79-./pcache.py:PcacheTest.test;run-cache_mode-writeonly-crc-disable-gc-gc0-test_script-default-8e8c": requested -> triaging
2025-08-11 11:03:41,670 avocado.core.task.statemachine DEBUG| Task "79-./pcache.py:PcacheTest.test;run-cache_mode-writeonly-crc-disable-gc-gc0-test_script-default-8e8c": requirements OK (will proceed to check dependencies)
2025-08-11 11:03:41,670 avocado.core.task.statemachine DEBUG| Task "79-./pcache.py:PcacheTest.test;run-cache_mode-writeonly-crc-disable-gc-gc0-test_script-default-8e8c": about to be spawned with "<avocado.plugins.spawners.process.ProcessSpawner object at 0x7fa7e6a66450>"
2025-08-11 11:03:41,672 avocado.core.task.statemachine DEBUG| Task "79-./pcache.py:PcacheTest.test;run-cache_mode-writeonly-crc-disable-gc-gc0-test_script-default-8e8c": spawned successfully
2025-08-11 11:03:42,085 avocado.core.status.repo DEBUG| Task "79-./pcache.py:PcacheTest.test;run-cache_mode-writeonly-crc-disable-gc-gc0-test_script-default-8e8c" started message: "{'status': 'started', 'time': 308156.691319621, 'output_dir': '/root/avocado/job-results/job-2025-08-10T21.33-aa6cbdd/test-results/79-._pcache.py_PcacheTest.test_run-cache_mode-writeonly-crc-disable-gc-gc0-test_script-default-8e8c', 'id': '79-./pcache.py:PcacheTest.test;run-cache_mode-writeonly-crc-disable-gc-gc0-test_script-default-8e8c'}"
2025-08-11 11:03:42,096 avocado.test INFO | ./pcache.py:PcacheTest.test;run-cache_mode-writeonly-crc-disable-gc-gc0-test_script-default-8e8c: STARTED
2025-08-11 11:03:42,750 avocado.core.status.repo DEBUG| Task "79-./pcache.py:PcacheTest.test;run-cache_mode-writeonly-crc-disable-gc-gc0-test_script-default-8e8c" finished message: "{'result': 'pass', 'status': 'finished', 'time': 308157.263007362}"
2025-08-11 11:03:42,774 avocado.test INFO | ./pcache.py:PcacheTest.test;run-cache_mode-writeonly-crc-disable-gc-gc0-test_script-default-8e8c: PASS
2025-08-11 11:03:42,774 avocado.test INFO | More information in /root/avocado/job-results/job-2025-08-10T21.33-aa6cbdd/test-results/79-._pcache.py_PcacheTest.test_run-cache_mode-writeonly-crc-disable-gc-gc0-test_script-default-8e8c
2025-08-11 11:03:42,825 avocado.core.task.statemachine DEBUG| Task "79-./pcache.py:PcacheTest.test;run-cache_mode-writeonly-crc-disable-gc-gc0-test_script-default-8e8c" finished
2025-08-11 11:03:42,826 avocado.core.task.statemachine DEBUG| Task "80-./pcache.py:PcacheTest.test;run-cache_mode-writeonly-crc-disable-gc-gc0-test_script-xfstests-c01d": requested -> triaging
2025-08-11 11:03:42,826 avocado.core.task.statemachine DEBUG| Task "80-./pcache.py:PcacheTest.test;run-cache_mode-writeonly-crc-disable-gc-gc0-test_script-xfstests-c01d": requirements OK (will proceed to check dependencies)
2025-08-11 11:03:42,826 avocado.core.task.statemachine DEBUG| Task "80-./pcache.py:PcacheTest.test;run-cache_mode-writeonly-crc-disable-gc-gc0-test_script-xfstests-c01d": about to be spawned with "<avocado.plugins.spawners.process.ProcessSpawner object at 0x7fa7e6a66450>"
2025-08-11 11:03:42,828 avocado.core.task.statemachine DEBUG| Task "80-./pcache.py:PcacheTest.test;run-cache_mode-writeonly-crc-disable-gc-gc0-test_script-xfstests-c01d": spawned successfully
2025-08-11 11:03:43,244 avocado.core.status.repo DEBUG| Task "80-./pcache.py:PcacheTest.test;run-cache_mode-writeonly-crc-disable-gc-gc0-test_script-xfstests-c01d" started message: "{'status': 'started', 'time': 308157.84849112, 'output_dir': '/root/avocado/job-results/job-2025-08-10T21.33-aa6cbdd/test-results/80-._pcache.py_PcacheTest.test_run-cache_mode-writeonly-crc-disable-gc-gc0-test_script-xfstests-c01d', 'id': '80-./pcache.py:PcacheTest.test;run-cache_mode-writeonly-crc-disable-gc-gc0-test_script-xfstests-c01d'}"
2025-08-11 11:03:43,278 avocado.test INFO | ./pcache.py:PcacheTest.test;run-cache_mode-writeonly-crc-disable-gc-gc0-test_script-xfstests-c01d: STARTED
2025-08-11 11:03:43,948 avocado.core.status.repo DEBUG| Task "80-./pcache.py:PcacheTest.test;run-cache_mode-writeonly-crc-disable-gc-gc0-test_script-xfstests-c01d" finished message: "{'result': 'pass', 'status': 'finished', 'time': 308158.453684383}"
2025-08-11 11:03:44,011 avocado.test INFO | ./pcache.py:PcacheTest.test;run-cache_mode-writeonly-crc-disable-gc-gc0-test_script-xfstests-c01d: PASS
2025-08-11 11:03:44,011 avocado.test INFO | More information in /root/avocado/job-results/job-2025-08-10T21.33-aa6cbdd/test-results/80-._pcache.py_PcacheTest.test_run-cache_mode-writeonly-crc-disable-gc-gc0-test_script-xfstests-c01d
2025-08-11 11:03:44,015 avocado.core.task.statemachine DEBUG| Task "80-./pcache.py:PcacheTest.test;run-cache_mode-writeonly-crc-disable-gc-gc0-test_script-xfstests-c01d" finished
2025-08-11 11:03:44,015 avocado.core.task.statemachine DEBUG| Task "81-./pcache.py:PcacheTest.test;run-cache_mode-writeonly-crc-disable-gc-gc0-test_script-misc-a365": requested -> triaging
2025-08-11 11:03:44,015 avocado.core.task.statemachine DEBUG| Task "81-./pcache.py:PcacheTest.test;run-cache_mode-writeonly-crc-disable-gc-gc0-test_script-misc-a365": requirements OK (will proceed to check dependencies)
2025-08-11 11:03:44,015 avocado.core.task.statemachine DEBUG| Task "81-./pcache.py:PcacheTest.test;run-cache_mode-writeonly-crc-disable-gc-gc0-test_script-misc-a365": about to be spawned with "<avocado.plugins.spawners.process.ProcessSpawner object at 0x7fa7e6a66450>"
2025-08-11 11:03:44,018 avocado.core.task.statemachine DEBUG| Task "81-./pcache.py:PcacheTest.test;run-cache_mode-writeonly-crc-disable-gc-gc0-test_script-misc-a365": spawned successfully
2025-08-11 11:03:44,432 avocado.core.status.repo DEBUG| Task "81-./pcache.py:PcacheTest.test;run-cache_mode-writeonly-crc-disable-gc-gc0-test_script-misc-a365" started message: "{'status': 'started', 'time': 308159.038546651, 'output_dir': '/root/avocado/job-results/job-2025-08-10T21.33-aa6cbdd/test-results/81-._pcache.py_PcacheTest.test_run-cache_mode-writeonly-crc-disable-gc-gc0-test_script-misc-a365', 'id': '81-./pcache.py:PcacheTest.test;run-cache_mode-writeonly-crc-disable-gc-gc0-test_script-misc-a365'}"
2025-08-11 11:03:44,465 avocado.test INFO | ./pcache.py:PcacheTest.test;run-cache_mode-writeonly-crc-disable-gc-gc0-test_script-misc-a365: STARTED
2025-08-11 11:03:45,108 avocado.core.status.repo DEBUG| Task "81-./pcache.py:PcacheTest.test;run-cache_mode-writeonly-crc-disable-gc-gc0-test_script-misc-a365" finished message: "{'result': 'pass', 'status': 'finished', 'time': 308159.613405503}"
2025-08-11 11:03:45,141 avocado.test INFO | ./pcache.py:PcacheTest.test;run-cache_mode-writeonly-crc-disable-gc-gc0-test_script-misc-a365: PASS
2025-08-11 11:03:45,141 avocado.test INFO | More information in /root/avocado/job-results/job-2025-08-10T21.33-aa6cbdd/test-results/81-._pcache.py_PcacheTest.test_run-cache_mode-writeonly-crc-disable-gc-gc0-test_script-misc-a365
2025-08-11 11:03:45,181 avocado.core.task.statemachine DEBUG| Task "81-./pcache.py:PcacheTest.test;run-cache_mode-writeonly-crc-disable-gc-gc0-test_script-misc-a365" finished
2025-08-11 11:03:45,181 avocado.core.task.statemachine DEBUG| Task "82-./pcache.py:PcacheTest.test;run-cache_mode-writeonly-crc-disable-gc-gc0-test_script-failslab-fbc3": requested -> triaging
2025-08-11 11:03:45,181 avocado.core.task.statemachine DEBUG| Task "82-./pcache.py:PcacheTest.test;run-cache_mode-writeonly-crc-disable-gc-gc0-test_script-failslab-fbc3": requirements OK (will proceed to check dependencies)
2025-08-11 11:03:45,182 avocado.core.task.statemachine DEBUG| Task "82-./pcache.py:PcacheTest.test;run-cache_mode-writeonly-crc-disable-gc-gc0-test_script-failslab-fbc3": about to be spawned with "<avocado.plugins.spawners.process.ProcessSpawner object at 0x7fa7e6a66450>"
2025-08-11 11:03:45,184 avocado.core.task.statemachine DEBUG| Task "82-./pcache.py:PcacheTest.test;run-cache_mode-writeonly-crc-disable-gc-gc0-test_script-failslab-fbc3": spawned successfully
2025-08-11 11:03:45,590 avocado.core.status.repo DEBUG| Task "82-./pcache.py:PcacheTest.test;run-cache_mode-writeonly-crc-disable-gc-gc0-test_script-failslab-fbc3" started message: "{'status': 'started', 'time': 308160.196734334, 'output_dir': '/root/avocado/job-results/job-2025-08-10T21.33-aa6cbdd/test-results/82-._pcache.py_PcacheTest.test_run-cache_mode-writeonly-crc-disable-gc-gc0-test_script-failslab-fbc3', 'id': '82-./pcache.py:PcacheTest.test;run-cache_mode-writeonly-crc-disable-gc-gc0-test_script-failslab-fbc3'}"
2025-08-11 11:03:45,595 avocado.test INFO | ./pcache.py:PcacheTest.test;run-cache_mode-writeonly-crc-disable-gc-gc0-test_script-failslab-fbc3: STARTED
2025-08-11 11:03:46,317 avocado.core.status.repo DEBUG| Task "82-./pcache.py:PcacheTest.test;run-cache_mode-writeonly-crc-disable-gc-gc0-test_script-failslab-fbc3" finished message: "{'result': 'pass', 'status': 'finished', 'time': 308160.822303589}"
2025-08-11 11:03:46,373 avocado.test INFO | ./pcache.py:PcacheTest.test;run-cache_mode-writeonly-crc-disable-gc-gc0-test_script-failslab-fbc3: PASS
2025-08-11 11:03:46,373 avocado.test INFO | More information in /root/avocado/job-results/job-2025-08-10T21.33-aa6cbdd/test-results/82-._pcache.py_PcacheTest.test_run-cache_mode-writeonly-crc-disable-gc-gc0-test_script-failslab-fbc3
2025-08-11 11:03:46,376 avocado.core.task.statemachine DEBUG| Task "82-./pcache.py:PcacheTest.test;run-cache_mode-writeonly-crc-disable-gc-gc0-test_script-failslab-fbc3" finished
2025-08-11 11:03:46,376 avocado.core.task.statemachine DEBUG| Task "83-./pcache.py:PcacheTest.test;run-cache_mode-writeonly-crc-disable-gc-gc0-test_script-fail_make_request-63a3": requested -> triaging
2025-08-11 11:03:46,376 avocado.core.task.statemachine DEBUG| Task "83-./pcache.py:PcacheTest.test;run-cache_mode-writeonly-crc-disable-gc-gc0-test_script-fail_make_request-63a3": requirements OK (will proceed to check dependencies)
2025-08-11 11:03:46,376 avocado.core.task.statemachine DEBUG| Task "83-./pcache.py:PcacheTest.test;run-cache_mode-writeonly-crc-disable-gc-gc0-test_script-fail_make_request-63a3": about to be spawned with "<avocado.plugins.spawners.process.ProcessSpawner object at 0x7fa7e6a66450>"
2025-08-11 11:03:46,378 avocado.core.task.statemachine DEBUG| Task "83-./pcache.py:PcacheTest.test;run-cache_mode-writeonly-crc-disable-gc-gc0-test_script-fail_make_request-63a3": spawned successfully
2025-08-11 11:03:46,790 avocado.core.status.repo DEBUG| Task "83-./pcache.py:PcacheTest.test;run-cache_mode-writeonly-crc-disable-gc-gc0-test_script-fail_make_request-63a3" started message: "{'status': 'started', 'time': 308161.396311312, 'output_dir': '/root/avocado/job-results/job-2025-08-10T21.33-aa6cbdd/test-results/83-._pcache.py_PcacheTest.test_run-cache_mode-writeonly-crc-disable-gc-gc0-test_script-fail_make_request-63a3', 'id': '83-./pcache.py:PcacheTest.test;run-cache_mode-writeonly-crc-disable-gc-gc0-test_script-fail_make_request-63a3'}"
2025-08-11 11:03:46,827 avocado.test INFO | ./pcache.py:PcacheTest.test;run-cache_mode-writeonly-crc-disable-gc-gc0-test_script-fail_make_request-63a3: STARTED
2025-08-11 11:03:48,029 avocado.core.status.repo DEBUG| Task "83-./pcache.py:PcacheTest.test;run-cache_mode-writeonly-crc-disable-gc-gc0-test_script-fail_make_request-63a3" finished message: "{'result': 'pass', 'status': 'finished', 'time': 308162.534792592}"
2025-08-11 11:03:48,065 avocado.test INFO | ./pcache.py:PcacheTest.test;run-cache_mode-writeonly-crc-disable-gc-gc0-test_script-fail_make_request-63a3: PASS
2025-08-11 11:03:48,066 avocado.test INFO | More information in /root/avocado/job-results/job-2025-08-10T21.33-aa6cbdd/test-results/83-._pcache.py_PcacheTest.test_run-cache_mode-writeonly-crc-disable-gc-gc0-test_script-fail_make_request-63a3
2025-08-11 11:03:48,097 avocado.core.task.statemachine DEBUG| Task "83-./pcache.py:PcacheTest.test;run-cache_mode-writeonly-crc-disable-gc-gc0-test_script-fail_make_request-63a3" finished
2025-08-11 11:03:48,097 avocado.core.task.statemachine DEBUG| Task "84-./pcache.py:PcacheTest.test;run-cache_mode-writeonly-crc-disable-gc-gc0-test_script-recreate_loop-1ef1": requested -> triaging
2025-08-11 11:03:48,097 avocado.core.task.statemachine DEBUG| Task "84-./pcache.py:PcacheTest.test;run-cache_mode-writeonly-crc-disable-gc-gc0-test_script-recreate_loop-1ef1": requirements OK (will proceed to check dependencies)
2025-08-11 11:03:48,098 avocado.core.task.statemachine DEBUG| Task "84-./pcache.py:PcacheTest.test;run-cache_mode-writeonly-crc-disable-gc-gc0-test_script-recreate_loop-1ef1": about to be spawned with "<avocado.plugins.spawners.process.ProcessSpawner object at 0x7fa7e6a66450>"
2025-08-11 11:03:48,100 avocado.core.task.statemachine DEBUG| Task "84-./pcache.py:PcacheTest.test;run-cache_mode-writeonly-crc-disable-gc-gc0-test_script-recreate_loop-1ef1": spawned successfully
2025-08-11 11:03:48,512 avocado.core.status.repo DEBUG| Task "84-./pcache.py:PcacheTest.test;run-cache_mode-writeonly-crc-disable-gc-gc0-test_script-recreate_loop-1ef1" started message: "{'status': 'started', 'time': 308163.118324296, 'output_dir': '/root/avocado/job-results/job-2025-08-10T21.33-aa6cbdd/test-results/84-._pcache.py_PcacheTest.test_run-cache_mode-writeonly-crc-disable-gc-gc0-test_script-recreate_loop-1ef1', 'id': '84-./pcache.py:PcacheTest.test;run-cache_mode-writeonly-crc-disable-gc-gc0-test_script-recreate_loop-1ef1'}"
2025-08-11 11:03:48,519 avocado.test INFO | ./pcache.py:PcacheTest.test;run-cache_mode-writeonly-crc-disable-gc-gc0-test_script-recreate_loop-1ef1: STARTED
2025-08-11 11:03:48,828 avocado.core.status.repo DEBUG| Task "84-./pcache.py:PcacheTest.test;run-cache_mode-writeonly-crc-disable-gc-gc0-test_script-recreate_loop-1ef1" finished message: "{'result': 'pass', 'status': 'finished', 'time': 308163.338372344}"
2025-08-11 11:03:48,899 avocado.test INFO | ./pcache.py:PcacheTest.test;run-cache_mode-writeonly-crc-disable-gc-gc0-test_script-recreate_loop-1ef1: PASS
2025-08-11 11:03:48,899 avocado.test INFO | More information in /root/avocado/job-results/job-2025-08-10T21.33-aa6cbdd/test-results/84-._pcache.py_PcacheTest.test_run-cache_mode-writeonly-crc-disable-gc-gc0-test_script-recreate_loop-1ef1
2025-08-11 11:03:48,899 avocado.core.task.statemachine DEBUG| Task "84-./pcache.py:PcacheTest.test;run-cache_mode-writeonly-crc-disable-gc-gc0-test_script-recreate_loop-1ef1" finished
2025-08-11 11:03:48,900 avocado.core.task.statemachine DEBUG| Task "85-./pcache.py:PcacheTest.test;run-cache_mode-writeonly-crc-enable-gc-gc80-test_script-default-c8fc": requested -> triaging
2025-08-11 11:03:48,900 avocado.core.task.statemachine DEBUG| Task "85-./pcache.py:PcacheTest.test;run-cache_mode-writeonly-crc-enable-gc-gc80-test_script-default-c8fc": requirements OK (will proceed to check dependencies)
2025-08-11 11:03:48,900 avocado.core.task.statemachine DEBUG| Task "85-./pcache.py:PcacheTest.test;run-cache_mode-writeonly-crc-enable-gc-gc80-test_script-default-c8fc": about to be spawned with "<avocado.plugins.spawners.process.ProcessSpawner object at 0x7fa7e6a66450>"
2025-08-11 11:03:48,902 avocado.core.task.statemachine DEBUG| Task "85-./pcache.py:PcacheTest.test;run-cache_mode-writeonly-crc-enable-gc-gc80-test_script-default-c8fc": spawned successfully
2025-08-11 11:03:49,308 avocado.core.status.repo DEBUG| Task "85-./pcache.py:PcacheTest.test;run-cache_mode-writeonly-crc-enable-gc-gc80-test_script-default-c8fc" started message: "{'status': 'started', 'time': 308163.914629763, 'output_dir': '/root/avocado/job-results/job-2025-08-10T21.33-aa6cbdd/test-results/85-._pcache.py_PcacheTest.test_run-cache_mode-writeonly-crc-enable-gc-gc80-test_script-default-c8fc', 'id': '85-./pcache.py:PcacheTest.test;run-cache_mode-writeonly-crc-enable-gc-gc80-test_script-default-c8fc'}"
2025-08-11 11:03:49,353 avocado.test INFO | ./pcache.py:PcacheTest.test;run-cache_mode-writeonly-crc-enable-gc-gc80-test_script-default-c8fc: STARTED
2025-08-11 11:03:50,055 avocado.core.status.repo DEBUG| Task "85-./pcache.py:PcacheTest.test;run-cache_mode-writeonly-crc-enable-gc-gc80-test_script-default-c8fc" finished message: "{'result': 'pass', 'status': 'finished', 'time': 308164.564269262}"
2025-08-11 11:03:50,087 avocado.test INFO | ./pcache.py:PcacheTest.test;run-cache_mode-writeonly-crc-enable-gc-gc80-test_script-default-c8fc: PASS
2025-08-11 11:03:50,087 avocado.test INFO | More information in /root/avocado/job-results/job-2025-08-10T21.33-aa6cbdd/test-results/85-._pcache.py_PcacheTest.test_run-cache_mode-writeonly-crc-enable-gc-gc80-test_script-default-c8fc
2025-08-11 11:03:50,122 avocado.core.task.statemachine DEBUG| Task "85-./pcache.py:PcacheTest.test;run-cache_mode-writeonly-crc-enable-gc-gc80-test_script-default-c8fc" finished
2025-08-11 11:03:50,122 avocado.core.task.statemachine DEBUG| Task "86-./pcache.py:PcacheTest.test;run-cache_mode-writeonly-crc-enable-gc-gc80-test_script-xfstests-2a57": requested -> triaging
2025-08-11 11:03:50,122 avocado.core.task.statemachine DEBUG| Task "86-./pcache.py:PcacheTest.test;run-cache_mode-writeonly-crc-enable-gc-gc80-test_script-xfstests-2a57": requirements OK (will proceed to check dependencies)
2025-08-11 11:03:50,122 avocado.core.task.statemachine DEBUG| Task "86-./pcache.py:PcacheTest.test;run-cache_mode-writeonly-crc-enable-gc-gc80-test_script-xfstests-2a57": about to be spawned with "<avocado.plugins.spawners.process.ProcessSpawner object at 0x7fa7e6a66450>"
2025-08-11 11:03:50,125 avocado.core.task.statemachine DEBUG| Task "86-./pcache.py:PcacheTest.test;run-cache_mode-writeonly-crc-enable-gc-gc80-test_script-xfstests-2a57": spawned successfully
2025-08-11 11:03:50,537 avocado.core.status.repo DEBUG| Task "86-./pcache.py:PcacheTest.test;run-cache_mode-writeonly-crc-enable-gc-gc80-test_script-xfstests-2a57" started message: "{'status': 'started', 'time': 308165.143394799, 'output_dir': '/root/avocado/job-results/job-2025-08-10T21.33-aa6cbdd/test-results/86-._pcache.py_PcacheTest.test_run-cache_mode-writeonly-crc-enable-gc-gc80-test_script-xfstests-2a57', 'id': '86-./pcache.py:PcacheTest.test;run-cache_mode-writeonly-crc-enable-gc-gc80-test_script-xfstests-2a57'}"
2025-08-11 11:03:50,541 avocado.test INFO | ./pcache.py:PcacheTest.test;run-cache_mode-writeonly-crc-enable-gc-gc80-test_script-xfstests-2a57: STARTED
2025-08-11 11:03:51,130 avocado.core.status.repo DEBUG| Task "86-./pcache.py:PcacheTest.test;run-cache_mode-writeonly-crc-enable-gc-gc80-test_script-xfstests-2a57" finished message: "{'result': 'pass', 'status': 'finished', 'time': 308165.642176657}"
2025-08-11 11:03:51,168 avocado.test INFO | ./pcache.py:PcacheTest.test;run-cache_mode-writeonly-crc-enable-gc-gc80-test_script-xfstests-2a57: PASS
2025-08-11 11:03:51,168 avocado.test INFO | More information in /root/avocado/job-results/job-2025-08-10T21.33-aa6cbdd/test-results/86-._pcache.py_PcacheTest.test_run-cache_mode-writeonly-crc-enable-gc-gc80-test_script-xfstests-2a57
2025-08-11 11:03:51,199 avocado.core.task.statemachine DEBUG| Task "86-./pcache.py:PcacheTest.test;run-cache_mode-writeonly-crc-enable-gc-gc80-test_script-xfstests-2a57" finished
2025-08-11 11:03:51,200 avocado.core.task.statemachine DEBUG| Task "87-./pcache.py:PcacheTest.test;run-cache_mode-writeonly-crc-enable-gc-gc80-test_script-misc-34f1": requested -> triaging
2025-08-11 11:03:51,200 avocado.core.task.statemachine DEBUG| Task "87-./pcache.py:PcacheTest.test;run-cache_mode-writeonly-crc-enable-gc-gc80-test_script-misc-34f1": requirements OK (will proceed to check dependencies)
2025-08-11 11:03:51,200 avocado.core.task.statemachine DEBUG| Task "87-./pcache.py:PcacheTest.test;run-cache_mode-writeonly-crc-enable-gc-gc80-test_script-misc-34f1": about to be spawned with "<avocado.plugins.spawners.process.ProcessSpawner object at 0x7fa7e6a66450>"
2025-08-11 11:03:51,202 avocado.core.task.statemachine DEBUG| Task "87-./pcache.py:PcacheTest.test;run-cache_mode-writeonly-crc-enable-gc-gc80-test_script-misc-34f1": spawned successfully
2025-08-11 11:03:51,605 avocado.core.status.repo DEBUG| Task "87-./pcache.py:PcacheTest.test;run-cache_mode-writeonly-crc-enable-gc-gc80-test_script-misc-34f1" started message: "{'status': 'started', 'time': 308166.211702655, 'output_dir': '/root/avocado/job-results/job-2025-08-10T21.33-aa6cbdd/test-results/87-._pcache.py_PcacheTest.test_run-cache_mode-writeonly-crc-enable-gc-gc80-test_script-misc-34f1', 'id': '87-./pcache.py:PcacheTest.test;run-cache_mode-writeonly-crc-enable-gc-gc80-test_script-misc-34f1'}"
2025-08-11 11:03:51,622 avocado.test INFO | ./pcache.py:PcacheTest.test;run-cache_mode-writeonly-crc-enable-gc-gc80-test_script-misc-34f1: STARTED
2025-08-11 11:03:52,280 avocado.core.status.repo DEBUG| Task "87-./pcache.py:PcacheTest.test;run-cache_mode-writeonly-crc-enable-gc-gc80-test_script-misc-34f1" finished message: "{'result': 'pass', 'status': 'finished', 'time': 308166.786846479}"
2025-08-11 11:03:52,317 avocado.test INFO | ./pcache.py:PcacheTest.test;run-cache_mode-writeonly-crc-enable-gc-gc80-test_script-misc-34f1: PASS
2025-08-11 11:03:52,317 avocado.test INFO | More information in /root/avocado/job-results/job-2025-08-10T21.33-aa6cbdd/test-results/87-._pcache.py_PcacheTest.test_run-cache_mode-writeonly-crc-enable-gc-gc80-test_script-misc-34f1
2025-08-11 11:03:52,365 avocado.core.task.statemachine DEBUG| Task "87-./pcache.py:PcacheTest.test;run-cache_mode-writeonly-crc-enable-gc-gc80-test_script-misc-34f1" finished
2025-08-11 11:03:52,365 avocado.core.task.statemachine DEBUG| Task "88-./pcache.py:PcacheTest.test;run-cache_mode-writeonly-crc-enable-gc-gc80-test_script-failslab-76cb": requested -> triaging
2025-08-11 11:03:52,365 avocado.core.task.statemachine DEBUG| Task "88-./pcache.py:PcacheTest.test;run-cache_mode-writeonly-crc-enable-gc-gc80-test_script-failslab-76cb": requirements OK (will proceed to check dependencies)
2025-08-11 11:03:52,365 avocado.core.task.statemachine DEBUG| Task "88-./pcache.py:PcacheTest.test;run-cache_mode-writeonly-crc-enable-gc-gc80-test_script-failslab-76cb": about to be spawned with "<avocado.plugins.spawners.process.ProcessSpawner object at 0x7fa7e6a66450>"
2025-08-11 11:03:52,367 avocado.core.task.statemachine DEBUG| Task "88-./pcache.py:PcacheTest.test;run-cache_mode-writeonly-crc-enable-gc-gc80-test_script-failslab-76cb": spawned successfully
2025-08-11 11:03:52,782 avocado.core.status.repo DEBUG| Task "88-./pcache.py:PcacheTest.test;run-cache_mode-writeonly-crc-enable-gc-gc80-test_script-failslab-76cb" started message: "{'status': 'started', 'time': 308167.388432502, 'output_dir': '/root/avocado/job-results/job-2025-08-10T21.33-aa6cbdd/test-results/88-._pcache.py_PcacheTest.test_run-cache_mode-writeonly-crc-enable-gc-gc80-test_script-failslab-76cb', 'id': '88-./pcache.py:PcacheTest.test;run-cache_mode-writeonly-crc-enable-gc-gc80-test_script-failslab-76cb'}"
2025-08-11 11:03:52,821 avocado.test INFO | ./pcache.py:PcacheTest.test;run-cache_mode-writeonly-crc-enable-gc-gc80-test_script-failslab-76cb: STARTED
2025-08-11 11:03:53,488 avocado.core.status.repo DEBUG| Task "88-./pcache.py:PcacheTest.test;run-cache_mode-writeonly-crc-enable-gc-gc80-test_script-failslab-76cb" finished message: "{'result': 'pass', 'status': 'finished', 'time': 308168.00048114}"
2025-08-11 11:03:53,554 avocado.test INFO | ./pcache.py:PcacheTest.test;run-cache_mode-writeonly-crc-enable-gc-gc80-test_script-failslab-76cb: PASS
2025-08-11 11:03:53,554 avocado.test INFO | More information in /root/avocado/job-results/job-2025-08-10T21.33-aa6cbdd/test-results/88-._pcache.py_PcacheTest.test_run-cache_mode-writeonly-crc-enable-gc-gc80-test_script-failslab-76cb
2025-08-11 11:03:53,556 avocado.core.task.statemachine DEBUG| Task "88-./pcache.py:PcacheTest.test;run-cache_mode-writeonly-crc-enable-gc-gc80-test_script-failslab-76cb" finished
2025-08-11 11:03:53,556 avocado.core.task.statemachine DEBUG| Task "89-./pcache.py:PcacheTest.test;run-cache_mode-writeonly-crc-enable-gc-gc80-test_script-fail_make_request-e249": requested -> triaging
2025-08-11 11:03:53,556 avocado.core.task.statemachine DEBUG| Task "89-./pcache.py:PcacheTest.test;run-cache_mode-writeonly-crc-enable-gc-gc80-test_script-fail_make_request-e249": requirements OK (will proceed to check dependencies)
2025-08-11 11:03:53,556 avocado.core.task.statemachine DEBUG| Task "89-./pcache.py:PcacheTest.test;run-cache_mode-writeonly-crc-enable-gc-gc80-test_script-fail_make_request-e249": about to be spawned with "<avocado.plugins.spawners.process.ProcessSpawner object at 0x7fa7e6a66450>"
2025-08-11 11:03:53,558 avocado.core.task.statemachine DEBUG| Task "89-./pcache.py:PcacheTest.test;run-cache_mode-writeonly-crc-enable-gc-gc80-test_script-fail_make_request-e249": spawned successfully
2025-08-11 11:03:53,969 avocado.core.status.repo DEBUG| Task "89-./pcache.py:PcacheTest.test;run-cache_mode-writeonly-crc-enable-gc-gc80-test_script-fail_make_request-e249" started message: "{'status': 'started', 'time': 308168.575469558, 'output_dir': '/root/avocado/job-results/job-2025-08-10T21.33-aa6cbdd/test-results/89-._pcache.py_PcacheTest.test_run-cache_mode-writeonly-crc-enable-gc-gc80-test_script-fail_make_request-e249', 'id': '89-./pcache.py:PcacheTest.test;run-cache_mode-writeonly-crc-enable-gc-gc80-test_script-fail_make_request-e249'}"
2025-08-11 11:03:54,008 avocado.test INFO | ./pcache.py:PcacheTest.test;run-cache_mode-writeonly-crc-enable-gc-gc80-test_script-fail_make_request-e249: STARTED
2025-08-11 11:03:55,185 avocado.core.status.repo DEBUG| Task "89-./pcache.py:PcacheTest.test;run-cache_mode-writeonly-crc-enable-gc-gc80-test_script-fail_make_request-e249" finished message: "{'result': 'pass', 'status': 'finished', 'time': 308169.691542325}"
2025-08-11 11:03:55,241 avocado.test INFO | ./pcache.py:PcacheTest.test;run-cache_mode-writeonly-crc-enable-gc-gc80-test_script-fail_make_request-e249: PASS
2025-08-11 11:03:55,241 avocado.test INFO | More information in /root/avocado/job-results/job-2025-08-10T21.33-aa6cbdd/test-results/89-._pcache.py_PcacheTest.test_run-cache_mode-writeonly-crc-enable-gc-gc80-test_script-fail_make_request-e249
2025-08-11 11:03:55,268 avocado.core.task.statemachine DEBUG| Task "89-./pcache.py:PcacheTest.test;run-cache_mode-writeonly-crc-enable-gc-gc80-test_script-fail_make_request-e249" finished
2025-08-11 11:03:55,268 avocado.core.task.statemachine DEBUG| Task "90-./pcache.py:PcacheTest.test;run-cache_mode-writeonly-crc-enable-gc-gc80-test_script-recreate_loop-fba4": requested -> triaging
2025-08-11 11:03:55,268 avocado.core.task.statemachine DEBUG| Task "90-./pcache.py:PcacheTest.test;run-cache_mode-writeonly-crc-enable-gc-gc80-test_script-recreate_loop-fba4": requirements OK (will proceed to check dependencies)
2025-08-11 11:03:55,268 avocado.core.task.statemachine DEBUG| Task "90-./pcache.py:PcacheTest.test;run-cache_mode-writeonly-crc-enable-gc-gc80-test_script-recreate_loop-fba4": about to be spawned with "<avocado.plugins.spawners.process.ProcessSpawner object at 0x7fa7e6a66450>"
2025-08-11 11:03:55,270 avocado.core.task.statemachine DEBUG| Task "90-./pcache.py:PcacheTest.test;run-cache_mode-writeonly-crc-enable-gc-gc80-test_script-recreate_loop-fba4": spawned successfully
2025-08-11 11:03:55,676 avocado.core.status.repo DEBUG| Task "90-./pcache.py:PcacheTest.test;run-cache_mode-writeonly-crc-enable-gc-gc80-test_script-recreate_loop-fba4" started message: "{'status': 'started', 'time': 308170.28234403, 'output_dir': '/root/avocado/job-results/job-2025-08-10T21.33-aa6cbdd/test-results/90-._pcache.py_PcacheTest.test_run-cache_mode-writeonly-crc-enable-gc-gc80-test_script-recreate_loop-fba4', 'id': '90-./pcache.py:PcacheTest.test;run-cache_mode-writeonly-crc-enable-gc-gc80-test_script-recreate_loop-fba4'}"
2025-08-11 11:03:55,696 avocado.test INFO | ./pcache.py:PcacheTest.test;run-cache_mode-writeonly-crc-enable-gc-gc80-test_script-recreate_loop-fba4: STARTED
2025-08-11 11:03:55,992 avocado.core.status.repo DEBUG| Task "90-./pcache.py:PcacheTest.test;run-cache_mode-writeonly-crc-enable-gc-gc80-test_script-recreate_loop-fba4" finished message: "{'result': 'pass', 'status': 'finished', 'time': 308170.497810939}"
2025-08-11 11:03:56,026 avocado.test INFO | ./pcache.py:PcacheTest.test;run-cache_mode-writeonly-crc-enable-gc-gc80-test_script-recreate_loop-fba4: PASS
2025-08-11 11:03:56,027 avocado.test INFO | More information in /root/avocado/job-results/job-2025-08-10T21.33-aa6cbdd/test-results/90-._pcache.py_PcacheTest.test_run-cache_mode-writeonly-crc-enable-gc-gc80-test_script-recreate_loop-fba4
2025-08-11 11:03:56,062 avocado.core.task.statemachine DEBUG| Task "90-./pcache.py:PcacheTest.test;run-cache_mode-writeonly-crc-enable-gc-gc80-test_script-recreate_loop-fba4" finished
2025-08-11 11:03:56,062 avocado.core.task.statemachine DEBUG| Task "91-./pcache.py:PcacheTest.test;run-cache_mode-writeonly-crc-disable-gc-gc80-test_script-default-957a": requested -> triaging
2025-08-11 11:03:56,062 avocado.core.task.statemachine DEBUG| Task "91-./pcache.py:PcacheTest.test;run-cache_mode-writeonly-crc-disable-gc-gc80-test_script-default-957a": requirements OK (will proceed to check dependencies)
2025-08-11 11:03:56,062 avocado.core.task.statemachine DEBUG| Task "91-./pcache.py:PcacheTest.test;run-cache_mode-writeonly-crc-disable-gc-gc80-test_script-default-957a": about to be spawned with "<avocado.plugins.spawners.process.ProcessSpawner object at 0x7fa7e6a66450>"
2025-08-11 11:03:56,064 avocado.core.task.statemachine DEBUG| Task "91-./pcache.py:PcacheTest.test;run-cache_mode-writeonly-crc-disable-gc-gc80-test_script-default-957a": spawned successfully
2025-08-11 11:03:56,475 avocado.core.status.repo DEBUG| Task "91-./pcache.py:PcacheTest.test;run-cache_mode-writeonly-crc-disable-gc-gc80-test_script-default-957a" started message: "{'status': 'started', 'time': 308171.081849543, 'output_dir': '/root/avocado/job-results/job-2025-08-10T21.33-aa6cbdd/test-results/91-._pcache.py_PcacheTest.test_run-cache_mode-writeonly-crc-disable-gc-gc80-test_script-default-957a', 'id': '91-./pcache.py:PcacheTest.test;run-cache_mode-writeonly-crc-disable-gc-gc80-test_script-default-957a'}"
2025-08-11 11:03:56,481 avocado.test INFO | ./pcache.py:PcacheTest.test;run-cache_mode-writeonly-crc-disable-gc-gc80-test_script-default-957a: STARTED
2025-08-11 11:03:57,151 avocado.core.status.repo DEBUG| Task "91-./pcache.py:PcacheTest.test;run-cache_mode-writeonly-crc-disable-gc-gc80-test_script-default-957a" finished message: "{'result': 'pass', 'status': 'finished', 'time': 308171.662555699}"
2025-08-11 11:03:57,214 avocado.test INFO | ./pcache.py:PcacheTest.test;run-cache_mode-writeonly-crc-disable-gc-gc80-test_script-default-957a: PASS
2025-08-11 11:03:57,214 avocado.test INFO | More information in /root/avocado/job-results/job-2025-08-10T21.33-aa6cbdd/test-results/91-._pcache.py_PcacheTest.test_run-cache_mode-writeonly-crc-disable-gc-gc80-test_script-default-957a
2025-08-11 11:03:57,220 avocado.core.task.statemachine DEBUG| Task "91-./pcache.py:PcacheTest.test;run-cache_mode-writeonly-crc-disable-gc-gc80-test_script-default-957a" finished
2025-08-11 11:03:57,220 avocado.core.task.statemachine DEBUG| Task "92-./pcache.py:PcacheTest.test;run-cache_mode-writeonly-crc-disable-gc-gc80-test_script-xfstests-f9a3": requested -> triaging
2025-08-11 11:03:57,220 avocado.core.task.statemachine DEBUG| Task "92-./pcache.py:PcacheTest.test;run-cache_mode-writeonly-crc-disable-gc-gc80-test_script-xfstests-f9a3": requirements OK (will proceed to check dependencies)
2025-08-11 11:03:57,220 avocado.core.task.statemachine DEBUG| Task "92-./pcache.py:PcacheTest.test;run-cache_mode-writeonly-crc-disable-gc-gc80-test_script-xfstests-f9a3": about to be spawned with "<avocado.plugins.spawners.process.ProcessSpawner object at 0x7fa7e6a66450>"
2025-08-11 11:03:57,222 avocado.core.task.statemachine DEBUG| Task "92-./pcache.py:PcacheTest.test;run-cache_mode-writeonly-crc-disable-gc-gc80-test_script-xfstests-f9a3": spawned successfully
2025-08-11 11:03:57,633 avocado.core.status.repo DEBUG| Task "92-./pcache.py:PcacheTest.test;run-cache_mode-writeonly-crc-disable-gc-gc80-test_script-xfstests-f9a3" started message: "{'status': 'started', 'time': 308172.239516097, 'output_dir': '/root/avocado/job-results/job-2025-08-10T21.33-aa6cbdd/test-results/92-._pcache.py_PcacheTest.test_run-cache_mode-writeonly-crc-disable-gc-gc80-test_script-xfstests-f9a3', 'id': '92-./pcache.py:PcacheTest.test;run-cache_mode-writeonly-crc-disable-gc-gc80-test_script-xfstests-f9a3'}"
2025-08-11 11:03:57,668 avocado.test INFO | ./pcache.py:PcacheTest.test;run-cache_mode-writeonly-crc-disable-gc-gc80-test_script-xfstests-f9a3: STARTED
2025-08-11 11:03:58,267 avocado.core.status.repo DEBUG| Task "92-./pcache.py:PcacheTest.test;run-cache_mode-writeonly-crc-disable-gc-gc80-test_script-xfstests-f9a3" finished message: "{'result': 'pass', 'status': 'finished', 'time': 308172.778457591}"
2025-08-11 11:03:58,293 avocado.test INFO | ./pcache.py:PcacheTest.test;run-cache_mode-writeonly-crc-disable-gc-gc80-test_script-xfstests-f9a3: PASS
2025-08-11 11:03:58,293 avocado.test INFO | More information in /root/avocado/job-results/job-2025-08-10T21.33-aa6cbdd/test-results/92-._pcache.py_PcacheTest.test_run-cache_mode-writeonly-crc-disable-gc-gc80-test_script-xfstests-f9a3
2025-08-11 11:03:58,335 avocado.core.task.statemachine DEBUG| Task "92-./pcache.py:PcacheTest.test;run-cache_mode-writeonly-crc-disable-gc-gc80-test_script-xfstests-f9a3" finished
2025-08-11 11:03:58,336 avocado.core.task.statemachine DEBUG| Task "93-./pcache.py:PcacheTest.test;run-cache_mode-writeonly-crc-disable-gc-gc80-test_script-misc-4544": requested -> triaging
2025-08-11 11:03:58,336 avocado.core.task.statemachine DEBUG| Task "93-./pcache.py:PcacheTest.test;run-cache_mode-writeonly-crc-disable-gc-gc80-test_script-misc-4544": requirements OK (will proceed to check dependencies)
2025-08-11 11:03:58,336 avocado.core.task.statemachine DEBUG| Task "93-./pcache.py:PcacheTest.test;run-cache_mode-writeonly-crc-disable-gc-gc80-test_script-misc-4544": about to be spawned with "<avocado.plugins.spawners.process.ProcessSpawner object at 0x7fa7e6a66450>"
2025-08-11 11:03:58,340 avocado.core.task.statemachine DEBUG| Task "93-./pcache.py:PcacheTest.test;run-cache_mode-writeonly-crc-disable-gc-gc80-test_script-misc-4544": spawned successfully
2025-08-11 11:03:58,745 avocado.core.status.repo DEBUG| Task "93-./pcache.py:PcacheTest.test;run-cache_mode-writeonly-crc-disable-gc-gc80-test_script-misc-4544" started message: "{'status': 'started', 'time': 308173.351088053, 'output_dir': '/root/avocado/job-results/job-2025-08-10T21.33-aa6cbdd/test-results/93-._pcache.py_PcacheTest.test_run-cache_mode-writeonly-crc-disable-gc-gc80-test_script-misc-4544', 'id': '93-./pcache.py:PcacheTest.test;run-cache_mode-writeonly-crc-disable-gc-gc80-test_script-misc-4544'}"
2025-08-11 11:03:58,747 avocado.test INFO | ./pcache.py:PcacheTest.test;run-cache_mode-writeonly-crc-disable-gc-gc80-test_script-misc-4544: STARTED
2025-08-11 11:03:59,432 avocado.core.status.repo DEBUG| Task "93-./pcache.py:PcacheTest.test;run-cache_mode-writeonly-crc-disable-gc-gc80-test_script-misc-4544" finished message: "{'result': 'pass', 'status': 'finished', 'time': 308173.939578289}"
2025-08-11 11:03:59,472 avocado.test INFO | ./pcache.py:PcacheTest.test;run-cache_mode-writeonly-crc-disable-gc-gc80-test_script-misc-4544: PASS
2025-08-11 11:03:59,472 avocado.test INFO | More information in /root/avocado/job-results/job-2025-08-10T21.33-aa6cbdd/test-results/93-._pcache.py_PcacheTest.test_run-cache_mode-writeonly-crc-disable-gc-gc80-test_script-misc-4544
2025-08-11 11:03:59,518 avocado.core.task.statemachine DEBUG| Task "93-./pcache.py:PcacheTest.test;run-cache_mode-writeonly-crc-disable-gc-gc80-test_script-misc-4544" finished
2025-08-11 11:03:59,518 avocado.core.task.statemachine DEBUG| Task "94-./pcache.py:PcacheTest.test;run-cache_mode-writeonly-crc-disable-gc-gc80-test_script-failslab-33a9": requested -> triaging
2025-08-11 11:03:59,518 avocado.core.task.statemachine DEBUG| Task "94-./pcache.py:PcacheTest.test;run-cache_mode-writeonly-crc-disable-gc-gc80-test_script-failslab-33a9": requirements OK (will proceed to check dependencies)
2025-08-11 11:03:59,518 avocado.core.task.statemachine DEBUG| Task "94-./pcache.py:PcacheTest.test;run-cache_mode-writeonly-crc-disable-gc-gc80-test_script-failslab-33a9": about to be spawned with "<avocado.plugins.spawners.process.ProcessSpawner object at 0x7fa7e6a66450>"
2025-08-11 11:03:59,520 avocado.core.task.statemachine DEBUG| Task "94-./pcache.py:PcacheTest.test;run-cache_mode-writeonly-crc-disable-gc-gc80-test_script-failslab-33a9": spawned successfully
2025-08-11 11:03:59,934 avocado.core.status.repo DEBUG| Task "94-./pcache.py:PcacheTest.test;run-cache_mode-writeonly-crc-disable-gc-gc80-test_script-failslab-33a9" started message: "{'status': 'started', 'time': 308174.540151292, 'output_dir': '/root/avocado/job-results/job-2025-08-10T21.33-aa6cbdd/test-results/94-._pcache.py_PcacheTest.test_run-cache_mode-writeonly-crc-disable-gc-gc80-test_script-failslab-33a9', 'id': '94-./pcache.py:PcacheTest.test;run-cache_mode-writeonly-crc-disable-gc-gc80-test_script-failslab-33a9'}"
2025-08-11 11:03:59,977 avocado.test INFO | ./pcache.py:PcacheTest.test;run-cache_mode-writeonly-crc-disable-gc-gc80-test_script-failslab-33a9: STARTED
2025-08-11 11:04:00,629 avocado.core.status.repo DEBUG| Task "94-./pcache.py:PcacheTest.test;run-cache_mode-writeonly-crc-disable-gc-gc80-test_script-failslab-33a9" finished message: "{'result': 'pass', 'status': 'finished', 'time': 308175.139042365}"
2025-08-11 11:04:00,651 avocado.test INFO | ./pcache.py:PcacheTest.test;run-cache_mode-writeonly-crc-disable-gc-gc80-test_script-failslab-33a9: PASS
2025-08-11 11:04:00,651 avocado.test INFO | More information in /root/avocado/job-results/job-2025-08-10T21.33-aa6cbdd/test-results/94-._pcache.py_PcacheTest.test_run-cache_mode-writeonly-crc-disable-gc-gc80-test_script-failslab-33a9
2025-08-11 11:04:00,698 avocado.core.task.statemachine DEBUG| Task "94-./pcache.py:PcacheTest.test;run-cache_mode-writeonly-crc-disable-gc-gc80-test_script-failslab-33a9" finished
2025-08-11 11:04:00,698 avocado.core.task.statemachine DEBUG| Task "95-./pcache.py:PcacheTest.test;run-cache_mode-writeonly-crc-disable-gc-gc80-test_script-fail_make_request-614f": requested -> triaging
2025-08-11 11:04:00,698 avocado.core.task.statemachine DEBUG| Task "95-./pcache.py:PcacheTest.test;run-cache_mode-writeonly-crc-disable-gc-gc80-test_script-fail_make_request-614f": requirements OK (will proceed to check dependencies)
2025-08-11 11:04:00,698 avocado.core.task.statemachine DEBUG| Task "95-./pcache.py:PcacheTest.test;run-cache_mode-writeonly-crc-disable-gc-gc80-test_script-fail_make_request-614f": about to be spawned with "<avocado.plugins.spawners.process.ProcessSpawner object at 0x7fa7e6a66450>"
2025-08-11 11:04:00,700 avocado.core.task.statemachine DEBUG| Task "95-./pcache.py:PcacheTest.test;run-cache_mode-writeonly-crc-disable-gc-gc80-test_script-fail_make_request-614f": spawned successfully
2025-08-11 11:04:01,109 avocado.core.status.repo DEBUG| Task "95-./pcache.py:PcacheTest.test;run-cache_mode-writeonly-crc-disable-gc-gc80-test_script-fail_make_request-614f" started message: "{'status': 'started', 'time': 308175.715854785, 'output_dir': '/root/avocado/job-results/job-2025-08-10T21.33-aa6cbdd/test-results/95-._pcache.py_PcacheTest.test_run-cache_mode-writeonly-crc-disable-gc-gc80-test_script-fail_make_request-614f', 'id': '95-./pcache.py:PcacheTest.test;run-cache_mode-writeonly-crc-disable-gc-gc80-test_script-fail_make_request-614f'}"
2025-08-11 11:04:01,155 avocado.test INFO | ./pcache.py:PcacheTest.test;run-cache_mode-writeonly-crc-disable-gc-gc80-test_script-fail_make_request-614f: STARTED
2025-08-11 11:04:02,308 avocado.core.status.repo DEBUG| Task "95-./pcache.py:PcacheTest.test;run-cache_mode-writeonly-crc-disable-gc-gc80-test_script-fail_make_request-614f" finished message: "{'result': 'pass', 'status': 'finished', 'time': 308176.814740852}"
2025-08-11 11:04:02,343 avocado.test INFO | ./pcache.py:PcacheTest.test;run-cache_mode-writeonly-crc-disable-gc-gc80-test_script-fail_make_request-614f: PASS
2025-08-11 11:04:02,343 avocado.test INFO | More information in /root/avocado/job-results/job-2025-08-10T21.33-aa6cbdd/test-results/95-._pcache.py_PcacheTest.test_run-cache_mode-writeonly-crc-disable-gc-gc80-test_script-fail_make_request-614f
2025-08-11 11:04:02,376 avocado.core.task.statemachine DEBUG| Task "95-./pcache.py:PcacheTest.test;run-cache_mode-writeonly-crc-disable-gc-gc80-test_script-fail_make_request-614f" finished
2025-08-11 11:04:02,377 avocado.core.task.statemachine DEBUG| Task "96-./pcache.py:PcacheTest.test;run-cache_mode-writeonly-crc-disable-gc-gc80-test_script-recreate_loop-11b4": requested -> triaging
2025-08-11 11:04:02,377 avocado.core.task.statemachine DEBUG| Task "96-./pcache.py:PcacheTest.test;run-cache_mode-writeonly-crc-disable-gc-gc80-test_script-recreate_loop-11b4": requirements OK (will proceed to check dependencies)
2025-08-11 11:04:02,377 avocado.core.task.statemachine DEBUG| Task "96-./pcache.py:PcacheTest.test;run-cache_mode-writeonly-crc-disable-gc-gc80-test_script-recreate_loop-11b4": about to be spawned with "<avocado.plugins.spawners.process.ProcessSpawner object at 0x7fa7e6a66450>"
2025-08-11 11:04:02,379 avocado.core.task.statemachine DEBUG| Task "96-./pcache.py:PcacheTest.test;run-cache_mode-writeonly-crc-disable-gc-gc80-test_script-recreate_loop-11b4": spawned successfully
2025-08-11 11:04:02,778 avocado.core.status.repo DEBUG| Task "96-./pcache.py:PcacheTest.test;run-cache_mode-writeonly-crc-disable-gc-gc80-test_script-recreate_loop-11b4" started message: "{'status': 'started', 'time': 308177.384496264, 'output_dir': '/root/avocado/job-results/job-2025-08-10T21.33-aa6cbdd/test-results/96-._pcache.py_PcacheTest.test_run-cache_mode-writeonly-crc-disable-gc-gc80-test_script-recreate_loop-11b4', 'id': '96-./pcache.py:PcacheTest.test;run-cache_mode-writeonly-crc-disable-gc-gc80-test_script-recreate_loop-11b4'}"
2025-08-11 11:04:02,797 avocado.test INFO | ./pcache.py:PcacheTest.test;run-cache_mode-writeonly-crc-disable-gc-gc80-test_script-recreate_loop-11b4: STARTED
2025-08-11 11:04:03,094 avocado.core.status.repo DEBUG| Task "96-./pcache.py:PcacheTest.test;run-cache_mode-writeonly-crc-disable-gc-gc80-test_script-recreate_loop-11b4" finished message: "{'result': 'pass', 'status': 'finished', 'time': 308177.600948752}"
2025-08-11 11:04:03,121 avocado.test INFO | ./pcache.py:PcacheTest.test;run-cache_mode-writeonly-crc-disable-gc-gc80-test_script-recreate_loop-11b4: PASS
2025-08-11 11:04:03,122 avocado.test INFO | More information in /root/avocado/job-results/job-2025-08-10T21.33-aa6cbdd/test-results/96-._pcache.py_PcacheTest.test_run-cache_mode-writeonly-crc-disable-gc-gc80-test_script-recreate_loop-11b4
2025-08-11 11:04:03,163 avocado.core.task.statemachine DEBUG| Task "96-./pcache.py:PcacheTest.test;run-cache_mode-writeonly-crc-disable-gc-gc80-test_script-recreate_loop-11b4" finished
2025-08-11 11:04:03,218 avocado.test INFO | Test results available in /root/avocado/job-results/job-2025-08-10T21.33-aa6cbdd
2025-08-11 11:04:03,225 avocado.sysinfo DEBUG| Not logging /sys/kernel/debug/sched_features (file not found)
2025-08-11 11:04:08,707 avocado.sysinfo DEBUG| Not logging /proc/pci (file not found)
2025-08-11 11:04:08,715 avocado.sysinfo DEBUG| Not logging /sys/devices/system/cpu/cpu0/cpufreq/scaling_governor (file not found)
