           CPU0       CPU1       CPU2       CPU3       CPU4       CPU5       CPU6       CPU7       CPU8       CPU9       CPU10      CPU11      CPU12      CPU13      CPU14      CPU15      CPU16      CPU17      CPU18      CPU19      CPU20      CPU21      CPU22      CPU23      CPU24      CPU25      CPU26      CPU27      CPU28      CPU29      CPU30      CPU31      
  1:          0          0          0          0          0          0          0          0          0          0          0          0          0          0          0          0          0          0          0          0          0          0          0          0          0          9          0          0          0          0          0          0  IO-APIC   1-edge      i8042
  4:          0          0          0          0          0          0          0          0          0          0          0          0          0          0          0          0          0          0          0          0          0          0          0          0          0          0          0        894          0          0          0          0  IO-APIC   4-edge      ttyS0
  8:          0          0          0          0          0          0          0          0          0          0          0          0          0          0          0          0          0          0          0          0          0          0          0          0          0          0          0          0          0          0          0          0  IO-APIC   8-edge      rtc0
  9:          0          0          0          0          0          0          0          0          0          0          0          0          0          0          0          0          0          0          0          0          0          0          0          0          0          0          0          0          0          0          0          0  IO-APIC   9-fasteoi   acpi
 12:          0          0          0          0          0          0          0          0          0          0          0          0          0          0          0          0          0          0          0          0          0          0          0          0        144          0          0          0          0          0          0          0  IO-APIC  12-edge      i8042
 16:          0          0          0          0          0          0          0          0          0          0          0          0          0          0          0          0          0          0          0          0          0          0          0          0          0          0          0          0          0          0          0          0  IO-APIC  16-fasteoi   uhci_hcd:usb2, i801_smbus
 17:          0          0          0          0          0          0          0          0          0          0          0          0          0          0          0          0          0          0          0          0          0          0          0          0          0          0          0          0          0          0          0          0  IO-APIC  17-fasteoi   uhci_hcd:usb3
 18:          0          0          0          0          0          0          0          0          0          0          0          0          0          0          0          0          0          0          0          0          0          0          0          0          0          0          0          0          0          0          0          0  IO-APIC  18-fasteoi   uhci_hcd:usb4
 19:          0          0          0          0          0          0          0          0          0          0          0          0          0          0          0          0          0          0          0          0         27          0          0          0          0          0          0          0          0          0          0          0  IO-APIC  19-fasteoi   ehci_hcd:usb1
 22:          0          0          0          0          0          0          0          0          0          0          0          0          0          8          0         19          0          8          0          0          0          0          0          1          1          0          0          0          0          0          2          0  IO-APIC  22-fasteoi   virtio3, virtio4
 24:          0          0          0          0          0          0          0          0          0          0          0          0          0          0          0          0          0          0          0          0          0          0          0          0          0          0          0          0          0          0          0          0 PCI-MSIX-0000:00:02.0   0-edge      PCIe PME, aerdrv, PCIe bwctrl
 25:          0          0          0          0          0          0          0          0          0          0          0          0          0          0          0          0          0          0          0          0          0          0          0          0          0          0          0          0          0          0          0          0 PCI-MSIX-0000:00:02.1   0-edge      PCIe PME, aerdrv, PCIe bwctrl
 26:          0          0          0          0          0          0          0          0          0          0          0          0          0          0          0          0          0          0          0          0          0          0          0          0          0          0          0          0          0          0          0          0 PCI-MSIX-0000:00:02.2   0-edge      PCIe PME, aerdrv, PCIe bwctrl
 27:          0          0          0          0          0          0          0          0          0          0          0          0          0          0          0          0          0          0          0          0          0          0          0          0          0          0          0          0          0          0          0          0 PCI-MSIX-0000:00:02.3   0-edge      PCIe PME, aerdrv, PCIe bwctrl
 28:          0          0          0          0          0          0          0          0          0          0          0          0          0          0          0          0          0          0          0          0          0          0          0          0          0          0          0          0          0          0          0          0 PCI-MSIX-0000:00:02.4   0-edge      PCIe PME, aerdrv, PCIe bwctrl
 29:          0          0          0          0          0          0          0          0          0          0          0          0          0          0          0          0          0          0          0          0          0          0          0          0          0          0          0          0          0          0          0          0 PCI-MSIX-0000:00:02.5   0-edge      PCIe PME, aerdrv, PCIe bwctrl
 30:          0          0          0          0          0          0          0          0          0          0          0          0          0          0          0          0          0          0          0          0          0          0          0          0          0          0          0          0          0          0          0          0 PCI-MSIX-0000:00:02.6   0-edge      PCIe PME, aerdrv, PCIe bwctrl
 31:          0          0          0          0          0          0          0          0          0          0          0          0          0          0          0          0          0          0          0          0          0          0          0          0          0          0          0          0          0          0          0          0 PCI-MSIX-0000:00:02.7   0-edge      PCIe PME, aerdrv, PCIe bwctrl
 32:          0          0          0          0          0          0          0          0          0          0          0          0          0          0          0          0          0          0          0          0          0          0          0          0          0          0          0          0          0          0          0          0 PCI-MSIX-0000:00:03.0   0-edge      PCIe PME, aerdrv, PCIe bwctrl
 33:          0          0          0          0          0          0          0          0          0          0          0          0          0          0          0          0          0          0          0          0          0          0          0          0          0          0          0          0          0          0          0          0 PCI-MSIX-0000:00:03.1   0-edge      PCIe PME, aerdrv, PCIe bwctrl
 34:          0          0          0          0          0          0          0          0          0          0          0          0          0          0          0          0          0          0          0          0          0          0          0          0          0          0          0          0          0          0          0          0 PCI-MSIX-0000:00:03.2   0-edge      PCIe PME, aerdrv, PCIe bwctrl
 35:          0          0          0          0          0          0          0          0          0          0          0          0          0          0          0          0          0          0          0          0          0          0          0          0          0          0          0          0          0          0          0          0 PCI-MSIX-0000:00:03.3   0-edge      PCIe PME, aerdrv, PCIe bwctrl
 36:          0          0          0          0          0          0          0          0          0          0          0          0          0          0          0          0          0          0          0          0          0          0          0          0          0          0          0          0          0          0          0          0 PCI-MSIX-0000:00:03.4   0-edge      PCIe PME, aerdrv, PCIe bwctrl
 37:          0          0          0          0          0          0          0          0          0          0          0          0          0          0          0          0          0          0          0          0          0          0          0          0          0          0          0          0          0          0          0          0 PCI-MSIX-0000:00:03.5   0-edge      PCIe PME, aerdrv, PCIe bwctrl
 38:          0          0          0          0          0          0          0          0          0          0          0          0          0          0          0          0          0          0          0          0          0          0          0          0          0          0          0          0          0          0          0          0 PCI-MSIX-0000:00:03.6   0-edge      PCIe PME, aerdrv, PCIe bwctrl
 39:          0          0          0          0          0          0          0          0          0          0          0          0          0          0          0          0          0          0          0          0          0          0          0          0          0          0          0          0          0          0          0          0 PCI-MSIX-0000:00:03.7   0-edge      PCIe PME, aerdrv, PCIe bwctrl
 40:          0          0          0          0          0          0          0          0          0          0          0          0          0          0          0          0          0          0          0          0          0          0          0          0          0          0          0          0          0          0          0          0 PCI-MSIX-0000:02:00.0   0-edge      virtio1-config
 41:          0          0          0          0          0          0          0          0          0          0          0          0          0          0          0          0          0          0          0          2          0          0          0          0          0          0          0          0          0          0          0          0 PCI-MSIX-0000:02:00.0   1-edge      virtio1-virtqueues
 42:          0          0          0          0          0          0          0          0          0          0          0          0          0          0          0          0          0          0          0          0          0          0          0          0          0          0          0          0          0          0          0          0 PCI-MSIX-0000:03:00.0   0-edge      virtio2-config
 43:       2152          0          0          0          0          0          0          0          0          0          0          0          0          0          0          0          0          0          0          0          0          0          0          0          0          0          0          0          0          0          0          0 PCI-MSIX-0000:03:00.0   1-edge      virtio2-req.0
 44:          0       1860          0          0          0          0          0          0          0          0          0          0          0          0          0          0          0          0          0          0          0          0          0          0          0          0          0          0          0          0          0          0 PCI-MSIX-0000:03:00.0   2-edge      virtio2-req.1
 45:          0          0          0          0          0          0          0          0          0          0          0          0          0          0          0          0          0          0          0          0          0          0          0          0          0          0          0          0          0          0          0          0 PCI-MSIX-0000:01:00.0   0-edge      virtio0-config
 46:          0          0       1958          0          0          0          0          0          0          0          0          0          0          0          0          0          0          0          0          0          0          0          0          0          0          0          0          0          0          0          0          0 PCI-MSIX-0000:03:00.0   3-edge      virtio2-req.2
 47:          0          0          0          0          0          0          0          0          0          0          0          0          0          0          0          0          0          0          0          0          0          0          0          0          0          0          0          0          4         99          0          0 PCI-MSIX-0000:01:00.0   1-edge      virtio0-input.0
 48:          0          0          0       1068          0          0          0          0          0          0          0          0          0          0          0          0          0          0          0          0          0          0          0          0          0          0          0          0          0          0          0          0 PCI-MSIX-0000:03:00.0   4-edge      virtio2-req.3
 49:          0          3         32          0         82          3          0          0          0          0          5          8          2          0          0        255          0          3          0          0          0          0          0         27          0          0          0          0          0          0         69          0 PCI-MSIX-0000:01:00.0   2-edge      virtio0-output.0
 50:          0          0          0          0       1622          0          0          0          0          0          0          0          0          0          0          0          0          0          0          0          0          0          0          0          0          0          0          0          0          0          0          0 PCI-MSIX-0000:03:00.0   5-edge      virtio2-req.4
 51:          0          0          0          0          0        968          0          0          0          0          0          0          0          0          0          0          0          0          0          0          0          0          0          0          0          0          0          0          0          0          0          0 PCI-MSIX-0000:03:00.0   6-edge      virtio2-req.5
 52:          0          0          0          0          0          0       1239          0          0          0          0          0          0          0          0          0          0          0          0          0          0          0          0          0          0          0          0          0          0          0          0          0 PCI-MSIX-0000:03:00.0   7-edge      virtio2-req.6
 53:          0          0          0          0          0          0          0       1270          0          0          0          0          0          0          0          0          0          0          0          0          0          0          0          0          0          0          0          0          0          0          0          0 PCI-MSIX-0000:03:00.0   8-edge      virtio2-req.7
 54:          0          0          0          0          0          0          0          0       1130          0          0          0          0          0          0          0          0          0          0          0          0          0          0          0          0          0          0          0          0          0          0          0 PCI-MSIX-0000:03:00.0   9-edge      virtio2-req.8
 55:          0          0          0          0          0          0          0          0          0       1079          0          0          0          0          0          0          0          0          0          0          0          0          0          0          0          0          0          0          0          0          0          0 PCI-MSIX-0000:03:00.0  10-edge      virtio2-req.9
 56:          0          0          0          0          0          0          0          0          0          0       1319          0          0          0          0          0          0          0          0          0          0          0          0          0          0          0          0          0          0          0          0          0 PCI-MSIX-0000:03:00.0  11-edge      virtio2-req.10
 57:          0          0          0          0          0          0          0          0          0          0          0        811          0          0          0          0          0          0          0          0          0          0          0          0          0          0          0          0          0          0          0          0 PCI-MSIX-0000:03:00.0  12-edge      virtio2-req.11
 58:          0          0          0          0          0          0          0          0          0          0          0          0        876          0          0          0          0          0          0          0          0          0          0          0          0          0          0          0          0          0          0          0 PCI-MSIX-0000:03:00.0  13-edge      virtio2-req.12
 59:          0          0          0          0          0          0          0          0          0          0          0          0          0       1302          0          0          0          0          0          0          0          0          0          0          0          0          0          0          0          0          0          0 PCI-MSIX-0000:03:00.0  14-edge      virtio2-req.13
 60:          0          0          0          0          0          0          0          0          0          0          0          0          0          0       1231          0          0          0          0          0          0          0          0          0          0          0          0          0          0          0          0          0 PCI-MSIX-0000:03:00.0  15-edge      virtio2-req.14
 61:          0          0          0          0          0          0          0          0          0          0          0          0          0          0          0       1028          0          0          0          0          0          0          0          0          0          0          0          0          0          0          0          0 PCI-MSIX-0000:03:00.0  16-edge      virtio2-req.15
 62:          0          0          0          0          0          0          0          0          0          0          0          0          0          0          0          0       1573          0          0          0          0          0          0          0          0          0          0          0          0          0          0          0 PCI-MSIX-0000:03:00.0  17-edge      virtio2-req.16
 63:          0          0          0          0          0          0          0          0          0          0          0          0          0          0          0          0          0       1652          0          0          0          0          0          0          0          0          0          0          0          0          0          0 PCI-MSIX-0000:03:00.0  18-edge      virtio2-req.17
 64:          0          0          0          0          0          0          0          0          0          0          0          0          0          0          0          0          0          0        957          0          0          0          0          0          0          0          0          0          0          0          0          0 PCI-MSIX-0000:03:00.0  19-edge      virtio2-req.18
 65:          0          0          0          0          0          0          0          0          0          0          0          0          0          0          0          0          0          0          0        867          0          0          0          0          0          0          0          0          0          0          0          0 PCI-MSIX-0000:03:00.0  20-edge      virtio2-req.19
 66:          0          0          0          0          0          0          0          0          0          0          0          0          0          0          0          0          0          0          0          0       1202          0          0          0          0          0          0          0          0          0          0          0 PCI-MSIX-0000:03:00.0  21-edge      virtio2-req.20
 67:          0          0          0          0          0          0          0          0          0          0          0          0          0          0          0          0          0          0          0          0          0          0          0          0          0          0          0          0          0          0          0          0 PCI-MSIX-0000:06:00.0   0-edge      virtio5-config
 68:          0          0          0          0          0          0          0          0          0          0          0          0          0          0          0          0          0          0          0          0          0        770          0          0          0          0          0          0          0          0          0          0 PCI-MSIX-0000:03:00.0  22-edge      virtio2-req.21
 69:          0          0          0          0          0          0          0          0          0          0          0          0          0          0          0          0          0          0          0          0          0          0       1011          0          0          0          0          0          0          0          0          0 PCI-MSIX-0000:03:00.0  23-edge      virtio2-req.22
 70:          0          0         17          0          0       1853          0          0          0          0          0          0          0       1066          0          0          0          0          0          0          0         89          0          0       1869          0          0          0          0          0          0          0 PCI-MSIX-0000:06:00.0   1-edge      virtio5-input.0
 71:          0          0          0          0          0          0          0          0          0          0          0          0          0          0          0          0          0          0          0          0          0          0          0       1080          0          0          0          0          0          0          0          0 PCI-MSIX-0000:03:00.0  24-edge      virtio2-req.23
 72:          0          0          0         37          3          0        832         52          0          0          0          0          0          0          0         14          0         52          0       1304          0          0          0          0          0         53       1841          0          0          0          0        112 PCI-MSIX-0000:06:00.0   2-edge      virtio5-output.0
 73:          0          0          0          0          0          0          0          0          0          0          0          0          0          0          0          0          0          0          0          0          0          0          0          0       1417          0          0          0          0          0          0          0 PCI-MSIX-0000:03:00.0  25-edge      virtio2-req.24
 74:          0          0          0          0          0          0          0          0          0          0          0          0          0          0          0          0          0          0          0          0          0          0          0          0          0       1031          0          0          0          0          0          0 PCI-MSIX-0000:03:00.0  26-edge      virtio2-req.25
 75:          0          0          0          0          0          0          0          0          0          0          0          0          0          0          0          0          0          0          0          0          0          0          0          0          0          0        655          0          0          0          0          0 PCI-MSIX-0000:03:00.0  27-edge      virtio2-req.26
 76:          0          0          0          0          0          0          0          0          0          0          0          0          0          0          0          0          0          0          0          0          0          0          0          0          0          0          0       1235          0          0          0          0 PCI-MSIX-0000:03:00.0  28-edge      virtio2-req.27
 77:          0          0          0          0          0          0          0          0          0          0          0          0          0          0          0          0          0          0          0          0          0          0          0          0          0          0          0          0       1041          0          0          0 PCI-MSIX-0000:03:00.0  29-edge      virtio2-req.28
 78:          0          0          0          0          0          0          0          0          0          0          0          0          0          0          0          0          0          0          0          0          0          0          0          0          0          0          0          0          0       1043          0          0 PCI-MSIX-0000:03:00.0  30-edge      virtio2-req.29
 79:          0          0          0          0          0          0          0          0          0          0          0          0          0          0          0          0          0          0          0          0          0          0          0          0          0          0          0          0          0          0        785          0 PCI-MSIX-0000:03:00.0  31-edge      virtio2-req.30
 80:          0          0          0          0          0          0          0          0          0          0          0          0          0          0          0          0          0          0          0          0          0          0          0          0          0          0          0          0          0          0          0        846 PCI-MSIX-0000:03:00.0  32-edge      virtio2-req.31
 81:          0          0          0          0          0          0          0          0          0          0          0          0          0          0          0          0          0          0          0          0          0          0          0          0          0          0          0          0          0          0          0          0 PCI-MSIX-0000:09:00.0   0-edge      virtio6-config
 82:          0          0          0          0          0          0          0          0          0          0          0          0          0          0          0          0          0          0          0          0          0          0          0          0          0          0          0          0          0          0          0          0 PCI-MSIX-0000:09:00.0   1-edge      virtio6-req.0
 83:          0          3          0          0          0          0          0          0          0          0          0          0          0          0          0          0          0          0          0          0          0          0          0          0          0          0          0          0          0          0          0          0 PCI-MSIX-0000:09:00.0   2-edge      virtio6-req.1
 84:          0          0          0          0          0          0          0          0          0          0          0          0          0          0          0          0          0          0          0          0          0          0          0          0          0          0          0          0          0          0          0          0 PCI-MSIX-0000:09:00.0   3-edge      virtio6-req.2
 85:          0          0          0          0          0          0          0          0          0          0          0          0          0          0          0          0          0          0          0          0          0          0          0          0          0          0          0          0          0          0          0          0 PCI-MSIX-0000:09:00.0   4-edge      virtio6-req.3
 86:          0          0          0          0          0          0          0          0          0          0          0          0          0          0          0          0          0          0          0          0          0          0          0          0          0          0          0          0          0          0          0          0 PCI-MSIX-0000:09:00.0   5-edge      virtio6-req.4
 87:          0          0          0          0          0          0          0          0          0          0          0          0          0          0          0          0          0          0          0          0          0          0          0          0          0          0          0          0          0          0          0          0 PCI-MSIX-0000:09:00.0   6-edge      virtio6-req.5
 88:          0          0          0          0          0          0          0          0          0          0          0          0          0          0          0          0          0          0          0          0          0          0          0          0          0          0          0          0          0          0          0          0 PCI-MSIX-0000:09:00.0   7-edge      virtio6-req.6
 89:          0          0          0          0          0          0          0          0          0          0          0          0          0          0          0          0          0          0          0          0          0          0          0          0          0          0          0          0          0          0          0          0 PCI-MSIX-0000:09:00.0   8-edge      virtio6-req.7
 90:          0          0          0          0          0          0          0          0         35          0          0          0          0          0          0          0          0          0          0          0          0          0          0          0          0          0          0          0          0          0          0          0 PCI-MSIX-0000:09:00.0   9-edge      virtio6-req.8
 91:          0          0          0          0          0          0          0          0          0          0          0          0          0          0          0          0          0          0          0          0          0          0          0          0          0          0          0          0          0          0          0          0 PCI-MSIX-0000:09:00.0  10-edge      virtio6-req.9
 92:          0          0          0          0          0          0          0          0          0          0        129          0          0          0          0          0          0          0          0          0          0          0          0          0          0          0          0          0          0          0          0          0 PCI-MSIX-0000:09:00.0  11-edge      virtio6-req.10
 93:          0          0          0          0          0          0          0          0          0          0          0          1          0          0          0          0          0          0          0          0          0          0          0          0          0          0          0          0          0          0          0          0 PCI-MSIX-0000:09:00.0  12-edge      virtio6-req.11
 94:          0          0          0          0          0          0          0          0          0          0          0          0          0          0          0          0          0          0          0          0          0          0          0          0          0          0          0          0          0          0          0          0 PCI-MSIX-0000:09:00.0  13-edge      virtio6-req.12
 95:          0          0          0          0          0          0          0          0          0          0          0          0          0          0          0          0          0          0          0          0          0          0          0          0          0          0          0          0          0          0          0          0 PCI-MSIX-0000:09:00.0  14-edge      virtio6-req.13
 96:          0          0          0          0          0          0          0          0          0          0          0          0          0          0          0          0          0          0          0          0          0          0          0          0          0          0          0          0          0          0          0          0 PCI-MSIX-0000:09:00.0  15-edge      virtio6-req.14
 97:          0          0          0          0          0          0          0          0          0          0          0          0          0          0          0          0          0          0          0          0          0          0          0          0          0          0          0          0          0          0          0          0 PCI-MSIX-0000:09:00.0  16-edge      virtio6-req.15
 98:          0          0          0          0          0          0          0          0          0          0          0          0          0          0          0          0          0          0          0          0          0          0          0          0          0          0          0          0          0          0          0          0 PCI-MSIX-0000:09:00.0  17-edge      virtio6-req.16
 99:          0          0          0          0          0          0          0          0          0          0          0          0          0          0          0          0          0         35          0          0          0          0          0          0          0          0          0          0          0          0          0          0 PCI-MSIX-0000:09:00.0  18-edge      virtio6-req.17
100:          0          0          0          0          0          0          0          0          0          0          0          0          0          0          0          0          0          0          0          0          0          0          0          0          0          0          0          0          0          0          0          0 PCI-MSIX-0000:09:00.0  19-edge      virtio6-req.18
101:          0          0          0          0          0          0          0          0          0          0          0          0          0          0          0          0          0          0          0          0          0          0          0          0          0          0          0          0          0          0          0          0 PCI-MSIX-0000:09:00.0  20-edge      virtio6-req.19
102:          0          0          0          0          0          0          0          0          0          0          0          0          0          0          0          0          0          0          0          0          0          0          0          0          0          0          0          0          0          0          0          0 PCI-MSIX-0000:09:00.0  21-edge      virtio6-req.20
103:          0          0          0          0          0          0          0          0          0          0          0          0          0          0          0          0          0          0          0          0          0          0          0          0          0          0          0          0          0          0          0          0 PCI-MSIX-0000:09:00.0  22-edge      virtio6-req.21
104:          0          0          0          0          0          0          0          0          0          0          0          0          0          0          0          0          0          0          0          0          0          0          0          0          0          0          0          0          0          0          0          0 PCI-MSIX-0000:09:00.0  23-edge      virtio6-req.22
105:          0          0          0          0          0          0          0          0          0          0          0          0          0          0          0          0          0          0          0          0          0          0          0         37          0          0          0          0          0          0          0          0 PCI-MSIX-0000:09:00.0  24-edge      virtio6-req.23
106:          0          0          0          0          0          0          0          0          0          0          0          0          0          0          0          0          0          0          0          0          0          0          0          0          0          0          0          0          0          0          0          0 PCI-MSIX-0000:09:00.0  25-edge      virtio6-req.24
107:          0          0          0          0          0          0          0          0          0          0          0          0          0          0          0          0          0          0          0          0          0          0          0          0          0          0          0          0          0          0          0          0 PCI-MSIX-0000:09:00.0  26-edge      virtio6-req.25
108:          0          0          0          0          0          0          0          0          0          0          0          0          0          0          0          0          0          0          0          0          0          0          0          0          0          0          0          0          0          0          0          0 PCI-MSIX-0000:09:00.0  27-edge      virtio6-req.26
109:          0          0          0          0          0          0          0          0          0          0          0          0          0          0          0          0          0          0          0          0          0          0          0          0          0          0          0         38          0          0          0          0 PCI-MSIX-0000:09:00.0  28-edge      virtio6-req.27
110:          0          0          0          0          0          0          0          0          0          0          0          0          0          0          0          0          0          0          0          0          0          0          0          0          0          0          0          0          0          0          0          0 PCI-MSIX-0000:09:00.0  29-edge      virtio6-req.28
111:          0          0          0          0          0          0          0          0          0          0          0          0          0          0          0          0          0          0          0          0          0          0          0          0          0          0          0          0          0          0          0          0 PCI-MSIX-0000:09:00.0  30-edge      virtio6-req.29
112:          0          0          0          0          0          0          0          0          0          0          0          0          0          0          0          0          0          0          0          0          0          0          0          0          0          0          0          0          0          0          0          0 PCI-MSIX-0000:09:00.0  31-edge      virtio6-req.30
113:          0          0          0          0          0          0          0          0          0          0          0          0          0          0          0          0          0          0          0          0          0          0          0          0          0          0          0          0          0          0          0          0 PCI-MSIX-0000:09:00.0  32-edge      virtio6-req.31
114:          0          0          0          0          0          0          0          0          0          0          0          0          0          0          0          0          0          0          0          0          0          0          0          0          0          0          0          0          0          0          0          0 PCI-MSIX-0000:0a:00.0   0-edge      virtio7-config
115:         20          0          0          0          0          0          0          0          0          0          0          0          0          0          0          0          0          0          0          0          0          0          0          0          0          0          0          0          0          0          0          0 PCI-MSIX-0000:0a:00.0   1-edge      virtio7-req.0
116:          0          3          0          0          0          0          0          0          0          0          0          0          0          0          0          0          0          0          0          0          0          0          0          0          0          0          0          0          0          0          0          0 PCI-MSIX-0000:0a:00.0   2-edge      virtio7-req.1
117:          0          0          3          0          0          0          0          0          0          0          0          0          0          0          0          0          0          0          0          0          0          0          0          0          0          0          0          0          0          0          0          0 PCI-MSIX-0000:0a:00.0   3-edge      virtio7-req.2
118:          0          0          0         10          0          0          0          0          0          0          0          0          0          0          0          0          0          0          0          0          0          0          0          0          0          0          0          0          0          0          0          0 PCI-MSIX-0000:0a:00.0   4-edge      virtio7-req.3
119:          0          0          0          0         16          0          0          0          0          0          0          0          0          0          0          0          0          0          0          0          0          0          0          0          0          0          0          0          0          0          0          0 PCI-MSIX-0000:0a:00.0   5-edge      virtio7-req.4
120:          0          0          0          0          0          8          0          0          0          0          0          0          0          0          0          0          0          0          0          0          0          0          0          0          0          0          0          0          0          0          0          0 PCI-MSIX-0000:0a:00.0   6-edge      virtio7-req.5
121:          0          0          0          0          0          0         19          0          0          0          0          0          0          0          0          0          0          0          0          0          0          0          0          0          0          0          0          0          0          0          0          0 PCI-MSIX-0000:0a:00.0   7-edge      virtio7-req.6
122:          0          0          0          0          0          0          0         12          0          0          0          0          0          0          0          0          0          0          0          0          0          0          0          0          0          0          0          0          0          0          0          0 PCI-MSIX-0000:0a:00.0   8-edge      virtio7-req.7
123:          0          0          0          0          0          0          0          0         40          0          0          0          0          0          0          0          0          0          0          0          0          0          0          0          0          0          0          0          0          0          0          0 PCI-MSIX-0000:0a:00.0   9-edge      virtio7-req.8
124:          0          0          0          0          0          0          0          0          0          5          0          0          0          0          0          0          0          0          0          0          0          0          0          0          0          0          0          0          0          0          0          0 PCI-MSIX-0000:0a:00.0  10-edge      virtio7-req.9
125:          0          0          0          0          0          0          0          0          0          0         11          0          0          0          0          0          0          0          0          0          0          0          0          0          0          0          0          0          0          0          0          0 PCI-MSIX-0000:0a:00.0  11-edge      virtio7-req.10
126:          0          0          0          0          0          0          0          0          0          0          0         12          0          0          0          0          0          0          0          0          0          0          0          0          0          0          0          0          0          0          0          0 PCI-MSIX-0000:0a:00.0  12-edge      virtio7-req.11
127:          0          0          0          0          0          0          0          0          0          0          0          0         46          0          0          0          0          0          0          0          0          0          0          0          0          0          0          0          0          0          0          0 PCI-MSIX-0000:0a:00.0  13-edge      virtio7-req.12
128:          0          0          0          0          0          0          0          0          0          0          0          0          0         62          0          0          0          0          0          0          0          0          0          0          0          0          0          0          0          0          0          0 PCI-MSIX-0000:0a:00.0  14-edge      virtio7-req.13
129:          0          0          0          0          0          0          0          0          0          0          0          0          0          0         75          0          0          0          0          0          0          0          0          0          0          0          0          0          0          0          0          0 PCI-MSIX-0000:0a:00.0  15-edge      virtio7-req.14
130:          0          0          0          0          0          0          0          0          0          0          0          0          0          0          0         10          0          0          0          0          0          0          0          0          0          0          0          0          0          0          0          0 PCI-MSIX-0000:0a:00.0  16-edge      virtio7-req.15
131:          0          0          0          0          0          0          0          0          0          0          0          0          0          0          0          0         28          0          0          0          0          0          0          0          0          0          0          0          0          0          0          0 PCI-MSIX-0000:0a:00.0  17-edge      virtio7-req.16
132:          0          0          0          0          0          0          0          0          0          0          0          0          0          0          0          0          0         40          0          0          0          0          0          0          0          0          0          0          0          0          0          0 PCI-MSIX-0000:0a:00.0  18-edge      virtio7-req.17
133:          0          0          0          0          0          0          0          0          0          0          0          0          0          0          0          0          0          0          1          0          0          0          0          0          0          0          0          0          0          0          0          0 PCI-MSIX-0000:0a:00.0  19-edge      virtio7-req.18
134:          0          0          0          0          0          0          0          0          0          0          0          0          0          0          0          0          0          0          0          5          0          0          0          0          0          0          0          0          0          0          0          0 PCI-MSIX-0000:0a:00.0  20-edge      virtio7-req.19
135:          0          0          0          0          0          0          0          0          0          0          0          0          0          0          0          0          0          0          0          0         51          0          0          0          0          0          0          0          0          0          0          0 PCI-MSIX-0000:0a:00.0  21-edge      virtio7-req.20
136:          0          0          0          0          0          0          0          0          0          0          0          0          0          0          0          0          0          0          0          0          0          9          0          0          0          0          0          0          0          0          0          0 PCI-MSIX-0000:0a:00.0  22-edge      virtio7-req.21
137:          0          0          0          0          0          0          0          0          0          0          0          0          0          0          0          0          0          0          0          0          0          0         14          0          0          0          0          0          0          0          0          0 PCI-MSIX-0000:0a:00.0  23-edge      virtio7-req.22
138:          0          0          0          0          0          0          0          0          0          0          0          0          0          0          0          0          0          0          0          0          0          0          0          4          0          0          0          0          0          0          0          0 PCI-MSIX-0000:0a:00.0  24-edge      virtio7-req.23
139:          0          0          0          0          0          0          0          0          0          0          0          0          0          0          0          0          0          0          0          0          0          0          0          0         12          0          0          0          0          0          0          0 PCI-MSIX-0000:0a:00.0  25-edge      virtio7-req.24
140:          0          0          0          0          0          0          0          0          0          0          0          0          0          0          0          0          0          0          0          0          0          0          0          0          0         10          0          0          0          0          0          0 PCI-MSIX-0000:0a:00.0  26-edge      virtio7-req.25
141:          0          0          0          0          0          0          0          0          0          0          0          0          0          0          0          0          0          0          0          0          0          0          0          0          0          0         13          0          0          0          0          0 PCI-MSIX-0000:0a:00.0  27-edge      virtio7-req.26
142:          0          0          0          0          0          0          0          0          0          0          0          0          0          0          0          0          0          0          0          0          0          0          0          0          0          0          0        466          0          0          0          0 PCI-MSIX-0000:0a:00.0  28-edge      virtio7-req.27
143:          0          0          0          0          0          0          0          0          0          0          0          0          0          0          0          0          0          0          0          0          0          0          0          0          0          0          0          0         10          0          0          0 PCI-MSIX-0000:0a:00.0  29-edge      virtio7-req.28
144:          0          0          0          0          0          0          0          0          0          0          0          0          0          0          0          0          0          0          0          0          0          0          0          0          0          0          0          0          0          1          0          0 PCI-MSIX-0000:0a:00.0  30-edge      virtio7-req.29
145:          0          0          0          0          0          0          0          0          0          0          0          0          0          0          0          0          0          0          0          0          0          0          0          0          0          0          0          0          0          0         47          0 PCI-MSIX-0000:0a:00.0  31-edge      virtio7-req.30
146:          0          0          0          0          0          0          0          0          0          0          0          0          0          0          0          0          0          0          0          0          0          0          0          0          0          0          0          0          0          0          0          4 PCI-MSIX-0000:0a:00.0  32-edge      virtio7-req.31
147:          0          0          0          0          0          0          0          0          0          0          0          0          0          0          0          0          0          0          0          0          0          0          0          0          0          0          0          0          0          0          0          0 PCI-MSIX-0000:0b:00.0   0-edge      virtio8-config
148:      33518          0          0          0          0          0          0          0          0          0          0          0          0          0          0          0          0          0          0          0          0          0          0          0          0          0          0          0          0          0          0          0 PCI-MSIX-0000:0b:00.0   1-edge      virtio8-req.0
149:          0      19965          0          0          0          0          0          0          0          0          0          0          0          0          0          0          0          0          0          0          0          0          0          0          0          0          0          0          0          0          0          0 PCI-MSIX-0000:0b:00.0   2-edge      virtio8-req.1
150:          0          0      19499          0          0          0          0          0          0          0          0          0          0          0          0          0          0          0          0          0          0          0          0          0          0          0          0          0          0          0          0          0 PCI-MSIX-0000:0b:00.0   3-edge      virtio8-req.2
151:          0          0          0      21176          0          0          0          0          0          0          0          0          0          0          0          0          0          0          0          0          0          0          0          0          0          0          0          0          0          0          0          0 PCI-MSIX-0000:0b:00.0   4-edge      virtio8-req.3
152:          0          0          0          0      26183          0          0          0          0          0          0          0          0          0          0          0          0          0          0          0          0          0          0          0          0          0          0          0          0          0          0          0 PCI-MSIX-0000:0b:00.0   5-edge      virtio8-req.4
153:          0          0          0          0          0      16626          0          0          0          0          0          0          0          0          0          0          0          0          0          0          0          0          0          0          0          0          0          0          0          0          0          0 PCI-MSIX-0000:0b:00.0   6-edge      virtio8-req.5
154:          0          0          0          0          0          0      18485          0          0          0          0          0          0          0          0          0          0          0          0          0          0          0          0          0          0          0          0          0          0          0          0          0 PCI-MSIX-0000:0b:00.0   7-edge      virtio8-req.6
155:          0          0          0          0          0          0          0      20775          0          0          0          0          0          0          0          0          0          0          0          0          0          0          0          0          0          0          0          0          0          0          0          0 PCI-MSIX-0000:0b:00.0   8-edge      virtio8-req.7
156:          0          0          0          0          0          0          0          0      13314          0          0          0          0          0          0          0          0          0          0          0          0          0          0          0          0          0          0          0          0          0          0          0 PCI-MSIX-0000:0b:00.0   9-edge      virtio8-req.8
157:          0          0          0          0          0          0          0          0          0      23865          0          0          0          0          0          0          0          0          0          0          0          0          0          0          0          0          0          0          0          0          0          0 PCI-MSIX-0000:0b:00.0  10-edge      virtio8-req.9
158:          0          0          0          0          0          0          0          0          0          0      20552          0          0          0          0          0          0          0          0          0          0          0          0          0          0          0          0          0          0          0          0          0 PCI-MSIX-0000:0b:00.0  11-edge      virtio8-req.10
159:          0          0          0          0          0          0          0          0          0          0          0      14165          0          0          0          0          0          0          0          0          0          0          0          0          0          0          0          0          0          0          0          0 PCI-MSIX-0000:0b:00.0  12-edge      virtio8-req.11
160:          0          0          0          0          0          0          0          0          0          0          0          0      11450          0          0          0          0          0          0          0          0          0          0          0          0          0          0          0          0          0          0          0 PCI-MSIX-0000:0b:00.0  13-edge      virtio8-req.12
161:          0          0          0          0          0          0          0          0          0          0          0          0          0      15539          0          0          0          0          0          0          0          0          0          0          0          0          0          0          0          0          0          0 PCI-MSIX-0000:0b:00.0  14-edge      virtio8-req.13
162:          0          0          0          0          0          0          0          0          0          0          0          0          0          0      18887          0          0          0          0          0          0          0          0          0          0          0          0          0          0          0          0          0 PCI-MSIX-0000:0b:00.0  15-edge      virtio8-req.14
163:          0          0          0          0          0          0          0          0          0          0          0          0          0          0          0      14052          0          0          0          0          0          0          0          0          0          0          0          0          0          0          0          0 PCI-MSIX-0000:0b:00.0  16-edge      virtio8-req.15
164:          0          0          0          0          0          0          0          0          0          0          0          0          0          0          0          0      17906          0          0          0          0          0          0          0          0          0          0          0          0          0          0          0 PCI-MSIX-0000:0b:00.0  17-edge      virtio8-req.16
165:          0          0          0          0          0          0          0          0          0          0          0          0          0          0          0          0          0      15140          0          0          0          0          0          0          0          0          0          0          0          0          0          0 PCI-MSIX-0000:0b:00.0  18-edge      virtio8-req.17
166:          0          0          0          0          0          0          0          0          0          0          0          0          0          0          0          0          0          0      11974          0          0          0          0          0          0          0          0          0          0          0          0          0 PCI-MSIX-0000:0b:00.0  19-edge      virtio8-req.18
167:          0          0          0          0          0          0          0          0          0          0          0          0          0          0          0          0          0          0          0      17099          0          0          0          0          0          0          0          0          0          0          0          0 PCI-MSIX-0000:0b:00.0  20-edge      virtio8-req.19
168:          0          0          0          0          0          0          0          0          0          0          0          0          0          0          0          0          0          0          0          0      15462          0          0          0          0          0          0          0          0          0          0          0 PCI-MSIX-0000:0b:00.0  21-edge      virtio8-req.20
169:          0          0          0          0          0          0          0          0          0          0          0          0          0          0          0          0          0          0          0          0          0      12900          0          0          0          0          0          0          0          0          0          0 PCI-MSIX-0000:0b:00.0  22-edge      virtio8-req.21
170:          0          0          0          0          0          0          0          0          0          0          0          0          0          0          0          0          0          0          0          0          0          0      13077          0          0          0          0          0          0          0          0          0 PCI-MSIX-0000:0b:00.0  23-edge      virtio8-req.22
171:          0          0          0          0          0          0          0          0          0          0          0          0          0          0          0          0          0          0          0          0          0          0          0       6949          0          0          0          0          0          0          0          0 PCI-MSIX-0000:0b:00.0  24-edge      virtio8-req.23
172:          0          0          0          0          0          0          0          0          0          0          0          0          0          0          0          0          0          0          0          0          0          0          0          0      21461          0          0          0          0          0          0          0 PCI-MSIX-0000:0b:00.0  25-edge      virtio8-req.24
173:          0          0          0          0          0          0          0          0          0          0          0          0          0          0          0          0          0          0          0          0          0          0          0          0          0      12373          0          0          0          0          0          0 PCI-MSIX-0000:0b:00.0  26-edge      virtio8-req.25
174:          0          0          0          0          0          0          0          0          0          0          0          0          0          0          0          0          0          0          0          0          0          0          0          0          0          0      12269          0          0          0          0          0 PCI-MSIX-0000:0b:00.0  27-edge      virtio8-req.26
175:          0          0          0          0          0          0          0          0          0          0          0          0          0          0          0          0          0          0          0          0          0          0          0          0          0          0          0      18481          0          0          0          0 PCI-MSIX-0000:0b:00.0  28-edge      virtio8-req.27
176:          0          0          0          0          0          0          0          0          0          0          0          0          0          0          0          0          0          0          0          0          0          0          0          0          0          0          0          0      14445          0          0          0 PCI-MSIX-0000:0b:00.0  29-edge      virtio8-req.28
177:          0          0          0          0          0          0          0          0          0          0          0          0          0          0          0          0          0          0          0          0          0          0          0          0          0          0          0          0          0      12820          0          0 PCI-MSIX-0000:0b:00.0  30-edge      virtio8-req.29
178:          0          0          0          0          0          0          0          0          0          0          0          0          0          0          0          0          0          0          0          0          0          0          0          0          0          0          0          0          0          0      10059          0 PCI-MSIX-0000:0b:00.0  31-edge      virtio8-req.30
179:          0          0          0          0          0          0          0          0          0          0          0          0          0          0          0          0          0          0          0          0          0          0          0          0          0          0          0          0          0          0          0      13041 PCI-MSIX-0000:0b:00.0  32-edge      virtio8-req.31
180:          0          0          0          0          0          0          0          0          0          0          0          0          0          0          0          0          0          0          0          0          0          0          0          0          0          0          0          0          0          0          0          0 PCI-MSIX-0000:0c:00.0   0-edge      virtio9-config
181:         13          0          0          0          0          0          0          0          0          0          0          0          0          0          0          0          0          0          0          0          0          0          0          0          0          0          0          0          0          0          0          0 PCI-MSIX-0000:0c:00.0   1-edge      virtio9-req.0
182:          0          3          0          0          0          0          0          0          0          0          0          0          0          0          0          0          0          0          0          0          0          0          0          0          0          0          0          0          0          0          0          0 PCI-MSIX-0000:0c:00.0   2-edge      virtio9-req.1
183:          0          0         62          0          0          0          0          0          0          0          0          0          0          0          0          0          0          0          0          0          0          0          0          0          0          0          0          0          0          0          0          0 PCI-MSIX-0000:0c:00.0   3-edge      virtio9-req.2
184:          0          0          0          1          0          0          0          0          0          0          0          0          0          0          0          0          0          0          0          0          0          0          0          0          0          0          0          0          0          0          0          0 PCI-MSIX-0000:0c:00.0   4-edge      virtio9-req.3
185:          0          0          0          0          0          0          0          0          0          0          0          0          0          0          0          0          0          0          0          0          0          0          0          0          0          0          0          0          0          0          0          0 PCI-MSIX-0000:0c:00.0   5-edge      virtio9-req.4
186:          0          0          0          0          0        110          0          0          0          0          0          0          0          0          0          0          0          0          0          0          0          0          0          0          0          0          0          0          0          0          0          0 PCI-MSIX-0000:0c:00.0   6-edge      virtio9-req.5
187:          0          0          0          0          0          0          0          0          0          0          0          0          0          0          0          0          0          0          0          0          0          0          0          0          0          0          0          0          0          0          0          0 PCI-MSIX-0000:0c:00.0   7-edge      virtio9-req.6
188:          0          0          0          0          0          0          0          2          0          0          0          0          0          0          0          0          0          0          0          0          0          0          0          0          0          0          0          0          0          0          0          0 PCI-MSIX-0000:0c:00.0   8-edge      virtio9-req.7
189:          0          0          0          0          0          0          0          0         35          0          0          0          0          0          0          0          0          0          0          0          0          0          0          0          0          0          0          0          0          0          0          0 PCI-MSIX-0000:0c:00.0   9-edge      virtio9-req.8
190:          0          0          0          0          0          0          0          0          0          0          0          0          0          0          0          0          0          0          0          0          0          0          0          0          0          0          0          0          0          0          0          0 PCI-MSIX-0000:0c:00.0  10-edge      virtio9-req.9
191:          0          0          0          0          0          0          0          0          0          0          1          0          0          0          0          0          0          0          0          0          0          0          0          0          0          0          0          0          0          0          0          0 PCI-MSIX-0000:0c:00.0  11-edge      virtio9-req.10
192:          0          0          0          0          0          0          0          0          0          0          0          1          0          0          0          0          0          0          0          0          0          0          0          0          0          0          0          0          0          0          0          0 PCI-MSIX-0000:0c:00.0  12-edge      virtio9-req.11
193:          0          0          0          0          0          0          0          0          0          0          0          0          8          0          0          0          0          0          0          0          0          0          0          0          0          0          0          0          0          0          0          0 PCI-MSIX-0000:0c:00.0  13-edge      virtio9-req.12
194:          0          0          0          0          0          0          0          0          0          0          0          0          0          0          0          0          0          0          0          0          0          0          0          0          0          0          0          0          0          0          0          0 PCI-MSIX-0000:0c:00.0  14-edge      virtio9-req.13
195:          0          0          0          0          0          0          0          0          0          0          0          0          0          0        200          0          0          0          0          0          0          0          0          0          0          0          0          0          0          0          0          0 PCI-MSIX-0000:0c:00.0  15-edge      virtio9-req.14
196:          0          0          0          0          0          0          0          0          0          0          0          0          0          0          0         13          0          0          0          0          0          0          0          0          0          0          0          0          0          0          0          0 PCI-MSIX-0000:0c:00.0  16-edge      virtio9-req.15
197:          0          0          0          0          0          0          0          0          0          0          0          0          0          0          0          0         38          0          0          0          0          0          0          0          0          0          0          0          0          0          0          0 PCI-MSIX-0000:0c:00.0  17-edge      virtio9-req.16
198:          0          0          0          0          0          0          0          0          0          0          0          0          0          0          0          0          0         50          0          0          0          0          0          0          0          0          0          0          0          0          0          0 PCI-MSIX-0000:0c:00.0  18-edge      virtio9-req.17
199:          0          0          0          0          0          0          0          0          0          0          0          0          0          0          0          0          0          0          0          0          0          0          0          0          0          0          0          0          0          0          0          0 PCI-MSIX-0000:0c:00.0  19-edge      virtio9-req.18
200:          0          0          0          0          0          0          0          0          0          0          0          0          0          0          0          0          0          0          0          0          0          0          0          0          0          0          0          0          0          0          0          0 PCI-MSIX-0000:0c:00.0  20-edge      virtio9-req.19
201:          0          0          0          0          0          0          0          0          0          0          0          0          0          0          0          0          0          0          0          0          0          0          0          0          0          0          0          0          0          0          0          0 PCI-MSIX-0000:0c:00.0  21-edge      virtio9-req.20
202:          0          0          0          0          0          0          0          0          0          0          0          0          0          0          0          0          0          0          0          0          0         59          0          0          0          0          0          0          0          0          0          0 PCI-MSIX-0000:0c:00.0  22-edge      virtio9-req.21
203:          0          0          0          0          0          0          0          0          0          0          0          0          0          0          0          0          0          0          0          0          0          0         25          0          0          0          0          0          0          0          0          0 PCI-MSIX-0000:0c:00.0  23-edge      virtio9-req.22
204:          0          0          0          0          0          0          0          0          0          0          0          0          0          0          0          0          0          0          0          0          0          0          0        354          0          0          0          0          0          0          0          0 PCI-MSIX-0000:0c:00.0  24-edge      virtio9-req.23
205:          0          0          0          0          0          0          0          0          0          0          0          0          0          0          0          0          0          0          0          0          0          0          0          0          0          0          0          0          0          0          0          0 PCI-MSIX-0000:0c:00.0  25-edge      virtio9-req.24
206:          0          0          0          0          0          0          0          0          0          0          0          0          0          0          0          0          0          0          0          0          0          0          0          0          0          0          0          0          0          0          0          0 PCI-MSIX-0000:0c:00.0  26-edge      virtio9-req.25
207:          0          0          0          0          0          0          0          0          0          0          0          0          0          0          0          0          0          0          0          0          0          0          0          0          0          0          0          0          0          0          0          0 PCI-MSIX-0000:0c:00.0  27-edge      virtio9-req.26
208:          0          0          0          0          0          0          0          0          0          0          0          0          0          0          0          0          0          0          0          0          0          0          0          0          0          0          0          0          0          0          0          0 PCI-MSIX-0000:0c:00.0  28-edge      virtio9-req.27
209:          0          0          0          0          0          0          0          0          0          0          0          0          0          0          0          0          0          0          0          0          0          0          0          0          0          0          0          0         38          0          0          0 PCI-MSIX-0000:0c:00.0  29-edge      virtio9-req.28
210:          0          0          0          0          0          0          0          0          0          0          0          0          0          0          0          0          0          0          0          0          0          0          0          0          0          0          0          0          0          1          0          0 PCI-MSIX-0000:0c:00.0  30-edge      virtio9-req.29
211:          0          0          0          0          0          0          0          0          0          0          0          0          0          0          0          0          0          0          0          0          0          0          0          0          0          0          0          0          0          0          0          0 PCI-MSIX-0000:0c:00.0  31-edge      virtio9-req.30
212:          0          0          0          0          0          0          0          0          0          0          0          0          0          0          0          0          0          0          0          0          0          0          0          0          0          0          0          0          0          0          0         27 PCI-MSIX-0000:0c:00.0  32-edge      virtio9-req.31
213:          0          0          0          0          0          0          0          0          0          0          0          0          0          0          0          0          0          0          0          0          0          0          0          0          0          0          0          0          0          0          0          0 PCI-MSIX-0000:0d:00.0   0-edge      virtio10-config
214:          0          0          0          0          0          0          0          0          0          0          0          0          0          0          0          0          0          0          0          0          0          0          0          0          0          0          0          0          0          0          0          0 PCI-MSIX-0000:0d:00.0   1-edge      virtio10-req.0
215:          0         10          0          0          0          0          0          0          0          0          0          0          0          0          0          0          0          0          0          0          0          0          0          0          0          0          0          0          0          0          0          0 PCI-MSIX-0000:0d:00.0   2-edge      virtio10-req.1
216:          0          0          0          0          0          0          0          0          0          0          0          0          0          0          0          0          0          0          0          0          0          0          0          0          0          0          0          0          0          0          0          0 PCI-MSIX-0000:0d:00.0   3-edge      virtio10-req.2
217:          0          0          0          1          0          0          0          0          0          0          0          0          0          0          0          0          0          0          0          0          0          0          0          0          0          0          0          0          0          0          0          0 PCI-MSIX-0000:0d:00.0   4-edge      virtio10-req.3
218:          0          0          0          0         65          0          0          0          0          0          0          0          0          0          0          0          0          0          0          0          0          0          0          0          0          0          0          0          0          0          0          0 PCI-MSIX-0000:0d:00.0   5-edge      virtio10-req.4
219:          0          0          0          0          0          0          0          0          0          0          0          0          0          0          0          0          0          0          0          0          0          0          0          0          0          0          0          0          0          0          0          0 PCI-MSIX-0000:0d:00.0   6-edge      virtio10-req.5
220:          0          0          0          0          0          0          0          0          0          0          0          0          0          0          0          0          0          0          0          0          0          0          0          0          0          0          0          0          0          0          0          0 PCI-MSIX-0000:0d:00.0   7-edge      virtio10-req.6
221:          0          0          0          0          0          0          0          0          0          0          0          0          0          0          0          0          0          0          0          0          0          0          0          0          0          0          0          0          0          0          0          0 PCI-MSIX-0000:0d:00.0   8-edge      virtio10-req.7
222:          0          0          0          0          0          0          0          0         49          0          0          0          0          0          0          0          0          0          0          0          0          0          0          0          0          0          0          0          0          0          0          0 PCI-MSIX-0000:0d:00.0   9-edge      virtio10-req.8
223:          0          0          0          0          0          0          0          0          0          0          0          0          0          0          0          0          0          0          0          0          0          0          0          0          0          0          0          0          0          0          0          0 PCI-MSIX-0000:0d:00.0  10-edge      virtio10-req.9
224:          0          0          0          0          0          0          0          0          0          0          0          0          0          0          0          0          0          0          0          0          0          0          0          0          0          0          0          0          0          0          0          0 PCI-MSIX-0000:0d:00.0  11-edge      virtio10-req.10
225:          0          0          0          0          0          0          0          0          0          0          0         29          0          0          0          0          0          0          0          0          0          0          0          0          0          0          0          0          0          0          0          0 PCI-MSIX-0000:0d:00.0  12-edge      virtio10-req.11
226:          0          0          0          0          0          0          0          0          0          0          0          0          0          0          0          0          0          0          0          0          0          0          0          0          0          0          0          0          0          0          0          0 PCI-MSIX-0000:0d:00.0  13-edge      virtio10-req.12
227:          0          0          0          0          0          0          0          0          0          0          0          0          0          0          0          0          0          0          0          0          0          0          0          0          0          0          0          0          0          0          0          0 PCI-MSIX-0000:0d:00.0  14-edge      virtio10-req.13
228:          0          0          0          0          0          0          0          0          0          0          0          0          0          0          0          0          0          0          0          0          0          0          0          0          0          0          0          0          0          0          0          0 PCI-MSIX-0000:0d:00.0  15-edge      virtio10-req.14
229:          0          0          0          0          0          0          0          0          0          0          0          0          0          0          0          0          0          0          0          0          0          0          0          0          0          0          0          0          0          0          0          0 PCI-MSIX-0000:0d:00.0  16-edge      virtio10-req.15
230:          0          0          0          0          0          0          0          0          0          0          0          0          0          0          0          0          0          0          0          0          0          0          0          0          0          0          0          0          0          0          0          0 PCI-MSIX-0000:0d:00.0  17-edge      virtio10-req.16
231:          0          0          0          0          0          0          0          0          0          0          0          0          0          0          0          0          0         51          0          0          0          0          0          0          0          0          0          0          0          0          0          0 PCI-MSIX-0000:0d:00.0  18-edge      virtio10-req.17
232:          0          0          0          0          0          0          0          0          0          0          0          0          0          0          0          0          0          0          0          0          0          0          0          0          0          0          0          0          0          0          0          0 PCI-MSIX-0000:0d:00.0  19-edge      virtio10-req.18
233:          0          0          0          0          0          0          0          0          0          0          0          0          0          0          0          0          0          0          0         27          0          0          0          0          0          0          0          0          0          0          0          0 PCI-MSIX-0000:0d:00.0  20-edge      virtio10-req.19
234:          0          0          0          0          0          0          0          0          0          0          0          0          0          0          0          0          0          0          0          0          1          0          0          0          0          0          0          0          0          0          0          0 PCI-MSIX-0000:0d:00.0  21-edge      virtio10-req.20
235:          0          0          0          0          0          0          0          0          0          0          0          0          0          0          0          0          0          0          0          0          0          0          0          0          0          0          0          0          0          0          0          0 PCI-MSIX-0000:0d:00.0  22-edge      virtio10-req.21
236:          0          0          0          0          0          0          0          0          0          0          0          0          0          0          0          0          0          0          0          0          0          0          0          0          0          0          0          0          0          0          0          0 PCI-MSIX-0000:0d:00.0  23-edge      virtio10-req.22
237:          0          0          0          0          0          0          0          0          0          0          0          0          0          0          0          0          0          0          0          0          0          0          0          0          0          0          0          0          0          0          0          0 PCI-MSIX-0000:0d:00.0  24-edge      virtio10-req.23
238:          0          0          0          0          0          0          0          0          0          0          0          0          0          0          0          0          0          0          0          0          0          0          0          0          0          0          0          0          0          0          0          0 PCI-MSIX-0000:0d:00.0  25-edge      virtio10-req.24
239:          0          0          0          0          0          0          0          0          0          0          0          0          0          0          0          0          0          0          0          0          0          0          0          0          0         37          0          0          0          0          0          0 PCI-MSIX-0000:0d:00.0  26-edge      virtio10-req.25
240:          0          0          0          0          0          0          0          0          0          0          0          0          0          0          0          0          0          0          0          0          0          0          0          0          0          0         26          0          0          0          0          0 PCI-MSIX-0000:0d:00.0  27-edge      virtio10-req.26
241:          0          0          0          0          0          0          0          0          0          0          0          0          0          0          0          0          0          0          0          0          0          0          0          0          0          0          0          0          0          0          0          0 PCI-MSIX-0000:0d:00.0  28-edge      virtio10-req.27
242:          0          0          0          0          0          0          0          0          0          0          0          0          0          0          0          0          0          0          0          0          0          0          0          0          0          0          0          0          0          0          0          0 PCI-MSIX-0000:0d:00.0  29-edge      virtio10-req.28
243:          0          0          0          0          0          0          0          0          0          0          0          0          0          0          0          0          0          0          0          0          0          0          0          0          0          0          0          0          0          0          0          0 PCI-MSIX-0000:0d:00.0  30-edge      virtio10-req.29
244:          0          0          0          0          0          0          0          0          0          0          0          0          0          0          0          0          0          0          0          0          0          0          0          0          0          0          0          0          0          0          0          0 PCI-MSIX-0000:0d:00.0  31-edge      virtio10-req.30
245:          0          0          0          0          0          0          0          0          0          0          0          0          0          0          0          0          0          0          0          0          0          0          0          0          0          0          0          0          0          0          0          0 PCI-MSIX-0000:0d:00.0  32-edge      virtio10-req.31
246:          0          0          0          0          0          0          0          0          0          0          0          0          0          0          0          0          0          0          0          0          0          0          0          0          0          0          0          0          0          0          0          0 PCI-MSIX-0000:0e:00.0   0-edge      virtio11-config
247:         30          0          0          0          0          0          0          0          0          0          0          0          0          0          0          0          0          0          0          0          0          0          0          0          0          0          0          0          0          0          0          0 PCI-MSIX-0000:0e:00.0   1-edge      virtio11-req.0
248:          0          3          0          0          0          0          0          0          0          0          0          0          0          0          0          0          0          0          0          0          0          0          0          0          0          0          0          0          0          0          0          0 PCI-MSIX-0000:0e:00.0   2-edge      virtio11-req.1
249:          0          0          0          0          0          0          0          0          0          0          0          0          0          0          0          0          0          0          0          0          0          0          0          0          0          0          0          0          0          0          0          0 PCI-MSIX-0000:0e:00.0   3-edge      virtio11-req.2
250:          0          0          0          0          0          0          0          0          0          0          0          0          0          0          0          0          0          0          0          0          0          0          0          0          0          0          0          0          0          0          0          0 PCI-MSIX-0000:0e:00.0   4-edge      virtio11-req.3
251:          0          0          0          0          0          0          0          0          0          0          0          0          0          0          0          0          0          0          0          0          0          0          0          0          0          0          0          0          0          0          0          0 PCI-MSIX-0000:0e:00.0   5-edge      virtio11-req.4
252:          0          0          0          0          0          0          0          0          0          0          0          0          0          0          0          0          0          0          0          0          0          0          0          0          0          0          0          0          0          0          0          0 PCI-MSIX-0000:0e:00.0   6-edge      virtio11-req.5
253:          0          0          0          0          0          0          0          0          0          0          0          0          0          0          0          0          0          0          0          0          0          0          0          0          0          0          0          0          0          0          0          0 PCI-MSIX-0000:0e:00.0   7-edge      virtio11-req.6
254:          0          0          0          0          0          0          0          0          0          0          0          0          0          0          0          0          0          0          0          0          0          0          0          0          0          0          0          0          0          0          0          0 PCI-MSIX-0000:0e:00.0   8-edge      virtio11-req.7
255:          0          0          0          0          0          0          0          0         35          0          0          0          0          0          0          0          0          0          0          0          0          0          0          0          0          0          0          0          0          0          0          0 PCI-MSIX-0000:0e:00.0   9-edge      virtio11-req.8
256:          0          0          0          0          0          0          0          0          0          0          0          0          0          0          0          0          0          0          0          0          0          0          0          0          0          0          0          0          0          0          0          0 PCI-MSIX-0000:0e:00.0  10-edge      virtio11-req.9
257:          0          0          0          0          0          0          0          0          0          0          0          0          0          0          0          0          0          0          0          0          0          0          0          0          0          0          0          0          0          0          0          0 PCI-MSIX-0000:0e:00.0  11-edge      virtio11-req.10
258:          0          0          0          0          0          0          0          0          0          0          0          1          0          0          0          0          0          0          0          0          0          0          0          0          0          0          0          0          0          0          0          0 PCI-MSIX-0000:0e:00.0  12-edge      virtio11-req.11
259:          0          0          0          0          0          0          0          0          0          0          0          0          0          0          0          0          0          0          0          0          0          0          0          0          0          0          0          0          0          0          0          0 PCI-MSIX-0000:0e:00.0  13-edge      virtio11-req.12
260:          0          0          0          0          0          0          0          0          0          0          0          0          0          0          0          0          0          0          0          0          0          0          0          0          0          0          0          0          0          0          0          0 PCI-MSIX-0000:0e:00.0  14-edge      virtio11-req.13
261:          0          0          0          0          0          0          0          0          0          0          0          0          0          0          0          0          0          0          0          0          0          0          0          0          0          0          0          0          0          0          0          0 PCI-MSIX-0000:0e:00.0  15-edge      virtio11-req.14
262:          0          0          0          0          0          0          0          0          0          0          0          0          0          0          0          0          0          0          0          0          0          0          0          0          0          0          0          0          0          0          0          0 PCI-MSIX-0000:0e:00.0  16-edge      virtio11-req.15
263:          0          0          0          0          0          0          0          0          0          0          0          0          0          0          0          0          0          0          0          0          0          0          0          0          0          0          0          0          0          0          0          0 PCI-MSIX-0000:0e:00.0  17-edge      virtio11-req.16
264:          0          0          0          0          0          0          0          0          0          0          0          0          0          0          0          0          0         35          0          0          0          0          0          0          0          0          0          0          0          0          0          0 PCI-MSIX-0000:0e:00.0  18-edge      virtio11-req.17
265:          0          0          0          0          0          0          0          0          0          0          0          0          0          0          0          0          0          0          0          0          0          0          0          0          0          0          0          0          0          0          0          0 PCI-MSIX-0000:0e:00.0  19-edge      virtio11-req.18
266:          0          0          0          0          0          0          0          0          0          0          0          0          0          0          0          0          0          0          0         38          0          0          0          0          0          0          0          0          0          0          0          0 PCI-MSIX-0000:0e:00.0  20-edge      virtio11-req.19
267:          0          0          0          0          0          0          0          0          0          0          0          0          0          0          0          0          0          0          0          0          0          0          0          0          0          0          0          0          0          0          0          0 PCI-MSIX-0000:0e:00.0  21-edge      virtio11-req.20
268:          0          0          0          0          0          0          0          0          0          0          0          0          0          0          0          0          0          0          0          0          0          3          0          0          0          0          0          0          0          0          0          0 PCI-MSIX-0000:0e:00.0  22-edge      virtio11-req.21
269:          0          0          0          0          0          0          0          0          0          0          0          0          0          0          0          0          0          0          0          0          0          0          0          0          0          0          0          0          0          0          0          0 PCI-MSIX-0000:0e:00.0  23-edge      virtio11-req.22
270:          0          0          0          0          0          0          0          0          0          0          0          0          0          0          0          0          0          0          0          0          0          0          0          0          0          0          0          0          0          0          0          0 PCI-MSIX-0000:0e:00.0  24-edge      virtio11-req.23
271:          0          0          0          0          0          0          0          0          0          0          0          0          0          0          0          0          0          0          0          0          0          0          0          0          0          0          0          0          0          0          0          0 PCI-MSIX-0000:0e:00.0  25-edge      virtio11-req.24
272:          0          0          0          0          0          0          0          0          0          0          0          0          0          0          0          0          0          0          0          0          0          0          0          0          0          3          0          0          0          0          0          0 PCI-MSIX-0000:0e:00.0  26-edge      virtio11-req.25
273:          0          0          0          0          0          0          0          0          0          0          0          0          0          0          0          0          0          0          0          0          0          0          0          0          0          0          0          0          0          0          0          0 PCI-MSIX-0000:0e:00.0  27-edge      virtio11-req.26
274:          0          0          0          0          0          0          0          0          0          0          0          0          0          0          0          0          0          0          0          0          0          0          0          0          0          0          0          0          0          0          0          0 PCI-MSIX-0000:0e:00.0  28-edge      virtio11-req.27
275:          0          0          0          0          0          0          0          0          0          0          0          0          0          0          0          0          0          0          0          0          0          0          0          0          0          0          0          0          0          0          0          0 PCI-MSIX-0000:0e:00.0  29-edge      virtio11-req.28
276:          0          0          0          0          0          0          0          0          0          0          0          0          0          0          0          0          0          0          0          0          0          0          0          0          0          0          0          0          0          0          0          0 PCI-MSIX-0000:0e:00.0  30-edge      virtio11-req.29
277:          0          0          0          0          0          0          0          0          0          0          0          0          0          0          0          0          0          0          0          0          0          0          0          0          0          0          0          0          0          0          0          0 PCI-MSIX-0000:0e:00.0  31-edge      virtio11-req.30
278:          0          0          0          0          0          0          0          0          0          0          0          0          0          0          0          0          0          0          0          0          0          0          0          0          0          0          0          0          0          0          0          0 PCI-MSIX-0000:0e:00.0  32-edge      virtio11-req.31
279:          0          0          0          0          0          0          0          0          0          0          0          0          0          0          0          0          0          0          0          0          0          0          0          0          0          0          0          0          0          0          0          0 PCI-MSIX-0000:10:00.0   0-edge      virtio13-config
280:          0          0          0          0          0          0          0          0          0          0          0          0          0          0          0          0          0          0          0          0          0          0          0          0          0          0          0          0          0          0          0          0 PCI-MSIX-0000:10:00.0   1-edge      virtio13-req.0
281:          0          3          0          0          0          0          0          0          0          0          0          0          0          0          0          0          0          0          0          0          0          0          0          0          0          0          0          0          0          0          0          0 PCI-MSIX-0000:10:00.0   2-edge      virtio13-req.1
282:          0          0          0          0          0          0          0          0          0          0          0          0          0          0          0          0          0          0          0          0          0          0          0          0          0          0          0          0          0          0          0          0 PCI-MSIX-0000:10:00.0   3-edge      virtio13-req.2
283:          0          0          0          0          0          0          0          0          0          0          0          0          0          0          0          0          0          0          0          0          0          0          0          0          0          0          0          0          0          0          0          0 PCI-MSIX-0000:10:00.0   4-edge      virtio13-req.3
284:          0          0          0          0          0          0          0          0          0          0          0          0          0          0          0          0          0          0          0          0          0          0          0          0          0          0          0          0          0          0          0          0 PCI-MSIX-0000:10:00.0   5-edge      virtio13-req.4
285:          0          0          0          0          0          0          0          0          0          0          0          0          0          0          0          0          0          0          0          0          0          0          0          0          0          0          0          0          0          0          0          0 PCI-MSIX-0000:10:00.0   6-edge      virtio13-req.5
286:          0          0          0          0          0          0          0          0          0          0          0          0          0          0          0          0          0          0          0          0          0          0          0          0          0          0          0          0          0          0          0          0 PCI-MSIX-0000:10:00.0   7-edge      virtio13-req.6
287:          0          0          0          0          0          0          0         40          0          0          0          0          0          0          0          0          0          0          0          0          0          0          0          0          0          0          0          0          0          0          0          0 PCI-MSIX-0000:10:00.0   8-edge      virtio13-req.7
288:          0          0          0          0          0          0          0          0         74          0          0          0          0          0          0          0          0          0          0          0          0          0          0          0          0          0          0          0          0          0          0          0 PCI-MSIX-0000:10:00.0   9-edge      virtio13-req.8
289:          0          0          0          0          0          0          0          0          0          0          0          0          0          0          0          0          0          0          0          0          0          0          0          0          0          0          0          0          0          0          0          0 PCI-MSIX-0000:10:00.0  10-edge      virtio13-req.9
290:          0          0          0          0          0          0          0          0          0          0          0          0          0          0          0          0          0          0          0          0          0          0          0          0          0          0          0          0          0          0          0          0 PCI-MSIX-0000:10:00.0  11-edge      virtio13-req.10
291:          0          0          0          0          0          0          0          0          0          0          0          1          0          0          0          0          0          0          0          0          0          0          0          0          0          0          0          0          0          0          0          0 PCI-MSIX-0000:10:00.0  12-edge      virtio13-req.11
292:          0          0          0          0          0          0          0          0          0          0          0          0          0          0          0          0          0          0          0          0          0          0          0          0          0          0          0          0          0          0          0          0 PCI-MSIX-0000:10:00.0  13-edge      virtio13-req.12
293:          0          0          0          0          0          0          0          0          0          0          0          0          0          0          0          0          0          0          0          0          0          0          0          0          0          0          0          0          0          0          0          0 PCI-MSIX-0000:10:00.0  14-edge      virtio13-req.13
294:          0          0          0          0          0          0          0          0          0          0          0          0          0          0          0          0          0          0          0          0          0          0          0          0          0          0          0          0          0          0          0          0 PCI-MSIX-0000:10:00.0  15-edge      virtio13-req.14
295:          0          0          0          0          0          0          0          0          0          0          0          0          0          0          0          0          0          0          0          0          0          0          0          0          0          0          0          0          0          0          0          0 PCI-MSIX-0000:10:00.0  16-edge      virtio13-req.15
296:          0          0          0          0          0          0          0          0          0          0          0          0          0          0          0          0          0          0          0          0          0          0          0          0          0          0          0          0          0          0          0          0 PCI-MSIX-0000:10:00.0  17-edge      virtio13-req.16
297:          0          0          0          0          0          0          0          0          0          0          0          0          0          0          0          0          0         49          0          0          0          0          0          0          0          0          0          0          0          0          0          0 PCI-MSIX-0000:10:00.0  18-edge      virtio13-req.17
298:          0          0          0          0          0          0          0          0          0          0          0          0          0          0          0          0          0          0          0          0          0          0          0          0          0          0          0          0          0          0          0          0 PCI-MSIX-0000:10:00.0  19-edge      virtio13-req.18
299:          0          0          0          0          0          0          0          0          0          0          0          0          0          0          0          0          0          0          0          0          0          0          0          0          0          0          0          0          0          0          0          0 PCI-MSIX-0000:10:00.0  20-edge      virtio13-req.19
300:          0          0          0          0          0          0          0          0          0          0          0          0          0          0          0          0          0          0          0          0          0          0          0          0          0          0          0          0          0          0          0          0 PCI-MSIX-0000:10:00.0  21-edge      virtio13-req.20
301:          0          0          0          0          0          0          0          0          0          0          0          0          0          0          0          0          0          0          0          0          0          0          0          0          0          0          0          0          0          0          0          0 PCI-MSIX-0000:10:00.0  22-edge      virtio13-req.21
302:          0          0          0          0          0          0          0          0          0          0          0          0          0          0          0          0          0          0          0          0          0          0          0          0          0          0          0          0          0          0          0          0 PCI-MSIX-0000:10:00.0  23-edge      virtio13-req.22
303:          0          0          0          0          0          0          0          0          0          0          0          0          0          0          0          0          0          0          0          0          0          0          0          0          0          0          0          0          0          0          0          0 PCI-MSIX-0000:10:00.0  24-edge      virtio13-req.23
304:          0          0          0          0          0          0          0          0          0          0          0          0          0          0          0          0          0          0          0          0          0          0          0          0          0          0          0          0          0          0          0          0 PCI-MSIX-0000:10:00.0  25-edge      virtio13-req.24
305:          0          0          0          0          0          0          0          0          0          0          0          0          0          0          0          0          0          0          0          0          0          0          0          0          0          0          0          0          0          0          0          0 PCI-MSIX-0000:10:00.0  26-edge      virtio13-req.25
306:          0          0          0          0          0          0          0          0          0          0          0          0          0          0          0          0          0          0          0          0          0          0          0          0          0          0          0          0          0          0          0          0 PCI-MSIX-0000:10:00.0  27-edge      virtio13-req.26
307:          0          0          0          0          0          0          0          0          0          0          0          0          0          0          0          0          0          0          0          0          0          0          0          0          0          0          0          0          0          0          0          0 PCI-MSIX-0000:10:00.0  28-edge      virtio13-req.27
308:          0          0          0          0          0          0          0          0          0          0          0          0          0          0          0          0          0          0          0          0          0          0          0          0          0          0          0          0          0          0          0          0 PCI-MSIX-0000:10:00.0  29-edge      virtio13-req.28
309:          0          0          0          0          0          0          0          0          0          0          0          0          0          0          0          0          0          0          0          0          0          0          0          0          0          0          0          0          0          0          0          0 PCI-MSIX-0000:10:00.0  30-edge      virtio13-req.29
310:          0          0          0          0          0          0          0          0          0          0          0          0          0          0          0          0          0          0          0          0          0          0          0          0          0          0          0          0          0          0          0          0 PCI-MSIX-0000:10:00.0  31-edge      virtio13-req.30
311:          0          0          0          0          0          0          0          0          0          0          0          0          0          0          0          0          0          0          0          0          0          0          0          0          0          0          0          0          0          0          0         39 PCI-MSIX-0000:10:00.0  32-edge      virtio13-req.31
312:          0          8          0          0         38          0          0          0        195         54          0          0          0          0        575          0         28          0          0          0          0         31          0          0        171         22          0         18          0          0          0          0 PCI-MSI-0000:00:1f.2   0-edge      ahci[0000:00:1f.2]
313:          0          0          0          0          0          0          0          0          0        111          0          0          0          0          0          0          0          0          0          0          0          0          0          0          0          0          0          0          0          0          0          0 PCI-MSI-0000:00:1b.0   0-edge      snd_hda_intel:card0
NMI:          0          0          0          0          0          0          0          0          0          0          0          0          0          0          0          0          0          0          0          0          0          0          0          0          0          0          0          0          0          0          0          0   Non-maskable interrupts
LOC:      69276      33007      36266      34648      47407      31633      32275      32872      32907      38337      34425      29612      23565      30351      38682      26366      30671      25436      24128      28928      26898      25090      25768      18445      34157      24256      23900      32533      26353      24802      20116      25215   Local timer interrupts
SPU:          0          0          0          0          0          0          0          0          0          0          0          0          0          0          0          0          0          0          0          0          0          0          0          0          0          0          0          0          0          0          0          0   Spurious interrupts
PMI:          0          0          0          0          0          0          0          0          0          0          0          0          0          0          0          0          0          0          0          0          0          0          0          0          0          0          0          0          0          0          0          0   Performance monitoring interrupts
IWI:          2          8          7         18         26          0          1          5          8          1          2          1          2          4          0          0          1          1          2          0          0          0          1          0          0          0          0          0          0          1          1          1   IRQ work interrupts
RTR:          0          0          0          0          0          0          0          0          0          0          0          0          0          0          0          0          0          0          0          0          0          0          0          0          0          0          0          0          0          0          0          0   APIC ICR read retries
RES:       2456       1861       2083       1911       2536       1731       1815       1967       1311       2044       1916       1439       1130       1777       1900       1357       1865       1622       1440       1654       1508       1440       1528        955       2003       1438       1304       1825       1497       1426       1109       1385   Rescheduling interrupts
CAL:     101262      65723      60836      54763      73941      53062      52444      52501      43916      56199      61155      47563      34904      48489      55059      46994      56212      47866      37398      46981      53755      40054      44146      31338      59367      42553      32549      56979      47388      42842      34041      41464   Function call interrupts
TLB:       3821       2179       2346       2346       3482       2262       2324       2408       1673       2368       2732       1837       1190       2068       2398       1887       2484       1972       1744       1999       2347       1882       2039       2197       2740       1777       1495       2601       2045       1748       1457       1920   TLB shootdowns
TRM:          0          0          0          0          0          0          0          0          0          0          0          0          0          0          0          0          0          0          0          0          0          0          0          0          0          0          0          0          0          0          0          0   Thermal event interrupts
THR:          0          0          0          0          0          0          0          0          0          0          0          0          0          0          0          0          0          0          0          0          0          0          0          0          0          0          0          0          0          0          0          0   Threshold APIC interrupts
DFR:          0          0          0          0          0          0          0          0          0          0          0          0          0          0          0          0          0          0          0          0          0          0          0          0          0          0          0          0          0          0          0          0   Deferred Error APIC interrupts
MCE:          0          0          0          0          0          0          0          0          0          0          0          0          0          0          0          0          0          0          0          0          0          0          0          0          0          0          0          0          0          0          0          0   Machine check exceptions
MCP:          7         12         13         12         10         15         12         15         13         10         14         12         10          9         13         10         10         12         13         11         10         11         10         12         10         10         16         11         13         10         12         13   Machine check polls
ERR:          0
MIS:          0
PIN:          0          0          0          0          0          0          0          0          0          0          0          0          0          0          0          0          0          0          0          0          0          0          0          0          0          0          0          0          0          0          0          0   Posted-interrupt notification event
NPI:          0          0          0          0          0          0          0          0          0          0          0          0          0          0          0          0          0          0          0          0          0          0          0          0          0          0          0          0          0          0          0          0   Nested posted-interrupt event
PIW:          0          0          0          0          0          0          0          0          0          0          0          0          0          0          0          0          0          0          0          0          0          0          0          0          0          0          0          0          0          0          0          0   Posted-interrupt wakeup event
