           CPU0       CPU1       CPU2       CPU3       CPU4       CPU5       CPU6       CPU7       CPU8       CPU9       CPU10      CPU11      CPU12      CPU13      CPU14      CPU15      CPU16      CPU17      CPU18      CPU19      CPU20      CPU21      CPU22      CPU23      CPU24      CPU25      CPU26      CPU27      CPU28      CPU29      CPU30      CPU31      
  0:         54          0          0          0          0          0          0          0          0          0          0          0          0          0          0          0          0          0          0          0          0          0          0          0          0          0          0          0          0          0          0          0  IO-APIC   2-edge      timer
  1:          0          0          0          0          0          0          0          0          0          9          0          0          0          0          0          0          0          0          0          0          0          0          0          0          0          0          0          0          0          0          0          0  IO-APIC   1-edge      i8042
  4:          0          0          0          0          0          0          0          0          0          0          0        667          0          0          0          0          0          2          0          0          0          0          0          0          0          0          0          0          0          0          0          0  IO-APIC   4-edge      ttyS0
  8:          0          0          0          0          0          0          0          0          0          0          0          0          0          0          0          0          0          0          0          0          0          0          0          0          0          0          0          0          0          0          0          0  IO-APIC   8-edge      rtc0
  9:          0          0          0          0          0          0          0          0          0          0          0          0          0          0          0          0          0          0          0          0          0          0          0          0          0          0          0          0          0          0          0          0  IO-APIC   9-fasteoi   acpi
 10:          0          0          0          0          0          0          0          0          0          0          0          0          0          0          0          0          0          0          0          0          0          0          0          0          0          0          0          0          0          0          0          0  IO-APIC  10-fasteoi   virtio4, uhci_hcd:usb1, ehci_hcd:usb2, virtio12
 11:          0          0          0          0          0          0          0          0          0          0          0          0          0          0          0          0          0          0          0          0          0          0          0          0          0          0          0          0          0          0          0          0  IO-APIC  11-fasteoi   uhci_hcd:usb3, uhci_hcd:usb4
 12:          0          0          0          0          0          0          0          0         15          0          0          0          0          0          0          0          0          0          0          0          0          0          0          0          0          0          0          0          0          0          0          0  IO-APIC  12-edge      i8042
 14:          0       2430       1232       1289        654       2464       1110       1323       1625       1060        370        894        266        531       1670       1107        930       1772        668     499658        460        423        802        733        617        472        662        814       1001      81198        842        732  IO-APIC  14-edge      ata_piix
 15:          0          0          0          0          0          0          0          0          0          0          0          0          0          0          0          0          0          0          0          0          0          0          0          0          0          0          0          0          0          0          0          0  IO-APIC  15-edge      ata_piix
 24:          0          0          0          0          0          0          0          0          0          0          0          0          0          0          0          0          0          0          0          0          0          0          0          0          0          0          0          0          0          0          0          0 PCI-MSIX-0000:00:05.0   0-edge      virtio1-config
 25:          0          0          0          0          3          0          0          0          0          0          0          0          0          0          0          0          0          0          0          0          0          0          0          0          0          0          0          0          0          0          0          0 PCI-MSIX-0000:00:05.0   1-edge      virtio1-virtqueues
 26:          0          0          0          0          0          0          0          0          0          0          0          0          0          0          0          0          0          0          0          0          0          0          0          0          0          0          0          0          0          0          0          0 PCI-MSIX-0000:00:03.0   0-edge      virtio0-config
 27:      28272          0          0          0          0          0          0          0          0          0          0          0          0          0          0          0          0          0          0          0          0          0          0          0          0          0          0          0          0          0          0          0 PCI-MSIX-0000:00:03.0   1-edge      virtio0-req.0
 28:          0      68456          0          0          0          0          0          0          0          0          0          0          0          0          0          0          0          0          0          0          0          0          0          0          0          0          0          0          0          0          0          0 PCI-MSIX-0000:00:03.0   2-edge      virtio0-req.1
 29:          0          0      74754          0          0          0          0          0          0          0          0          0          0          0          0          0          0          0          0          0          0          0          0          0          0          0          0          0          0          0          0          0 PCI-MSIX-0000:00:03.0   3-edge      virtio0-req.2
 30:          0          0          0      80128          0          0          0          0          0          0          0          0          0          0          0          0          0          0          0          0          0          0          0          0          0          0          0          0          0          0          0          0 PCI-MSIX-0000:00:03.0   4-edge      virtio0-req.3
 31:          0          0          0          0      55242          0          0          0          0          0          0          0          0          0          0          0          0          0          0          0          0          0          0          0          0          0          0          0          0          0          0          0 PCI-MSIX-0000:00:03.0   5-edge      virtio0-req.4
 32:          0          0          0          0          0      37972          0          0          0          0          0          0          0          0          0          0          0          0          0          0          0          0          0          0          0          0          0          0          0          0          0          0 PCI-MSIX-0000:00:03.0   6-edge      virtio0-req.5
 33:          0          0          0          0          0          0      47860          0          0          0          0          0          0          0          0          0          0          0          0          0          0          0          0          0          0          0          0          0          0          0          0          0 PCI-MSIX-0000:00:03.0   7-edge      virtio0-req.6
 34:          0          0          0          0          0          0          0      37911          0          0          0          0          0          0          0          0          0          0          0          0          0          0          0          0          0          0          0          0          0          0          0          0 PCI-MSIX-0000:00:03.0   8-edge      virtio0-req.7
 35:          0          0          0          0          0          0          0          0      32274          0          0          0          0          0          0          0          0          0          0          0          0          0          0          0          0          0          0          0          0          0          0          0 PCI-MSIX-0000:00:03.0   9-edge      virtio0-req.8
 36:          0          0          0          0          0          0          0          0          0      31181          0          0          0          0          0          0          0          0          0          0          0          0          0          0          0          0          0          0          0          0          0          0 PCI-MSIX-0000:00:03.0  10-edge      virtio0-req.9
 37:          0          0          0          0          0          0          0          0          0          0      26928          0          0          0          0          0          0          0          0          0          0          0          0          0          0          0          0          0          0          0          0          0 PCI-MSIX-0000:00:03.0  11-edge      virtio0-req.10
 38:          0          0          0          0          0          0          0          0          0          0          0      28674          0          0          0          0          0          0          0          0          0          0          0          0          0          0          0          0          0          0          0          0 PCI-MSIX-0000:00:03.0  12-edge      virtio0-req.11
 39:          0          0          0          0          0          0          0          0          0          0          0          0      26491          0          0          0          0          0          0          0          0          0          0          0          0          0          0          0          0          0          0          0 PCI-MSIX-0000:00:03.0  13-edge      virtio0-req.12
 40:          0          0          0          0          0          0          0          0          0          0          0          0          0      22067          0          0          0          0          0          0          0          0          0          0          0          0          0          0          0          0          0          0 PCI-MSIX-0000:00:03.0  14-edge      virtio0-req.13
 41:          0          0          0          0          0          0          0          0          0          0          0          0          0          0      21666          0          0          0          0          0          0          0          0          0          0          0          0          0          0          0          0          0 PCI-MSIX-0000:00:03.0  15-edge      virtio0-req.14
 42:          0          0          0          0          0          0          0          0          0          0          0          0          0          0          0      22125          0          0          0          0          0          0          0          0          0          0          0          0          0          0          0          0 PCI-MSIX-0000:00:03.0  16-edge      virtio0-req.15
 43:          0          0          0          0          0          0          0          0          0          0          0          0          0          0          0          0      29667          0          0          0          0          0          0          0          0          0          0          0          0          0          0          0 PCI-MSIX-0000:00:03.0  17-edge      virtio0-req.16
 44:          0          0          0          0          0          0          0          0          0          0          0          0          0          0          0          0          0      35302          0          0          0          0          0          0          0          0          0          0          0          0          0          0 PCI-MSIX-0000:00:03.0  18-edge      virtio0-req.17
 45:          0          0          0          0          0          0          0          0          0          0          0          0          0          0          0          0          0          0      22018          0          0          0          0          0          0          0          0          0          0          0          0          0 PCI-MSIX-0000:00:03.0  19-edge      virtio0-req.18
 46:          0          0          0          0          0          0          0          0          0          0          0          0          0          0          0          0          0          0          0      42466          0          0          0          0          0          0          0          0          0          0          0          0 PCI-MSIX-0000:00:03.0  20-edge      virtio0-req.19
 47:          0          0          0          0          0          0          0          0          0          0          0          0          0          0          0          0          0          0          0          0      20344          0          0          0          0          0          0          0          0          0          0          0 PCI-MSIX-0000:00:03.0  21-edge      virtio0-req.20
 48:          0          0          0          0          0          0          0          0          0          0          0          0          0          0          0          0          0          0          0          0          0      28371          0          0          0          0          0          0          0          0          0          0 PCI-MSIX-0000:00:03.0  22-edge      virtio0-req.21
 49:          0          0          0          0          0          0          0          0          0          0          0          0          0          0          0          0          0          0          0          0          0          0      22712          0          0          0          0          0          0          0          0          0 PCI-MSIX-0000:00:03.0  23-edge      virtio0-req.22
 50:          0          0          0          0          0          0          0          0          0          0          0          0          0          0          0          0          0          0          0          0          0          0          0      15391          0          0          0          0          0          0          0          0 PCI-MSIX-0000:00:03.0  24-edge      virtio0-req.23
 51:          0          0          0          0          0          0          0          0          0          0          0          0          0          0          0          0          0          0          0          0          0          0          0          0      26046          0          0          0          0          0          0          0 PCI-MSIX-0000:00:03.0  25-edge      virtio0-req.24
 52:          0          0          0          0          0          0          0          0          0          0          0          0          0          0          0          0          0          0          0          0          0          0          0          0          0      31906          0          0          0          0          0          0 PCI-MSIX-0000:00:03.0  26-edge      virtio0-req.25
 53:          0          0          0          0          0          0          0          0          0          0          0          0          0          0          0          0          0          0          0          0          0          0          0          0          0          0      13187          0          0          0          0          0 PCI-MSIX-0000:00:03.0  27-edge      virtio0-req.26
 54:          0          0          0          0          0          0          0          0          0          0          0          0          0          0          0          0          0          0          0          0          0          0          0          0          0          0          0      18975          0          0          0          0 PCI-MSIX-0000:00:03.0  28-edge      virtio0-req.27
 55:          0          0          0          0          0          0          0          0          0          0          0          0          0          0          0          0          0          0          0          0          0          0          0          0          0          0          0          0      17030          0          0          0 PCI-MSIX-0000:00:03.0  29-edge      virtio0-req.28
 56:          0          0          0          0          0          0          0          0          0          0          0          0          0          0          0          0          0          0          0          0          0          0          0          0          0          0          0          0          0      18627          0          0 PCI-MSIX-0000:00:03.0  30-edge      virtio0-req.29
 57:          0          0          0          0          0          0          0          0          0          0          0          0          0          0          0          0          0          0          0          0          0          0          0          0          0          0          0          0          0          0      14441          0 PCI-MSIX-0000:00:03.0  31-edge      virtio0-req.30
 58:          0          0          0          0          0          0          0          0          0          0          0          0          0          0          0          0          0          0          0          0          0          0          0          0          0          0          0          0          0          0          0      17143 PCI-MSIX-0000:00:03.0  32-edge      virtio0-req.31
 59:          0          0          0          0          0          0          0          0          0          0          0          0          0          0          0          0          0          0          0          0          0          0          0          0          0          0          0          0          0          0          0          0 PCI-MSIX-0000:00:08.0   0-edge      virtio3-config
 60:       7649          0          0          0          0          0          0          0          0          0          0          0          0          0          0          0          0          0          0          0          0          0          0          0          0          0          0          0          0          0          0          0 PCI-MSIX-0000:00:08.0   1-edge      virtio3-req.0
 61:          0      24231          0          0          0          0          0          0          0          0          0          0          0          0          0          0          0          0          0          0          0          0          0          0          0          0          0          0          0          0          0          0 PCI-MSIX-0000:00:08.0   2-edge      virtio3-req.1
 62:          0          0      36714          0          0          0          0          0          0          0          0          0          0          0          0          0          0          0          0          0          0          0          0          0          0          0          0          0          0          0          0          0 PCI-MSIX-0000:00:08.0   3-edge      virtio3-req.2
 63:          0          0          0      18464          0          0          0          0          0          0          0          0          0          0          0          0          0          0          0          0          0          0          0          0          0          0          0          0          0          0          0          0 PCI-MSIX-0000:00:08.0   4-edge      virtio3-req.3
 64:          0          0          0          0      12504          0          0          0          0          0          0          0          0          0          0          0          0          0          0          0          0          0          0          0          0          0          0          0          0          0          0          0 PCI-MSIX-0000:00:08.0   5-edge      virtio3-req.4
 65:          0          0          0          0          0      11625          0          0          0          0          0          0          0          0          0          0          0          0          0          0          0          0          0          0          0          0          0          0          0          0          0          0 PCI-MSIX-0000:00:08.0   6-edge      virtio3-req.5
 66:          0          0          0          0          0          0       5607          0          0          0          0          0          0          0          0          0          0          0          0          0          0          0          0          0          0          0          0          0          0          0          0          0 PCI-MSIX-0000:00:08.0   7-edge      virtio3-req.6
 67:          0          0          0          0          0          0          0       4673          0          0          0          0          0          0          0          0          0          0          0          0          0          0          0          0          0          0          0          0          0          0          0          0 PCI-MSIX-0000:00:08.0   8-edge      virtio3-req.7
 68:          0          0          0          0          0          0          0          0       9632          0          0          0          0          0          0          0          0          0          0          0          0          0          0          0          0          0          0          0          0          0          0          0 PCI-MSIX-0000:00:08.0   9-edge      virtio3-req.8
 69:          0          0          0          0          0          0          0          0          0       6636          0          0          0          0          0          0          0          0          0          0          0          0          0          0          0          0          0          0          0          0          0          0 PCI-MSIX-0000:00:08.0  10-edge      virtio3-req.9
 70:          0          0          0          0          0          0          0          0          0          0       5706          0          0          0          0          0          0          0          0          0          0          0          0          0          0          0          0          0          0          0          0          0 PCI-MSIX-0000:00:08.0  11-edge      virtio3-req.10
 71:          0          0          0          0          0          0          0          0          0          0          0       6114          0          0          0          0          0          0          0          0          0          0          0          0          0          0          0          0          0          0          0          0 PCI-MSIX-0000:00:08.0  12-edge      virtio3-req.11
 72:          0          0          0          0          0          0          0          0          0          0          0          0       5912          0          0          0          0          0          0          0          0          0          0          0          0          0          0          0          0          0          0          0 PCI-MSIX-0000:00:08.0  13-edge      virtio3-req.12
 73:          0          0          0          0          0          0          0          0          0          0          0          0          0       5181          0          0          0          0          0          0          0          0          0          0          0          0          0          0          0          0          0          0 PCI-MSIX-0000:00:08.0  14-edge      virtio3-req.13
 74:          0          0          0          0          0          0          0          0          0          0          0          0          0          0       4326          0          0          0          0          0          0          0          0          0          0          0          0          0          0          0          0          0 PCI-MSIX-0000:00:08.0  15-edge      virtio3-req.14
 75:          0          0          0          0          0          0          0          0          0          0          0          0          0          0          0       6583          0          0          0          0          0          0          0          0          0          0          0          0          0          0          0          0 PCI-MSIX-0000:00:08.0  16-edge      virtio3-req.15
 76:          0          0          0          0          0          0          0          0          0          0          0          0          0          0          0          0       5484          0          0          0          0          0          0          0          0          0          0          0          0          0          0          0 PCI-MSIX-0000:00:08.0  17-edge      virtio3-req.16
 77:          0          0          0          0          0          0          0          0          0          0          0          0          0          0          0          0          0       4435          0          0          0          0          0          0          0          0          0          0          0          0          0          0 PCI-MSIX-0000:00:08.0  18-edge      virtio3-req.17
 78:          0          0          0          0          0          0          0          0          0          0          0          0          0          0          0          0          0          0       2594          0          0          0          0          0          0          0          0          0          0          0          0          0 PCI-MSIX-0000:00:08.0  19-edge      virtio3-req.18
 79:          0          0          0          0          0          0          0          0          0          0          0          0          0          0          0          0          0          0          0       7508          0          0          0          0          0          0          0          0          0          0          0          0 PCI-MSIX-0000:00:08.0  20-edge      virtio3-req.19
 80:          0          0          0          0          0          0          0          0          0          0          0          0          0          0          0          0          0          0          0          0       6633          0          0          0          0          0          0          0          0          0          0          0 PCI-MSIX-0000:00:08.0  21-edge      virtio3-req.20
 81:          0          0          0          0          0          0          0          0          0          0          0          0          0          0          0          0          0          0          0          0          0       5794          0          0          0          0          0          0          0          0          0          0 PCI-MSIX-0000:00:08.0  22-edge      virtio3-req.21
 82:          0          0          0          0          0          0          0          0          0          0          0          0          0          0          0          0          0          0          0          0          0          0       4270          0          0          0          0          0          0          0          0          0 PCI-MSIX-0000:00:08.0  23-edge      virtio3-req.22
 83:          0          0          0          0          0          0          0          0          0          0          0          0          0          0          0          0          0          0          0          0          0          0          0       8370          0          0          0          0          0          0          0          0 PCI-MSIX-0000:00:08.0  24-edge      virtio3-req.23
 84:          0          0          0          0          0          0          0          0          0          0          0          0          0          0          0          0          0          0          0          0          0          0          0          0       8913          0          0          0          0          0          0          0 PCI-MSIX-0000:00:08.0  25-edge      virtio3-req.24
 85:          0          0          0          0          0          0          0          0          0          0          0          0          0          0          0          0          0          0          0          0          0          0          0          0          0       6367          0          0          0          0          0          0 PCI-MSIX-0000:00:08.0  26-edge      virtio3-req.25
 86:          0          0          0          0          0          0          0          0          0          0          0          0          0          0          0          0          0          0          0          0          0          0          0          0          0          0       8976          0          0          0          0          0 PCI-MSIX-0000:00:08.0  27-edge      virtio3-req.26
 87:          0          0          0          0          0          0          0          0          0          0          0          0          0          0          0          0          0          0          0          0          0          0          0          0          0          0          0       8246          0          0          0          0 PCI-MSIX-0000:00:08.0  28-edge      virtio3-req.27
 88:          0          0          0          0          0          0          0          0          0          0          0          0          0          0          0          0          0          0          0          0          0          0          0          0          0          0          0          0       8376          0          0          0 PCI-MSIX-0000:00:08.0  29-edge      virtio3-req.28
 89:          0          0          0          0          0          0          0          0          0          0          0          0          0          0          0          0          0          0          0          0          0          0          0          0          0          0          0          0          0       5623          0          0 PCI-MSIX-0000:00:08.0  30-edge      virtio3-req.29
 90:          0          0          0          0          0          0          0          0          0          0          0          0          0          0          0          0          0          0          0          0          0          0          0          0          0          0          0          0          0          0       3715          0 PCI-MSIX-0000:00:08.0  31-edge      virtio3-req.30
 91:          0          0          0          0          0          0          0          0          0          0          0          0          0          0          0          0          0          0          0          0          0          0          0          0          0          0          0          0          0          0          0       7553 PCI-MSIX-0000:00:08.0  32-edge      virtio3-req.31
 92:          0          0          0          0          0          0          0          0          0          0          0          0          0          0          0          0          0          0          0          0          0          0          0          0          0          0          0          0          0          0          0          0 PCI-MSIX-0000:00:0b.0   0-edge      virtio6-config
 93:     150825          0          0          0          0          0          0          0          0          0          0          0          0          0          0          0          0          0          0          0          0          0          0          0          0          0          0          0          0          0          0          0 PCI-MSIX-0000:00:0b.0   1-edge      virtio6-req.0
 94:          0     858134          0          0          0          0          0          0          0          0          0          0          0          0          0          0          0          0          0          0          0          0          0          0          0          0          0          0          0          0          0          0 PCI-MSIX-0000:00:0b.0   2-edge      virtio6-req.1
 95:          0          0     723927          0          0          0          0          0          0          0          0          0          0          0          0          0          0          0          0          0          0          0          0          0          0          0          0          0          0          0          0          0 PCI-MSIX-0000:00:0b.0   3-edge      virtio6-req.2
 96:          0          0          0     588061          0          0          0          0          0          0          0          0          0          0          0          0          0          0          0          0          0          0          0          0          0          0          0          0          0          0          0          0 PCI-MSIX-0000:00:0b.0   4-edge      virtio6-req.3
 97:          0          0          0          0     401521          0          0          0          0          0          0          0          0          0          0          0          0          0          0          0          0          0          0          0          0          0          0          0          0          0          0          0 PCI-MSIX-0000:00:0b.0   5-edge      virtio6-req.4
 98:          0          0          0          0          0     299114          0          0          0          0          0          0          0          0          0          0          0          0          0          0          0          0          0          0          0          0          0          0          0          0          0          0 PCI-MSIX-0000:00:0b.0   6-edge      virtio6-req.5
 99:          0          0          0          0          0          0     213933          0          0          0          0          0          0          0          0          0          0          0          0          0          0          0          0          0          0          0          0          0          0          0          0          0 PCI-MSIX-0000:00:0b.0   7-edge      virtio6-req.6
100:          0          0          0          0          0          0          0     223020          0          0          0          0          0          0          0          0          0          0          0          0          0          0          0          0          0          0          0          0          0          0          0          0 PCI-MSIX-0000:00:0b.0   8-edge      virtio6-req.7
101:          0          0          0          0          0          0          0          0     196112          0          0          0          0          0          0          0          0          0          0          0          0          0          0          0          0          0          0          0          0          0          0          0 PCI-MSIX-0000:00:0b.0   9-edge      virtio6-req.8
102:          0          0          0          0          0          0          0          0          0     182185          0          0          0          0          0          0          0          0          0          0          0          0          0          0          0          0          0          0          0          0          0          0 PCI-MSIX-0000:00:0b.0  10-edge      virtio6-req.9
103:          0          0          0          0          0          0          0          0          0          0     172279          0          0          0          0          0          0          0          0          0          0          0          0          0          0          0          0          0          0          0          0          0 PCI-MSIX-0000:00:0b.0  11-edge      virtio6-req.10
104:          0          0          0          0          0          0          0          0          0          0          0     147638          0          0          0          0          0          0          0          0          0          0          0          0          0          0          0          0          0          0          0          0 PCI-MSIX-0000:00:0b.0  12-edge      virtio6-req.11
105:          0          0          0          0          0          0          0          0          0          0          0          0     129361          0          0          0          0          0          0          0          0          0          0          0          0          0          0          0          0          0          0          0 PCI-MSIX-0000:00:0b.0  13-edge      virtio6-req.12
106:          0          0          0          0          0          0          0          0          0          0          0          0          0     122791          0          0          0          0          0          0          0          0          0          0          0          0          0          0          0          0          0          0 PCI-MSIX-0000:00:0b.0  14-edge      virtio6-req.13
107:          0          0          0          0          0          0          0          0          0          0          0          0          0          0     108247          0          0          0          0          0          0          0          0          0          0          0          0          0          0          0          0          0 PCI-MSIX-0000:00:0b.0  15-edge      virtio6-req.14
108:          0          0          0          0          0          0          0          0          0          0          0          0          0          0          0     121078          0          0          0          0          0          0          0          0          0          0          0          0          0          0          0          0 PCI-MSIX-0000:00:0b.0  16-edge      virtio6-req.15
109:          0          0          0          0          0          0          0          0          0          0          0          0          0          0          0          0     137703          0          0          0          0          0          0          0          0          0          0          0          0          0          0          0 PCI-MSIX-0000:00:0b.0  17-edge      virtio6-req.16
110:          0          0          0          0          0          0          0          0          0          0          0          0          0          0          0          0          0     106065          0          0          0          0          0          0          0          0          0          0          0          0          0          0 PCI-MSIX-0000:00:0b.0  18-edge      virtio6-req.17
111:          0          0          0          0          0          0          0          0          0          0          0          0          0          0          0          0          0          0     129627          0          0          0          0          0          0          0          0          0          0          0          0          0 PCI-MSIX-0000:00:0b.0  19-edge      virtio6-req.18
112:          0          0          0          0          0          0          0          0          0          0          0          0          0          0          0          0          0          0          0     143572          0          0          0          0          0          0          0          0          0          0          0          0 PCI-MSIX-0000:00:0b.0  20-edge      virtio6-req.19
113:          0          0          0          0          0          0          0          0          0          0          0          0          0          0          0          0          0          0          0          0     109568          0          0          0          0          0          0          0          0          0          0          0 PCI-MSIX-0000:00:0b.0  21-edge      virtio6-req.20
114:          0          0          0          0          0          0          0          0          0          0          0          0          0          0          0          0          0          0          0          0          0     130957          0          0          0          0          0          0          0          0          0          0 PCI-MSIX-0000:00:0b.0  22-edge      virtio6-req.21
115:          0          0          0          0          0          0          0          0          0          0          0          0          0          0          0          0          0          0          0          0          0          0     116191          0          0          0          0          0          0          0          0          0 PCI-MSIX-0000:00:0b.0  23-edge      virtio6-req.22
116:          0          0          0          0          0          0          0          0          0          0          0          0          0          0          0          0          0          0          0          0          0          0          0     113663          0          0          0          0          0          0          0          0 PCI-MSIX-0000:00:0b.0  24-edge      virtio6-req.23
117:          0          0          0          0          0          0          0          0          0          0          0          0          0          0          0          0          0          0          0          0          0          0          0          0     102064          0          0          0          0          0          0          0 PCI-MSIX-0000:00:0b.0  25-edge      virtio6-req.24
118:          0          0          0          0          0          0          0          0          0          0          0          0          0          0          0          0          0          0          0          0          0          0          0          0          0     126973          0          0          0          0          0          0 PCI-MSIX-0000:00:0b.0  26-edge      virtio6-req.25
119:          0          0          0          0          0          0          0          0          0          0          0          0          0          0          0          0          0          0          0          0          0          0          0          0          0          0     100483          0          0          0          0          0 PCI-MSIX-0000:00:0b.0  27-edge      virtio6-req.26
120:          0          0          0          0          0          0          0          0          0          0          0          0          0          0          0          0          0          0          0          0          0          0          0          0          0          0          0     108993          0          0          0          0 PCI-MSIX-0000:00:0b.0  28-edge      virtio6-req.27
121:          0          0          0          0          0          0          0          0          0          0          0          0          0          0          0          0          0          0          0          0          0          0          0          0          0          0          0          0     109877          0          0          0 PCI-MSIX-0000:00:0b.0  29-edge      virtio6-req.28
122:          0          0          0          0          0          0          0          0          0          0          0          0          0          0          0          0          0          0          0          0          0          0          0          0          0          0          0          0          0     117266          0          0 PCI-MSIX-0000:00:0b.0  30-edge      virtio6-req.29
123:          0          0          0          0          0          0          0          0          0          0          0          0          0          0          0          0          0          0          0          0          0          0          0          0          0          0          0          0          0          0      94764          0 PCI-MSIX-0000:00:0b.0  31-edge      virtio6-req.30
124:          0          0          0          0          0          0          0          0          0          0          0          0          0          0          0          0          0          0          0          0          0          0          0          0          0          0          0          0          0          0          0      94230 PCI-MSIX-0000:00:0b.0  32-edge      virtio6-req.31
125:          0          0          0          0          0          0          0          0          0          0          0          0          0          0          0          0          0          0          0          0          0          0          0          0          0          0          0          0          0          0          0          0 PCI-MSIX-0000:00:0c.0   0-edge      virtio7-config
126:      99769          0          0          0          0          0          0          0          0          0          0          0          0          0          0          0          0          0          0          0          0          0          0          0          0          0          0          0          0          0          0          0 PCI-MSIX-0000:00:0c.0   1-edge      virtio7-req.0
127:          0     872214          0          0          0          0          0          0          0          0          0          0          0          0          0          0          0          0          0          0          0          0          0          0          0          0          0          0          0          0          0          0 PCI-MSIX-0000:00:0c.0   2-edge      virtio7-req.1
128:          0          0     700367          0          0          0          0          0          0          0          0          0          0          0          0          0          0          0          0          0          0          0          0          0          0          0          0          0          0          0          0          0 PCI-MSIX-0000:00:0c.0   3-edge      virtio7-req.2
129:          0          0          0     557585          0          0          0          0          0          0          0          0          0          0          0          0          0          0          0          0          0          0          0          0          0          0          0          0          0          0          0          0 PCI-MSIX-0000:00:0c.0   4-edge      virtio7-req.3
130:          0          0          0          0     401271          0          0          0          0          0          0          0          0          0          0          0          0          0          0          0          0          0          0          0          0          0          0          0          0          0          0          0 PCI-MSIX-0000:00:0c.0   5-edge      virtio7-req.4
131:          0          0          0          0          0     308040          0          0          0          0          0          0          0          0          0          0          0          0          0          0          0          0          0          0          0          0          0          0          0          0          0          0 PCI-MSIX-0000:00:0c.0   6-edge      virtio7-req.5
132:          0          0          0          0          0          0     248228          0          0          0          0          0          0          0          0          0          0          0          0          0          0          0          0          0          0          0          0          0          0          0          0          0 PCI-MSIX-0000:00:0c.0   7-edge      virtio7-req.6
133:          0          0          0          0          0          0          0     191755          0          0          0          0          0          0          0          0          0          0          0          0          0          0          0          0          0          0          0          0          0          0          0          0 PCI-MSIX-0000:00:0c.0   8-edge      virtio7-req.7
134:          0          0          0          0          0          0          0          0     175287          0          0          0          0          0          0          0          0          0          0          0          0          0          0          0          0          0          0          0          0          0          0          0 PCI-MSIX-0000:00:0c.0   9-edge      virtio7-req.8
135:          0          0          0          0          0          0          0          0          0     150602          0          0          0          0          0          0          0          0          0          0          0          0          0          0          0          0          0          0          0          0          0          0 PCI-MSIX-0000:00:0c.0  10-edge      virtio7-req.9
136:          0          0          0          0          0          0          0          0          0          0     133276          0          0          0          0          0          0          0          0          0          0          0          0          0          0          0          0          0          0          0          0          0 PCI-MSIX-0000:00:0c.0  11-edge      virtio7-req.10
137:          0          0          0          0          0          0          0          0          0          0          0     146328          0          0          0          0          0          0          0          0          0          0          0          0          0          0          0          0          0          0          0          0 PCI-MSIX-0000:00:0c.0  12-edge      virtio7-req.11
138:          0          0          0          0          0          0          0          0          0          0          0          0     105900          0          0          0          0          0          0          0          0          0          0          0          0          0          0          0          0          0          0          0 PCI-MSIX-0000:00:0c.0  13-edge      virtio7-req.12
139:          0          0          0          0          0          0          0          0          0          0          0          0          0      94439          0          0          0          0          0          0          0          0          0          0          0          0          0          0          0          0          0          0 PCI-MSIX-0000:00:0c.0  14-edge      virtio7-req.13
140:          0          0          0          0          0          0          0          0          0          0          0          0          0          0     103461          0          0          0          0          0          0          0          0          0          0          0          0          0          0          0          0          0 PCI-MSIX-0000:00:0c.0  15-edge      virtio7-req.14
141:          0          0          0          0          0          0          0          0          0          0          0          0          0          0          0      98891          0          0          0          0          0          0          0          0          0          0          0          0          0          0          0          0 PCI-MSIX-0000:00:0c.0  16-edge      virtio7-req.15
142:          0          0          0          0          0          0          0          0          0          0          0          0          0          0          0          0      89002          0          0          0          0          0          0          0          0          0          0          0          0          0          0          0 PCI-MSIX-0000:00:0c.0  17-edge      virtio7-req.16
143:          0          0          0          0          0          0          0          0          0          0          0          0          0          0          0          0          0      95887          0          0          0          0          0          0          0          0          0          0          0          0          0          0 PCI-MSIX-0000:00:0c.0  18-edge      virtio7-req.17
144:          0          0          0          0          0          0          0          0          0          0          0          0          0          0          0          0          0          0      78840          0          0          0          0          0          0          0          0          0          0          0          0          0 PCI-MSIX-0000:00:0c.0  19-edge      virtio7-req.18
145:          0          0          0          0          0          0          0          0          0          0          0          0          0          0          0          0          0          0          0     133837          0          0          0          0          0          0          0          0          0          0          0          0 PCI-MSIX-0000:00:0c.0  20-edge      virtio7-req.19
146:          0          0          0          0          0          0          0          0          0          0          0          0          0          0          0          0          0          0          0          0      86316          0          0          0          0          0          0          0          0          0          0          0 PCI-MSIX-0000:00:0c.0  21-edge      virtio7-req.20
147:          0          0          0          0          0          0          0          0          0          0          0          0          0          0          0          0          0          0          0          0          0     107860          0          0          0          0          0          0          0          0          0          0 PCI-MSIX-0000:00:0c.0  22-edge      virtio7-req.21
148:          0          0          0          0          0          0          0          0          0          0          0          0          0          0          0          0          0          0          0          0          0          0      82788          0          0          0          0          0          0          0          0          0 PCI-MSIX-0000:00:0c.0  23-edge      virtio7-req.22
149:          0          0          0          0          0          0          0          0          0          0          0          0          0          0          0          0          0          0          0          0          0          0          0      88352          0          0          0          0          0          0          0          0 PCI-MSIX-0000:00:0c.0  24-edge      virtio7-req.23
150:          0          0          0          0          0          0          0          0          0          0          0          0          0          0          0          0          0          0          0          0          0          0          0          0      93508          0          0          0          0          0          0          0 PCI-MSIX-0000:00:0c.0  25-edge      virtio7-req.24
151:          0          0          0          0          0          0          0          0          0          0          0          0          0          0          0          0          0          0          0          0          0          0          0          0          0      85055          0          0          0          0          0          0 PCI-MSIX-0000:00:0c.0  26-edge      virtio7-req.25
152:          0          0          0          0          0          0          0          0          0          0          0          0          0          0          0          0          0          0          0          0          0          0          0          0          0          0      93808          0          0          0          0          0 PCI-MSIX-0000:00:0c.0  27-edge      virtio7-req.26
153:          0          0          0          0          0          0          0          0          0          0          0          0          0          0          0          0          0          0          0          0          0          0          0          0          0          0          0      98935          0          0          0          0 PCI-MSIX-0000:00:0c.0  28-edge      virtio7-req.27
154:          0          0          0          0          0          0          0          0          0          0          0          0          0          0          0          0          0          0          0          0          0          0          0          0          0          0          0          0      81134          0          0          0 PCI-MSIX-0000:00:0c.0  29-edge      virtio7-req.28
155:          0          0          0          0          0          0          0          0          0          0          0          0          0          0          0          0          0          0          0          0          0          0          0          0          0          0          0          0          0      87747          0          0 PCI-MSIX-0000:00:0c.0  30-edge      virtio7-req.29
156:          0          0          0          0          0          0          0          0          0          0          0          0          0          0          0          0          0          0          0          0          0          0          0          0          0          0          0          0          0          0      86691          0 PCI-MSIX-0000:00:0c.0  31-edge      virtio7-req.30
157:          0          0          0          0          0          0          0          0          0          0          0          0          0          0          0          0          0          0          0          0          0          0          0          0          0          0          0          0          0          0          0      95487 PCI-MSIX-0000:00:0c.0  32-edge      virtio7-req.31
158:          0          0          0          0          0          0          0          0          0          0          0          0          0          0          0          0          0          0          0          0          0          0          0          0          0          0          0          0          0          0          0          0 PCI-MSIX-0000:00:0d.0   0-edge      virtio8-config
159:          0          0          0          0          0          0          0          0          0          0          0          0          0          0          0          0          0          0          0          0          0          0          0          0          0          0          0          0          0          0          0          0 PCI-MSIX-0000:00:0d.0   1-edge      virtio8-req.0
160:          0          0          0          0          0          0          0          0          0          0          0          0          0          0          0          0          0          0          0          0          0          0          0          0          0          0          0          0          0          0          0          0 PCI-MSIX-0000:00:0d.0   2-edge      virtio8-req.1
161:          0          0          0          0          0          0          0          0          0          0          0          0          0          0          0          0          0          0          0          0          0          0          0          0          0          0          0          0          0          0          0          0 PCI-MSIX-0000:00:0d.0   3-edge      virtio8-req.2
162:          0          0          0          0          0          0          0          0          0          0          0          0          0          0          0          0          0          0          0          0          0          0          0          0          0          0          0          0          0          0          0          0 PCI-MSIX-0000:00:0d.0   4-edge      virtio8-req.3
163:          0          0          0          0         44          0          0          0          0          0          0          0          0          0          0          0          0          0          0          0          0          0          0          0          0          0          0          0          0          0          0          0 PCI-MSIX-0000:00:0d.0   5-edge      virtio8-req.4
164:          0          0          0          0          0          0          0          0          0          0          0          0          0          0          0          0          0          0          0          0          0          0          0          0          0          0          0          0          0          0          0          0 PCI-MSIX-0000:00:0d.0   6-edge      virtio8-req.5
165:          0          0          0          0          0          0          1          0          0          0          0          0          0          0          0          0          0          0          0          0          0          0          0          0          0          0          0          0          0          0          0          0 PCI-MSIX-0000:00:0d.0   7-edge      virtio8-req.6
166:          0          0          0          0          0          0          0         38          0          0          0          0          0          0          0          0          0          0          0          0          0          0          0          0          0          0          0          0          0          0          0          0 PCI-MSIX-0000:00:0d.0   8-edge      virtio8-req.7
167:          0          0          0          0          0          0          0          0          0          0          0          0          0          0          0          0          0          0          0          0          0          0          0          0          0          0          0          0          0          0          0          0 PCI-MSIX-0000:00:0d.0   9-edge      virtio8-req.8
168:          0          0          0          0          0          0          0          0          0          2          0          0          0          0          0          0          0          0          0          0          0          0          0          0          0          0          0          0          0          0          0          0 PCI-MSIX-0000:00:0d.0  10-edge      virtio8-req.9
169:          0          0          0          0          0          0          0          0          0          0          0          0          0          0          0          0          0          0          0          0          0          0          0          0          0          0          0          0          0          0          0          0 PCI-MSIX-0000:00:0d.0  11-edge      virtio8-req.10
170:          0          0          0          0          0          0          0          0          0          0          0          0          0          0          0          0          0          0          0          0          0          0          0          0          0          0          0          0          0          0          0          0 PCI-MSIX-0000:00:0d.0  12-edge      virtio8-req.11
171:          0          0          0          0          0          0          0          0          0          0          0          0          0          0          0          0          0          0          0          0          0          0          0          0          0          0          0          0          0          0          0          0 PCI-MSIX-0000:00:0d.0  13-edge      virtio8-req.12
172:          0          0          0          0          0          0          0          0          0          0          0          0          0          0          0          0          0          0          0          0          0          0          0          0          0          0          0          0          0          0          0          0 PCI-MSIX-0000:00:0d.0  14-edge      virtio8-req.13
173:          0          0          0          0          0          0          0          0          0          0          0          0          0          0          0          0          0          0          0          0          0          0          0          0          0          0          0          0          0          0          0          0 PCI-MSIX-0000:00:0d.0  15-edge      virtio8-req.14
174:          0          0          0          0          0          0          0          0          0          0          0          0          0          0          0          2          0          0          0          0          0          0          0          0          0          0          0          0          0          0          0          0 PCI-MSIX-0000:00:0d.0  16-edge      virtio8-req.15
175:          0          0          0          0          0          0          0          0          0          0          0          0          0          0          0          0          3          0          0          0          0          0          0          0          0          0          0          0          0          0          0          0 PCI-MSIX-0000:00:0d.0  17-edge      virtio8-req.16
176:          0          0          0          0          0          0          0          0          0          0          0          0          0          0          0          0          0          0          0          0          0          0          0          0          0          0          0          0          0          0          0          0 PCI-MSIX-0000:00:0d.0  18-edge      virtio8-req.17
177:          0          0          0          0          0          0          0          0          0          0          0          0          0          0          0          0          0          0          0          0          0          0          0          0          0          0          0          0          0          0          0          0 PCI-MSIX-0000:00:0d.0  19-edge      virtio8-req.18
178:          0          0          0          0          0          0          0          0          0          0          0          0          0          0          0          0          0          0          0          0          0          0          0          0          0          0          0          0          0          0          0          0 PCI-MSIX-0000:00:0d.0  20-edge      virtio8-req.19
179:          0          0          0          0          0          0          0          0          0          0          0          0          0          0          0          0          0          0          0          0          0          0          0          0          0          0          0          0          0          0          0          0 PCI-MSIX-0000:00:0d.0  21-edge      virtio8-req.20
180:          0          0          0          0          0          0          0          0          0          0          0          0          0          0          0          0          0          0          0          0          0          0          0          0          0          0          0          0          0          0          0          0 PCI-MSIX-0000:00:0d.0  22-edge      virtio8-req.21
181:          0          0          0          0          0          0          0          0          0          0          0          0          0          0          0          0          0          0          0          0          0          0          2          0          0          0          0          0          0          0          0          0 PCI-MSIX-0000:00:0d.0  23-edge      virtio8-req.22
182:          0          0          0          0          0          0          0          0          0          0          0          0          0          0          0          0          0          0          0          0          0          0          0          0          0          0          0          0          0          0          0          0 PCI-MSIX-0000:00:0d.0  24-edge      virtio8-req.23
183:          0          0          0          0          0          0          0          0          0          0          0          0          0          0          0          0          0          0          0          0          0          0          0          0          4          0          0          0          0          0          0          0 PCI-MSIX-0000:00:0d.0  25-edge      virtio8-req.24
184:          0          0          0          0          0          0          0          0          0          0          0          0          0          0          0          0          0          0          0          0          0          0          0          0          0          2          0          0          0          0          0          0 PCI-MSIX-0000:00:0d.0  26-edge      virtio8-req.25
185:          0          0          0          0          0          0          0          0          0          0          0          0          0          0          0          0          0          0          0          0          0          0          0          0          0          0         45          0          0          0          0          0 PCI-MSIX-0000:00:0d.0  27-edge      virtio8-req.26
186:          0          0          0          0          0          0          0          0          0          0          0          0          0          0          0          0          0          0          0          0          0          0          0          0          0          0          0          0          0          0          0          0 PCI-MSIX-0000:00:0d.0  28-edge      virtio8-req.27
187:          0          0          0          0          0          0          0          0          0          0          0          0          0          0          0          0          0          0          0          0          0          0          0          0          0          0          0          0          0          0          0          0 PCI-MSIX-0000:00:0d.0  29-edge      virtio8-req.28
188:          0          0          0          0          0          0          0          0          0          0          0          0          0          0          0          0          0          0          0          0          0          0          0          0          0          0          0          0          0          4          0          0 PCI-MSIX-0000:00:0d.0  30-edge      virtio8-req.29
189:          0          0          0          0          0          0          0          0          0          0          0          0          0          0          0          0          0          0          0          0          0          0          0          0          0          0          0          0          0          0         46          0 PCI-MSIX-0000:00:0d.0  31-edge      virtio8-req.30
190:          0          0          0          0          0          0          0          0          0          0          0          0          0          0          0          0          0          0          0          0          0          0          0          0          0          0          0          0          0          0          0          0 PCI-MSIX-0000:00:0d.0  32-edge      virtio8-req.31
191:          0          0          0          0          0          0          0          0          0          0          0          0          0          0          0          0          0          0          0          0          0          0          0          0          0          0          0          0          0          0          0          0 PCI-MSIX-0000:00:0f.0   0-edge      virtio10-config
192:          0          0          0          0          0          0          0          0          0          0          0          0          0          0          0          0          0          0          0          0          0          0          0          0          0          0          0          0          0          0          0          0 PCI-MSIX-0000:00:0f.0   1-edge      virtio10-req.0
193:          0          0          0          0          0          0          0          0          0          0          0          0          0          0          0          0          0          0          0          0          0          0          0          0          0          0          0          0          0          0          0          0 PCI-MSIX-0000:00:0f.0   2-edge      virtio10-req.1
194:          0          0          0          0          0          0          0          0          0          0          0          0          0          0          0          0          0          0          0          0          0          0          0          0          0          0          0          0          0          0          0          0 PCI-MSIX-0000:00:0f.0   3-edge      virtio10-req.2
195:          0          0          0          0          0          0          0          0          0          0          0          0          0          0          0          0          0          0          0          0          0          0          0          0          0          0          0          0          0          0          0          0 PCI-MSIX-0000:00:0f.0   4-edge      virtio10-req.3
196:          0          0          0          0          2          0          0          0          0          0          0          0          0          0          0          0          0          0          0          0          0          0          0          0          0          0          0          0          0          0          0          0 PCI-MSIX-0000:00:0f.0   5-edge      virtio10-req.4
197:          0          0          0          0          0          0          0          0          0          0          0          0          0          0          0          0          0          0          0          0          0          0          0          0          0          0          0          0          0          0          0          0 PCI-MSIX-0000:00:0f.0   6-edge      virtio10-req.5
198:          0          0          0          0          0          0          1          0          0          0          0          0          0          0          0          0          0          0          0          0          0          0          0          0          0          0          0          0          0          0          0          0 PCI-MSIX-0000:00:0f.0   7-edge      virtio10-req.6
199:          0          0          0          0          0          0          0         42          0          0          0          0          0          0          0          0          0          0          0          0          0          0          0          0          0          0          0          0          0          0          0          0 PCI-MSIX-0000:00:0f.0   8-edge      virtio10-req.7
200:          0          0          0          0          0          0          0          0         41          0          0          0          0          0          0          0          0          0          0          0          0          0          0          0          0          0          0          0          0          0          0          0 PCI-MSIX-0000:00:0f.0   9-edge      virtio10-req.8
201:          0          0          0          0          0          0          0          0          0          2          0          0          0          0          0          0          0          0          0          0          0          0          0          0          0          0          0          0          0          0          0          0 PCI-MSIX-0000:00:0f.0  10-edge      virtio10-req.9
202:          0          0          0          0          0          0          0          0          0          0          0          0          0          0          0          0          0          0          0          0          0          0          0          0          0          0          0          0          0          0          0          0 PCI-MSIX-0000:00:0f.0  11-edge      virtio10-req.10
203:          0          0          0          0          0          0          0          0          0          0          0          0          0          0          0          0          0          0          0          0          0          0          0          0          0          0          0          0          0          0          0          0 PCI-MSIX-0000:00:0f.0  12-edge      virtio10-req.11
204:          0          0          0          0          0          0          0          0          0          0          0          0          0          0          0          0          0          0          0          0          0          0          0          0          0          0          0          0          0          0          0          0 PCI-MSIX-0000:00:0f.0  13-edge      virtio10-req.12
205:          0          0          0          0          0          0          0          0          0          0          0          0          0          0          0          0          0          0          0          0          0          0          0          0          0          0          0          0          0          0          0          0 PCI-MSIX-0000:00:0f.0  14-edge      virtio10-req.13
206:          0          0          0          0          0          0          0          0          0          0          0          0          0          0          0          0          0          0          0          0          0          0          0          0          0          0          0          0          0          0          0          0 PCI-MSIX-0000:00:0f.0  15-edge      virtio10-req.14
207:          0          0          0          0          0          0          0          0          0          0          0          0          0          0          0          2          0          0          0          0          0          0          0          0          0          0          0          0          0          0          0          0 PCI-MSIX-0000:00:0f.0  16-edge      virtio10-req.15
208:          0          0          0          0          0          0          0          0          0          0          0          0          0          0          0          0          3          0          0          0          0          0          0          0          0          0          0          0          0          0          0          0 PCI-MSIX-0000:00:0f.0  17-edge      virtio10-req.16
209:          0          0          0          0          0          0          0          0          0          0          0          0          0          0          0          0          0          0          0          0          0          0          0          0          0          0          0          0          0          0          0          0 PCI-MSIX-0000:00:0f.0  18-edge      virtio10-req.17
210:          0          0          0          0          0          0          0          0          0          0          0          0          0          0          0          0          0          0          0          0          0          0          0          0          0          0          0          0          0          0          0          0 PCI-MSIX-0000:00:0f.0  19-edge      virtio10-req.18
211:          0          0          0          0          0          0          0          0          0          0          0          0          0          0          0          0          0          0          0          0          0          0          0          0          0          0          0          0          0          0          0          0 PCI-MSIX-0000:00:0f.0  20-edge      virtio10-req.19
212:          0          0          0          0          0          0          0          0          0          0          0          0          0          0          0          0          0          0          0          0          0          0          0          0          0          0          0          0          0          0          0          0 PCI-MSIX-0000:00:0f.0  21-edge      virtio10-req.20
213:          0          0          0          0          0          0          0          0          0          0          0          0          0          0          0          0          0          0          0          0          0         41          0          0          0          0          0          0          0          0          0          0 PCI-MSIX-0000:00:0f.0  22-edge      virtio10-req.21
214:          0          0          0          0          0          0          0          0          0          0          0          0          0          0          0          0          0          0          0          0          0          0          2          0          0          0          0          0          0          0          0          0 PCI-MSIX-0000:00:0f.0  23-edge      virtio10-req.22
215:          0          0          0          0          0          0          0          0          0          0          0          0          0          0          0          0          0          0          0          0          0          0          0          0          0          0          0          0          0          0          0          0 PCI-MSIX-0000:00:0f.0  24-edge      virtio10-req.23
216:          0          0          0          0          0          0          0          0          0          0          0          0          0          0          0          0          0          0          0          0          0          0          0          0          4          0          0          0          0          0          0          0 PCI-MSIX-0000:00:0f.0  25-edge      virtio10-req.24
217:          0          0          0          0          0          0          0          0          0          0          0          0          0          0          0          0          0          0          0          0          0          0          0          0          0          2          0          0          0          0          0          0 PCI-MSIX-0000:00:0f.0  26-edge      virtio10-req.25
218:          0          0          0          0          0          0          0          0          0          0          0          0          0          0          0          0          0          0          0          0          0          0          0          0          0          0          2          0          0          0          0          0 PCI-MSIX-0000:00:0f.0  27-edge      virtio10-req.26
219:          0          0          0          0          0          0          0          0          0          0          0          0          0          0          0          0          0          0          0          0          0          0          0          0          0          0          0          0          0          0          0          0 PCI-MSIX-0000:00:0f.0  28-edge      virtio10-req.27
220:          0          0          0          0          0          0          0          0          0          0          0          0          0          0          0          0          0          0          0          0          0          0          0          0          0          0          0          0          0          0          0          0 PCI-MSIX-0000:00:0f.0  29-edge      virtio10-req.28
221:          0          0          0          0          0          0          0          0          0          0          0          0          0          0          0          0          0          0          0          0          0          0          0          0          0          0          0          0          0          4          0          0 PCI-MSIX-0000:00:0f.0  30-edge      virtio10-req.29
222:          0          0          0          0          0          0          0          0          0          0          0          0          0          0          0          0          0          0          0          0          0          0          0          0          0          0          0          0          0          0         48          0 PCI-MSIX-0000:00:0f.0  31-edge      virtio10-req.30
223:          0          0          0          0          0          0          0          0          0          0          0          0          0          0          0          0          0          0          0          0          0          0          0          0          0          0          0          0          0          0          0          0 PCI-MSIX-0000:00:0f.0  32-edge      virtio10-req.31
224:          0          0          0          0          0          0          0          0          0          0          0          0          0          0          0          0          0          0          0          0          0          0          0          0          0          0          0          0          0          0          0          0 PCI-MSIX-0000:00:10.0   0-edge      virtio11-config
225:         47          0          0          0          0          0          0          0          0          0          0          0          0          0          0          0          0          0          0          0          0          0          0          0          0          0          0          0          0          0          0          0 PCI-MSIX-0000:00:10.0   1-edge      virtio11-req.0
226:          0          0          0          0          0          0          0          0          0          0          0          0          0          0          0          0          0          0          0          0          0          0          0          0          0          0          0          0          0          0          0          0 PCI-MSIX-0000:00:10.0   2-edge      virtio11-req.1
227:          0          0          0          0          0          0          0          0          0          0          0          0          0          0          0          0          0          0          0          0          0          0          0          0          0          0          0          0          0          0          0          0 PCI-MSIX-0000:00:10.0   3-edge      virtio11-req.2
228:          0          0          0          0          0          0          0          0          0          0          0          0          0          0          0          0          0          0          0          0          0          0          0          0          0          0          0          0          0          0          0          0 PCI-MSIX-0000:00:10.0   4-edge      virtio11-req.3
229:          0          0          0          0          2          0          0          0          0          0          0          0          0          0          0          0          0          0          0          0          0          0          0          0          0          0          0          0          0          0          0          0 PCI-MSIX-0000:00:10.0   5-edge      virtio11-req.4
230:          0          0          0          0          0          0          0          0          0          0          0          0          0          0          0          0          0          0          0          0          0          0          0          0          0          0          0          0          0          0          0          0 PCI-MSIX-0000:00:10.0   6-edge      virtio11-req.5
231:          0          0          0          0          0          0          1          0          0          0          0          0          0          0          0          0          0          0          0          0          0          0          0          0          0          0          0          0          0          0          0          0 PCI-MSIX-0000:00:10.0   7-edge      virtio11-req.6
232:          0          0          0          0          0          0          0         41          0          0          0          0          0          0          0          0          0          0          0          0          0          0          0          0          0          0          0          0          0          0          0          0 PCI-MSIX-0000:00:10.0   8-edge      virtio11-req.7
233:          0          0          0          0          0          0          0          0          0          0          0          0          0          0          0          0          0          0          0          0          0          0          0          0          0          0          0          0          0          0          0          0 PCI-MSIX-0000:00:10.0   9-edge      virtio11-req.8
234:          0          0          0          0          0          0          0          0          0          2          0          0          0          0          0          0          0          0          0          0          0          0          0          0          0          0          0          0          0          0          0          0 PCI-MSIX-0000:00:10.0  10-edge      virtio11-req.9
235:          0          0          0          0          0          0          0          0          0          0          0          0          0          0          0          0          0          0          0          0          0          0          0          0          0          0          0          0          0          0          0          0 PCI-MSIX-0000:00:10.0  11-edge      virtio11-req.10
236:          0          0          0          0          0          0          0          0          0          0          0          0          0          0          0          0          0          0          0          0          0          0          0          0          0          0          0          0          0          0          0          0 PCI-MSIX-0000:00:10.0  12-edge      virtio11-req.11
237:          0          0          0          0          0          0          0          0          0          0          0          0          0          0          0          0          0          0          0          0          0          0          0          0          0          0          0          0          0          0          0          0 PCI-MSIX-0000:00:10.0  13-edge      virtio11-req.12
238:          0          0          0          0          0          0          0          0          0          0          0          0          0          0          0          0          0          0          0          0          0          0          0          0          0          0          0          0          0          0          0          0 PCI-MSIX-0000:00:10.0  14-edge      virtio11-req.13
239:          0          0          0          0          0          0          0          0          0          0          0          0          0          0          0          0          0          0          0          0          0          0          0          0          0          0          0          0          0          0          0          0 PCI-MSIX-0000:00:10.0  15-edge      virtio11-req.14
240:          0          0          0          0          0          0          0          0          0          0          0          0          0          0          0          2          0          0          0          0          0          0          0          0          0          0          0          0          0          0          0          0 PCI-MSIX-0000:00:10.0  16-edge      virtio11-req.15
241:          0          0          0          0          0          0          0          0          0          0          0          0          0          0          0          0          3          0          0          0          0          0          0          0          0          0          0          0          0          0          0          0 PCI-MSIX-0000:00:10.0  17-edge      virtio11-req.16
242:          0          0          0          0          0          0          0          0          0          0          0          0          0          0          0          0          0          0          0          0          0          0          0          0          0          0          0          0          0          0          0          0 PCI-MSIX-0000:00:10.0  18-edge      virtio11-req.17
243:          0          0          0          0          0          0          0          0          0          0          0          0          0          0          0          0          0          0         40          0          0          0          0          0          0          0          0          0          0          0          0          0 PCI-MSIX-0000:00:10.0  19-edge      virtio11-req.18
244:          0          0          0          0          0          0          0          0          0          0          0          0          0          0          0          0          0          0          0          0          0          0          0          0          0          0          0          0          0          0          0          0 PCI-MSIX-0000:00:10.0  20-edge      virtio11-req.19
245:          0          0          0          0          0          0          0          0          0          0          0          0          0          0          0          0          0          0          0          0          0          0          0          0          0          0          0          0          0          0          0          0 PCI-MSIX-0000:00:10.0  21-edge      virtio11-req.20
246:          0          0          0          0          0          0          0          0          0          0          0          0          0          0          0          0          0          0          0          0          0          0          0          0          0          0          0          0          0          0          0          0 PCI-MSIX-0000:00:10.0  22-edge      virtio11-req.21
247:          0          0          0          0          0          0          0          0          0          0          0          0          0          0          0          0          0          0          0          0          0          0          2          0          0          0          0          0          0          0          0          0 PCI-MSIX-0000:00:10.0  23-edge      virtio11-req.22
248:          0          0          0          0          0          0          0          0          0          0          0          0          0          0          0          0          0          0          0          0          0          0          0          0          0          0          0          0          0          0          0          0 PCI-MSIX-0000:00:10.0  24-edge      virtio11-req.23
249:          0          0          0          0          0          0          0          0          0          0          0          0          0          0          0          0          0          0          0          0          0          0          0          0          4          0          0          0          0          0          0          0 PCI-MSIX-0000:00:10.0  25-edge      virtio11-req.24
250:          0          0          0          0          0          0          0          0          0          0          0          0          0          0          0          0          0          0          0          0          0          0          0          0          0          2          0          0          0          0          0          0 PCI-MSIX-0000:00:10.0  26-edge      virtio11-req.25
251:          0          0          0          0          0          0          0          0          0          0          0          0          0          0          0          0          0          0          0          0          0          0          0          0          0          0         42          0          0          0          0          0 PCI-MSIX-0000:00:10.0  27-edge      virtio11-req.26
252:          0          0          0          0          0          0          0          0          0          0          0          0          0          0          0          0          0          0          0          0          0          0          0          0          0          0          0          0          0          0          0          0 PCI-MSIX-0000:00:10.0  28-edge      virtio11-req.27
253:          0          0          0          0          0          0          0          0          0          0          0          0          0          0          0          0          0          0          0          0          0          0          0          0          0          0          0          0          0          0          0          0 PCI-MSIX-0000:00:10.0  29-edge      virtio11-req.28
254:          0          0          0          0          0          0          0          0          0          0          0          0          0          0          0          0          0          0          0          0          0          0          0          0          0          0          0          0          0          4          0          0 PCI-MSIX-0000:00:10.0  30-edge      virtio11-req.29
255:          0          0          0          0          0          0          0          0          0          0          0          0          0          0          0          0          0          0          0          0          0          0          0          0          0          0          0          0          0          0          0          0 PCI-MSIX-0000:00:10.0  31-edge      virtio11-req.30
256:          0          0          0          0          0          0          0          0          0          0          0          0          0          0          0          0          0          0          0          0          0          0          0          0          0          0          0          0          0          0          0          0 PCI-MSIX-0000:00:10.0  32-edge      virtio11-req.31
257:          0          0          0          0          0          0          0          0          0          0          0          0          0          0          0          0          0          0          0          0          0          0          0          0          0          0          0          0          0          0          0          0 PCI-MSIX-0000:00:07.0   0-edge      virtio2-config
258:          0        656       1203       1352       3772       4917       5197       4779       1484       9926       1742      64127       6339        842        800       1615        771        545       2955        844       4935     127713        861        783        513       3919        560       2705       2115        227        388        659 PCI-MSIX-0000:00:07.0   1-edge      virtio2-input.0
259:          0       1828        728        604        502        659        731       6122        983       4653        741      14483        356        552        485        568        500        624       7059        569        553       7848        694        208       1018        406       1006        464       1553        360        393        205 PCI-MSIX-0000:00:07.0   2-edge      virtio2-output.0
260:          0          0          0          0          0          0          0          0          0          0          0          0          0          0          0          0          0          0          0          0          0          0          0          0          0          0          0          0          0          0          0          0 PCI-MSIX-0000:00:0a.0   0-edge      virtio5-config
261:          0          0          0          0          0          0          0          0          0          0          0          0          0          0          0          0          0          0          0          0          0          0          0          0          0          0          0          0          0          0          0          0 PCI-MSIX-0000:00:0a.0   1-edge      virtio5-input.0
262:          0          0          0          0          0          0          0          0          0          0          0          0          0          0          0          0          0          0          0          0          0          0          0          0          0          0          0          0          0          0          0          0 PCI-MSIX-0000:00:0a.0   2-edge      virtio5-output.0
263:          0          0          0          0          0          0          0          0          0          0          0          0          0          0          0          0          0          0          0          0          0          0          0          0          0        104          0          0          0          0          0          0 PCI-MSI-0000:00:04.0   0-edge      snd_hda_intel:card0
NMI:          0          0          0          0          0          0          0          0          0          0          0          0          0          0          0          0          0          0          0          0          0          0          0          0          0          0          0          0          0          0          0          0   Non-maskable interrupts
LOC:    7450808   16819128   14232086   12579430   10800770    8986812    8023376    7652546    7115368    6758996    6670517    7529596    6467792    5954871    6026048    6108619    6109739    6034770    6187542    6427338    5758263    7603286    5709578    5506735    5852159    5739283    5690173    5665998    5853924    6156579    5671384    5608206   Local timer interrupts
SPU:          0          0          0          0          0          0          0          0          0          0          0          0          0          0          0          0          0          0          0          0          0          0          0          0          0          0          0          0          0          0          0          0   Spurious interrupts
PMI:          0          0          0          0          0          0          0          0          0          0          0          0          0          0          0          0          0          0          0          0          0          0          0          0          0          0          0          0          0          0          0          0   Performance monitoring interrupts
IWI:       1782        893       3125        527       1381         99        494         68         72         19          4         19         11         11         28          9         21         32          2         18         10        507          1         14          8          7        474          2          9          8         48        309   IRQ work interrupts
RTR:          0          0          0          0          0          0          0          0          0          0          0          0          0          0          0          0          0          0          0          0          0          0          0          0          0          0          0          0          0          0          0          0   APIC ICR read retries
RES:     182083     260919     246488     228634     213304     202027     192592     193030     185303     185151     184570     179799     178328     177582     174808     177342     180965     177136     174713     176588     175285     179601     177957     173620     176332     171839     172617     176424     169348     179211     173248     171122   Rescheduling interrupts
CAL:    3851759    3332206    3070499    2671595    2554916    2147173    1935893    1864322    1801266    1668769    1732825    1592115    1531183    1522652    1491993    1450232    1465960    1390691    1557039    1496547    1355455    1513505    1396212    1347226    1341006    1401695    1371910    1426682    1302798    1430190    1372318    1331775   Function call interrupts
TLB:     265968     273976     300522     268062     269299     290135     260359     263918     264480     261802     272378     261609     272985     271625     258205     271345     263167     265690     277105     265281     261807     267049     270722     264444     262359     269882     262459     273290     250975     262858     264538     256124   TLB shootdowns
TRM:          0          0          0          0          0          0          0          0          0          0          0          0          0          0          0          0          0          0          0          0          0          0          0          0          0          0          0          0          0          0          0          0   Thermal event interrupts
THR:          0          0          0          0          0          0          0          0          0          0          0          0          0          0          0          0          0          0          0          0          0          0          0          0          0          0          0          0          0          0          0          0   Threshold APIC interrupts
DFR:          0          0          0          0          0          0          0          0          0          0          0          0          0          0          0          0          0          0          0          0          0          0          0          0          0          0          0          0          0          0          0          0   Deferred Error APIC interrupts
MCE:          0          0          0          0          0          0          0          0          0          0          0          0          0          0          0          0          0          0          0          0          0          0          0          0          0          0          0          0          0          0          0          0   Machine check exceptions
MCP:        990       1161       1152       1142       1162       1159       1166       1168       1164       1162       1159       1150       1160       1164       1151       1159       1141       1133       1143       1137       1164       1153       1157       1140       1172       1150       1154       1154       1151       1169       1165       1153   Machine check polls
ERR:          0
MIS:          0
PIN:          0          0          0          0          0          0          0          0          0          0          0          0          0          0          0          0          0          0          0          0          0          0          0          0          0          0          0          0          0          0          0          0   Posted-interrupt notification event
NPI:          0          0          0          0          0          0          0          0          0          0          0          0          0          0          0          0          0          0          0          0          0          0          0          0          0          0          0          0          0          0          0          0   Nested posted-interrupt event
PIW:          0          0          0          0          0          0          0          0          0          0          0          0          0          0          0          0          0          0          0          0          0          0          0          0          0          0          0          0          0          0          0          0   Posted-interrupt wakeup event
