2025-08-12 03:48:59,029 avocado.sysinfo INFO | Commands configured by file: /usr/local/lib/python3.12/dist-packages/avocado/etc/avocado/sysinfo/commands
2025-08-12 03:48:59,031 avocado.sysinfo INFO | Files configured by file: /usr/local/lib/python3.12/dist-packages/avocado/etc/avocado/sysinfo/files
2025-08-12 03:48:59,033 avocado.sysinfo DEBUG| File /usr/local/lib/python3.12/dist-packages/avocado/etc/avocado/sysinfo/fail_commands does not exist.
2025-08-12 03:48:59,033 avocado.sysinfo DEBUG| File /usr/local/lib/python3.12/dist-packages/avocado/etc/avocado/sysinfo/fail_files does not exist.
2025-08-12 03:48:59,034 avocado.sysinfo INFO | Profilers configured by file: /usr/local/lib/python3.12/dist-packages/avocado/etc/avocado/sysinfo/profilers
2025-08-12 03:48:59,034 avocado.sysinfo INFO | Profiler disabled
2025-08-12 03:49:02,060 avocado.sysinfo DEBUG| Not logging /sys/kernel/debug/sched_features (file not found)
2025-08-12 03:49:02,060 avocado.sysinfo DEBUG| Not logging /sys/devices/system/cpu/cpu0/cpufreq/scaling_governor (file not found)
2025-08-12 03:49:02,064 avocado.sysinfo DEBUG| Not logging /proc/pci (file not found)
2025-08-12 03:49:02,663 avocado.test INFO | Command line: /usr/local/bin/avocado run --nrunner-max-parallel-tasks 1 ./pcache.py -m ./pcache.py.data/pcache.yaml
2025-08-12 03:49:02,664 avocado.test INFO | 
2025-08-12 03:49:02,664 avocado.test INFO | Avocado version: 96.0
2025-08-12 03:49:02,664 avocado.test INFO | 
2025-08-12 03:49:02,664 avocado.test INFO | Avocado config:
2025-08-12 03:49:02,664 avocado.test INFO | 
2025-08-12 03:49:02,668 avocado.test INFO | {'assets.fetch.ignore_errors': False,
2025-08-12 03:49:02,668 avocado.test INFO |  'assets.fetch.references': [],
2025-08-12 03:49:02,668 avocado.test INFO |  'assets.fetch.timeout': 300,
2025-08-12 03:49:02,669 avocado.test INFO |  'assets.list.days': None,
2025-08-12 03:49:02,669 avocado.test INFO |  'assets.list.overall_limit': None,
2025-08-12 03:49:02,669 avocado.test INFO |  'assets.list.size_filter': None,
2025-08-12 03:49:02,669 avocado.test INFO |  'assets.purge.days': None,
2025-08-12 03:49:02,669 avocado.test INFO |  'assets.purge.overall_limit': None,
2025-08-12 03:49:02,669 avocado.test INFO |  'assets.purge.size_filter': None,
2025-08-12 03:49:02,669 avocado.test INFO |  'assets.register.name': None,
2025-08-12 03:49:02,669 avocado.test INFO |  'assets.register.sha1_hash': None,
2025-08-12 03:49:02,670 avocado.test INFO |  'assets.register.url': None,
2025-08-12 03:49:02,670 avocado.test INFO |  'config': None,
2025-08-12 03:49:02,670 avocado.test INFO |  'config.datadir': False,
2025-08-12 03:49:02,670 avocado.test INFO |  'core.input_encoding': 'utf-8',
2025-08-12 03:49:02,670 avocado.test INFO |  'core.paginator': False,
2025-08-12 03:49:02,670 avocado.test INFO |  'core.show': {'app'},
2025-08-12 03:49:02,670 avocado.test INFO |  'core.verbose': False,
2025-08-12 03:49:02,670 avocado.test INFO |  'datadir.paths.base_dir': '/root/avocado',
2025-08-12 03:49:02,670 avocado.test INFO |  'datadir.paths.cache_dirs': ['/root/avocado/data/cache'],
2025-08-12 03:49:02,671 avocado.test INFO |  'datadir.paths.data_dir': '/root/avocado/data',
2025-08-12 03:49:02,671 avocado.test INFO |  'datadir.paths.logs_dir': '/root/avocado/job-results',
2025-08-12 03:49:02,671 avocado.test INFO |  'datadir.paths.test_dir': '/usr/share/doc/avocado/tests',
2025-08-12 03:49:02,671 avocado.test INFO |  'diff.create_reports': False,
2025-08-12 03:49:02,671 avocado.test INFO |  'diff.filter': ['cmdline', 'time', 'variants', 'results', 'config', 'sysinfo'],
2025-08-12 03:49:02,671 avocado.test INFO |  'diff.html': None,
2025-08-12 03:49:02,671 avocado.test INFO |  'diff.jobids': [],
2025-08-12 03:49:02,671 avocado.test INFO |  'diff.open_browser': False,
2025-08-12 03:49:02,672 avocado.test INFO |  'diff.strip_id': False,
2025-08-12 03:49:02,672 avocado.test INFO |  'distro.distro_def_arch': '',
2025-08-12 03:49:02,672 avocado.test INFO |  'distro.distro_def_create': False,
2025-08-12 03:49:02,672 avocado.test INFO |  'distro.distro_def_name': '',
2025-08-12 03:49:02,672 avocado.test INFO |  'distro.distro_def_path': '',
2025-08-12 03:49:02,672 avocado.test INFO |  'distro.distro_def_release': '',
2025-08-12 03:49:02,672 avocado.test INFO |  'distro.distro_def_type': '',
2025-08-12 03:49:02,672 avocado.test INFO |  'distro.distro_def_version': '',
2025-08-12 03:49:02,673 avocado.test INFO |  'filter.by_tags.include_empty': False,
2025-08-12 03:49:02,673 avocado.test INFO |  'filter.by_tags.include_empty_key': False,
2025-08-12 03:49:02,673 avocado.test INFO |  'filter.by_tags.tags': [],
2025-08-12 03:49:02,673 avocado.test INFO |  'human_ui.omit.statuses': [],
2025-08-12 03:49:02,673 avocado.test INFO |  'job.output.loglevel': 'DEBUG',
2025-08-12 03:49:02,673 avocado.test INFO |  'job.output.testlogs.logfiles': ['debug.log'],
2025-08-12 03:49:02,673 avocado.test INFO |  'job.output.testlogs.statuses': [],
2025-08-12 03:49:02,673 avocado.test INFO |  'job.output.testlogs.summary_statuses': ['FAIL', 'ERROR'],
2025-08-12 03:49:02,673 avocado.test INFO |  'job.replay.source_job_id': 'latest',
2025-08-12 03:49:02,674 avocado.test INFO |  'job.run.result.html.enabled': True,
2025-08-12 03:49:02,674 avocado.test INFO |  'job.run.result.html.open_browser': False,
2025-08-12 03:49:02,674 avocado.test INFO |  'job.run.result.html.output': None,
2025-08-12 03:49:02,674 avocado.test INFO |  'job.run.result.json.enabled': True,
2025-08-12 03:49:02,674 avocado.test INFO |  'job.run.result.json.output': None,
2025-08-12 03:49:02,674 avocado.test INFO |  'job.run.result.tap.enabled': True,
2025-08-12 03:49:02,674 avocado.test INFO |  'job.run.result.tap.include_logs': False,
2025-08-12 03:49:02,674 avocado.test INFO |  'job.run.result.tap.output': None,
2025-08-12 03:49:02,674 avocado.test INFO |  'job.run.result.xunit.enabled': True,
2025-08-12 03:49:02,675 avocado.test INFO |  'job.run.result.xunit.job_name': None,
2025-08-12 03:49:02,675 avocado.test INFO |  'job.run.result.xunit.max_test_log_chars': 100000,
2025-08-12 03:49:02,675 avocado.test INFO |  'job.run.result.xunit.output': None,
2025-08-12 03:49:02,675 avocado.test INFO |  'job.run.store_logging_stream': ['avocado.core:DEBUG'],
2025-08-12 03:49:02,675 avocado.test INFO |  'job.run.timeout': 0,
2025-08-12 03:49:02,675 avocado.test INFO |  'jobs.get.output_files.destination': None,
2025-08-12 03:49:02,675 avocado.test INFO |  'jobs.get.output_files.job_id': None,
2025-08-12 03:49:02,675 avocado.test INFO |  'jobs.show.job_id': 'latest',
2025-08-12 03:49:02,676 avocado.test INFO |  'json.variants.load': None,
2025-08-12 03:49:02,676 avocado.test INFO |  'list.recipes.write_to_directory': None,
2025-08-12 03:49:02,676 avocado.test INFO |  'list.write_to_json_file': None,
2025-08-12 03:49:02,676 avocado.test INFO |  'nrunner.max_parallel_tasks': 1,
2025-08-12 03:49:02,676 avocado.test INFO |  'nrunner.shuffle': False,
2025-08-12 03:49:02,676 avocado.test INFO |  'nrunner.spawner': 'process',
2025-08-12 03:49:02,676 avocado.test INFO |  'nrunner.status_server_auto': True,
2025-08-12 03:49:02,676 avocado.test INFO |  'nrunner.status_server_buffer_size': 33554432,
2025-08-12 03:49:02,676 avocado.test INFO |  'nrunner.status_server_listen': '127.0.0.1:8888',
2025-08-12 03:49:02,677 avocado.test INFO |  'nrunner.status_server_uri': '127.0.0.1:8888',
2025-08-12 03:49:02,677 avocado.test INFO |  'plugins.cli.cmd.order': [],
2025-08-12 03:49:02,677 avocado.test INFO |  'plugins.cli.order': [],
2025-08-12 03:49:02,677 avocado.test INFO |  'plugins.disable': [],
2025-08-12 03:49:02,677 avocado.test INFO |  'plugins.init.order': [],
2025-08-12 03:49:02,677 avocado.test INFO |  'plugins.job.prepost.order': [],
2025-08-12 03:49:02,677 avocado.test INFO |  'plugins.jobscripts.post': '/etc/avocado/scripts/job/post.d/',
2025-08-12 03:49:02,677 avocado.test INFO |  'plugins.jobscripts.pre': '/etc/avocado/scripts/job/pre.d/',
2025-08-12 03:49:02,677 avocado.test INFO |  'plugins.jobscripts.warn_non_existing_dir': False,
2025-08-12 03:49:02,678 avocado.test INFO |  'plugins.jobscripts.warn_non_zero_status': True,
2025-08-12 03:49:02,678 avocado.test INFO |  'plugins.ordered_list': False,
2025-08-12 03:49:02,678 avocado.test INFO |  'plugins.resolver.order': [],
2025-08-12 03:49:02,678 avocado.test INFO |  'plugins.result.order': [],
2025-08-12 03:49:02,678 avocado.test INFO |  'plugins.result_events.order': [],
2025-08-12 03:49:02,678 avocado.test INFO |  'plugins.runnable.runner.order': [],
2025-08-12 03:49:02,678 avocado.test INFO |  'plugins.runner.order': [],
2025-08-12 03:49:02,678 avocado.test INFO |  'plugins.skip_broken_plugin_notification': [],
2025-08-12 03:49:02,678 avocado.test INFO |  'plugins.spawner.order': [],
2025-08-12 03:49:02,679 avocado.test INFO |  'plugins.varianter.order': [],
2025-08-12 03:49:02,679 avocado.test INFO |  'resolver.references': ['./pcache.py'],
2025-08-12 03:49:02,679 avocado.test INFO |  'run.dict_variants': [],
2025-08-12 03:49:02,679 avocado.test INFO |  'run.dict_variants.variant_id_keys': [],
2025-08-12 03:49:02,679 avocado.test INFO |  'run.dry_run.enabled': False,
2025-08-12 03:49:02,679 avocado.test INFO |  'run.dry_run.no_cleanup': False,
2025-08-12 03:49:02,679 avocado.test INFO |  'run.execution_order': 'variants-per-test',
2025-08-12 03:49:02,679 avocado.test INFO |  'run.failfast': False,
2025-08-12 03:49:02,680 avocado.test INFO |  'run.ignore_missing_references': False,
2025-08-12 03:49:02,680 avocado.test INFO |  'run.job_category': None,
2025-08-12 03:49:02,680 avocado.test INFO |  'run.journal.enabled': False,
2025-08-12 03:49:02,680 avocado.test INFO |  'run.keep_tmp': False,
2025-08-12 03:49:02,680 avocado.test INFO |  'run.loaders': ['file', '@DEFAULT'],
2025-08-12 03:49:02,680 avocado.test INFO |  'run.log_test_data_directories': False,
2025-08-12 03:49:02,680 avocado.test INFO |  'run.results.archive': False,
2025-08-12 03:49:02,680 avocado.test INFO |  'run.results_dir': None,
2025-08-12 03:49:02,680 avocado.test INFO |  'run.test_parameters': [],
2025-08-12 03:49:02,681 avocado.test INFO |  'run.test_runner': 'nrunner',
2025-08-12 03:49:02,681 avocado.test INFO |  'run.unique_job_id': None,
2025-08-12 03:49:02,681 avocado.test INFO |  'run.wrapper.wrappers': [],
2025-08-12 03:49:02,681 avocado.test INFO |  'runner.exectest.exitcodes.skip': [],
2025-08-12 03:49:02,681 avocado.test INFO |  'runner.identifier_format': '{uri}',
2025-08-12 03:49:02,681 avocado.test INFO |  'runner.output.color': 'auto',
2025-08-12 03:49:02,681 avocado.test INFO |  'runner.output.colored': True,
2025-08-12 03:49:02,681 avocado.test INFO |  'runner.output.utf8': True,
2025-08-12 03:49:02,681 avocado.test INFO |  'runner.timeout.after_interrupted': 60,
2025-08-12 03:49:02,682 avocado.test INFO |  'runner.timeout.process_alive': 60,
2025-08-12 03:49:02,682 avocado.test INFO |  'runner.timeout.process_died': 10,
2025-08-12 03:49:02,682 avocado.test INFO |  'simpletests.status.failure_fields': ['status', 'stdout', 'stderr'],
2025-08-12 03:49:02,682 avocado.test INFO |  'simpletests.status.skip_location': 'all',
2025-08-12 03:49:02,682 avocado.test INFO |  'simpletests.status.skip_regex': '^SKIP$',
2025-08-12 03:49:02,682 avocado.test INFO |  'simpletests.status.warn_location': 'all',
2025-08-12 03:49:02,682 avocado.test INFO |  'simpletests.status.warn_regex': '^WARN$',
2025-08-12 03:49:02,682 avocado.test INFO |  'spawner.podman.avocado_spawner_egg': None,
2025-08-12 03:49:02,682 avocado.test INFO |  'spawner.podman.bin': '/usr/bin/podman',
2025-08-12 03:49:02,683 avocado.test INFO |  'spawner.podman.image': 'Ubuntu:24',
2025-08-12 03:49:02,683 avocado.test INFO |  'subcommand': 'run',
2025-08-12 03:49:02,683 avocado.test INFO |  'sysinfo.collect.commands_timeout': -1,
2025-08-12 03:49:02,683 avocado.test INFO |  'sysinfo.collect.enabled': True,
2025-08-12 03:49:02,683 avocado.test INFO |  'sysinfo.collect.installed_packages': False,
2025-08-12 03:49:02,683 avocado.test INFO |  'sysinfo.collect.locale': 'C',
2025-08-12 03:49:02,683 avocado.test INFO |  'sysinfo.collect.optimize': False,
2025-08-12 03:49:02,683 avocado.test INFO |  'sysinfo.collect.per_test': False,
2025-08-12 03:49:02,684 avocado.test INFO |  'sysinfo.collect.profiler': False,
2025-08-12 03:49:02,684 avocado.test INFO |  'sysinfo.collect.sysinfodir': None,
2025-08-12 03:49:02,684 avocado.test INFO |  'sysinfo.collectibles.commands': '/usr/local/lib/python3.12/dist-packages/avocado/etc/avocado/sysinfo/commands',
2025-08-12 03:49:02,684 avocado.test INFO |  'sysinfo.collectibles.fail_commands': '/usr/local/lib/python3.12/dist-packages/avocado/etc/avocado/sysinfo/fail_commands',
2025-08-12 03:49:02,684 avocado.test INFO |  'sysinfo.collectibles.fail_files': '/usr/local/lib/python3.12/dist-packages/avocado/etc/avocado/sysinfo/fail_files',
2025-08-12 03:49:02,684 avocado.test INFO |  'sysinfo.collectibles.files': '/usr/local/lib/python3.12/dist-packages/avocado/etc/avocado/sysinfo/files',
2025-08-12 03:49:02,684 avocado.test INFO |  'sysinfo.collectibles.profilers': '/usr/local/lib/python3.12/dist-packages/avocado/etc/avocado/sysinfo/profilers',
2025-08-12 03:49:02,684 avocado.test INFO |  'task.timeout.running': None,
2025-08-12 03:49:02,684 avocado.test INFO |  'variants.contents': False,
2025-08-12 03:49:02,685 avocado.test INFO |  'variants.debug': False,
2025-08-12 03:49:02,685 avocado.test INFO |  'variants.inherit': False,
2025-08-12 03:49:02,685 avocado.test INFO |  'variants.json_variants_dump': None,
2025-08-12 03:49:02,685 avocado.test INFO |  'variants.summary': 0,
2025-08-12 03:49:02,685 avocado.test INFO |  'variants.tree': False,
2025-08-12 03:49:02,685 avocado.test INFO |  'variants.variants': 1,
2025-08-12 03:49:02,685 avocado.test INFO |  'vmimage.get.arch': None,
2025-08-12 03:49:02,685 avocado.test INFO |  'vmimage.get.distro': None,
2025-08-12 03:49:02,685 avocado.test INFO |  'vmimage.get.version': None,
2025-08-12 03:49:02,686 avocado.test INFO |  'yaml_to_mux.files': ['./pcache.py.data/pcache.yaml'],
2025-08-12 03:49:02,686 avocado.test INFO |  'yaml_to_mux.filter_only': [],
2025-08-12 03:49:02,686 avocado.test INFO |  'yaml_to_mux.filter_out': [],
2025-08-12 03:49:02,686 avocado.test INFO |  'yaml_to_mux.inject': [],
2025-08-12 03:49:02,686 avocado.test INFO |  'yaml_to_mux.parameter_paths': ['/run/*']}
2025-08-12 03:49:02,686 avocado.test INFO | 
2025-08-12 03:49:02,686 avocado.test INFO | Avocado Data Directories:
2025-08-12 03:49:02,686 avocado.test INFO | 
2025-08-12 03:49:02,686 avocado.test INFO | base     /root/avocado
2025-08-12 03:49:02,700 avocado.test INFO | tests    /root/avocado/tests
2025-08-12 03:49:02,700 avocado.test INFO | data     /root/avocado/data
2025-08-12 03:49:02,701 avocado.test INFO | logs     /root/avocado/job-results/job-2025-08-12T03.48-c19f475
2025-08-12 03:49:02,701 avocado.test INFO | 
2025-08-12 03:49:02,834 avocado.test INFO | Multiplex tree representation:
2025-08-12 03:49:02,834 avocado.test INFO |  \-- run
2025-08-12 03:49:02,834 avocado.test INFO |       |-- cache_mode
2025-08-12 03:49:02,834 avocado.test INFO |       |    #== writeback
2025-08-12 03:49:02,834 avocado.test INFO |       |    #== writethrough
2025-08-12 03:49:02,834 avocado.test INFO |       |    #== writearound
2025-08-12 03:49:02,834 avocado.test INFO |       |    #== writeonly
2025-08-12 03:49:02,834 avocado.test INFO |       |-- gc
2025-08-12 03:49:02,834 avocado.test INFO |       |    #== gc0
2025-08-12 03:49:02,834 avocado.test INFO |       |    #== gc80
2025-08-12 03:49:02,834 avocado.test INFO |       |-- crc
2025-08-12 03:49:02,834 avocado.test INFO |       |    #== enable
2025-08-12 03:49:02,834 avocado.test INFO |       |    #== disable
2025-08-12 03:49:02,834 avocado.test INFO |       \-- test_script
2025-08-12 03:49:02,835 avocado.test INFO |            #== default
2025-08-12 03:49:02,835 avocado.test INFO |            #== xfstests
2025-08-12 03:49:02,835 avocado.test INFO |            #== misc
2025-08-12 03:49:02,835 avocado.test INFO |            #== failslab
2025-08-12 03:49:02,835 avocado.test INFO |            #== fail_make_request
2025-08-12 03:49:02,835 avocado.test INFO |            #== recreate_loop
2025-08-12 03:49:02,835 avocado.test INFO | 
2025-08-12 03:49:02,835 avocado.test INFO | Multiplex variants (96):
2025-08-12 03:49:02,835 avocado.test INFO | Variant run-cache_mode-writeback-crc-enable-gc-gc0-test_script-default-779e:    /run/cache_mode/writeback, /run/gc/gc0, /run/crc/enable, /run/test_script/default
2025-08-12 03:49:02,835 avocado.test INFO | Variant run-cache_mode-writeback-crc-enable-gc-gc0-test_script-xfstests-c844:    /run/cache_mode/writeback, /run/gc/gc0, /run/crc/enable, /run/test_script/xfstests
2025-08-12 03:49:02,835 avocado.test INFO | Variant run-cache_mode-writeback-crc-enable-gc-gc0-test_script-misc-eae7:    /run/cache_mode/writeback, /run/gc/gc0, /run/crc/enable, /run/test_script/misc
2025-08-12 03:49:02,835 avocado.test INFO | Variant run-cache_mode-writeback-crc-enable-gc-gc0-test_script-failslab-c332:    /run/cache_mode/writeback, /run/gc/gc0, /run/crc/enable, /run/test_script/failslab
2025-08-12 03:49:02,835 avocado.test INFO | Variant run-cache_mode-writeback-crc-enable-gc-gc0-test_script-fail_make_request-6377:    /run/cache_mode/writeback, /run/gc/gc0, /run/crc/enable, /run/test_script/fail_make_request
2025-08-12 03:49:02,835 avocado.test INFO | Variant run-cache_mode-writeback-crc-enable-gc-gc0-test_script-recreate_loop-439a:    /run/cache_mode/writeback, /run/gc/gc0, /run/crc/enable, /run/test_script/recreate_loop
2025-08-12 03:49:02,835 avocado.test INFO | Variant run-cache_mode-writeback-crc-disable-gc-gc0-test_script-default-2647:    /run/cache_mode/writeback, /run/gc/gc0, /run/crc/disable, /run/test_script/default
2025-08-12 03:49:02,835 avocado.test INFO | Variant run-cache_mode-writeback-crc-disable-gc-gc0-test_script-xfstests-d8ac:    /run/cache_mode/writeback, /run/gc/gc0, /run/crc/disable, /run/test_script/xfstests
2025-08-12 03:49:02,835 avocado.test INFO | Variant run-cache_mode-writeback-crc-disable-gc-gc0-test_script-misc-5b70:    /run/cache_mode/writeback, /run/gc/gc0, /run/crc/disable, /run/test_script/misc
2025-08-12 03:49:02,835 avocado.test INFO | Variant run-cache_mode-writeback-crc-disable-gc-gc0-test_script-failslab-2185:    /run/cache_mode/writeback, /run/gc/gc0, /run/crc/disable, /run/test_script/failslab
2025-08-12 03:49:02,835 avocado.test INFO | Variant run-cache_mode-writeback-crc-disable-gc-gc0-test_script-fail_make_request-82af:    /run/cache_mode/writeback, /run/gc/gc0, /run/crc/disable, /run/test_script/fail_make_request
2025-08-12 03:49:02,835 avocado.test INFO | Variant run-cache_mode-writeback-crc-disable-gc-gc0-test_script-recreate_loop-b112:    /run/cache_mode/writeback, /run/gc/gc0, /run/crc/disable, /run/test_script/recreate_loop
2025-08-12 03:49:02,835 avocado.test INFO | Variant run-cache_mode-writeback-crc-enable-gc-gc80-test_script-default-c536:    /run/cache_mode/writeback, /run/gc/gc80, /run/crc/enable, /run/test_script/default
2025-08-12 03:49:02,835 avocado.test INFO | Variant run-cache_mode-writeback-crc-enable-gc-gc80-test_script-xfstests-2a2a:    /run/cache_mode/writeback, /run/gc/gc80, /run/crc/enable, /run/test_script/xfstests
2025-08-12 03:49:02,835 avocado.test INFO | Variant run-cache_mode-writeback-crc-enable-gc-gc80-test_script-misc-8afb:    /run/cache_mode/writeback, /run/gc/gc80, /run/crc/enable, /run/test_script/misc
2025-08-12 03:49:02,835 avocado.test INFO | Variant run-cache_mode-writeback-crc-enable-gc-gc80-test_script-failslab-359e:    /run/cache_mode/writeback, /run/gc/gc80, /run/crc/enable, /run/test_script/failslab
2025-08-12 03:49:02,836 avocado.test INFO | Variant run-cache_mode-writeback-crc-enable-gc-gc80-test_script-fail_make_request-a549:    /run/cache_mode/writeback, /run/gc/gc80, /run/crc/enable, /run/test_script/fail_make_request
2025-08-12 03:49:02,836 avocado.test INFO | Variant run-cache_mode-writeback-crc-enable-gc-gc80-test_script-recreate_loop-7be3:    /run/cache_mode/writeback, /run/gc/gc80, /run/crc/enable, /run/test_script/recreate_loop
2025-08-12 03:49:02,836 avocado.test INFO | Variant run-cache_mode-writeback-crc-disable-gc-gc80-test_script-default-0742:    /run/cache_mode/writeback, /run/gc/gc80, /run/crc/disable, /run/test_script/default
2025-08-12 03:49:02,836 avocado.test INFO | Variant run-cache_mode-writeback-crc-disable-gc-gc80-test_script-xfstests-7d1f:    /run/cache_mode/writeback, /run/gc/gc80, /run/crc/disable, /run/test_script/xfstests
2025-08-12 03:49:02,836 avocado.test INFO | Variant run-cache_mode-writeback-crc-disable-gc-gc80-test_script-misc-c3b8:    /run/cache_mode/writeback, /run/gc/gc80, /run/crc/disable, /run/test_script/misc
2025-08-12 03:49:02,836 avocado.test INFO | Variant run-cache_mode-writeback-crc-disable-gc-gc80-test_script-failslab-cc2c:    /run/cache_mode/writeback, /run/gc/gc80, /run/crc/disable, /run/test_script/failslab
2025-08-12 03:49:02,836 avocado.test INFO | Variant run-cache_mode-writeback-crc-disable-gc-gc80-test_script-fail_make_request-0fae:    /run/cache_mode/writeback, /run/gc/gc80, /run/crc/disable, /run/test_script/fail_make_request
2025-08-12 03:49:02,836 avocado.test INFO | Variant run-cache_mode-writeback-crc-disable-gc-gc80-test_script-recreate_loop-081f:    /run/cache_mode/writeback, /run/gc/gc80, /run/crc/disable, /run/test_script/recreate_loop
2025-08-12 03:49:02,836 avocado.test INFO | Variant run-cache_mode-writethrough-crc-enable-gc-gc0-test_script-default-6023:    /run/cache_mode/writethrough, /run/gc/gc0, /run/crc/enable, /run/test_script/default
2025-08-12 03:49:02,836 avocado.test INFO | Variant run-cache_mode-writethrough-crc-enable-gc-gc0-test_script-xfstests-32c1:    /run/cache_mode/writethrough, /run/gc/gc0, /run/crc/enable, /run/test_script/xfstests
2025-08-12 03:49:02,836 avocado.test INFO | Variant run-cache_mode-writethrough-crc-enable-gc-gc0-test_script-misc-53af:    /run/cache_mode/writethrough, /run/gc/gc0, /run/crc/enable, /run/test_script/misc
2025-08-12 03:49:02,836 avocado.test INFO | Variant run-cache_mode-writethrough-crc-enable-gc-gc0-test_script-failslab-304c:    /run/cache_mode/writethrough, /run/gc/gc0, /run/crc/enable, /run/test_script/failslab
2025-08-12 03:49:02,836 avocado.test INFO | Variant run-cache_mode-writethrough-crc-enable-gc-gc0-test_script-fail_make_request-6130:    /run/cache_mode/writethrough, /run/gc/gc0, /run/crc/enable, /run/test_script/fail_make_request
2025-08-12 03:49:02,836 avocado.test INFO | Variant run-cache_mode-writethrough-crc-enable-gc-gc0-test_script-recreate_loop-5405:    /run/cache_mode/writethrough, /run/gc/gc0, /run/crc/enable, /run/test_script/recreate_loop
2025-08-12 03:49:02,836 avocado.test INFO | Variant run-cache_mode-writethrough-crc-disable-gc-gc0-test_script-default-dd2b:    /run/cache_mode/writethrough, /run/gc/gc0, /run/crc/disable, /run/test_script/default
2025-08-12 03:49:02,836 avocado.test INFO | Variant run-cache_mode-writethrough-crc-disable-gc-gc0-test_script-xfstests-5104:    /run/cache_mode/writethrough, /run/gc/gc0, /run/crc/disable, /run/test_script/xfstests
2025-08-12 03:49:02,836 avocado.test INFO | Variant run-cache_mode-writethrough-crc-disable-gc-gc0-test_script-misc-c5d5:    /run/cache_mode/writethrough, /run/gc/gc0, /run/crc/disable, /run/test_script/misc
2025-08-12 03:49:02,836 avocado.test INFO | Variant run-cache_mode-writethrough-crc-disable-gc-gc0-test_script-failslab-715d:    /run/cache_mode/writethrough, /run/gc/gc0, /run/crc/disable, /run/test_script/failslab
2025-08-12 03:49:02,836 avocado.test INFO | Variant run-cache_mode-writethrough-crc-disable-gc-gc0-test_script-fail_make_request-8201:    /run/cache_mode/writethrough, /run/gc/gc0, /run/crc/disable, /run/test_script/fail_make_request
2025-08-12 03:49:02,836 avocado.test INFO | Variant run-cache_mode-writethrough-crc-disable-gc-gc0-test_script-recreate_loop-2fb6:    /run/cache_mode/writethrough, /run/gc/gc0, /run/crc/disable, /run/test_script/recreate_loop
2025-08-12 03:49:02,836 avocado.test INFO | Variant run-cache_mode-writethrough-crc-enable-gc-gc80-test_script-default-6de5:    /run/cache_mode/writethrough, /run/gc/gc80, /run/crc/enable, /run/test_script/default
2025-08-12 03:49:02,836 avocado.test INFO | Variant run-cache_mode-writethrough-crc-enable-gc-gc80-test_script-xfstests-66ea:    /run/cache_mode/writethrough, /run/gc/gc80, /run/crc/enable, /run/test_script/xfstests
2025-08-12 03:49:02,836 avocado.test INFO | Variant run-cache_mode-writethrough-crc-enable-gc-gc80-test_script-misc-d72c:    /run/cache_mode/writethrough, /run/gc/gc80, /run/crc/enable, /run/test_script/misc
2025-08-12 03:49:02,836 avocado.test INFO | Variant run-cache_mode-writethrough-crc-enable-gc-gc80-test_script-failslab-b133:    /run/cache_mode/writethrough, /run/gc/gc80, /run/crc/enable, /run/test_script/failslab
2025-08-12 03:49:02,836 avocado.test INFO | Variant run-cache_mode-writethrough-crc-enable-gc-gc80-test_script-fail_make_request-80ac:    /run/cache_mode/writethrough, /run/gc/gc80, /run/crc/enable, /run/test_script/fail_make_request
2025-08-12 03:49:02,836 avocado.test INFO | Variant run-cache_mode-writethrough-crc-enable-gc-gc80-test_script-recreate_loop-c825:    /run/cache_mode/writethrough, /run/gc/gc80, /run/crc/enable, /run/test_script/recreate_loop
2025-08-12 03:49:02,837 avocado.test INFO | Variant run-cache_mode-writethrough-crc-disable-gc-gc80-test_script-default-60ac:    /run/cache_mode/writethrough, /run/gc/gc80, /run/crc/disable, /run/test_script/default
2025-08-12 03:49:02,837 avocado.test INFO | Variant run-cache_mode-writethrough-crc-disable-gc-gc80-test_script-xfstests-779d:    /run/cache_mode/writethrough, /run/gc/gc80, /run/crc/disable, /run/test_script/xfstests
2025-08-12 03:49:02,837 avocado.test INFO | Variant run-cache_mode-writethrough-crc-disable-gc-gc80-test_script-misc-2ec5:    /run/cache_mode/writethrough, /run/gc/gc80, /run/crc/disable, /run/test_script/misc
2025-08-12 03:49:02,837 avocado.test INFO | Variant run-cache_mode-writethrough-crc-disable-gc-gc80-test_script-failslab-ad64:    /run/cache_mode/writethrough, /run/gc/gc80, /run/crc/disable, /run/test_script/failslab
2025-08-12 03:49:02,837 avocado.test INFO | Variant run-cache_mode-writethrough-crc-disable-gc-gc80-test_script-fail_make_request-5eb2:    /run/cache_mode/writethrough, /run/gc/gc80, /run/crc/disable, /run/test_script/fail_make_request
2025-08-12 03:49:02,837 avocado.test INFO | Variant run-cache_mode-writethrough-crc-disable-gc-gc80-test_script-recreate_loop-ac96:    /run/cache_mode/writethrough, /run/gc/gc80, /run/crc/disable, /run/test_script/recreate_loop
2025-08-12 03:49:02,837 avocado.test INFO | Variant run-cache_mode-writearound-crc-enable-gc-gc0-test_script-default-8e67:    /run/cache_mode/writearound, /run/gc/gc0, /run/crc/enable, /run/test_script/default
2025-08-12 03:49:02,837 avocado.test INFO | Variant run-cache_mode-writearound-crc-enable-gc-gc0-test_script-xfstests-e49a:    /run/cache_mode/writearound, /run/gc/gc0, /run/crc/enable, /run/test_script/xfstests
2025-08-12 03:49:02,837 avocado.test INFO | Variant run-cache_mode-writearound-crc-enable-gc-gc0-test_script-misc-0144:    /run/cache_mode/writearound, /run/gc/gc0, /run/crc/enable, /run/test_script/misc
2025-08-12 03:49:02,837 avocado.test INFO | Variant run-cache_mode-writearound-crc-enable-gc-gc0-test_script-failslab-5e60:    /run/cache_mode/writearound, /run/gc/gc0, /run/crc/enable, /run/test_script/failslab
2025-08-12 03:49:02,837 avocado.test INFO | Variant run-cache_mode-writearound-crc-enable-gc-gc0-test_script-fail_make_request-0a41:    /run/cache_mode/writearound, /run/gc/gc0, /run/crc/enable, /run/test_script/fail_make_request
2025-08-12 03:49:02,837 avocado.test INFO | Variant run-cache_mode-writearound-crc-enable-gc-gc0-test_script-recreate_loop-66e1:    /run/cache_mode/writearound, /run/gc/gc0, /run/crc/enable, /run/test_script/recreate_loop
2025-08-12 03:49:02,837 avocado.test INFO | Variant run-cache_mode-writearound-crc-disable-gc-gc0-test_script-default-28eb:    /run/cache_mode/writearound, /run/gc/gc0, /run/crc/disable, /run/test_script/default
2025-08-12 03:49:02,837 avocado.test INFO | Variant run-cache_mode-writearound-crc-disable-gc-gc0-test_script-xfstests-0115:    /run/cache_mode/writearound, /run/gc/gc0, /run/crc/disable, /run/test_script/xfstests
2025-08-12 03:49:02,837 avocado.test INFO | Variant run-cache_mode-writearound-crc-disable-gc-gc0-test_script-misc-b512:    /run/cache_mode/writearound, /run/gc/gc0, /run/crc/disable, /run/test_script/misc
2025-08-12 03:49:02,837 avocado.test INFO | Variant run-cache_mode-writearound-crc-disable-gc-gc0-test_script-failslab-aff5:    /run/cache_mode/writearound, /run/gc/gc0, /run/crc/disable, /run/test_script/failslab
2025-08-12 03:49:02,837 avocado.test INFO | Variant run-cache_mode-writearound-crc-disable-gc-gc0-test_script-fail_make_request-fa5f:    /run/cache_mode/writearound, /run/gc/gc0, /run/crc/disable, /run/test_script/fail_make_request
2025-08-12 03:49:02,837 avocado.test INFO | Variant run-cache_mode-writearound-crc-disable-gc-gc0-test_script-recreate_loop-2405:    /run/cache_mode/writearound, /run/gc/gc0, /run/crc/disable, /run/test_script/recreate_loop
2025-08-12 03:49:02,837 avocado.test INFO | Variant run-cache_mode-writearound-crc-enable-gc-gc80-test_script-default-3b90:    /run/cache_mode/writearound, /run/gc/gc80, /run/crc/enable, /run/test_script/default
2025-08-12 03:49:02,837 avocado.test INFO | Variant run-cache_mode-writearound-crc-enable-gc-gc80-test_script-xfstests-7802:    /run/cache_mode/writearound, /run/gc/gc80, /run/crc/enable, /run/test_script/xfstests
2025-08-12 03:49:02,837 avocado.test INFO | Variant run-cache_mode-writearound-crc-enable-gc-gc80-test_script-misc-fe6a:    /run/cache_mode/writearound, /run/gc/gc80, /run/crc/enable, /run/test_script/misc
2025-08-12 03:49:02,837 avocado.test INFO | Variant run-cache_mode-writearound-crc-enable-gc-gc80-test_script-failslab-155b:    /run/cache_mode/writearound, /run/gc/gc80, /run/crc/enable, /run/test_script/failslab
2025-08-12 03:49:02,837 avocado.test INFO | Variant run-cache_mode-writearound-crc-enable-gc-gc80-test_script-fail_make_request-9ec0:    /run/cache_mode/writearound, /run/gc/gc80, /run/crc/enable, /run/test_script/fail_make_request
2025-08-12 03:49:02,837 avocado.test INFO | Variant run-cache_mode-writearound-crc-enable-gc-gc80-test_script-recreate_loop-a56e:    /run/cache_mode/writearound, /run/gc/gc80, /run/crc/enable, /run/test_script/recreate_loop
2025-08-12 03:49:02,837 avocado.test INFO | Variant run-cache_mode-writearound-crc-disable-gc-gc80-test_script-default-76bb:    /run/cache_mode/writearound, /run/gc/gc80, /run/crc/disable, /run/test_script/default
2025-08-12 03:49:02,837 avocado.test INFO | Variant run-cache_mode-writearound-crc-disable-gc-gc80-test_script-xfstests-437c:    /run/cache_mode/writearound, /run/gc/gc80, /run/crc/disable, /run/test_script/xfstests
2025-08-12 03:49:02,838 avocado.test INFO | Variant run-cache_mode-writearound-crc-disable-gc-gc80-test_script-misc-53fb:    /run/cache_mode/writearound, /run/gc/gc80, /run/crc/disable, /run/test_script/misc
2025-08-12 03:49:02,838 avocado.test INFO | Variant run-cache_mode-writearound-crc-disable-gc-gc80-test_script-failslab-0470:    /run/cache_mode/writearound, /run/gc/gc80, /run/crc/disable, /run/test_script/failslab
2025-08-12 03:49:02,838 avocado.test INFO | Variant run-cache_mode-writearound-crc-disable-gc-gc80-test_script-fail_make_request-387f:    /run/cache_mode/writearound, /run/gc/gc80, /run/crc/disable, /run/test_script/fail_make_request
2025-08-12 03:49:02,838 avocado.test INFO | Variant run-cache_mode-writearound-crc-disable-gc-gc80-test_script-recreate_loop-f32a:    /run/cache_mode/writearound, /run/gc/gc80, /run/crc/disable, /run/test_script/recreate_loop
2025-08-12 03:49:02,838 avocado.test INFO | Variant run-cache_mode-writeonly-crc-enable-gc-gc0-test_script-default-155a:    /run/cache_mode/writeonly, /run/gc/gc0, /run/crc/enable, /run/test_script/default
2025-08-12 03:49:02,838 avocado.test INFO | Variant run-cache_mode-writeonly-crc-enable-gc-gc0-test_script-xfstests-81d4:    /run/cache_mode/writeonly, /run/gc/gc0, /run/crc/enable, /run/test_script/xfstests
2025-08-12 03:49:02,838 avocado.test INFO | Variant run-cache_mode-writeonly-crc-enable-gc-gc0-test_script-misc-29f5:    /run/cache_mode/writeonly, /run/gc/gc0, /run/crc/enable, /run/test_script/misc
2025-08-12 03:49:02,838 avocado.test INFO | Variant run-cache_mode-writeonly-crc-enable-gc-gc0-test_script-failslab-a844:    /run/cache_mode/writeonly, /run/gc/gc0, /run/crc/enable, /run/test_script/failslab
2025-08-12 03:49:02,838 avocado.test INFO | Variant run-cache_mode-writeonly-crc-enable-gc-gc0-test_script-fail_make_request-b6b5:    /run/cache_mode/writeonly, /run/gc/gc0, /run/crc/enable, /run/test_script/fail_make_request
2025-08-12 03:49:02,838 avocado.test INFO | Variant run-cache_mode-writeonly-crc-enable-gc-gc0-test_script-recreate_loop-797a:    /run/cache_mode/writeonly, /run/gc/gc0, /run/crc/enable, /run/test_script/recreate_loop
2025-08-12 03:49:02,838 avocado.test INFO | Variant run-cache_mode-writeonly-crc-disable-gc-gc0-test_script-default-70dd:    /run/cache_mode/writeonly, /run/gc/gc0, /run/crc/disable, /run/test_script/default
2025-08-12 03:49:02,838 avocado.test INFO | Variant run-cache_mode-writeonly-crc-disable-gc-gc0-test_script-xfstests-5cc9:    /run/cache_mode/writeonly, /run/gc/gc0, /run/crc/disable, /run/test_script/xfstests
2025-08-12 03:49:02,838 avocado.test INFO | Variant run-cache_mode-writeonly-crc-disable-gc-gc0-test_script-misc-9821:    /run/cache_mode/writeonly, /run/gc/gc0, /run/crc/disable, /run/test_script/misc
2025-08-12 03:49:02,838 avocado.test INFO | Variant run-cache_mode-writeonly-crc-disable-gc-gc0-test_script-failslab-e3bd:    /run/cache_mode/writeonly, /run/gc/gc0, /run/crc/disable, /run/test_script/failslab
2025-08-12 03:49:02,838 avocado.test INFO | Variant run-cache_mode-writeonly-crc-disable-gc-gc0-test_script-fail_make_request-a39c:    /run/cache_mode/writeonly, /run/gc/gc0, /run/crc/disable, /run/test_script/fail_make_request
2025-08-12 03:49:02,838 avocado.test INFO | Variant run-cache_mode-writeonly-crc-disable-gc-gc0-test_script-recreate_loop-3bc5:    /run/cache_mode/writeonly, /run/gc/gc0, /run/crc/disable, /run/test_script/recreate_loop
2025-08-12 03:49:02,838 avocado.test INFO | Variant run-cache_mode-writeonly-crc-enable-gc-gc80-test_script-default-3783:    /run/cache_mode/writeonly, /run/gc/gc80, /run/crc/enable, /run/test_script/default
2025-08-12 03:49:02,838 avocado.test INFO | Variant run-cache_mode-writeonly-crc-enable-gc-gc80-test_script-xfstests-bba4:    /run/cache_mode/writeonly, /run/gc/gc80, /run/crc/enable, /run/test_script/xfstests
2025-08-12 03:49:02,838 avocado.test INFO | Variant run-cache_mode-writeonly-crc-enable-gc-gc80-test_script-misc-5ade:    /run/cache_mode/writeonly, /run/gc/gc80, /run/crc/enable, /run/test_script/misc
2025-08-12 03:49:02,838 avocado.test INFO | Variant run-cache_mode-writeonly-crc-enable-gc-gc80-test_script-failslab-aa0f:    /run/cache_mode/writeonly, /run/gc/gc80, /run/crc/enable, /run/test_script/failslab
2025-08-12 03:49:02,838 avocado.test INFO | Variant run-cache_mode-writeonly-crc-enable-gc-gc80-test_script-fail_make_request-703a:    /run/cache_mode/writeonly, /run/gc/gc80, /run/crc/enable, /run/test_script/fail_make_request
2025-08-12 03:49:02,838 avocado.test INFO | Variant run-cache_mode-writeonly-crc-enable-gc-gc80-test_script-recreate_loop-21b7:    /run/cache_mode/writeonly, /run/gc/gc80, /run/crc/enable, /run/test_script/recreate_loop
2025-08-12 03:49:02,838 avocado.test INFO | Variant run-cache_mode-writeonly-crc-disable-gc-gc80-test_script-default-149e:    /run/cache_mode/writeonly, /run/gc/gc80, /run/crc/disable, /run/test_script/default
2025-08-12 03:49:02,838 avocado.test INFO | Variant run-cache_mode-writeonly-crc-disable-gc-gc80-test_script-xfstests-0c0d:    /run/cache_mode/writeonly, /run/gc/gc80, /run/crc/disable, /run/test_script/xfstests
2025-08-12 03:49:02,838 avocado.test INFO | Variant run-cache_mode-writeonly-crc-disable-gc-gc80-test_script-misc-1ab2:    /run/cache_mode/writeonly, /run/gc/gc80, /run/crc/disable, /run/test_script/misc
2025-08-12 03:49:02,838 avocado.test INFO | Variant run-cache_mode-writeonly-crc-disable-gc-gc80-test_script-failslab-ce7c:    /run/cache_mode/writeonly, /run/gc/gc80, /run/crc/disable, /run/test_script/failslab
2025-08-12 03:49:02,838 avocado.test INFO | Variant run-cache_mode-writeonly-crc-disable-gc-gc80-test_script-fail_make_request-e2de:    /run/cache_mode/writeonly, /run/gc/gc80, /run/crc/disable, /run/test_script/fail_make_request
2025-08-12 03:49:02,839 avocado.test INFO | Variant run-cache_mode-writeonly-crc-disable-gc-gc80-test_script-recreate_loop-da18:    /run/cache_mode/writeonly, /run/gc/gc80, /run/crc/disable, /run/test_script/recreate_loop
2025-08-12 03:49:02,839 avocado.test INFO | Temporary dir: /var/tmp/avocado_tmp_cq_pqx_a/avocado_job_a9brpuee
2025-08-12 03:49:02,839 avocado.test INFO | 
2025-08-12 03:49:02,839 avocado.test INFO | Job ID: c19f475a3937c3f635b2dc30e97f1a62201c9694
2025-08-12 03:49:02,839 avocado.test INFO | 
2025-08-12 03:49:03,587 avocado.core.task.statemachine DEBUG| <Worker spawner="<avocado.plugins.spawners.process.ProcessSpawner object at 0x7fe2d9d51a90>" max_triaging=32 max_running=1 task_timeout=None> has been initialized
2025-08-12 03:49:03,588 avocado.core.task.statemachine DEBUG| Task "01-./pcache.py:PcacheTest.test;run-cache_mode-writeback-crc-enable-gc-gc0-test_script-default-779e": requested -> triaging
2025-08-12 03:49:03,588 avocado.core.task.statemachine DEBUG| Task "01-./pcache.py:PcacheTest.test;run-cache_mode-writeback-crc-enable-gc-gc0-test_script-default-779e": requirements OK (will proceed to check dependencies)
2025-08-12 03:49:03,588 avocado.core.task.statemachine DEBUG| Task "01-./pcache.py:PcacheTest.test;run-cache_mode-writeback-crc-enable-gc-gc0-test_script-default-779e": about to be spawned with "<avocado.plugins.spawners.process.ProcessSpawner object at 0x7fe2d9d51a90>"
2025-08-12 03:49:03,589 avocado.core.task.statemachine DEBUG| Task "01-./pcache.py:PcacheTest.test;run-cache_mode-writeback-crc-enable-gc-gc0-test_script-default-779e": spawned successfully
2025-08-12 03:49:03,905 avocado.core.status.repo DEBUG| Task "01-./pcache.py:PcacheTest.test;run-cache_mode-writeback-crc-enable-gc-gc0-test_script-default-779e" started message: "{'status': 'started', 'time': 1949.073122486, 'output_dir': '/root/avocado/job-results/job-2025-08-12T03.48-c19f475/test-results/01-._pcache.py_PcacheTest.test_run-cache_mode-writeback-crc-enable-gc-gc0-test_script-default-779e', 'id': '01-./pcache.py:PcacheTest.test;run-cache_mode-writeback-crc-enable-gc-gc0-test_script-default-779e'}"
2025-08-12 03:49:03,941 avocado.test INFO | ./pcache.py:PcacheTest.test;run-cache_mode-writeback-crc-enable-gc-gc0-test_script-default-779e: STARTED
2025-08-12 03:49:05,746 avocado.core.status.repo DEBUG| Task "01-./pcache.py:PcacheTest.test;run-cache_mode-writeback-crc-enable-gc-gc0-test_script-default-779e" finished message: "{'result': 'pass', 'status': 'finished', 'time': 1950.823346905}"
2025-08-12 03:49:05,773 avocado.test INFO | ./pcache.py:PcacheTest.test;run-cache_mode-writeback-crc-enable-gc-gc0-test_script-default-779e: PASS
2025-08-12 03:49:05,773 avocado.test INFO | More information in /root/avocado/job-results/job-2025-08-12T03.48-c19f475/test-results/01-._pcache.py_PcacheTest.test_run-cache_mode-writeback-crc-enable-gc-gc0-test_script-default-779e
2025-08-12 03:49:05,831 avocado.core.task.statemachine DEBUG| Task "01-./pcache.py:PcacheTest.test;run-cache_mode-writeback-crc-enable-gc-gc0-test_script-default-779e" finished
2025-08-12 03:49:05,831 avocado.core.task.statemachine DEBUG| Task "02-./pcache.py:PcacheTest.test;run-cache_mode-writeback-crc-enable-gc-gc0-test_script-xfstests-c844": requested -> triaging
2025-08-12 03:49:05,831 avocado.core.task.statemachine DEBUG| Task "02-./pcache.py:PcacheTest.test;run-cache_mode-writeback-crc-enable-gc-gc0-test_script-xfstests-c844": requirements OK (will proceed to check dependencies)
2025-08-12 03:49:05,831 avocado.core.task.statemachine DEBUG| Task "02-./pcache.py:PcacheTest.test;run-cache_mode-writeback-crc-enable-gc-gc0-test_script-xfstests-c844": about to be spawned with "<avocado.plugins.spawners.process.ProcessSpawner object at 0x7fe2d9d51a90>"
2025-08-12 03:49:05,834 avocado.core.task.statemachine DEBUG| Task "02-./pcache.py:PcacheTest.test;run-cache_mode-writeback-crc-enable-gc-gc0-test_script-xfstests-c844": spawned successfully
2025-08-12 03:49:06,148 avocado.core.status.repo DEBUG| Task "02-./pcache.py:PcacheTest.test;run-cache_mode-writeback-crc-enable-gc-gc0-test_script-xfstests-c844" started message: "{'status': 'started', 'time': 1951.315983482, 'output_dir': '/root/avocado/job-results/job-2025-08-12T03.48-c19f475/test-results/02-._pcache.py_PcacheTest.test_run-cache_mode-writeback-crc-enable-gc-gc0-test_script-xfstests-c844', 'id': '02-./pcache.py:PcacheTest.test;run-cache_mode-writeback-crc-enable-gc-gc0-test_script-xfstests-c844'}"
2025-08-12 03:49:06,176 avocado.test INFO | ./pcache.py:PcacheTest.test;run-cache_mode-writeback-crc-enable-gc-gc0-test_script-xfstests-c844: STARTED
2025-08-12 04:17:29,869 avocado.core.status.repo DEBUG| Task "02-./pcache.py:PcacheTest.test;run-cache_mode-writeback-crc-enable-gc-gc0-test_script-xfstests-c844" finished message: "{'result': 'pass', 'status': 'finished', 'time': 3654.987025937}"
2025-08-12 04:17:29,912 avocado.test INFO | ./pcache.py:PcacheTest.test;run-cache_mode-writeback-crc-enable-gc-gc0-test_script-xfstests-c844: PASS
2025-08-12 04:17:29,912 avocado.test INFO | More information in /root/avocado/job-results/job-2025-08-12T03.48-c19f475/test-results/02-._pcache.py_PcacheTest.test_run-cache_mode-writeback-crc-enable-gc-gc0-test_script-xfstests-c844
2025-08-12 04:17:30,031 avocado.core.task.statemachine DEBUG| Task "02-./pcache.py:PcacheTest.test;run-cache_mode-writeback-crc-enable-gc-gc0-test_script-xfstests-c844" finished
2025-08-12 04:17:30,032 avocado.core.task.statemachine DEBUG| Task "03-./pcache.py:PcacheTest.test;run-cache_mode-writeback-crc-enable-gc-gc0-test_script-misc-eae7": requested -> triaging
2025-08-12 04:17:30,032 avocado.core.task.statemachine DEBUG| Task "03-./pcache.py:PcacheTest.test;run-cache_mode-writeback-crc-enable-gc-gc0-test_script-misc-eae7": requirements OK (will proceed to check dependencies)
2025-08-12 04:17:30,032 avocado.core.task.statemachine DEBUG| Task "03-./pcache.py:PcacheTest.test;run-cache_mode-writeback-crc-enable-gc-gc0-test_script-misc-eae7": about to be spawned with "<avocado.plugins.spawners.process.ProcessSpawner object at 0x7fe2d9d51a90>"
2025-08-12 04:17:30,075 avocado.core.task.statemachine DEBUG| Task "03-./pcache.py:PcacheTest.test;run-cache_mode-writeback-crc-enable-gc-gc0-test_script-misc-eae7": spawned successfully
2025-08-12 04:17:34,198 avocado.core.status.repo DEBUG| Task "03-./pcache.py:PcacheTest.test;run-cache_mode-writeback-crc-enable-gc-gc0-test_script-misc-eae7" started message: "{'status': 'started', 'time': 3659.365565781, 'output_dir': '/root/avocado/job-results/job-2025-08-12T03.48-c19f475/test-results/03-._pcache.py_PcacheTest.test_run-cache_mode-writeback-crc-enable-gc-gc0-test_script-misc-eae7', 'id': '03-./pcache.py:PcacheTest.test;run-cache_mode-writeback-crc-enable-gc-gc0-test_script-misc-eae7'}"
2025-08-12 04:17:34,208 avocado.test INFO | ./pcache.py:PcacheTest.test;run-cache_mode-writeback-crc-enable-gc-gc0-test_script-misc-eae7: STARTED
2025-08-12 04:18:49,099 avocado.core.status.repo DEBUG| Task "03-./pcache.py:PcacheTest.test;run-cache_mode-writeback-crc-enable-gc-gc0-test_script-misc-eae7" finished message: "{'result': 'pass', 'status': 'finished', 'time': 3734.19441287}"
2025-08-12 04:18:49,153 avocado.test INFO | ./pcache.py:PcacheTest.test;run-cache_mode-writeback-crc-enable-gc-gc0-test_script-misc-eae7: PASS
2025-08-12 04:18:49,153 avocado.test INFO | More information in /root/avocado/job-results/job-2025-08-12T03.48-c19f475/test-results/03-._pcache.py_PcacheTest.test_run-cache_mode-writeback-crc-enable-gc-gc0-test_script-misc-eae7
2025-08-12 04:18:49,239 avocado.core.task.statemachine DEBUG| Task "03-./pcache.py:PcacheTest.test;run-cache_mode-writeback-crc-enable-gc-gc0-test_script-misc-eae7" finished
2025-08-12 04:18:49,239 avocado.core.task.statemachine DEBUG| Task "04-./pcache.py:PcacheTest.test;run-cache_mode-writeback-crc-enable-gc-gc0-test_script-failslab-c332": requested -> triaging
2025-08-12 04:18:49,240 avocado.core.task.statemachine DEBUG| Task "04-./pcache.py:PcacheTest.test;run-cache_mode-writeback-crc-enable-gc-gc0-test_script-failslab-c332": requirements OK (will proceed to check dependencies)
2025-08-12 04:18:49,240 avocado.core.task.statemachine DEBUG| Task "04-./pcache.py:PcacheTest.test;run-cache_mode-writeback-crc-enable-gc-gc0-test_script-failslab-c332": about to be spawned with "<avocado.plugins.spawners.process.ProcessSpawner object at 0x7fe2d9d51a90>"
2025-08-12 04:18:49,243 avocado.core.task.statemachine DEBUG| Task "04-./pcache.py:PcacheTest.test;run-cache_mode-writeback-crc-enable-gc-gc0-test_script-failslab-c332": spawned successfully
2025-08-12 04:18:49,585 avocado.core.status.repo DEBUG| Task "04-./pcache.py:PcacheTest.test;run-cache_mode-writeback-crc-enable-gc-gc0-test_script-failslab-c332" started message: "{'status': 'started', 'time': 3734.7531081, 'output_dir': '/root/avocado/job-results/job-2025-08-12T03.48-c19f475/test-results/04-._pcache.py_PcacheTest.test_run-cache_mode-writeback-crc-enable-gc-gc0-test_script-failslab-c332', 'id': '04-./pcache.py:PcacheTest.test;run-cache_mode-writeback-crc-enable-gc-gc0-test_script-failslab-c332'}"
2025-08-12 04:18:49,608 avocado.test INFO | ./pcache.py:PcacheTest.test;run-cache_mode-writeback-crc-enable-gc-gc0-test_script-failslab-c332: STARTED
2025-08-12 04:19:35,426 avocado.core.status.repo DEBUG| Task "04-./pcache.py:PcacheTest.test;run-cache_mode-writeback-crc-enable-gc-gc0-test_script-failslab-c332" finished message: "{'result': 'pass', 'status': 'finished', 'time': 3780.499552619}"
2025-08-12 04:19:35,479 avocado.test INFO | ./pcache.py:PcacheTest.test;run-cache_mode-writeback-crc-enable-gc-gc0-test_script-failslab-c332: PASS
2025-08-12 04:19:35,479 avocado.test INFO | More information in /root/avocado/job-results/job-2025-08-12T03.48-c19f475/test-results/04-._pcache.py_PcacheTest.test_run-cache_mode-writeback-crc-enable-gc-gc0-test_script-failslab-c332
2025-08-12 04:19:35,495 avocado.core.task.statemachine DEBUG| Task "04-./pcache.py:PcacheTest.test;run-cache_mode-writeback-crc-enable-gc-gc0-test_script-failslab-c332" finished
2025-08-12 04:19:35,495 avocado.core.task.statemachine DEBUG| Task "05-./pcache.py:PcacheTest.test;run-cache_mode-writeback-crc-enable-gc-gc0-test_script-fail_make_request-6377": requested -> triaging
2025-08-12 04:19:35,495 avocado.core.task.statemachine DEBUG| Task "05-./pcache.py:PcacheTest.test;run-cache_mode-writeback-crc-enable-gc-gc0-test_script-fail_make_request-6377": requirements OK (will proceed to check dependencies)
2025-08-12 04:19:35,495 avocado.core.task.statemachine DEBUG| Task "05-./pcache.py:PcacheTest.test;run-cache_mode-writeback-crc-enable-gc-gc0-test_script-fail_make_request-6377": about to be spawned with "<avocado.plugins.spawners.process.ProcessSpawner object at 0x7fe2d9d51a90>"
2025-08-12 04:19:35,497 avocado.core.task.statemachine DEBUG| Task "05-./pcache.py:PcacheTest.test;run-cache_mode-writeback-crc-enable-gc-gc0-test_script-fail_make_request-6377": spawned successfully
2025-08-12 04:19:36,141 avocado.core.status.repo DEBUG| Task "05-./pcache.py:PcacheTest.test;run-cache_mode-writeback-crc-enable-gc-gc0-test_script-fail_make_request-6377" started message: "{'status': 'started', 'time': 3781.31000324, 'output_dir': '/root/avocado/job-results/job-2025-08-12T03.48-c19f475/test-results/05-._pcache.py_PcacheTest.test_run-cache_mode-writeback-crc-enable-gc-gc0-test_script-fail_make_request-6377', 'id': '05-./pcache.py:PcacheTest.test;run-cache_mode-writeback-crc-enable-gc-gc0-test_script-fail_make_request-6377'}"
2025-08-12 04:19:36,185 avocado.test INFO | ./pcache.py:PcacheTest.test;run-cache_mode-writeback-crc-enable-gc-gc0-test_script-fail_make_request-6377: STARTED
2025-08-12 04:19:40,120 avocado.core.status.repo DEBUG| Task "05-./pcache.py:PcacheTest.test;run-cache_mode-writeback-crc-enable-gc-gc0-test_script-fail_make_request-6377" finished message: "{'result': 'pass', 'status': 'finished', 'time': 3785.195175238}"
2025-08-12 04:19:40,241 avocado.test INFO | ./pcache.py:PcacheTest.test;run-cache_mode-writeback-crc-enable-gc-gc0-test_script-fail_make_request-6377: PASS
2025-08-12 04:19:40,242 avocado.test INFO | More information in /root/avocado/job-results/job-2025-08-12T03.48-c19f475/test-results/05-._pcache.py_PcacheTest.test_run-cache_mode-writeback-crc-enable-gc-gc0-test_script-fail_make_request-6377
2025-08-12 04:19:40,262 avocado.core.task.statemachine DEBUG| Task "05-./pcache.py:PcacheTest.test;run-cache_mode-writeback-crc-enable-gc-gc0-test_script-fail_make_request-6377" finished
2025-08-12 04:19:40,263 avocado.core.task.statemachine DEBUG| Task "06-./pcache.py:PcacheTest.test;run-cache_mode-writeback-crc-enable-gc-gc0-test_script-recreate_loop-439a": requested -> triaging
2025-08-12 04:19:40,263 avocado.core.task.statemachine DEBUG| Task "06-./pcache.py:PcacheTest.test;run-cache_mode-writeback-crc-enable-gc-gc0-test_script-recreate_loop-439a": requirements OK (will proceed to check dependencies)
2025-08-12 04:19:40,263 avocado.core.task.statemachine DEBUG| Task "06-./pcache.py:PcacheTest.test;run-cache_mode-writeback-crc-enable-gc-gc0-test_script-recreate_loop-439a": about to be spawned with "<avocado.plugins.spawners.process.ProcessSpawner object at 0x7fe2d9d51a90>"
2025-08-12 04:19:40,266 avocado.core.task.statemachine DEBUG| Task "06-./pcache.py:PcacheTest.test;run-cache_mode-writeback-crc-enable-gc-gc0-test_script-recreate_loop-439a": spawned successfully
2025-08-12 04:19:40,612 avocado.core.status.repo DEBUG| Task "06-./pcache.py:PcacheTest.test;run-cache_mode-writeback-crc-enable-gc-gc0-test_script-recreate_loop-439a" started message: "{'status': 'started', 'time': 3785.779624447, 'output_dir': '/root/avocado/job-results/job-2025-08-12T03.48-c19f475/test-results/06-._pcache.py_PcacheTest.test_run-cache_mode-writeback-crc-enable-gc-gc0-test_script-recreate_loop-439a', 'id': '06-./pcache.py:PcacheTest.test;run-cache_mode-writeback-crc-enable-gc-gc0-test_script-recreate_loop-439a'}"
2025-08-12 04:19:40,646 avocado.test INFO | ./pcache.py:PcacheTest.test;run-cache_mode-writeback-crc-enable-gc-gc0-test_script-recreate_loop-439a: STARTED
2025-08-12 04:21:49,226 avocado.core.status.repo DEBUG| Task "06-./pcache.py:PcacheTest.test;run-cache_mode-writeback-crc-enable-gc-gc0-test_script-recreate_loop-439a" finished message: "{'result': 'pass', 'status': 'finished', 'time': 3914.294847306}"
2025-08-12 04:21:49,256 avocado.test INFO | ./pcache.py:PcacheTest.test;run-cache_mode-writeback-crc-enable-gc-gc0-test_script-recreate_loop-439a: PASS
2025-08-12 04:21:49,256 avocado.test INFO | More information in /root/avocado/job-results/job-2025-08-12T03.48-c19f475/test-results/06-._pcache.py_PcacheTest.test_run-cache_mode-writeback-crc-enable-gc-gc0-test_script-recreate_loop-439a
2025-08-12 04:21:49,339 avocado.core.task.statemachine DEBUG| Task "06-./pcache.py:PcacheTest.test;run-cache_mode-writeback-crc-enable-gc-gc0-test_script-recreate_loop-439a" finished
2025-08-12 04:21:49,339 avocado.core.task.statemachine DEBUG| Task "07-./pcache.py:PcacheTest.test;run-cache_mode-writeback-crc-disable-gc-gc0-test_script-default-2647": requested -> triaging
2025-08-12 04:21:49,339 avocado.core.task.statemachine DEBUG| Task "07-./pcache.py:PcacheTest.test;run-cache_mode-writeback-crc-disable-gc-gc0-test_script-default-2647": requirements OK (will proceed to check dependencies)
2025-08-12 04:21:49,339 avocado.core.task.statemachine DEBUG| Task "07-./pcache.py:PcacheTest.test;run-cache_mode-writeback-crc-disable-gc-gc0-test_script-default-2647": about to be spawned with "<avocado.plugins.spawners.process.ProcessSpawner object at 0x7fe2d9d51a90>"
2025-08-12 04:21:49,343 avocado.core.task.statemachine DEBUG| Task "07-./pcache.py:PcacheTest.test;run-cache_mode-writeback-crc-disable-gc-gc0-test_script-default-2647": spawned successfully
2025-08-12 04:21:49,859 avocado.core.status.repo DEBUG| Task "07-./pcache.py:PcacheTest.test;run-cache_mode-writeback-crc-disable-gc-gc0-test_script-default-2647" started message: "{'status': 'started', 'time': 3915.026323899, 'output_dir': '/root/avocado/job-results/job-2025-08-12T03.48-c19f475/test-results/07-._pcache.py_PcacheTest.test_run-cache_mode-writeback-crc-disable-gc-gc0-test_script-default-2647', 'id': '07-./pcache.py:PcacheTest.test;run-cache_mode-writeback-crc-disable-gc-gc0-test_script-default-2647'}"
2025-08-12 04:21:49,861 avocado.test INFO | ./pcache.py:PcacheTest.test;run-cache_mode-writeback-crc-disable-gc-gc0-test_script-default-2647: STARTED
2025-08-12 04:21:51,728 avocado.core.status.repo DEBUG| Task "07-./pcache.py:PcacheTest.test;run-cache_mode-writeback-crc-disable-gc-gc0-test_script-default-2647" finished message: "{'result': 'pass', 'status': 'finished', 'time': 3916.803119618}"
2025-08-12 04:21:51,743 avocado.test INFO | ./pcache.py:PcacheTest.test;run-cache_mode-writeback-crc-disable-gc-gc0-test_script-default-2647: PASS
2025-08-12 04:21:51,744 avocado.test INFO | More information in /root/avocado/job-results/job-2025-08-12T03.48-c19f475/test-results/07-._pcache.py_PcacheTest.test_run-cache_mode-writeback-crc-disable-gc-gc0-test_script-default-2647
2025-08-12 04:21:51,828 avocado.core.task.statemachine DEBUG| Task "07-./pcache.py:PcacheTest.test;run-cache_mode-writeback-crc-disable-gc-gc0-test_script-default-2647" finished
2025-08-12 04:21:51,829 avocado.core.task.statemachine DEBUG| Task "08-./pcache.py:PcacheTest.test;run-cache_mode-writeback-crc-disable-gc-gc0-test_script-xfstests-d8ac": requested -> triaging
2025-08-12 04:21:51,829 avocado.core.task.statemachine DEBUG| Task "08-./pcache.py:PcacheTest.test;run-cache_mode-writeback-crc-disable-gc-gc0-test_script-xfstests-d8ac": requirements OK (will proceed to check dependencies)
2025-08-12 04:21:51,829 avocado.core.task.statemachine DEBUG| Task "08-./pcache.py:PcacheTest.test;run-cache_mode-writeback-crc-disable-gc-gc0-test_script-xfstests-d8ac": about to be spawned with "<avocado.plugins.spawners.process.ProcessSpawner object at 0x7fe2d9d51a90>"
2025-08-12 04:21:51,832 avocado.core.task.statemachine DEBUG| Task "08-./pcache.py:PcacheTest.test;run-cache_mode-writeback-crc-disable-gc-gc0-test_script-xfstests-d8ac": spawned successfully
2025-08-12 04:21:52,311 avocado.core.status.repo DEBUG| Task "08-./pcache.py:PcacheTest.test;run-cache_mode-writeback-crc-disable-gc-gc0-test_script-xfstests-d8ac" started message: "{'status': 'started', 'time': 3917.476870378, 'output_dir': '/root/avocado/job-results/job-2025-08-12T03.48-c19f475/test-results/08-._pcache.py_PcacheTest.test_run-cache_mode-writeback-crc-disable-gc-gc0-test_script-xfstests-d8ac', 'id': '08-./pcache.py:PcacheTest.test;run-cache_mode-writeback-crc-disable-gc-gc0-test_script-xfstests-d8ac'}"
2025-08-12 04:21:52,349 avocado.test INFO | ./pcache.py:PcacheTest.test;run-cache_mode-writeback-crc-disable-gc-gc0-test_script-xfstests-d8ac: STARTED
2025-08-12 04:51:54,344 avocado.core.status.repo DEBUG| Task "08-./pcache.py:PcacheTest.test;run-cache_mode-writeback-crc-disable-gc-gc0-test_script-xfstests-d8ac" finished message: "{'result': 'pass', 'status': 'finished', 'time': 5719.467235943}"
2025-08-12 04:51:54,390 avocado.test INFO | ./pcache.py:PcacheTest.test;run-cache_mode-writeback-crc-disable-gc-gc0-test_script-xfstests-d8ac: PASS
2025-08-12 04:51:54,390 avocado.test INFO | More information in /root/avocado/job-results/job-2025-08-12T03.48-c19f475/test-results/08-._pcache.py_PcacheTest.test_run-cache_mode-writeback-crc-disable-gc-gc0-test_script-xfstests-d8ac
2025-08-12 04:51:54,500 avocado.core.task.statemachine DEBUG| Task "08-./pcache.py:PcacheTest.test;run-cache_mode-writeback-crc-disable-gc-gc0-test_script-xfstests-d8ac" finished
2025-08-12 04:51:54,500 avocado.core.task.statemachine DEBUG| Task "09-./pcache.py:PcacheTest.test;run-cache_mode-writeback-crc-disable-gc-gc0-test_script-misc-5b70": requested -> triaging
2025-08-12 04:51:54,500 avocado.core.task.statemachine DEBUG| Task "09-./pcache.py:PcacheTest.test;run-cache_mode-writeback-crc-disable-gc-gc0-test_script-misc-5b70": requirements OK (will proceed to check dependencies)
2025-08-12 04:51:54,500 avocado.core.task.statemachine DEBUG| Task "09-./pcache.py:PcacheTest.test;run-cache_mode-writeback-crc-disable-gc-gc0-test_script-misc-5b70": about to be spawned with "<avocado.plugins.spawners.process.ProcessSpawner object at 0x7fe2d9d51a90>"
2025-08-12 04:51:54,521 avocado.core.task.statemachine DEBUG| Task "09-./pcache.py:PcacheTest.test;run-cache_mode-writeback-crc-disable-gc-gc0-test_script-misc-5b70": spawned successfully
2025-08-12 04:51:58,828 avocado.core.status.repo DEBUG| Task "09-./pcache.py:PcacheTest.test;run-cache_mode-writeback-crc-disable-gc-gc0-test_script-misc-5b70" started message: "{'status': 'started', 'time': 5723.99524454, 'output_dir': '/root/avocado/job-results/job-2025-08-12T03.48-c19f475/test-results/09-._pcache.py_PcacheTest.test_run-cache_mode-writeback-crc-disable-gc-gc0-test_script-misc-5b70', 'id': '09-./pcache.py:PcacheTest.test;run-cache_mode-writeback-crc-disable-gc-gc0-test_script-misc-5b70'}"
2025-08-12 04:51:58,876 avocado.test INFO | ./pcache.py:PcacheTest.test;run-cache_mode-writeback-crc-disable-gc-gc0-test_script-misc-5b70: STARTED
2025-08-12 04:53:12,910 avocado.core.status.repo DEBUG| Task "09-./pcache.py:PcacheTest.test;run-cache_mode-writeback-crc-disable-gc-gc0-test_script-misc-5b70" finished message: "{'result': 'pass', 'status': 'finished', 'time': 5797.998633486}"
2025-08-12 04:53:12,968 avocado.test INFO | ./pcache.py:PcacheTest.test;run-cache_mode-writeback-crc-disable-gc-gc0-test_script-misc-5b70: PASS
2025-08-12 04:53:12,968 avocado.test INFO | More information in /root/avocado/job-results/job-2025-08-12T03.48-c19f475/test-results/09-._pcache.py_PcacheTest.test_run-cache_mode-writeback-crc-disable-gc-gc0-test_script-misc-5b70
2025-08-12 04:53:13,056 avocado.core.task.statemachine DEBUG| Task "09-./pcache.py:PcacheTest.test;run-cache_mode-writeback-crc-disable-gc-gc0-test_script-misc-5b70" finished
2025-08-12 04:53:13,057 avocado.core.task.statemachine DEBUG| Task "10-./pcache.py:PcacheTest.test;run-cache_mode-writeback-crc-disable-gc-gc0-test_script-failslab-2185": requested -> triaging
2025-08-12 04:53:13,057 avocado.core.task.statemachine DEBUG| Task "10-./pcache.py:PcacheTest.test;run-cache_mode-writeback-crc-disable-gc-gc0-test_script-failslab-2185": requirements OK (will proceed to check dependencies)
2025-08-12 04:53:13,057 avocado.core.task.statemachine DEBUG| Task "10-./pcache.py:PcacheTest.test;run-cache_mode-writeback-crc-disable-gc-gc0-test_script-failslab-2185": about to be spawned with "<avocado.plugins.spawners.process.ProcessSpawner object at 0x7fe2d9d51a90>"
2025-08-12 04:53:13,060 avocado.core.task.statemachine DEBUG| Task "10-./pcache.py:PcacheTest.test;run-cache_mode-writeback-crc-disable-gc-gc0-test_script-failslab-2185": spawned successfully
2025-08-12 04:53:13,406 avocado.core.status.repo DEBUG| Task "10-./pcache.py:PcacheTest.test;run-cache_mode-writeback-crc-disable-gc-gc0-test_script-failslab-2185" started message: "{'status': 'started', 'time': 5798.57457256, 'output_dir': '/root/avocado/job-results/job-2025-08-12T03.48-c19f475/test-results/10-._pcache.py_PcacheTest.test_run-cache_mode-writeback-crc-disable-gc-gc0-test_script-failslab-2185', 'id': '10-./pcache.py:PcacheTest.test;run-cache_mode-writeback-crc-disable-gc-gc0-test_script-failslab-2185'}"
2025-08-12 04:53:13,425 avocado.test INFO | ./pcache.py:PcacheTest.test;run-cache_mode-writeback-crc-disable-gc-gc0-test_script-failslab-2185: STARTED
2025-08-12 04:53:57,828 avocado.core.status.repo DEBUG| Task "10-./pcache.py:PcacheTest.test;run-cache_mode-writeback-crc-disable-gc-gc0-test_script-failslab-2185" finished message: "{'result': 'pass', 'status': 'finished', 'time': 5842.89353081}"
2025-08-12 04:53:57,864 avocado.test INFO | ./pcache.py:PcacheTest.test;run-cache_mode-writeback-crc-disable-gc-gc0-test_script-failslab-2185: PASS
2025-08-12 04:53:57,864 avocado.test INFO | More information in /root/avocado/job-results/job-2025-08-12T03.48-c19f475/test-results/10-._pcache.py_PcacheTest.test_run-cache_mode-writeback-crc-disable-gc-gc0-test_script-failslab-2185
2025-08-12 04:53:57,907 avocado.core.task.statemachine DEBUG| Task "10-./pcache.py:PcacheTest.test;run-cache_mode-writeback-crc-disable-gc-gc0-test_script-failslab-2185" finished
2025-08-12 04:53:57,907 avocado.core.task.statemachine DEBUG| Task "11-./pcache.py:PcacheTest.test;run-cache_mode-writeback-crc-disable-gc-gc0-test_script-fail_make_request-82af": requested -> triaging
2025-08-12 04:53:57,907 avocado.core.task.statemachine DEBUG| Task "11-./pcache.py:PcacheTest.test;run-cache_mode-writeback-crc-disable-gc-gc0-test_script-fail_make_request-82af": requirements OK (will proceed to check dependencies)
2025-08-12 04:53:57,908 avocado.core.task.statemachine DEBUG| Task "11-./pcache.py:PcacheTest.test;run-cache_mode-writeback-crc-disable-gc-gc0-test_script-fail_make_request-82af": about to be spawned with "<avocado.plugins.spawners.process.ProcessSpawner object at 0x7fe2d9d51a90>"
2025-08-12 04:53:57,911 avocado.core.task.statemachine DEBUG| Task "11-./pcache.py:PcacheTest.test;run-cache_mode-writeback-crc-disable-gc-gc0-test_script-fail_make_request-82af": spawned successfully
2025-08-12 04:53:58,507 avocado.core.status.repo DEBUG| Task "11-./pcache.py:PcacheTest.test;run-cache_mode-writeback-crc-disable-gc-gc0-test_script-fail_make_request-82af" started message: "{'status': 'started', 'time': 5843.674765353, 'output_dir': '/root/avocado/job-results/job-2025-08-12T03.48-c19f475/test-results/11-._pcache.py_PcacheTest.test_run-cache_mode-writeback-crc-disable-gc-gc0-test_script-fail_make_request-82af', 'id': '11-./pcache.py:PcacheTest.test;run-cache_mode-writeback-crc-disable-gc-gc0-test_script-fail_make_request-82af'}"
2025-08-12 04:53:58,522 avocado.test INFO | ./pcache.py:PcacheTest.test;run-cache_mode-writeback-crc-disable-gc-gc0-test_script-fail_make_request-82af: STARTED
2025-08-12 04:54:02,533 avocado.core.status.repo DEBUG| Task "11-./pcache.py:PcacheTest.test;run-cache_mode-writeback-crc-disable-gc-gc0-test_script-fail_make_request-82af" finished message: "{'result': 'pass', 'status': 'finished', 'time': 5847.599007403}"
2025-08-12 04:54:02,633 avocado.test INFO | ./pcache.py:PcacheTest.test;run-cache_mode-writeback-crc-disable-gc-gc0-test_script-fail_make_request-82af: PASS
2025-08-12 04:54:02,634 avocado.test INFO | More information in /root/avocado/job-results/job-2025-08-12T03.48-c19f475/test-results/11-._pcache.py_PcacheTest.test_run-cache_mode-writeback-crc-disable-gc-gc0-test_script-fail_make_request-82af
2025-08-12 04:54:02,634 avocado.core.task.statemachine DEBUG| Task "11-./pcache.py:PcacheTest.test;run-cache_mode-writeback-crc-disable-gc-gc0-test_script-fail_make_request-82af" finished
2025-08-12 04:54:02,635 avocado.core.task.statemachine DEBUG| Task "12-./pcache.py:PcacheTest.test;run-cache_mode-writeback-crc-disable-gc-gc0-test_script-recreate_loop-b112": requested -> triaging
2025-08-12 04:54:02,635 avocado.core.task.statemachine DEBUG| Task "12-./pcache.py:PcacheTest.test;run-cache_mode-writeback-crc-disable-gc-gc0-test_script-recreate_loop-b112": requirements OK (will proceed to check dependencies)
2025-08-12 04:54:02,635 avocado.core.task.statemachine DEBUG| Task "12-./pcache.py:PcacheTest.test;run-cache_mode-writeback-crc-disable-gc-gc0-test_script-recreate_loop-b112": about to be spawned with "<avocado.plugins.spawners.process.ProcessSpawner object at 0x7fe2d9d51a90>"
2025-08-12 04:54:02,638 avocado.core.task.statemachine DEBUG| Task "12-./pcache.py:PcacheTest.test;run-cache_mode-writeback-crc-disable-gc-gc0-test_script-recreate_loop-b112": spawned successfully
2025-08-12 04:54:02,938 avocado.core.status.repo DEBUG| Task "12-./pcache.py:PcacheTest.test;run-cache_mode-writeback-crc-disable-gc-gc0-test_script-recreate_loop-b112" started message: "{'status': 'started', 'time': 5848.106300309, 'output_dir': '/root/avocado/job-results/job-2025-08-12T03.48-c19f475/test-results/12-._pcache.py_PcacheTest.test_run-cache_mode-writeback-crc-disable-gc-gc0-test_script-recreate_loop-b112', 'id': '12-./pcache.py:PcacheTest.test;run-cache_mode-writeback-crc-disable-gc-gc0-test_script-recreate_loop-b112'}"
2025-08-12 04:54:02,988 avocado.test INFO | ./pcache.py:PcacheTest.test;run-cache_mode-writeback-crc-disable-gc-gc0-test_script-recreate_loop-b112: STARTED
2025-08-12 04:56:01,294 avocado.core.status.repo DEBUG| Task "12-./pcache.py:PcacheTest.test;run-cache_mode-writeback-crc-disable-gc-gc0-test_script-recreate_loop-b112" finished message: "{'result': 'pass', 'status': 'finished', 'time': 5966.363499989}"
2025-08-12 04:56:01,363 avocado.test INFO | ./pcache.py:PcacheTest.test;run-cache_mode-writeback-crc-disable-gc-gc0-test_script-recreate_loop-b112: PASS
2025-08-12 04:56:01,363 avocado.test INFO | More information in /root/avocado/job-results/job-2025-08-12T03.48-c19f475/test-results/12-._pcache.py_PcacheTest.test_run-cache_mode-writeback-crc-disable-gc-gc0-test_script-recreate_loop-b112
2025-08-12 04:56:01,458 avocado.core.task.statemachine DEBUG| Task "12-./pcache.py:PcacheTest.test;run-cache_mode-writeback-crc-disable-gc-gc0-test_script-recreate_loop-b112" finished
2025-08-12 04:56:01,459 avocado.core.task.statemachine DEBUG| Task "13-./pcache.py:PcacheTest.test;run-cache_mode-writeback-crc-enable-gc-gc80-test_script-default-c536": requested -> triaging
2025-08-12 04:56:01,459 avocado.core.task.statemachine DEBUG| Task "13-./pcache.py:PcacheTest.test;run-cache_mode-writeback-crc-enable-gc-gc80-test_script-default-c536": requirements OK (will proceed to check dependencies)
2025-08-12 04:56:01,459 avocado.core.task.statemachine DEBUG| Task "13-./pcache.py:PcacheTest.test;run-cache_mode-writeback-crc-enable-gc-gc80-test_script-default-c536": about to be spawned with "<avocado.plugins.spawners.process.ProcessSpawner object at 0x7fe2d9d51a90>"
2025-08-12 04:56:01,465 avocado.core.task.statemachine DEBUG| Task "13-./pcache.py:PcacheTest.test;run-cache_mode-writeback-crc-enable-gc-gc80-test_script-default-c536": spawned successfully
2025-08-12 04:56:02,149 avocado.core.status.repo DEBUG| Task "13-./pcache.py:PcacheTest.test;run-cache_mode-writeback-crc-enable-gc-gc80-test_script-default-c536" started message: "{'status': 'started', 'time': 5967.316042275, 'output_dir': '/root/avocado/job-results/job-2025-08-12T03.48-c19f475/test-results/13-._pcache.py_PcacheTest.test_run-cache_mode-writeback-crc-enable-gc-gc80-test_script-default-c536', 'id': '13-./pcache.py:PcacheTest.test;run-cache_mode-writeback-crc-enable-gc-gc80-test_script-default-c536'}"
2025-08-12 04:56:02,172 avocado.test INFO | ./pcache.py:PcacheTest.test;run-cache_mode-writeback-crc-enable-gc-gc80-test_script-default-c536: STARTED
2025-08-12 04:56:03,444 avocado.core.status.repo DEBUG| Task "13-./pcache.py:PcacheTest.test;run-cache_mode-writeback-crc-enable-gc-gc80-test_script-default-c536" finished message: "{'result': 'pass', 'status': 'finished', 'time': 5968.513624428}"
2025-08-12 04:56:03,506 avocado.test INFO | ./pcache.py:PcacheTest.test;run-cache_mode-writeback-crc-enable-gc-gc80-test_script-default-c536: PASS
2025-08-12 04:56:03,506 avocado.test INFO | More information in /root/avocado/job-results/job-2025-08-12T03.48-c19f475/test-results/13-._pcache.py_PcacheTest.test_run-cache_mode-writeback-crc-enable-gc-gc80-test_script-default-c536
2025-08-12 04:56:03,591 avocado.core.task.statemachine DEBUG| Task "13-./pcache.py:PcacheTest.test;run-cache_mode-writeback-crc-enable-gc-gc80-test_script-default-c536" finished
2025-08-12 04:56:03,592 avocado.core.task.statemachine DEBUG| Task "14-./pcache.py:PcacheTest.test;run-cache_mode-writeback-crc-enable-gc-gc80-test_script-xfstests-2a2a": requested -> triaging
2025-08-12 04:56:03,592 avocado.core.task.statemachine DEBUG| Task "14-./pcache.py:PcacheTest.test;run-cache_mode-writeback-crc-enable-gc-gc80-test_script-xfstests-2a2a": requirements OK (will proceed to check dependencies)
2025-08-12 04:56:03,592 avocado.core.task.statemachine DEBUG| Task "14-./pcache.py:PcacheTest.test;run-cache_mode-writeback-crc-enable-gc-gc80-test_script-xfstests-2a2a": about to be spawned with "<avocado.plugins.spawners.process.ProcessSpawner object at 0x7fe2d9d51a90>"
2025-08-12 04:56:03,595 avocado.core.task.statemachine DEBUG| Task "14-./pcache.py:PcacheTest.test;run-cache_mode-writeback-crc-enable-gc-gc80-test_script-xfstests-2a2a": spawned successfully
2025-08-12 04:56:03,945 avocado.core.status.repo DEBUG| Task "14-./pcache.py:PcacheTest.test;run-cache_mode-writeback-crc-enable-gc-gc80-test_script-xfstests-2a2a" started message: "{'status': 'started', 'time': 5969.113262893, 'output_dir': '/root/avocado/job-results/job-2025-08-12T03.48-c19f475/test-results/14-._pcache.py_PcacheTest.test_run-cache_mode-writeback-crc-enable-gc-gc80-test_script-xfstests-2a2a', 'id': '14-./pcache.py:PcacheTest.test;run-cache_mode-writeback-crc-enable-gc-gc80-test_script-xfstests-2a2a'}"
2025-08-12 04:56:03,959 avocado.test INFO | ./pcache.py:PcacheTest.test;run-cache_mode-writeback-crc-enable-gc-gc80-test_script-xfstests-2a2a: STARTED
2025-08-12 05:25:46,816 avocado.core.status.repo DEBUG| Task "14-./pcache.py:PcacheTest.test;run-cache_mode-writeback-crc-enable-gc-gc80-test_script-xfstests-2a2a" finished message: "{'result': 'pass', 'status': 'finished', 'time': 7751.938525623}"
2025-08-12 05:25:46,879 avocado.test INFO | ./pcache.py:PcacheTest.test;run-cache_mode-writeback-crc-enable-gc-gc80-test_script-xfstests-2a2a: PASS
2025-08-12 05:25:46,879 avocado.test INFO | More information in /root/avocado/job-results/job-2025-08-12T03.48-c19f475/test-results/14-._pcache.py_PcacheTest.test_run-cache_mode-writeback-crc-enable-gc-gc80-test_script-xfstests-2a2a
2025-08-12 05:25:47,039 avocado.core.task.statemachine DEBUG| Task "14-./pcache.py:PcacheTest.test;run-cache_mode-writeback-crc-enable-gc-gc80-test_script-xfstests-2a2a" finished
2025-08-12 05:25:47,039 avocado.core.task.statemachine DEBUG| Task "15-./pcache.py:PcacheTest.test;run-cache_mode-writeback-crc-enable-gc-gc80-test_script-misc-8afb": requested -> triaging
2025-08-12 05:25:47,039 avocado.core.task.statemachine DEBUG| Task "15-./pcache.py:PcacheTest.test;run-cache_mode-writeback-crc-enable-gc-gc80-test_script-misc-8afb": requirements OK (will proceed to check dependencies)
2025-08-12 05:25:47,040 avocado.core.task.statemachine DEBUG| Task "15-./pcache.py:PcacheTest.test;run-cache_mode-writeback-crc-enable-gc-gc80-test_script-misc-8afb": about to be spawned with "<avocado.plugins.spawners.process.ProcessSpawner object at 0x7fe2d9d51a90>"
2025-08-12 05:25:47,076 avocado.core.task.statemachine DEBUG| Task "15-./pcache.py:PcacheTest.test;run-cache_mode-writeback-crc-enable-gc-gc80-test_script-misc-8afb": spawned successfully
2025-08-12 05:25:54,575 avocado.core.status.repo DEBUG| Task "15-./pcache.py:PcacheTest.test;run-cache_mode-writeback-crc-enable-gc-gc80-test_script-misc-8afb" started message: "{'status': 'started', 'time': 7759.742315771, 'output_dir': '/root/avocado/job-results/job-2025-08-12T03.48-c19f475/test-results/15-._pcache.py_PcacheTest.test_run-cache_mode-writeback-crc-enable-gc-gc80-test_script-misc-8afb', 'id': '15-./pcache.py:PcacheTest.test;run-cache_mode-writeback-crc-enable-gc-gc80-test_script-misc-8afb'}"
2025-08-12 05:25:54,590 avocado.test INFO | ./pcache.py:PcacheTest.test;run-cache_mode-writeback-crc-enable-gc-gc80-test_script-misc-8afb: STARTED
2025-08-12 05:27:09,574 avocado.core.status.repo DEBUG| Task "15-./pcache.py:PcacheTest.test;run-cache_mode-writeback-crc-enable-gc-gc80-test_script-misc-8afb" finished message: "{'result': 'pass', 'status': 'finished', 'time': 7834.662336305}"
2025-08-12 05:27:09,624 avocado.test INFO | ./pcache.py:PcacheTest.test;run-cache_mode-writeback-crc-enable-gc-gc80-test_script-misc-8afb: PASS
2025-08-12 05:27:09,625 avocado.test INFO | More information in /root/avocado/job-results/job-2025-08-12T03.48-c19f475/test-results/15-._pcache.py_PcacheTest.test_run-cache_mode-writeback-crc-enable-gc-gc80-test_script-misc-8afb
2025-08-12 05:27:09,702 avocado.core.task.statemachine DEBUG| Task "15-./pcache.py:PcacheTest.test;run-cache_mode-writeback-crc-enable-gc-gc80-test_script-misc-8afb" finished
2025-08-12 05:27:09,702 avocado.core.task.statemachine DEBUG| Task "16-./pcache.py:PcacheTest.test;run-cache_mode-writeback-crc-enable-gc-gc80-test_script-failslab-359e": requested -> triaging
2025-08-12 05:27:09,703 avocado.core.task.statemachine DEBUG| Task "16-./pcache.py:PcacheTest.test;run-cache_mode-writeback-crc-enable-gc-gc80-test_script-failslab-359e": requirements OK (will proceed to check dependencies)
2025-08-12 05:27:09,703 avocado.core.task.statemachine DEBUG| Task "16-./pcache.py:PcacheTest.test;run-cache_mode-writeback-crc-enable-gc-gc80-test_script-failslab-359e": about to be spawned with "<avocado.plugins.spawners.process.ProcessSpawner object at 0x7fe2d9d51a90>"
2025-08-12 05:27:09,706 avocado.core.task.statemachine DEBUG| Task "16-./pcache.py:PcacheTest.test;run-cache_mode-writeback-crc-enable-gc-gc80-test_script-failslab-359e": spawned successfully
2025-08-12 05:27:10,050 avocado.core.status.repo DEBUG| Task "16-./pcache.py:PcacheTest.test;run-cache_mode-writeback-crc-enable-gc-gc80-test_script-failslab-359e" started message: "{'status': 'started', 'time': 7835.218843621, 'output_dir': '/root/avocado/job-results/job-2025-08-12T03.48-c19f475/test-results/16-._pcache.py_PcacheTest.test_run-cache_mode-writeback-crc-enable-gc-gc80-test_script-failslab-359e', 'id': '16-./pcache.py:PcacheTest.test;run-cache_mode-writeback-crc-enable-gc-gc80-test_script-failslab-359e'}"
2025-08-12 05:27:10,079 avocado.test INFO | ./pcache.py:PcacheTest.test;run-cache_mode-writeback-crc-enable-gc-gc80-test_script-failslab-359e: STARTED
2025-08-12 05:27:54,490 avocado.core.status.repo DEBUG| Task "16-./pcache.py:PcacheTest.test;run-cache_mode-writeback-crc-enable-gc-gc80-test_script-failslab-359e" finished message: "{'result': 'pass', 'status': 'finished', 'time': 7879.561038157}"
2025-08-12 05:27:54,554 avocado.test INFO | ./pcache.py:PcacheTest.test;run-cache_mode-writeback-crc-enable-gc-gc80-test_script-failslab-359e: PASS
2025-08-12 05:27:54,554 avocado.test INFO | More information in /root/avocado/job-results/job-2025-08-12T03.48-c19f475/test-results/16-._pcache.py_PcacheTest.test_run-cache_mode-writeback-crc-enable-gc-gc80-test_script-failslab-359e
2025-08-12 05:27:54,617 avocado.core.task.statemachine DEBUG| Task "16-./pcache.py:PcacheTest.test;run-cache_mode-writeback-crc-enable-gc-gc80-test_script-failslab-359e" finished
2025-08-12 05:27:54,617 avocado.core.task.statemachine DEBUG| Task "17-./pcache.py:PcacheTest.test;run-cache_mode-writeback-crc-enable-gc-gc80-test_script-fail_make_request-a549": requested -> triaging
2025-08-12 05:27:54,617 avocado.core.task.statemachine DEBUG| Task "17-./pcache.py:PcacheTest.test;run-cache_mode-writeback-crc-enable-gc-gc80-test_script-fail_make_request-a549": requirements OK (will proceed to check dependencies)
2025-08-12 05:27:54,617 avocado.core.task.statemachine DEBUG| Task "17-./pcache.py:PcacheTest.test;run-cache_mode-writeback-crc-enable-gc-gc80-test_script-fail_make_request-a549": about to be spawned with "<avocado.plugins.spawners.process.ProcessSpawner object at 0x7fe2d9d51a90>"
2025-08-12 05:27:54,620 avocado.core.task.statemachine DEBUG| Task "17-./pcache.py:PcacheTest.test;run-cache_mode-writeback-crc-enable-gc-gc80-test_script-fail_make_request-a549": spawned successfully
2025-08-12 05:27:54,961 avocado.core.status.repo DEBUG| Task "17-./pcache.py:PcacheTest.test;run-cache_mode-writeback-crc-enable-gc-gc80-test_script-fail_make_request-a549" started message: "{'status': 'started', 'time': 7880.130023537, 'output_dir': '/root/avocado/job-results/job-2025-08-12T03.48-c19f475/test-results/17-._pcache.py_PcacheTest.test_run-cache_mode-writeback-crc-enable-gc-gc80-test_script-fail_make_request-a549', 'id': '17-./pcache.py:PcacheTest.test;run-cache_mode-writeback-crc-enable-gc-gc80-test_script-fail_make_request-a549'}"
2025-08-12 05:27:55,008 avocado.test INFO | ./pcache.py:PcacheTest.test;run-cache_mode-writeback-crc-enable-gc-gc80-test_script-fail_make_request-a549: STARTED
2025-08-12 05:27:59,355 avocado.core.status.repo DEBUG| Task "17-./pcache.py:PcacheTest.test;run-cache_mode-writeback-crc-enable-gc-gc80-test_script-fail_make_request-a549" finished message: "{'result': 'pass', 'status': 'finished', 'time': 7884.425690079}"
2025-08-12 05:27:59,452 avocado.test INFO | ./pcache.py:PcacheTest.test;run-cache_mode-writeback-crc-enable-gc-gc80-test_script-fail_make_request-a549: PASS
2025-08-12 05:27:59,452 avocado.test INFO | More information in /root/avocado/job-results/job-2025-08-12T03.48-c19f475/test-results/17-._pcache.py_PcacheTest.test_run-cache_mode-writeback-crc-enable-gc-gc80-test_script-fail_make_request-a549
2025-08-12 05:27:59,477 avocado.core.task.statemachine DEBUG| Task "17-./pcache.py:PcacheTest.test;run-cache_mode-writeback-crc-enable-gc-gc80-test_script-fail_make_request-a549" finished
2025-08-12 05:27:59,477 avocado.core.task.statemachine DEBUG| Task "18-./pcache.py:PcacheTest.test;run-cache_mode-writeback-crc-enable-gc-gc80-test_script-recreate_loop-7be3": requested -> triaging
2025-08-12 05:27:59,478 avocado.core.task.statemachine DEBUG| Task "18-./pcache.py:PcacheTest.test;run-cache_mode-writeback-crc-enable-gc-gc80-test_script-recreate_loop-7be3": requirements OK (will proceed to check dependencies)
2025-08-12 05:27:59,478 avocado.core.task.statemachine DEBUG| Task "18-./pcache.py:PcacheTest.test;run-cache_mode-writeback-crc-enable-gc-gc80-test_script-recreate_loop-7be3": about to be spawned with "<avocado.plugins.spawners.process.ProcessSpawner object at 0x7fe2d9d51a90>"
2025-08-12 05:27:59,481 avocado.core.task.statemachine DEBUG| Task "18-./pcache.py:PcacheTest.test;run-cache_mode-writeback-crc-enable-gc-gc80-test_script-recreate_loop-7be3": spawned successfully
2025-08-12 05:27:59,867 avocado.core.status.repo DEBUG| Task "18-./pcache.py:PcacheTest.test;run-cache_mode-writeback-crc-enable-gc-gc80-test_script-recreate_loop-7be3" started message: "{'status': 'started', 'time': 7885.035423694, 'output_dir': '/root/avocado/job-results/job-2025-08-12T03.48-c19f475/test-results/18-._pcache.py_PcacheTest.test_run-cache_mode-writeback-crc-enable-gc-gc80-test_script-recreate_loop-7be3', 'id': '18-./pcache.py:PcacheTest.test;run-cache_mode-writeback-crc-enable-gc-gc80-test_script-recreate_loop-7be3'}"
2025-08-12 05:27:59,907 avocado.test INFO | ./pcache.py:PcacheTest.test;run-cache_mode-writeback-crc-enable-gc-gc80-test_script-recreate_loop-7be3: STARTED
2025-08-12 05:29:56,307 avocado.core.status.repo DEBUG| Task "18-./pcache.py:PcacheTest.test;run-cache_mode-writeback-crc-enable-gc-gc80-test_script-recreate_loop-7be3" finished message: "{'result': 'pass', 'status': 'finished', 'time': 8001.3678296}"
2025-08-12 05:29:56,357 avocado.test INFO | ./pcache.py:PcacheTest.test;run-cache_mode-writeback-crc-enable-gc-gc80-test_script-recreate_loop-7be3: PASS
2025-08-12 05:29:56,357 avocado.test INFO | More information in /root/avocado/job-results/job-2025-08-12T03.48-c19f475/test-results/18-._pcache.py_PcacheTest.test_run-cache_mode-writeback-crc-enable-gc-gc80-test_script-recreate_loop-7be3
2025-08-12 05:29:56,441 avocado.core.task.statemachine DEBUG| Task "18-./pcache.py:PcacheTest.test;run-cache_mode-writeback-crc-enable-gc-gc80-test_script-recreate_loop-7be3" finished
2025-08-12 05:29:56,441 avocado.core.task.statemachine DEBUG| Task "19-./pcache.py:PcacheTest.test;run-cache_mode-writeback-crc-disable-gc-gc80-test_script-default-0742": requested -> triaging
2025-08-12 05:29:56,441 avocado.core.task.statemachine DEBUG| Task "19-./pcache.py:PcacheTest.test;run-cache_mode-writeback-crc-disable-gc-gc80-test_script-default-0742": requirements OK (will proceed to check dependencies)
2025-08-12 05:29:56,442 avocado.core.task.statemachine DEBUG| Task "19-./pcache.py:PcacheTest.test;run-cache_mode-writeback-crc-disable-gc-gc80-test_script-default-0742": about to be spawned with "<avocado.plugins.spawners.process.ProcessSpawner object at 0x7fe2d9d51a90>"
2025-08-12 05:29:56,447 avocado.core.task.statemachine DEBUG| Task "19-./pcache.py:PcacheTest.test;run-cache_mode-writeback-crc-disable-gc-gc80-test_script-default-0742": spawned successfully
2025-08-12 05:29:57,135 avocado.core.status.repo DEBUG| Task "19-./pcache.py:PcacheTest.test;run-cache_mode-writeback-crc-disable-gc-gc80-test_script-default-0742" started message: "{'status': 'started', 'time': 8002.302095966, 'output_dir': '/root/avocado/job-results/job-2025-08-12T03.48-c19f475/test-results/19-._pcache.py_PcacheTest.test_run-cache_mode-writeback-crc-disable-gc-gc80-test_script-default-0742', 'id': '19-./pcache.py:PcacheTest.test;run-cache_mode-writeback-crc-disable-gc-gc80-test_script-default-0742'}"
2025-08-12 05:29:57,165 avocado.test INFO | ./pcache.py:PcacheTest.test;run-cache_mode-writeback-crc-disable-gc-gc80-test_script-default-0742: STARTED
2025-08-12 05:29:58,457 avocado.core.status.repo DEBUG| Task "19-./pcache.py:PcacheTest.test;run-cache_mode-writeback-crc-disable-gc-gc80-test_script-default-0742" finished message: "{'result': 'pass', 'status': 'finished', 'time': 8003.523970918}"
2025-08-12 05:29:58,534 avocado.test INFO | ./pcache.py:PcacheTest.test;run-cache_mode-writeback-crc-disable-gc-gc80-test_script-default-0742: PASS
2025-08-12 05:29:58,534 avocado.test INFO | More information in /root/avocado/job-results/job-2025-08-12T03.48-c19f475/test-results/19-._pcache.py_PcacheTest.test_run-cache_mode-writeback-crc-disable-gc-gc80-test_script-default-0742
2025-08-12 05:29:58,624 avocado.core.task.statemachine DEBUG| Task "19-./pcache.py:PcacheTest.test;run-cache_mode-writeback-crc-disable-gc-gc80-test_script-default-0742" finished
2025-08-12 05:29:58,624 avocado.core.task.statemachine DEBUG| Task "20-./pcache.py:PcacheTest.test;run-cache_mode-writeback-crc-disable-gc-gc80-test_script-xfstests-7d1f": requested -> triaging
2025-08-12 05:29:58,624 avocado.core.task.statemachine DEBUG| Task "20-./pcache.py:PcacheTest.test;run-cache_mode-writeback-crc-disable-gc-gc80-test_script-xfstests-7d1f": requirements OK (will proceed to check dependencies)
2025-08-12 05:29:58,625 avocado.core.task.statemachine DEBUG| Task "20-./pcache.py:PcacheTest.test;run-cache_mode-writeback-crc-disable-gc-gc80-test_script-xfstests-7d1f": about to be spawned with "<avocado.plugins.spawners.process.ProcessSpawner object at 0x7fe2d9d51a90>"
2025-08-12 05:29:58,628 avocado.core.task.statemachine DEBUG| Task "20-./pcache.py:PcacheTest.test;run-cache_mode-writeback-crc-disable-gc-gc80-test_script-xfstests-7d1f": spawned successfully
2025-08-12 05:29:58,973 avocado.core.status.repo DEBUG| Task "20-./pcache.py:PcacheTest.test;run-cache_mode-writeback-crc-disable-gc-gc80-test_script-xfstests-7d1f" started message: "{'status': 'started', 'time': 8004.140810742, 'output_dir': '/root/avocado/job-results/job-2025-08-12T03.48-c19f475/test-results/20-._pcache.py_PcacheTest.test_run-cache_mode-writeback-crc-disable-gc-gc80-test_script-xfstests-7d1f', 'id': '20-./pcache.py:PcacheTest.test;run-cache_mode-writeback-crc-disable-gc-gc80-test_script-xfstests-7d1f'}"
2025-08-12 05:29:58,989 avocado.test INFO | ./pcache.py:PcacheTest.test;run-cache_mode-writeback-crc-disable-gc-gc80-test_script-xfstests-7d1f: STARTED
2025-08-12 05:59:10,477 avocado.core.status.repo DEBUG| Task "20-./pcache.py:PcacheTest.test;run-cache_mode-writeback-crc-disable-gc-gc80-test_script-xfstests-7d1f" finished message: "{'result': 'pass', 'status': 'finished', 'time': 9755.588390095}"
2025-08-12 05:59:10,537 avocado.test INFO | ./pcache.py:PcacheTest.test;run-cache_mode-writeback-crc-disable-gc-gc80-test_script-xfstests-7d1f: PASS
2025-08-12 05:59:10,537 avocado.test INFO | More information in /root/avocado/job-results/job-2025-08-12T03.48-c19f475/test-results/20-._pcache.py_PcacheTest.test_run-cache_mode-writeback-crc-disable-gc-gc80-test_script-xfstests-7d1f
2025-08-12 05:59:10,689 avocado.core.task.statemachine DEBUG| Task "20-./pcache.py:PcacheTest.test;run-cache_mode-writeback-crc-disable-gc-gc80-test_script-xfstests-7d1f" finished
2025-08-12 05:59:10,689 avocado.core.task.statemachine DEBUG| Task "21-./pcache.py:PcacheTest.test;run-cache_mode-writeback-crc-disable-gc-gc80-test_script-misc-c3b8": requested -> triaging
2025-08-12 05:59:10,689 avocado.core.task.statemachine DEBUG| Task "21-./pcache.py:PcacheTest.test;run-cache_mode-writeback-crc-disable-gc-gc80-test_script-misc-c3b8": requirements OK (will proceed to check dependencies)
2025-08-12 05:59:10,690 avocado.core.task.statemachine DEBUG| Task "21-./pcache.py:PcacheTest.test;run-cache_mode-writeback-crc-disable-gc-gc80-test_script-misc-c3b8": about to be spawned with "<avocado.plugins.spawners.process.ProcessSpawner object at 0x7fe2d9d51a90>"
2025-08-12 05:59:10,726 avocado.core.task.statemachine DEBUG| Task "21-./pcache.py:PcacheTest.test;run-cache_mode-writeback-crc-disable-gc-gc80-test_script-misc-c3b8": spawned successfully
2025-08-12 05:59:18,484 avocado.core.status.repo DEBUG| Task "21-./pcache.py:PcacheTest.test;run-cache_mode-writeback-crc-disable-gc-gc80-test_script-misc-c3b8" started message: "{'status': 'started', 'time': 9763.650590454, 'output_dir': '/root/avocado/job-results/job-2025-08-12T03.48-c19f475/test-results/21-._pcache.py_PcacheTest.test_run-cache_mode-writeback-crc-disable-gc-gc80-test_script-misc-c3b8', 'id': '21-./pcache.py:PcacheTest.test;run-cache_mode-writeback-crc-disable-gc-gc80-test_script-misc-c3b8'}"
2025-08-12 05:59:18,488 avocado.test INFO | ./pcache.py:PcacheTest.test;run-cache_mode-writeback-crc-disable-gc-gc80-test_script-misc-c3b8: STARTED
2025-08-12 06:00:36,600 avocado.core.status.repo DEBUG| Task "21-./pcache.py:PcacheTest.test;run-cache_mode-writeback-crc-disable-gc-gc80-test_script-misc-c3b8" finished message: "{'result': 'pass', 'status': 'finished', 'time': 9841.690695152}"
2025-08-12 06:00:36,641 avocado.test INFO | ./pcache.py:PcacheTest.test;run-cache_mode-writeback-crc-disable-gc-gc80-test_script-misc-c3b8: PASS
2025-08-12 06:00:36,641 avocado.test INFO | More information in /root/avocado/job-results/job-2025-08-12T03.48-c19f475/test-results/21-._pcache.py_PcacheTest.test_run-cache_mode-writeback-crc-disable-gc-gc80-test_script-misc-c3b8
2025-08-12 06:00:36,725 avocado.core.task.statemachine DEBUG| Task "21-./pcache.py:PcacheTest.test;run-cache_mode-writeback-crc-disable-gc-gc80-test_script-misc-c3b8" finished
2025-08-12 06:00:36,726 avocado.core.task.statemachine DEBUG| Task "22-./pcache.py:PcacheTest.test;run-cache_mode-writeback-crc-disable-gc-gc80-test_script-failslab-cc2c": requested -> triaging
2025-08-12 06:00:36,726 avocado.core.task.statemachine DEBUG| Task "22-./pcache.py:PcacheTest.test;run-cache_mode-writeback-crc-disable-gc-gc80-test_script-failslab-cc2c": requirements OK (will proceed to check dependencies)
2025-08-12 06:00:36,726 avocado.core.task.statemachine DEBUG| Task "22-./pcache.py:PcacheTest.test;run-cache_mode-writeback-crc-disable-gc-gc80-test_script-failslab-cc2c": about to be spawned with "<avocado.plugins.spawners.process.ProcessSpawner object at 0x7fe2d9d51a90>"
2025-08-12 06:00:36,729 avocado.core.task.statemachine DEBUG| Task "22-./pcache.py:PcacheTest.test;run-cache_mode-writeback-crc-disable-gc-gc80-test_script-failslab-cc2c": spawned successfully
2025-08-12 06:00:37,073 avocado.core.status.repo DEBUG| Task "22-./pcache.py:PcacheTest.test;run-cache_mode-writeback-crc-disable-gc-gc80-test_script-failslab-cc2c" started message: "{'status': 'started', 'time': 9842.241039124, 'output_dir': '/root/avocado/job-results/job-2025-08-12T03.48-c19f475/test-results/22-._pcache.py_PcacheTest.test_run-cache_mode-writeback-crc-disable-gc-gc80-test_script-failslab-cc2c', 'id': '22-./pcache.py:PcacheTest.test;run-cache_mode-writeback-crc-disable-gc-gc80-test_script-failslab-cc2c'}"
2025-08-12 06:00:37,099 avocado.test INFO | ./pcache.py:PcacheTest.test;run-cache_mode-writeback-crc-disable-gc-gc80-test_script-failslab-cc2c: STARTED
2025-08-12 06:01:23,971 avocado.core.status.repo DEBUG| Task "22-./pcache.py:PcacheTest.test;run-cache_mode-writeback-crc-disable-gc-gc80-test_script-failslab-cc2c" finished message: "{'result': 'pass', 'status': 'finished', 'time': 9889.03821941}"
2025-08-12 06:01:23,988 avocado.test INFO | ./pcache.py:PcacheTest.test;run-cache_mode-writeback-crc-disable-gc-gc80-test_script-failslab-cc2c: PASS
2025-08-12 06:01:23,988 avocado.test INFO | More information in /root/avocado/job-results/job-2025-08-12T03.48-c19f475/test-results/22-._pcache.py_PcacheTest.test_run-cache_mode-writeback-crc-disable-gc-gc80-test_script-failslab-cc2c
2025-08-12 06:01:24,057 avocado.core.task.statemachine DEBUG| Task "22-./pcache.py:PcacheTest.test;run-cache_mode-writeback-crc-disable-gc-gc80-test_script-failslab-cc2c" finished
2025-08-12 06:01:24,057 avocado.core.task.statemachine DEBUG| Task "23-./pcache.py:PcacheTest.test;run-cache_mode-writeback-crc-disable-gc-gc80-test_script-fail_make_request-0fae": requested -> triaging
2025-08-12 06:01:24,057 avocado.core.task.statemachine DEBUG| Task "23-./pcache.py:PcacheTest.test;run-cache_mode-writeback-crc-disable-gc-gc80-test_script-fail_make_request-0fae": requirements OK (will proceed to check dependencies)
2025-08-12 06:01:24,057 avocado.core.task.statemachine DEBUG| Task "23-./pcache.py:PcacheTest.test;run-cache_mode-writeback-crc-disable-gc-gc80-test_script-fail_make_request-0fae": about to be spawned with "<avocado.plugins.spawners.process.ProcessSpawner object at 0x7fe2d9d51a90>"
2025-08-12 06:01:24,059 avocado.core.task.statemachine DEBUG| Task "23-./pcache.py:PcacheTest.test;run-cache_mode-writeback-crc-disable-gc-gc80-test_script-fail_make_request-0fae": spawned successfully
2025-08-12 06:01:24,420 avocado.core.status.repo DEBUG| Task "23-./pcache.py:PcacheTest.test;run-cache_mode-writeback-crc-disable-gc-gc80-test_script-fail_make_request-0fae" started message: "{'status': 'started', 'time': 9889.587792038, 'output_dir': '/root/avocado/job-results/job-2025-08-12T03.48-c19f475/test-results/23-._pcache.py_PcacheTest.test_run-cache_mode-writeback-crc-disable-gc-gc80-test_script-fail_make_request-0fae', 'id': '23-./pcache.py:PcacheTest.test;run-cache_mode-writeback-crc-disable-gc-gc80-test_script-fail_make_request-0fae'}"
2025-08-12 06:01:24,442 avocado.test INFO | ./pcache.py:PcacheTest.test;run-cache_mode-writeback-crc-disable-gc-gc80-test_script-fail_make_request-0fae: STARTED
2025-08-12 06:01:28,551 avocado.core.status.repo DEBUG| Task "23-./pcache.py:PcacheTest.test;run-cache_mode-writeback-crc-disable-gc-gc80-test_script-fail_make_request-0fae" finished message: "{'result': 'pass', 'status': 'finished', 'time': 9893.622344963}"
2025-08-12 06:01:28,652 avocado.test INFO | ./pcache.py:PcacheTest.test;run-cache_mode-writeback-crc-disable-gc-gc80-test_script-fail_make_request-0fae: PASS
2025-08-12 06:01:28,652 avocado.test INFO | More information in /root/avocado/job-results/job-2025-08-12T03.48-c19f475/test-results/23-._pcache.py_PcacheTest.test_run-cache_mode-writeback-crc-disable-gc-gc80-test_script-fail_make_request-0fae
2025-08-12 06:01:28,668 avocado.core.task.statemachine DEBUG| Task "23-./pcache.py:PcacheTest.test;run-cache_mode-writeback-crc-disable-gc-gc80-test_script-fail_make_request-0fae" finished
2025-08-12 06:01:28,668 avocado.core.task.statemachine DEBUG| Task "24-./pcache.py:PcacheTest.test;run-cache_mode-writeback-crc-disable-gc-gc80-test_script-recreate_loop-081f": requested -> triaging
2025-08-12 06:01:28,668 avocado.core.task.statemachine DEBUG| Task "24-./pcache.py:PcacheTest.test;run-cache_mode-writeback-crc-disable-gc-gc80-test_script-recreate_loop-081f": requirements OK (will proceed to check dependencies)
2025-08-12 06:01:28,669 avocado.core.task.statemachine DEBUG| Task "24-./pcache.py:PcacheTest.test;run-cache_mode-writeback-crc-disable-gc-gc80-test_script-recreate_loop-081f": about to be spawned with "<avocado.plugins.spawners.process.ProcessSpawner object at 0x7fe2d9d51a90>"
2025-08-12 06:01:28,672 avocado.core.task.statemachine DEBUG| Task "24-./pcache.py:PcacheTest.test;run-cache_mode-writeback-crc-disable-gc-gc80-test_script-recreate_loop-081f": spawned successfully
2025-08-12 06:01:29,012 avocado.core.status.repo DEBUG| Task "24-./pcache.py:PcacheTest.test;run-cache_mode-writeback-crc-disable-gc-gc80-test_script-recreate_loop-081f" started message: "{'status': 'started', 'time': 9894.180190049, 'output_dir': '/root/avocado/job-results/job-2025-08-12T03.48-c19f475/test-results/24-._pcache.py_PcacheTest.test_run-cache_mode-writeback-crc-disable-gc-gc80-test_script-recreate_loop-081f', 'id': '24-./pcache.py:PcacheTest.test;run-cache_mode-writeback-crc-disable-gc-gc80-test_script-recreate_loop-081f'}"
2025-08-12 06:01:29,059 avocado.test INFO | ./pcache.py:PcacheTest.test;run-cache_mode-writeback-crc-disable-gc-gc80-test_script-recreate_loop-081f: STARTED
2025-08-12 06:03:26,133 avocado.core.status.repo DEBUG| Task "24-./pcache.py:PcacheTest.test;run-cache_mode-writeback-crc-disable-gc-gc80-test_script-recreate_loop-081f" finished message: "{'result': 'pass', 'status': 'finished', 'time': 10011.204478166}"
2025-08-12 06:03:26,190 avocado.test INFO | ./pcache.py:PcacheTest.test;run-cache_mode-writeback-crc-disable-gc-gc80-test_script-recreate_loop-081f: PASS
2025-08-12 06:03:26,190 avocado.test INFO | More information in /root/avocado/job-results/job-2025-08-12T03.48-c19f475/test-results/24-._pcache.py_PcacheTest.test_run-cache_mode-writeback-crc-disable-gc-gc80-test_script-recreate_loop-081f
2025-08-12 06:03:26,289 avocado.core.task.statemachine DEBUG| Task "24-./pcache.py:PcacheTest.test;run-cache_mode-writeback-crc-disable-gc-gc80-test_script-recreate_loop-081f" finished
2025-08-12 06:03:26,289 avocado.core.task.statemachine DEBUG| Task "25-./pcache.py:PcacheTest.test;run-cache_mode-writethrough-crc-enable-gc-gc0-test_script-default-6023": requested -> triaging
2025-08-12 06:03:26,289 avocado.core.task.statemachine DEBUG| Task "25-./pcache.py:PcacheTest.test;run-cache_mode-writethrough-crc-enable-gc-gc0-test_script-default-6023": requirements OK (will proceed to check dependencies)
2025-08-12 06:03:26,289 avocado.core.task.statemachine DEBUG| Task "25-./pcache.py:PcacheTest.test;run-cache_mode-writethrough-crc-enable-gc-gc0-test_script-default-6023": about to be spawned with "<avocado.plugins.spawners.process.ProcessSpawner object at 0x7fe2d9d51a90>"
2025-08-12 06:03:26,296 avocado.core.task.statemachine DEBUG| Task "25-./pcache.py:PcacheTest.test;run-cache_mode-writethrough-crc-enable-gc-gc0-test_script-default-6023": spawned successfully
2025-08-12 06:03:26,734 avocado.core.status.repo DEBUG| Task "25-./pcache.py:PcacheTest.test;run-cache_mode-writethrough-crc-enable-gc-gc0-test_script-default-6023" started message: "{'status': 'started', 'time': 10011.901307378, 'output_dir': '/root/avocado/job-results/job-2025-08-12T03.48-c19f475/test-results/25-._pcache.py_PcacheTest.test_run-cache_mode-writethrough-crc-enable-gc-gc0-test_script-default-6023', 'id': '25-./pcache.py:PcacheTest.test;run-cache_mode-writethrough-crc-enable-gc-gc0-test_script-default-6023'}"
2025-08-12 06:03:26,751 avocado.test INFO | ./pcache.py:PcacheTest.test;run-cache_mode-writethrough-crc-enable-gc-gc0-test_script-default-6023: STARTED
2025-08-12 06:03:27,564 avocado.core.status.repo DEBUG| Task "25-./pcache.py:PcacheTest.test;run-cache_mode-writethrough-crc-enable-gc-gc0-test_script-default-6023" finished message: "{'result': 'pass', 'status': 'finished', 'time': 10012.629591746}"
2025-08-12 06:03:27,621 avocado.test INFO | ./pcache.py:PcacheTest.test;run-cache_mode-writethrough-crc-enable-gc-gc0-test_script-default-6023: PASS
2025-08-12 06:03:27,621 avocado.test INFO | More information in /root/avocado/job-results/job-2025-08-12T03.48-c19f475/test-results/25-._pcache.py_PcacheTest.test_run-cache_mode-writethrough-crc-enable-gc-gc0-test_script-default-6023
2025-08-12 06:03:27,706 avocado.core.task.statemachine DEBUG| Task "25-./pcache.py:PcacheTest.test;run-cache_mode-writethrough-crc-enable-gc-gc0-test_script-default-6023" finished
2025-08-12 06:03:27,706 avocado.core.task.statemachine DEBUG| Task "26-./pcache.py:PcacheTest.test;run-cache_mode-writethrough-crc-enable-gc-gc0-test_script-xfstests-32c1": requested -> triaging
2025-08-12 06:03:27,706 avocado.core.task.statemachine DEBUG| Task "26-./pcache.py:PcacheTest.test;run-cache_mode-writethrough-crc-enable-gc-gc0-test_script-xfstests-32c1": requirements OK (will proceed to check dependencies)
2025-08-12 06:03:27,706 avocado.core.task.statemachine DEBUG| Task "26-./pcache.py:PcacheTest.test;run-cache_mode-writethrough-crc-enable-gc-gc0-test_script-xfstests-32c1": about to be spawned with "<avocado.plugins.spawners.process.ProcessSpawner object at 0x7fe2d9d51a90>"
2025-08-12 06:03:27,709 avocado.core.task.statemachine DEBUG| Task "26-./pcache.py:PcacheTest.test;run-cache_mode-writethrough-crc-enable-gc-gc0-test_script-xfstests-32c1": spawned successfully
2025-08-12 06:03:28,018 avocado.core.status.repo DEBUG| Task "26-./pcache.py:PcacheTest.test;run-cache_mode-writethrough-crc-enable-gc-gc0-test_script-xfstests-32c1" started message: "{'status': 'started', 'time': 10013.186508033, 'output_dir': '/root/avocado/job-results/job-2025-08-12T03.48-c19f475/test-results/26-._pcache.py_PcacheTest.test_run-cache_mode-writethrough-crc-enable-gc-gc0-test_script-xfstests-32c1', 'id': '26-./pcache.py:PcacheTest.test;run-cache_mode-writethrough-crc-enable-gc-gc0-test_script-xfstests-32c1'}"
2025-08-12 06:03:28,027 avocado.test INFO | ./pcache.py:PcacheTest.test;run-cache_mode-writethrough-crc-enable-gc-gc0-test_script-xfstests-32c1: STARTED
2025-08-12 06:03:28,974 avocado.core.status.repo DEBUG| Task "26-./pcache.py:PcacheTest.test;run-cache_mode-writethrough-crc-enable-gc-gc0-test_script-xfstests-32c1" finished message: "{'result': 'pass', 'status': 'finished', 'time': 10014.042838445}"
2025-08-12 06:03:29,042 avocado.test INFO | ./pcache.py:PcacheTest.test;run-cache_mode-writethrough-crc-enable-gc-gc0-test_script-xfstests-32c1: PASS
2025-08-12 06:03:29,043 avocado.test INFO | More information in /root/avocado/job-results/job-2025-08-12T03.48-c19f475/test-results/26-._pcache.py_PcacheTest.test_run-cache_mode-writethrough-crc-enable-gc-gc0-test_script-xfstests-32c1
2025-08-12 06:03:29,128 avocado.core.task.statemachine DEBUG| Task "26-./pcache.py:PcacheTest.test;run-cache_mode-writethrough-crc-enable-gc-gc0-test_script-xfstests-32c1" finished
2025-08-12 06:03:29,128 avocado.core.task.statemachine DEBUG| Task "27-./pcache.py:PcacheTest.test;run-cache_mode-writethrough-crc-enable-gc-gc0-test_script-misc-53af": requested -> triaging
2025-08-12 06:03:29,129 avocado.core.task.statemachine DEBUG| Task "27-./pcache.py:PcacheTest.test;run-cache_mode-writethrough-crc-enable-gc-gc0-test_script-misc-53af": requirements OK (will proceed to check dependencies)
2025-08-12 06:03:29,129 avocado.core.task.statemachine DEBUG| Task "27-./pcache.py:PcacheTest.test;run-cache_mode-writethrough-crc-enable-gc-gc0-test_script-misc-53af": about to be spawned with "<avocado.plugins.spawners.process.ProcessSpawner object at 0x7fe2d9d51a90>"
2025-08-12 06:03:29,132 avocado.core.task.statemachine DEBUG| Task "27-./pcache.py:PcacheTest.test;run-cache_mode-writethrough-crc-enable-gc-gc0-test_script-misc-53af": spawned successfully
2025-08-12 06:03:29,477 avocado.core.status.repo DEBUG| Task "27-./pcache.py:PcacheTest.test;run-cache_mode-writethrough-crc-enable-gc-gc0-test_script-misc-53af" started message: "{'status': 'started', 'time': 10014.645763953, 'output_dir': '/root/avocado/job-results/job-2025-08-12T03.48-c19f475/test-results/27-._pcache.py_PcacheTest.test_run-cache_mode-writethrough-crc-enable-gc-gc0-test_script-misc-53af', 'id': '27-./pcache.py:PcacheTest.test;run-cache_mode-writethrough-crc-enable-gc-gc0-test_script-misc-53af'}"
2025-08-12 06:03:29,497 avocado.test INFO | ./pcache.py:PcacheTest.test;run-cache_mode-writethrough-crc-enable-gc-gc0-test_script-misc-53af: STARTED
2025-08-12 06:03:30,403 avocado.core.status.repo DEBUG| Task "27-./pcache.py:PcacheTest.test;run-cache_mode-writethrough-crc-enable-gc-gc0-test_script-misc-53af" finished message: "{'result': 'pass', 'status': 'finished', 'time': 10015.477812186}"
2025-08-12 06:03:30,468 avocado.test INFO | ./pcache.py:PcacheTest.test;run-cache_mode-writethrough-crc-enable-gc-gc0-test_script-misc-53af: PASS
2025-08-12 06:03:30,468 avocado.test INFO | More information in /root/avocado/job-results/job-2025-08-12T03.48-c19f475/test-results/27-._pcache.py_PcacheTest.test_run-cache_mode-writethrough-crc-enable-gc-gc0-test_script-misc-53af
2025-08-12 06:03:30,555 avocado.core.task.statemachine DEBUG| Task "27-./pcache.py:PcacheTest.test;run-cache_mode-writethrough-crc-enable-gc-gc0-test_script-misc-53af" finished
2025-08-12 06:03:30,556 avocado.core.task.statemachine DEBUG| Task "28-./pcache.py:PcacheTest.test;run-cache_mode-writethrough-crc-enable-gc-gc0-test_script-failslab-304c": requested -> triaging
2025-08-12 06:03:30,556 avocado.core.task.statemachine DEBUG| Task "28-./pcache.py:PcacheTest.test;run-cache_mode-writethrough-crc-enable-gc-gc0-test_script-failslab-304c": requirements OK (will proceed to check dependencies)
2025-08-12 06:03:30,556 avocado.core.task.statemachine DEBUG| Task "28-./pcache.py:PcacheTest.test;run-cache_mode-writethrough-crc-enable-gc-gc0-test_script-failslab-304c": about to be spawned with "<avocado.plugins.spawners.process.ProcessSpawner object at 0x7fe2d9d51a90>"
2025-08-12 06:03:30,559 avocado.core.task.statemachine DEBUG| Task "28-./pcache.py:PcacheTest.test;run-cache_mode-writethrough-crc-enable-gc-gc0-test_script-failslab-304c": spawned successfully
2025-08-12 06:03:30,900 avocado.core.status.repo DEBUG| Task "28-./pcache.py:PcacheTest.test;run-cache_mode-writethrough-crc-enable-gc-gc0-test_script-failslab-304c" started message: "{'status': 'started', 'time': 10016.06856038, 'output_dir': '/root/avocado/job-results/job-2025-08-12T03.48-c19f475/test-results/28-._pcache.py_PcacheTest.test_run-cache_mode-writethrough-crc-enable-gc-gc0-test_script-failslab-304c', 'id': '28-./pcache.py:PcacheTest.test;run-cache_mode-writethrough-crc-enable-gc-gc0-test_script-failslab-304c'}"
2025-08-12 06:03:30,924 avocado.test INFO | ./pcache.py:PcacheTest.test;run-cache_mode-writethrough-crc-enable-gc-gc0-test_script-failslab-304c: STARTED
2025-08-12 06:03:31,877 avocado.core.status.repo DEBUG| Task "28-./pcache.py:PcacheTest.test;run-cache_mode-writethrough-crc-enable-gc-gc0-test_script-failslab-304c" finished message: "{'result': 'pass', 'status': 'finished', 'time': 10016.949051104}"
2025-08-12 06:03:31,895 avocado.test INFO | ./pcache.py:PcacheTest.test;run-cache_mode-writethrough-crc-enable-gc-gc0-test_script-failslab-304c: PASS
2025-08-12 06:03:31,895 avocado.test INFO | More information in /root/avocado/job-results/job-2025-08-12T03.48-c19f475/test-results/28-._pcache.py_PcacheTest.test_run-cache_mode-writethrough-crc-enable-gc-gc0-test_script-failslab-304c
2025-08-12 06:03:31,969 avocado.core.task.statemachine DEBUG| Task "28-./pcache.py:PcacheTest.test;run-cache_mode-writethrough-crc-enable-gc-gc0-test_script-failslab-304c" finished
2025-08-12 06:03:31,969 avocado.core.task.statemachine DEBUG| Task "29-./pcache.py:PcacheTest.test;run-cache_mode-writethrough-crc-enable-gc-gc0-test_script-fail_make_request-6130": requested -> triaging
2025-08-12 06:03:31,969 avocado.core.task.statemachine DEBUG| Task "29-./pcache.py:PcacheTest.test;run-cache_mode-writethrough-crc-enable-gc-gc0-test_script-fail_make_request-6130": requirements OK (will proceed to check dependencies)
2025-08-12 06:03:31,969 avocado.core.task.statemachine DEBUG| Task "29-./pcache.py:PcacheTest.test;run-cache_mode-writethrough-crc-enable-gc-gc0-test_script-fail_make_request-6130": about to be spawned with "<avocado.plugins.spawners.process.ProcessSpawner object at 0x7fe2d9d51a90>"
2025-08-12 06:03:31,973 avocado.core.task.statemachine DEBUG| Task "29-./pcache.py:PcacheTest.test;run-cache_mode-writethrough-crc-enable-gc-gc0-test_script-fail_make_request-6130": spawned successfully
2025-08-12 06:03:32,530 avocado.core.status.repo DEBUG| Task "29-./pcache.py:PcacheTest.test;run-cache_mode-writethrough-crc-enable-gc-gc0-test_script-fail_make_request-6130" started message: "{'status': 'started', 'time': 10017.6954617, 'output_dir': '/root/avocado/job-results/job-2025-08-12T03.48-c19f475/test-results/29-._pcache.py_PcacheTest.test_run-cache_mode-writethrough-crc-enable-gc-gc0-test_script-fail_make_request-6130', 'id': '29-./pcache.py:PcacheTest.test;run-cache_mode-writethrough-crc-enable-gc-gc0-test_script-fail_make_request-6130'}"
2025-08-12 06:03:32,553 avocado.test INFO | ./pcache.py:PcacheTest.test;run-cache_mode-writethrough-crc-enable-gc-gc0-test_script-fail_make_request-6130: STARTED
2025-08-12 06:03:34,244 avocado.core.status.repo DEBUG| Task "29-./pcache.py:PcacheTest.test;run-cache_mode-writethrough-crc-enable-gc-gc0-test_script-fail_make_request-6130" finished message: "{'result': 'pass', 'status': 'finished', 'time': 10019.318359221}"
2025-08-12 06:03:34,305 avocado.test INFO | ./pcache.py:PcacheTest.test;run-cache_mode-writethrough-crc-enable-gc-gc0-test_script-fail_make_request-6130: PASS
2025-08-12 06:03:34,305 avocado.test INFO | More information in /root/avocado/job-results/job-2025-08-12T03.48-c19f475/test-results/29-._pcache.py_PcacheTest.test_run-cache_mode-writethrough-crc-enable-gc-gc0-test_script-fail_make_request-6130
2025-08-12 06:03:34,389 avocado.core.task.statemachine DEBUG| Task "29-./pcache.py:PcacheTest.test;run-cache_mode-writethrough-crc-enable-gc-gc0-test_script-fail_make_request-6130" finished
2025-08-12 06:03:34,389 avocado.core.task.statemachine DEBUG| Task "30-./pcache.py:PcacheTest.test;run-cache_mode-writethrough-crc-enable-gc-gc0-test_script-recreate_loop-5405": requested -> triaging
2025-08-12 06:03:34,389 avocado.core.task.statemachine DEBUG| Task "30-./pcache.py:PcacheTest.test;run-cache_mode-writethrough-crc-enable-gc-gc0-test_script-recreate_loop-5405": requirements OK (will proceed to check dependencies)
2025-08-12 06:03:34,389 avocado.core.task.statemachine DEBUG| Task "30-./pcache.py:PcacheTest.test;run-cache_mode-writethrough-crc-enable-gc-gc0-test_script-recreate_loop-5405": about to be spawned with "<avocado.plugins.spawners.process.ProcessSpawner object at 0x7fe2d9d51a90>"
2025-08-12 06:03:34,392 avocado.core.task.statemachine DEBUG| Task "30-./pcache.py:PcacheTest.test;run-cache_mode-writethrough-crc-enable-gc-gc0-test_script-recreate_loop-5405": spawned successfully
2025-08-12 06:03:35,001 avocado.core.status.repo DEBUG| Task "30-./pcache.py:PcacheTest.test;run-cache_mode-writethrough-crc-enable-gc-gc0-test_script-recreate_loop-5405" started message: "{'status': 'started', 'time': 10020.169043873, 'output_dir': '/root/avocado/job-results/job-2025-08-12T03.48-c19f475/test-results/30-._pcache.py_PcacheTest.test_run-cache_mode-writethrough-crc-enable-gc-gc0-test_script-recreate_loop-5405', 'id': '30-./pcache.py:PcacheTest.test;run-cache_mode-writethrough-crc-enable-gc-gc0-test_script-recreate_loop-5405'}"
2025-08-12 06:03:35,013 avocado.test INFO | ./pcache.py:PcacheTest.test;run-cache_mode-writethrough-crc-enable-gc-gc0-test_script-recreate_loop-5405: STARTED
2025-08-12 06:03:35,739 avocado.core.status.repo DEBUG| Task "30-./pcache.py:PcacheTest.test;run-cache_mode-writethrough-crc-enable-gc-gc0-test_script-recreate_loop-5405" finished message: "{'result': 'pass', 'status': 'finished', 'time': 10020.814167595}"
2025-08-12 06:03:35,805 avocado.test INFO | ./pcache.py:PcacheTest.test;run-cache_mode-writethrough-crc-enable-gc-gc0-test_script-recreate_loop-5405: PASS
2025-08-12 06:03:35,805 avocado.test INFO | More information in /root/avocado/job-results/job-2025-08-12T03.48-c19f475/test-results/30-._pcache.py_PcacheTest.test_run-cache_mode-writethrough-crc-enable-gc-gc0-test_script-recreate_loop-5405
2025-08-12 06:03:35,892 avocado.core.task.statemachine DEBUG| Task "30-./pcache.py:PcacheTest.test;run-cache_mode-writethrough-crc-enable-gc-gc0-test_script-recreate_loop-5405" finished
2025-08-12 06:03:35,892 avocado.core.task.statemachine DEBUG| Task "31-./pcache.py:PcacheTest.test;run-cache_mode-writethrough-crc-disable-gc-gc0-test_script-default-dd2b": requested -> triaging
2025-08-12 06:03:35,892 avocado.core.task.statemachine DEBUG| Task "31-./pcache.py:PcacheTest.test;run-cache_mode-writethrough-crc-disable-gc-gc0-test_script-default-dd2b": requirements OK (will proceed to check dependencies)
2025-08-12 06:03:35,892 avocado.core.task.statemachine DEBUG| Task "31-./pcache.py:PcacheTest.test;run-cache_mode-writethrough-crc-disable-gc-gc0-test_script-default-dd2b": about to be spawned with "<avocado.plugins.spawners.process.ProcessSpawner object at 0x7fe2d9d51a90>"
2025-08-12 06:03:35,896 avocado.core.task.statemachine DEBUG| Task "31-./pcache.py:PcacheTest.test;run-cache_mode-writethrough-crc-disable-gc-gc0-test_script-default-dd2b": spawned successfully
2025-08-12 06:03:36,498 avocado.core.status.repo DEBUG| Task "31-./pcache.py:PcacheTest.test;run-cache_mode-writethrough-crc-disable-gc-gc0-test_script-default-dd2b" started message: "{'status': 'started', 'time': 10021.666191351, 'output_dir': '/root/avocado/job-results/job-2025-08-12T03.48-c19f475/test-results/31-._pcache.py_PcacheTest.test_run-cache_mode-writethrough-crc-disable-gc-gc0-test_script-default-dd2b', 'id': '31-./pcache.py:PcacheTest.test;run-cache_mode-writethrough-crc-disable-gc-gc0-test_script-default-dd2b'}"
2025-08-12 06:03:36,512 avocado.test INFO | ./pcache.py:PcacheTest.test;run-cache_mode-writethrough-crc-disable-gc-gc0-test_script-default-dd2b: STARTED
2025-08-12 06:03:37,451 avocado.core.status.repo DEBUG| Task "31-./pcache.py:PcacheTest.test;run-cache_mode-writethrough-crc-disable-gc-gc0-test_script-default-dd2b" finished message: "{'result': 'pass', 'status': 'finished', 'time': 10022.517716205}"
2025-08-12 06:03:37,482 avocado.test INFO | ./pcache.py:PcacheTest.test;run-cache_mode-writethrough-crc-disable-gc-gc0-test_script-default-dd2b: PASS
2025-08-12 06:03:37,482 avocado.test INFO | More information in /root/avocado/job-results/job-2025-08-12T03.48-c19f475/test-results/31-._pcache.py_PcacheTest.test_run-cache_mode-writethrough-crc-disable-gc-gc0-test_script-default-dd2b
2025-08-12 06:03:37,541 avocado.core.task.statemachine DEBUG| Task "31-./pcache.py:PcacheTest.test;run-cache_mode-writethrough-crc-disable-gc-gc0-test_script-default-dd2b" finished
2025-08-12 06:03:37,541 avocado.core.task.statemachine DEBUG| Task "32-./pcache.py:PcacheTest.test;run-cache_mode-writethrough-crc-disable-gc-gc0-test_script-xfstests-5104": requested -> triaging
2025-08-12 06:03:37,541 avocado.core.task.statemachine DEBUG| Task "32-./pcache.py:PcacheTest.test;run-cache_mode-writethrough-crc-disable-gc-gc0-test_script-xfstests-5104": requirements OK (will proceed to check dependencies)
2025-08-12 06:03:37,541 avocado.core.task.statemachine DEBUG| Task "32-./pcache.py:PcacheTest.test;run-cache_mode-writethrough-crc-disable-gc-gc0-test_script-xfstests-5104": about to be spawned with "<avocado.plugins.spawners.process.ProcessSpawner object at 0x7fe2d9d51a90>"
2025-08-12 06:03:37,545 avocado.core.task.statemachine DEBUG| Task "32-./pcache.py:PcacheTest.test;run-cache_mode-writethrough-crc-disable-gc-gc0-test_script-xfstests-5104": spawned successfully
2025-08-12 06:03:37,891 avocado.core.status.repo DEBUG| Task "32-./pcache.py:PcacheTest.test;run-cache_mode-writethrough-crc-disable-gc-gc0-test_script-xfstests-5104" started message: "{'status': 'started', 'time': 10023.059547836, 'output_dir': '/root/avocado/job-results/job-2025-08-12T03.48-c19f475/test-results/32-._pcache.py_PcacheTest.test_run-cache_mode-writethrough-crc-disable-gc-gc0-test_script-xfstests-5104', 'id': '32-./pcache.py:PcacheTest.test;run-cache_mode-writethrough-crc-disable-gc-gc0-test_script-xfstests-5104'}"
2025-08-12 06:03:37,938 avocado.test INFO | ./pcache.py:PcacheTest.test;run-cache_mode-writethrough-crc-disable-gc-gc0-test_script-xfstests-5104: STARTED
2025-08-12 06:03:38,836 avocado.core.status.repo DEBUG| Task "32-./pcache.py:PcacheTest.test;run-cache_mode-writethrough-crc-disable-gc-gc0-test_script-xfstests-5104" finished message: "{'result': 'pass', 'status': 'finished', 'time': 10023.909806822}"
2025-08-12 06:03:38,875 avocado.test INFO | ./pcache.py:PcacheTest.test;run-cache_mode-writethrough-crc-disable-gc-gc0-test_script-xfstests-5104: PASS
2025-08-12 06:03:38,875 avocado.test INFO | More information in /root/avocado/job-results/job-2025-08-12T03.48-c19f475/test-results/32-._pcache.py_PcacheTest.test_run-cache_mode-writethrough-crc-disable-gc-gc0-test_script-xfstests-5104
2025-08-12 06:03:38,958 avocado.core.task.statemachine DEBUG| Task "32-./pcache.py:PcacheTest.test;run-cache_mode-writethrough-crc-disable-gc-gc0-test_script-xfstests-5104" finished
2025-08-12 06:03:38,958 avocado.core.task.statemachine DEBUG| Task "33-./pcache.py:PcacheTest.test;run-cache_mode-writethrough-crc-disable-gc-gc0-test_script-misc-c5d5": requested -> triaging
2025-08-12 06:03:38,958 avocado.core.task.statemachine DEBUG| Task "33-./pcache.py:PcacheTest.test;run-cache_mode-writethrough-crc-disable-gc-gc0-test_script-misc-c5d5": requirements OK (will proceed to check dependencies)
2025-08-12 06:03:38,958 avocado.core.task.statemachine DEBUG| Task "33-./pcache.py:PcacheTest.test;run-cache_mode-writethrough-crc-disable-gc-gc0-test_script-misc-c5d5": about to be spawned with "<avocado.plugins.spawners.process.ProcessSpawner object at 0x7fe2d9d51a90>"
2025-08-12 06:03:38,961 avocado.core.task.statemachine DEBUG| Task "33-./pcache.py:PcacheTest.test;run-cache_mode-writethrough-crc-disable-gc-gc0-test_script-misc-c5d5": spawned successfully
2025-08-12 06:03:39,636 avocado.core.status.repo DEBUG| Task "33-./pcache.py:PcacheTest.test;run-cache_mode-writethrough-crc-disable-gc-gc0-test_script-misc-c5d5" started message: "{'status': 'started', 'time': 10024.804101258, 'output_dir': '/root/avocado/job-results/job-2025-08-12T03.48-c19f475/test-results/33-._pcache.py_PcacheTest.test_run-cache_mode-writethrough-crc-disable-gc-gc0-test_script-misc-c5d5', 'id': '33-./pcache.py:PcacheTest.test;run-cache_mode-writethrough-crc-disable-gc-gc0-test_script-misc-c5d5'}"
2025-08-12 06:03:39,684 avocado.test INFO | ./pcache.py:PcacheTest.test;run-cache_mode-writethrough-crc-disable-gc-gc0-test_script-misc-c5d5: STARTED
2025-08-12 06:03:40,402 avocado.core.status.repo DEBUG| Task "33-./pcache.py:PcacheTest.test;run-cache_mode-writethrough-crc-disable-gc-gc0-test_script-misc-c5d5" finished message: "{'result': 'pass', 'status': 'finished', 'time': 10025.472633072}"
2025-08-12 06:03:40,453 avocado.test INFO | ./pcache.py:PcacheTest.test;run-cache_mode-writethrough-crc-disable-gc-gc0-test_script-misc-c5d5: PASS
2025-08-12 06:03:40,453 avocado.test INFO | More information in /root/avocado/job-results/job-2025-08-12T03.48-c19f475/test-results/33-._pcache.py_PcacheTest.test_run-cache_mode-writethrough-crc-disable-gc-gc0-test_script-misc-c5d5
2025-08-12 06:03:40,491 avocado.core.task.statemachine DEBUG| Task "33-./pcache.py:PcacheTest.test;run-cache_mode-writethrough-crc-disable-gc-gc0-test_script-misc-c5d5" finished
2025-08-12 06:03:40,492 avocado.core.task.statemachine DEBUG| Task "34-./pcache.py:PcacheTest.test;run-cache_mode-writethrough-crc-disable-gc-gc0-test_script-failslab-715d": requested -> triaging
2025-08-12 06:03:40,492 avocado.core.task.statemachine DEBUG| Task "34-./pcache.py:PcacheTest.test;run-cache_mode-writethrough-crc-disable-gc-gc0-test_script-failslab-715d": requirements OK (will proceed to check dependencies)
2025-08-12 06:03:40,492 avocado.core.task.statemachine DEBUG| Task "34-./pcache.py:PcacheTest.test;run-cache_mode-writethrough-crc-disable-gc-gc0-test_script-failslab-715d": about to be spawned with "<avocado.plugins.spawners.process.ProcessSpawner object at 0x7fe2d9d51a90>"
2025-08-12 06:03:40,495 avocado.core.task.statemachine DEBUG| Task "34-./pcache.py:PcacheTest.test;run-cache_mode-writethrough-crc-disable-gc-gc0-test_script-failslab-715d": spawned successfully
2025-08-12 06:03:40,844 avocado.core.status.repo DEBUG| Task "34-./pcache.py:PcacheTest.test;run-cache_mode-writethrough-crc-disable-gc-gc0-test_script-failslab-715d" started message: "{'status': 'started', 'time': 10026.012386516, 'output_dir': '/root/avocado/job-results/job-2025-08-12T03.48-c19f475/test-results/34-._pcache.py_PcacheTest.test_run-cache_mode-writethrough-crc-disable-gc-gc0-test_script-failslab-715d', 'id': '34-./pcache.py:PcacheTest.test;run-cache_mode-writethrough-crc-disable-gc-gc0-test_script-failslab-715d'}"
2025-08-12 06:03:40,857 avocado.test INFO | ./pcache.py:PcacheTest.test;run-cache_mode-writethrough-crc-disable-gc-gc0-test_script-failslab-715d: STARTED
2025-08-12 06:03:41,800 avocado.core.status.repo DEBUG| Task "34-./pcache.py:PcacheTest.test;run-cache_mode-writethrough-crc-disable-gc-gc0-test_script-failslab-715d" finished message: "{'result': 'pass', 'status': 'finished', 'time': 10026.870321787}"
2025-08-12 06:03:41,829 avocado.test INFO | ./pcache.py:PcacheTest.test;run-cache_mode-writethrough-crc-disable-gc-gc0-test_script-failslab-715d: PASS
2025-08-12 06:03:41,829 avocado.test INFO | More information in /root/avocado/job-results/job-2025-08-12T03.48-c19f475/test-results/34-._pcache.py_PcacheTest.test_run-cache_mode-writethrough-crc-disable-gc-gc0-test_script-failslab-715d
2025-08-12 06:03:41,890 avocado.core.task.statemachine DEBUG| Task "34-./pcache.py:PcacheTest.test;run-cache_mode-writethrough-crc-disable-gc-gc0-test_script-failslab-715d" finished
2025-08-12 06:03:41,890 avocado.core.task.statemachine DEBUG| Task "35-./pcache.py:PcacheTest.test;run-cache_mode-writethrough-crc-disable-gc-gc0-test_script-fail_make_request-8201": requested -> triaging
2025-08-12 06:03:41,890 avocado.core.task.statemachine DEBUG| Task "35-./pcache.py:PcacheTest.test;run-cache_mode-writethrough-crc-disable-gc-gc0-test_script-fail_make_request-8201": requirements OK (will proceed to check dependencies)
2025-08-12 06:03:41,890 avocado.core.task.statemachine DEBUG| Task "35-./pcache.py:PcacheTest.test;run-cache_mode-writethrough-crc-disable-gc-gc0-test_script-fail_make_request-8201": about to be spawned with "<avocado.plugins.spawners.process.ProcessSpawner object at 0x7fe2d9d51a90>"
2025-08-12 06:03:41,894 avocado.core.task.statemachine DEBUG| Task "35-./pcache.py:PcacheTest.test;run-cache_mode-writethrough-crc-disable-gc-gc0-test_script-fail_make_request-8201": spawned successfully
2025-08-12 06:03:42,488 avocado.core.status.repo DEBUG| Task "35-./pcache.py:PcacheTest.test;run-cache_mode-writethrough-crc-disable-gc-gc0-test_script-fail_make_request-8201" started message: "{'status': 'started', 'time': 10027.656191473, 'output_dir': '/root/avocado/job-results/job-2025-08-12T03.48-c19f475/test-results/35-._pcache.py_PcacheTest.test_run-cache_mode-writethrough-crc-disable-gc-gc0-test_script-fail_make_request-8201', 'id': '35-./pcache.py:PcacheTest.test;run-cache_mode-writethrough-crc-disable-gc-gc0-test_script-fail_make_request-8201'}"
2025-08-12 06:03:42,537 avocado.test INFO | ./pcache.py:PcacheTest.test;run-cache_mode-writethrough-crc-disable-gc-gc0-test_script-fail_make_request-8201: STARTED
2025-08-12 06:03:44,171 avocado.core.status.repo DEBUG| Task "35-./pcache.py:PcacheTest.test;run-cache_mode-writethrough-crc-disable-gc-gc0-test_script-fail_make_request-8201" finished message: "{'result': 'pass', 'status': 'finished', 'time': 10029.24244301}"
2025-08-12 06:03:44,216 avocado.test INFO | ./pcache.py:PcacheTest.test;run-cache_mode-writethrough-crc-disable-gc-gc0-test_script-fail_make_request-8201: PASS
2025-08-12 06:03:44,216 avocado.test INFO | More information in /root/avocado/job-results/job-2025-08-12T03.48-c19f475/test-results/35-._pcache.py_PcacheTest.test_run-cache_mode-writethrough-crc-disable-gc-gc0-test_script-fail_make_request-8201
2025-08-12 06:03:44,259 avocado.core.task.statemachine DEBUG| Task "35-./pcache.py:PcacheTest.test;run-cache_mode-writethrough-crc-disable-gc-gc0-test_script-fail_make_request-8201" finished
2025-08-12 06:03:44,260 avocado.core.task.statemachine DEBUG| Task "36-./pcache.py:PcacheTest.test;run-cache_mode-writethrough-crc-disable-gc-gc0-test_script-recreate_loop-2fb6": requested -> triaging
2025-08-12 06:03:44,260 avocado.core.task.statemachine DEBUG| Task "36-./pcache.py:PcacheTest.test;run-cache_mode-writethrough-crc-disable-gc-gc0-test_script-recreate_loop-2fb6": requirements OK (will proceed to check dependencies)
2025-08-12 06:03:44,260 avocado.core.task.statemachine DEBUG| Task "36-./pcache.py:PcacheTest.test;run-cache_mode-writethrough-crc-disable-gc-gc0-test_script-recreate_loop-2fb6": about to be spawned with "<avocado.plugins.spawners.process.ProcessSpawner object at 0x7fe2d9d51a90>"
2025-08-12 06:03:44,263 avocado.core.task.statemachine DEBUG| Task "36-./pcache.py:PcacheTest.test;run-cache_mode-writethrough-crc-disable-gc-gc0-test_script-recreate_loop-2fb6": spawned successfully
2025-08-12 06:03:44,570 avocado.core.status.repo DEBUG| Task "36-./pcache.py:PcacheTest.test;run-cache_mode-writethrough-crc-disable-gc-gc0-test_script-recreate_loop-2fb6" started message: "{'status': 'started', 'time': 10029.738268934, 'output_dir': '/root/avocado/job-results/job-2025-08-12T03.48-c19f475/test-results/36-._pcache.py_PcacheTest.test_run-cache_mode-writethrough-crc-disable-gc-gc0-test_script-recreate_loop-2fb6', 'id': '36-./pcache.py:PcacheTest.test;run-cache_mode-writethrough-crc-disable-gc-gc0-test_script-recreate_loop-2fb6'}"
2025-08-12 06:03:44,621 avocado.test INFO | ./pcache.py:PcacheTest.test;run-cache_mode-writethrough-crc-disable-gc-gc0-test_script-recreate_loop-2fb6: STARTED
2025-08-12 06:03:45,111 avocado.core.status.repo DEBUG| Task "36-./pcache.py:PcacheTest.test;run-cache_mode-writethrough-crc-disable-gc-gc0-test_script-recreate_loop-2fb6" finished message: "{'result': 'pass', 'status': 'finished', 'time': 10030.183332593}"
2025-08-12 06:03:45,174 avocado.test INFO | ./pcache.py:PcacheTest.test;run-cache_mode-writethrough-crc-disable-gc-gc0-test_script-recreate_loop-2fb6: PASS
2025-08-12 06:03:45,174 avocado.test INFO | More information in /root/avocado/job-results/job-2025-08-12T03.48-c19f475/test-results/36-._pcache.py_PcacheTest.test_run-cache_mode-writethrough-crc-disable-gc-gc0-test_script-recreate_loop-2fb6
2025-08-12 06:03:45,257 avocado.core.task.statemachine DEBUG| Task "36-./pcache.py:PcacheTest.test;run-cache_mode-writethrough-crc-disable-gc-gc0-test_script-recreate_loop-2fb6" finished
2025-08-12 06:03:45,257 avocado.core.task.statemachine DEBUG| Task "37-./pcache.py:PcacheTest.test;run-cache_mode-writethrough-crc-enable-gc-gc80-test_script-default-6de5": requested -> triaging
2025-08-12 06:03:45,258 avocado.core.task.statemachine DEBUG| Task "37-./pcache.py:PcacheTest.test;run-cache_mode-writethrough-crc-enable-gc-gc80-test_script-default-6de5": requirements OK (will proceed to check dependencies)
2025-08-12 06:03:45,258 avocado.core.task.statemachine DEBUG| Task "37-./pcache.py:PcacheTest.test;run-cache_mode-writethrough-crc-enable-gc-gc80-test_script-default-6de5": about to be spawned with "<avocado.plugins.spawners.process.ProcessSpawner object at 0x7fe2d9d51a90>"
2025-08-12 06:03:45,261 avocado.core.task.statemachine DEBUG| Task "37-./pcache.py:PcacheTest.test;run-cache_mode-writethrough-crc-enable-gc-gc80-test_script-default-6de5": spawned successfully
2025-08-12 06:03:45,569 avocado.core.status.repo DEBUG| Task "37-./pcache.py:PcacheTest.test;run-cache_mode-writethrough-crc-enable-gc-gc80-test_script-default-6de5" started message: "{'status': 'started', 'time': 10030.737476499, 'output_dir': '/root/avocado/job-results/job-2025-08-12T03.48-c19f475/test-results/37-._pcache.py_PcacheTest.test_run-cache_mode-writethrough-crc-enable-gc-gc80-test_script-default-6de5', 'id': '37-./pcache.py:PcacheTest.test;run-cache_mode-writethrough-crc-enable-gc-gc80-test_script-default-6de5'}"
2025-08-12 06:03:45,579 avocado.test INFO | ./pcache.py:PcacheTest.test;run-cache_mode-writethrough-crc-enable-gc-gc80-test_script-default-6de5: STARTED
2025-08-12 06:03:46,504 avocado.core.status.repo DEBUG| Task "37-./pcache.py:PcacheTest.test;run-cache_mode-writethrough-crc-enable-gc-gc80-test_script-default-6de5" finished message: "{'result': 'pass', 'status': 'finished', 'time': 10031.57442691}"
2025-08-12 06:03:46,550 avocado.test INFO | ./pcache.py:PcacheTest.test;run-cache_mode-writethrough-crc-enable-gc-gc80-test_script-default-6de5: PASS
2025-08-12 06:03:46,550 avocado.test INFO | More information in /root/avocado/job-results/job-2025-08-12T03.48-c19f475/test-results/37-._pcache.py_PcacheTest.test_run-cache_mode-writethrough-crc-enable-gc-gc80-test_script-default-6de5
2025-08-12 06:03:46,592 avocado.core.task.statemachine DEBUG| Task "37-./pcache.py:PcacheTest.test;run-cache_mode-writethrough-crc-enable-gc-gc80-test_script-default-6de5" finished
2025-08-12 06:03:46,592 avocado.core.task.statemachine DEBUG| Task "38-./pcache.py:PcacheTest.test;run-cache_mode-writethrough-crc-enable-gc-gc80-test_script-xfstests-66ea": requested -> triaging
2025-08-12 06:03:46,592 avocado.core.task.statemachine DEBUG| Task "38-./pcache.py:PcacheTest.test;run-cache_mode-writethrough-crc-enable-gc-gc80-test_script-xfstests-66ea": requirements OK (will proceed to check dependencies)
2025-08-12 06:03:46,593 avocado.core.task.statemachine DEBUG| Task "38-./pcache.py:PcacheTest.test;run-cache_mode-writethrough-crc-enable-gc-gc80-test_script-xfstests-66ea": about to be spawned with "<avocado.plugins.spawners.process.ProcessSpawner object at 0x7fe2d9d51a90>"
2025-08-12 06:03:46,596 avocado.core.task.statemachine DEBUG| Task "38-./pcache.py:PcacheTest.test;run-cache_mode-writethrough-crc-enable-gc-gc80-test_script-xfstests-66ea": spawned successfully
2025-08-12 06:03:46,936 avocado.core.status.repo DEBUG| Task "38-./pcache.py:PcacheTest.test;run-cache_mode-writethrough-crc-enable-gc-gc80-test_script-xfstests-66ea" started message: "{'status': 'started', 'time': 10032.104468239, 'output_dir': '/root/avocado/job-results/job-2025-08-12T03.48-c19f475/test-results/38-._pcache.py_PcacheTest.test_run-cache_mode-writethrough-crc-enable-gc-gc80-test_script-xfstests-66ea', 'id': '38-./pcache.py:PcacheTest.test;run-cache_mode-writethrough-crc-enable-gc-gc80-test_script-xfstests-66ea'}"
2025-08-12 06:03:46,955 avocado.test INFO | ./pcache.py:PcacheTest.test;run-cache_mode-writethrough-crc-enable-gc-gc80-test_script-xfstests-66ea: STARTED
2025-08-12 06:03:47,881 avocado.core.status.repo DEBUG| Task "38-./pcache.py:PcacheTest.test;run-cache_mode-writethrough-crc-enable-gc-gc80-test_script-xfstests-66ea" finished message: "{'result': 'pass', 'status': 'finished', 'time': 10032.951297036}"
2025-08-12 06:03:47,925 avocado.test INFO | ./pcache.py:PcacheTest.test;run-cache_mode-writethrough-crc-enable-gc-gc80-test_script-xfstests-66ea: PASS
2025-08-12 06:03:47,925 avocado.test INFO | More information in /root/avocado/job-results/job-2025-08-12T03.48-c19f475/test-results/38-._pcache.py_PcacheTest.test_run-cache_mode-writethrough-crc-enable-gc-gc80-test_script-xfstests-66ea
2025-08-12 06:03:47,970 avocado.core.task.statemachine DEBUG| Task "38-./pcache.py:PcacheTest.test;run-cache_mode-writethrough-crc-enable-gc-gc80-test_script-xfstests-66ea" finished
2025-08-12 06:03:47,970 avocado.core.task.statemachine DEBUG| Task "39-./pcache.py:PcacheTest.test;run-cache_mode-writethrough-crc-enable-gc-gc80-test_script-misc-d72c": requested -> triaging
2025-08-12 06:03:47,970 avocado.core.task.statemachine DEBUG| Task "39-./pcache.py:PcacheTest.test;run-cache_mode-writethrough-crc-enable-gc-gc80-test_script-misc-d72c": requirements OK (will proceed to check dependencies)
2025-08-12 06:03:47,971 avocado.core.task.statemachine DEBUG| Task "39-./pcache.py:PcacheTest.test;run-cache_mode-writethrough-crc-enable-gc-gc80-test_script-misc-d72c": about to be spawned with "<avocado.plugins.spawners.process.ProcessSpawner object at 0x7fe2d9d51a90>"
2025-08-12 06:03:47,974 avocado.core.task.statemachine DEBUG| Task "39-./pcache.py:PcacheTest.test;run-cache_mode-writethrough-crc-enable-gc-gc80-test_script-misc-d72c": spawned successfully
2025-08-12 06:03:48,443 avocado.core.status.repo DEBUG| Task "39-./pcache.py:PcacheTest.test;run-cache_mode-writethrough-crc-enable-gc-gc80-test_script-misc-d72c" started message: "{'status': 'started', 'time': 10033.610780667, 'output_dir': '/root/avocado/job-results/job-2025-08-12T03.48-c19f475/test-results/39-._pcache.py_PcacheTest.test_run-cache_mode-writethrough-crc-enable-gc-gc80-test_script-misc-d72c', 'id': '39-./pcache.py:PcacheTest.test;run-cache_mode-writethrough-crc-enable-gc-gc80-test_script-misc-d72c'}"
2025-08-12 06:03:48,481 avocado.test INFO | ./pcache.py:PcacheTest.test;run-cache_mode-writethrough-crc-enable-gc-gc80-test_script-misc-d72c: STARTED
2025-08-12 06:03:49,367 avocado.core.status.repo DEBUG| Task "39-./pcache.py:PcacheTest.test;run-cache_mode-writethrough-crc-enable-gc-gc80-test_script-misc-d72c" finished message: "{'result': 'pass', 'status': 'finished', 'time': 10034.435083565}"
2025-08-12 06:03:49,402 avocado.test INFO | ./pcache.py:PcacheTest.test;run-cache_mode-writethrough-crc-enable-gc-gc80-test_script-misc-d72c: PASS
2025-08-12 06:03:49,402 avocado.test INFO | More information in /root/avocado/job-results/job-2025-08-12T03.48-c19f475/test-results/39-._pcache.py_PcacheTest.test_run-cache_mode-writethrough-crc-enable-gc-gc80-test_script-misc-d72c
2025-08-12 06:03:49,455 avocado.core.task.statemachine DEBUG| Task "39-./pcache.py:PcacheTest.test;run-cache_mode-writethrough-crc-enable-gc-gc80-test_script-misc-d72c" finished
2025-08-12 06:03:49,455 avocado.core.task.statemachine DEBUG| Task "40-./pcache.py:PcacheTest.test;run-cache_mode-writethrough-crc-enable-gc-gc80-test_script-failslab-b133": requested -> triaging
2025-08-12 06:03:49,455 avocado.core.task.statemachine DEBUG| Task "40-./pcache.py:PcacheTest.test;run-cache_mode-writethrough-crc-enable-gc-gc80-test_script-failslab-b133": requirements OK (will proceed to check dependencies)
2025-08-12 06:03:49,455 avocado.core.task.statemachine DEBUG| Task "40-./pcache.py:PcacheTest.test;run-cache_mode-writethrough-crc-enable-gc-gc80-test_script-failslab-b133": about to be spawned with "<avocado.plugins.spawners.process.ProcessSpawner object at 0x7fe2d9d51a90>"
2025-08-12 06:03:49,458 avocado.core.task.statemachine DEBUG| Task "40-./pcache.py:PcacheTest.test;run-cache_mode-writethrough-crc-enable-gc-gc80-test_script-failslab-b133": spawned successfully
2025-08-12 06:03:50,079 avocado.core.status.repo DEBUG| Task "40-./pcache.py:PcacheTest.test;run-cache_mode-writethrough-crc-enable-gc-gc80-test_script-failslab-b133" started message: "{'status': 'started', 'time': 10035.247261695, 'output_dir': '/root/avocado/job-results/job-2025-08-12T03.48-c19f475/test-results/40-._pcache.py_PcacheTest.test_run-cache_mode-writethrough-crc-enable-gc-gc80-test_script-failslab-b133', 'id': '40-./pcache.py:PcacheTest.test;run-cache_mode-writethrough-crc-enable-gc-gc80-test_script-failslab-b133'}"
2025-08-12 06:03:50,108 avocado.test INFO | ./pcache.py:PcacheTest.test;run-cache_mode-writethrough-crc-enable-gc-gc80-test_script-failslab-b133: STARTED
2025-08-12 06:03:51,001 avocado.core.status.repo DEBUG| Task "40-./pcache.py:PcacheTest.test;run-cache_mode-writethrough-crc-enable-gc-gc80-test_script-failslab-b133" finished message: "{'result': 'pass', 'status': 'finished', 'time': 10036.071713681}"
2025-08-12 06:03:51,028 avocado.test INFO | ./pcache.py:PcacheTest.test;run-cache_mode-writethrough-crc-enable-gc-gc80-test_script-failslab-b133: PASS
2025-08-12 06:03:51,028 avocado.test INFO | More information in /root/avocado/job-results/job-2025-08-12T03.48-c19f475/test-results/40-._pcache.py_PcacheTest.test_run-cache_mode-writethrough-crc-enable-gc-gc80-test_script-failslab-b133
2025-08-12 06:03:51,093 avocado.core.task.statemachine DEBUG| Task "40-./pcache.py:PcacheTest.test;run-cache_mode-writethrough-crc-enable-gc-gc80-test_script-failslab-b133" finished
2025-08-12 06:03:51,094 avocado.core.task.statemachine DEBUG| Task "41-./pcache.py:PcacheTest.test;run-cache_mode-writethrough-crc-enable-gc-gc80-test_script-fail_make_request-80ac": requested -> triaging
2025-08-12 06:03:51,094 avocado.core.task.statemachine DEBUG| Task "41-./pcache.py:PcacheTest.test;run-cache_mode-writethrough-crc-enable-gc-gc80-test_script-fail_make_request-80ac": requirements OK (will proceed to check dependencies)
2025-08-12 06:03:51,094 avocado.core.task.statemachine DEBUG| Task "41-./pcache.py:PcacheTest.test;run-cache_mode-writethrough-crc-enable-gc-gc80-test_script-fail_make_request-80ac": about to be spawned with "<avocado.plugins.spawners.process.ProcessSpawner object at 0x7fe2d9d51a90>"
2025-08-12 06:03:51,097 avocado.core.task.statemachine DEBUG| Task "41-./pcache.py:PcacheTest.test;run-cache_mode-writethrough-crc-enable-gc-gc80-test_script-fail_make_request-80ac": spawned successfully
2025-08-12 06:03:51,439 avocado.core.status.repo DEBUG| Task "41-./pcache.py:PcacheTest.test;run-cache_mode-writethrough-crc-enable-gc-gc80-test_script-fail_make_request-80ac" started message: "{'status': 'started', 'time': 10036.606742616, 'output_dir': '/root/avocado/job-results/job-2025-08-12T03.48-c19f475/test-results/41-._pcache.py_PcacheTest.test_run-cache_mode-writethrough-crc-enable-gc-gc80-test_script-fail_make_request-80ac', 'id': '41-./pcache.py:PcacheTest.test;run-cache_mode-writethrough-crc-enable-gc-gc80-test_script-fail_make_request-80ac'}"
2025-08-12 06:03:51,483 avocado.test INFO | ./pcache.py:PcacheTest.test;run-cache_mode-writethrough-crc-enable-gc-gc80-test_script-fail_make_request-80ac: STARTED
2025-08-12 06:03:53,104 avocado.core.status.repo DEBUG| Task "41-./pcache.py:PcacheTest.test;run-cache_mode-writethrough-crc-enable-gc-gc80-test_script-fail_make_request-80ac" finished message: "{'result': 'pass', 'status': 'finished', 'time': 10038.178556732}"
2025-08-12 06:03:53,159 avocado.test INFO | ./pcache.py:PcacheTest.test;run-cache_mode-writethrough-crc-enable-gc-gc80-test_script-fail_make_request-80ac: PASS
2025-08-12 06:03:53,159 avocado.test INFO | More information in /root/avocado/job-results/job-2025-08-12T03.48-c19f475/test-results/41-._pcache.py_PcacheTest.test_run-cache_mode-writethrough-crc-enable-gc-gc80-test_script-fail_make_request-80ac
2025-08-12 06:03:53,192 avocado.core.task.statemachine DEBUG| Task "41-./pcache.py:PcacheTest.test;run-cache_mode-writethrough-crc-enable-gc-gc80-test_script-fail_make_request-80ac" finished
2025-08-12 06:03:53,192 avocado.core.task.statemachine DEBUG| Task "42-./pcache.py:PcacheTest.test;run-cache_mode-writethrough-crc-enable-gc-gc80-test_script-recreate_loop-c825": requested -> triaging
2025-08-12 06:03:53,192 avocado.core.task.statemachine DEBUG| Task "42-./pcache.py:PcacheTest.test;run-cache_mode-writethrough-crc-enable-gc-gc80-test_script-recreate_loop-c825": requirements OK (will proceed to check dependencies)
2025-08-12 06:03:53,192 avocado.core.task.statemachine DEBUG| Task "42-./pcache.py:PcacheTest.test;run-cache_mode-writethrough-crc-enable-gc-gc80-test_script-recreate_loop-c825": about to be spawned with "<avocado.plugins.spawners.process.ProcessSpawner object at 0x7fe2d9d51a90>"
2025-08-12 06:03:53,195 avocado.core.task.statemachine DEBUG| Task "42-./pcache.py:PcacheTest.test;run-cache_mode-writethrough-crc-enable-gc-gc80-test_script-recreate_loop-c825": spawned successfully
2025-08-12 06:03:53,538 avocado.core.status.repo DEBUG| Task "42-./pcache.py:PcacheTest.test;run-cache_mode-writethrough-crc-enable-gc-gc80-test_script-recreate_loop-c825" started message: "{'status': 'started', 'time': 10038.706495716, 'output_dir': '/root/avocado/job-results/job-2025-08-12T03.48-c19f475/test-results/42-._pcache.py_PcacheTest.test_run-cache_mode-writethrough-crc-enable-gc-gc80-test_script-recreate_loop-c825', 'id': '42-./pcache.py:PcacheTest.test;run-cache_mode-writethrough-crc-enable-gc-gc80-test_script-recreate_loop-c825'}"
2025-08-12 06:03:53,564 avocado.test INFO | ./pcache.py:PcacheTest.test;run-cache_mode-writethrough-crc-enable-gc-gc80-test_script-recreate_loop-c825: STARTED
2025-08-12 06:03:54,298 avocado.core.status.repo DEBUG| Task "42-./pcache.py:PcacheTest.test;run-cache_mode-writethrough-crc-enable-gc-gc80-test_script-recreate_loop-c825" finished message: "{'result': 'pass', 'status': 'finished', 'time': 10039.365229757}"
2025-08-12 06:03:54,335 avocado.test INFO | ./pcache.py:PcacheTest.test;run-cache_mode-writethrough-crc-enable-gc-gc80-test_script-recreate_loop-c825: PASS
2025-08-12 06:03:54,335 avocado.test INFO | More information in /root/avocado/job-results/job-2025-08-12T03.48-c19f475/test-results/42-._pcache.py_PcacheTest.test_run-cache_mode-writethrough-crc-enable-gc-gc80-test_script-recreate_loop-c825
2025-08-12 06:03:54,388 avocado.core.task.statemachine DEBUG| Task "42-./pcache.py:PcacheTest.test;run-cache_mode-writethrough-crc-enable-gc-gc80-test_script-recreate_loop-c825" finished
2025-08-12 06:03:54,388 avocado.core.task.statemachine DEBUG| Task "43-./pcache.py:PcacheTest.test;run-cache_mode-writethrough-crc-disable-gc-gc80-test_script-default-60ac": requested -> triaging
2025-08-12 06:03:54,388 avocado.core.task.statemachine DEBUG| Task "43-./pcache.py:PcacheTest.test;run-cache_mode-writethrough-crc-disable-gc-gc80-test_script-default-60ac": requirements OK (will proceed to check dependencies)
2025-08-12 06:03:54,388 avocado.core.task.statemachine DEBUG| Task "43-./pcache.py:PcacheTest.test;run-cache_mode-writethrough-crc-disable-gc-gc80-test_script-default-60ac": about to be spawned with "<avocado.plugins.spawners.process.ProcessSpawner object at 0x7fe2d9d51a90>"
2025-08-12 06:03:54,392 avocado.core.task.statemachine DEBUG| Task "43-./pcache.py:PcacheTest.test;run-cache_mode-writethrough-crc-disable-gc-gc80-test_script-default-60ac": spawned successfully
2025-08-12 06:03:54,982 avocado.core.status.repo DEBUG| Task "43-./pcache.py:PcacheTest.test;run-cache_mode-writethrough-crc-disable-gc-gc80-test_script-default-60ac" started message: "{'status': 'started', 'time': 10040.150001751, 'output_dir': '/root/avocado/job-results/job-2025-08-12T03.48-c19f475/test-results/43-._pcache.py_PcacheTest.test_run-cache_mode-writethrough-crc-disable-gc-gc80-test_script-default-60ac', 'id': '43-./pcache.py:PcacheTest.test;run-cache_mode-writethrough-crc-disable-gc-gc80-test_script-default-60ac'}"
2025-08-12 06:03:54,991 avocado.test INFO | ./pcache.py:PcacheTest.test;run-cache_mode-writethrough-crc-disable-gc-gc80-test_script-default-60ac: STARTED
2025-08-12 06:03:55,904 avocado.core.status.repo DEBUG| Task "43-./pcache.py:PcacheTest.test;run-cache_mode-writethrough-crc-disable-gc-gc80-test_script-default-60ac" finished message: "{'result': 'pass', 'status': 'finished', 'time': 10040.979106598}"
2025-08-12 06:03:55,913 avocado.test INFO | ./pcache.py:PcacheTest.test;run-cache_mode-writethrough-crc-disable-gc-gc80-test_script-default-60ac: PASS
2025-08-12 06:03:55,913 avocado.test INFO | More information in /root/avocado/job-results/job-2025-08-12T03.48-c19f475/test-results/43-._pcache.py_PcacheTest.test_run-cache_mode-writethrough-crc-disable-gc-gc80-test_script-default-60ac
2025-08-12 06:03:55,992 avocado.core.task.statemachine DEBUG| Task "43-./pcache.py:PcacheTest.test;run-cache_mode-writethrough-crc-disable-gc-gc80-test_script-default-60ac" finished
2025-08-12 06:03:55,992 avocado.core.task.statemachine DEBUG| Task "44-./pcache.py:PcacheTest.test;run-cache_mode-writethrough-crc-disable-gc-gc80-test_script-xfstests-779d": requested -> triaging
2025-08-12 06:03:55,992 avocado.core.task.statemachine DEBUG| Task "44-./pcache.py:PcacheTest.test;run-cache_mode-writethrough-crc-disable-gc-gc80-test_script-xfstests-779d": requirements OK (will proceed to check dependencies)
2025-08-12 06:03:55,993 avocado.core.task.statemachine DEBUG| Task "44-./pcache.py:PcacheTest.test;run-cache_mode-writethrough-crc-disable-gc-gc80-test_script-xfstests-779d": about to be spawned with "<avocado.plugins.spawners.process.ProcessSpawner object at 0x7fe2d9d51a90>"
2025-08-12 06:03:55,996 avocado.core.task.statemachine DEBUG| Task "44-./pcache.py:PcacheTest.test;run-cache_mode-writethrough-crc-disable-gc-gc80-test_script-xfstests-779d": spawned successfully
2025-08-12 06:03:56,337 avocado.core.status.repo DEBUG| Task "44-./pcache.py:PcacheTest.test;run-cache_mode-writethrough-crc-disable-gc-gc80-test_script-xfstests-779d" started message: "{'status': 'started', 'time': 10041.505043982, 'output_dir': '/root/avocado/job-results/job-2025-08-12T03.48-c19f475/test-results/44-._pcache.py_PcacheTest.test_run-cache_mode-writethrough-crc-disable-gc-gc80-test_script-xfstests-779d', 'id': '44-./pcache.py:PcacheTest.test;run-cache_mode-writethrough-crc-disable-gc-gc80-test_script-xfstests-779d'}"
2025-08-12 06:03:56,369 avocado.test INFO | ./pcache.py:PcacheTest.test;run-cache_mode-writethrough-crc-disable-gc-gc80-test_script-xfstests-779d: STARTED
2025-08-12 06:03:57,261 avocado.core.status.repo DEBUG| Task "44-./pcache.py:PcacheTest.test;run-cache_mode-writethrough-crc-disable-gc-gc80-test_script-xfstests-779d" finished message: "{'result': 'pass', 'status': 'finished', 'time': 10042.334246878}"
2025-08-12 06:03:57,322 avocado.test INFO | ./pcache.py:PcacheTest.test;run-cache_mode-writethrough-crc-disable-gc-gc80-test_script-xfstests-779d: PASS
2025-08-12 06:03:57,322 avocado.test INFO | More information in /root/avocado/job-results/job-2025-08-12T03.48-c19f475/test-results/44-._pcache.py_PcacheTest.test_run-cache_mode-writethrough-crc-disable-gc-gc80-test_script-xfstests-779d
2025-08-12 06:03:57,405 avocado.core.task.statemachine DEBUG| Task "44-./pcache.py:PcacheTest.test;run-cache_mode-writethrough-crc-disable-gc-gc80-test_script-xfstests-779d" finished
2025-08-12 06:03:57,405 avocado.core.task.statemachine DEBUG| Task "45-./pcache.py:PcacheTest.test;run-cache_mode-writethrough-crc-disable-gc-gc80-test_script-misc-2ec5": requested -> triaging
2025-08-12 06:03:57,405 avocado.core.task.statemachine DEBUG| Task "45-./pcache.py:PcacheTest.test;run-cache_mode-writethrough-crc-disable-gc-gc80-test_script-misc-2ec5": requirements OK (will proceed to check dependencies)
2025-08-12 06:03:57,406 avocado.core.task.statemachine DEBUG| Task "45-./pcache.py:PcacheTest.test;run-cache_mode-writethrough-crc-disable-gc-gc80-test_script-misc-2ec5": about to be spawned with "<avocado.plugins.spawners.process.ProcessSpawner object at 0x7fe2d9d51a90>"
2025-08-12 06:03:57,409 avocado.core.task.statemachine DEBUG| Task "45-./pcache.py:PcacheTest.test;run-cache_mode-writethrough-crc-disable-gc-gc80-test_script-misc-2ec5": spawned successfully
2025-08-12 06:03:57,776 avocado.core.status.repo DEBUG| Task "45-./pcache.py:PcacheTest.test;run-cache_mode-writethrough-crc-disable-gc-gc80-test_script-misc-2ec5" started message: "{'status': 'started', 'time': 10042.943677824, 'output_dir': '/root/avocado/job-results/job-2025-08-12T03.48-c19f475/test-results/45-._pcache.py_PcacheTest.test_run-cache_mode-writethrough-crc-disable-gc-gc80-test_script-misc-2ec5', 'id': '45-./pcache.py:PcacheTest.test;run-cache_mode-writethrough-crc-disable-gc-gc80-test_script-misc-2ec5'}"
2025-08-12 06:03:57,777 avocado.test INFO | ./pcache.py:PcacheTest.test;run-cache_mode-writethrough-crc-disable-gc-gc80-test_script-misc-2ec5: STARTED
2025-08-12 06:03:58,690 avocado.core.status.repo DEBUG| Task "45-./pcache.py:PcacheTest.test;run-cache_mode-writethrough-crc-disable-gc-gc80-test_script-misc-2ec5" finished message: "{'result': 'pass', 'status': 'finished', 'time': 10043.757827356}"
2025-08-12 06:03:58,697 avocado.test INFO | ./pcache.py:PcacheTest.test;run-cache_mode-writethrough-crc-disable-gc-gc80-test_script-misc-2ec5: PASS
2025-08-12 06:03:58,697 avocado.test INFO | More information in /root/avocado/job-results/job-2025-08-12T03.48-c19f475/test-results/45-._pcache.py_PcacheTest.test_run-cache_mode-writethrough-crc-disable-gc-gc80-test_script-misc-2ec5
2025-08-12 06:03:58,778 avocado.core.task.statemachine DEBUG| Task "45-./pcache.py:PcacheTest.test;run-cache_mode-writethrough-crc-disable-gc-gc80-test_script-misc-2ec5" finished
2025-08-12 06:03:58,778 avocado.core.task.statemachine DEBUG| Task "46-./pcache.py:PcacheTest.test;run-cache_mode-writethrough-crc-disable-gc-gc80-test_script-failslab-ad64": requested -> triaging
2025-08-12 06:03:58,779 avocado.core.task.statemachine DEBUG| Task "46-./pcache.py:PcacheTest.test;run-cache_mode-writethrough-crc-disable-gc-gc80-test_script-failslab-ad64": requirements OK (will proceed to check dependencies)
2025-08-12 06:03:58,779 avocado.core.task.statemachine DEBUG| Task "46-./pcache.py:PcacheTest.test;run-cache_mode-writethrough-crc-disable-gc-gc80-test_script-failslab-ad64": about to be spawned with "<avocado.plugins.spawners.process.ProcessSpawner object at 0x7fe2d9d51a90>"
2025-08-12 06:03:58,782 avocado.core.task.statemachine DEBUG| Task "46-./pcache.py:PcacheTest.test;run-cache_mode-writethrough-crc-disable-gc-gc80-test_script-failslab-ad64": spawned successfully
2025-08-12 06:03:59,086 avocado.core.status.repo DEBUG| Task "46-./pcache.py:PcacheTest.test;run-cache_mode-writethrough-crc-disable-gc-gc80-test_script-failslab-ad64" started message: "{'status': 'started', 'time': 10044.254191251, 'output_dir': '/root/avocado/job-results/job-2025-08-12T03.48-c19f475/test-results/46-._pcache.py_PcacheTest.test_run-cache_mode-writethrough-crc-disable-gc-gc80-test_script-failslab-ad64', 'id': '46-./pcache.py:PcacheTest.test;run-cache_mode-writethrough-crc-disable-gc-gc80-test_script-failslab-ad64'}"
2025-08-12 06:03:59,101 avocado.test INFO | ./pcache.py:PcacheTest.test;run-cache_mode-writethrough-crc-disable-gc-gc80-test_script-failslab-ad64: STARTED
2025-08-12 06:04:00,093 avocado.core.status.repo DEBUG| Task "46-./pcache.py:PcacheTest.test;run-cache_mode-writethrough-crc-disable-gc-gc80-test_script-failslab-ad64" finished message: "{'result': 'pass', 'status': 'finished', 'time': 10045.159004816}"
2025-08-12 06:04:00,124 avocado.test INFO | ./pcache.py:PcacheTest.test;run-cache_mode-writethrough-crc-disable-gc-gc80-test_script-failslab-ad64: PASS
2025-08-12 06:04:00,124 avocado.test INFO | More information in /root/avocado/job-results/job-2025-08-12T03.48-c19f475/test-results/46-._pcache.py_PcacheTest.test_run-cache_mode-writethrough-crc-disable-gc-gc80-test_script-failslab-ad64
2025-08-12 06:04:00,181 avocado.core.task.statemachine DEBUG| Task "46-./pcache.py:PcacheTest.test;run-cache_mode-writethrough-crc-disable-gc-gc80-test_script-failslab-ad64" finished
2025-08-12 06:04:00,181 avocado.core.task.statemachine DEBUG| Task "47-./pcache.py:PcacheTest.test;run-cache_mode-writethrough-crc-disable-gc-gc80-test_script-fail_make_request-5eb2": requested -> triaging
2025-08-12 06:04:00,181 avocado.core.task.statemachine DEBUG| Task "47-./pcache.py:PcacheTest.test;run-cache_mode-writethrough-crc-disable-gc-gc80-test_script-fail_make_request-5eb2": requirements OK (will proceed to check dependencies)
2025-08-12 06:04:00,181 avocado.core.task.statemachine DEBUG| Task "47-./pcache.py:PcacheTest.test;run-cache_mode-writethrough-crc-disable-gc-gc80-test_script-fail_make_request-5eb2": about to be spawned with "<avocado.plugins.spawners.process.ProcessSpawner object at 0x7fe2d9d51a90>"
2025-08-12 06:04:00,185 avocado.core.task.statemachine DEBUG| Task "47-./pcache.py:PcacheTest.test;run-cache_mode-writethrough-crc-disable-gc-gc80-test_script-fail_make_request-5eb2": spawned successfully
2025-08-12 06:04:00,527 avocado.core.status.repo DEBUG| Task "47-./pcache.py:PcacheTest.test;run-cache_mode-writethrough-crc-disable-gc-gc80-test_script-fail_make_request-5eb2" started message: "{'status': 'started', 'time': 10045.695155482, 'output_dir': '/root/avocado/job-results/job-2025-08-12T03.48-c19f475/test-results/47-._pcache.py_PcacheTest.test_run-cache_mode-writethrough-crc-disable-gc-gc80-test_script-fail_make_request-5eb2', 'id': '47-./pcache.py:PcacheTest.test;run-cache_mode-writethrough-crc-disable-gc-gc80-test_script-fail_make_request-5eb2'}"
2025-08-12 06:04:00,529 avocado.test INFO | ./pcache.py:PcacheTest.test;run-cache_mode-writethrough-crc-disable-gc-gc80-test_script-fail_make_request-5eb2: STARTED
2025-08-12 06:04:02,235 avocado.core.status.repo DEBUG| Task "47-./pcache.py:PcacheTest.test;run-cache_mode-writethrough-crc-disable-gc-gc80-test_script-fail_make_request-5eb2" finished message: "{'result': 'pass', 'status': 'finished', 'time': 10047.306606515}"
2025-08-12 06:04:02,301 avocado.test INFO | ./pcache.py:PcacheTest.test;run-cache_mode-writethrough-crc-disable-gc-gc80-test_script-fail_make_request-5eb2: PASS
2025-08-12 06:04:02,301 avocado.test INFO | More information in /root/avocado/job-results/job-2025-08-12T03.48-c19f475/test-results/47-._pcache.py_PcacheTest.test_run-cache_mode-writethrough-crc-disable-gc-gc80-test_script-fail_make_request-5eb2
2025-08-12 06:04:02,389 avocado.core.task.statemachine DEBUG| Task "47-./pcache.py:PcacheTest.test;run-cache_mode-writethrough-crc-disable-gc-gc80-test_script-fail_make_request-5eb2" finished
2025-08-12 06:04:02,389 avocado.core.task.statemachine DEBUG| Task "48-./pcache.py:PcacheTest.test;run-cache_mode-writethrough-crc-disable-gc-gc80-test_script-recreate_loop-ac96": requested -> triaging
2025-08-12 06:04:02,389 avocado.core.task.statemachine DEBUG| Task "48-./pcache.py:PcacheTest.test;run-cache_mode-writethrough-crc-disable-gc-gc80-test_script-recreate_loop-ac96": requirements OK (will proceed to check dependencies)
2025-08-12 06:04:02,390 avocado.core.task.statemachine DEBUG| Task "48-./pcache.py:PcacheTest.test;run-cache_mode-writethrough-crc-disable-gc-gc80-test_script-recreate_loop-ac96": about to be spawned with "<avocado.plugins.spawners.process.ProcessSpawner object at 0x7fe2d9d51a90>"
2025-08-12 06:04:02,393 avocado.core.task.statemachine DEBUG| Task "48-./pcache.py:PcacheTest.test;run-cache_mode-writethrough-crc-disable-gc-gc80-test_script-recreate_loop-ac96": spawned successfully
2025-08-12 06:04:02,982 avocado.core.status.repo DEBUG| Task "48-./pcache.py:PcacheTest.test;run-cache_mode-writethrough-crc-disable-gc-gc80-test_script-recreate_loop-ac96" started message: "{'status': 'started', 'time': 10048.149636816, 'output_dir': '/root/avocado/job-results/job-2025-08-12T03.48-c19f475/test-results/48-._pcache.py_PcacheTest.test_run-cache_mode-writethrough-crc-disable-gc-gc80-test_script-recreate_loop-ac96', 'id': '48-./pcache.py:PcacheTest.test;run-cache_mode-writethrough-crc-disable-gc-gc80-test_script-recreate_loop-ac96'}"
2025-08-12 06:04:03,009 avocado.test INFO | ./pcache.py:PcacheTest.test;run-cache_mode-writethrough-crc-disable-gc-gc80-test_script-recreate_loop-ac96: STARTED
2025-08-12 06:04:03,750 avocado.core.status.repo DEBUG| Task "48-./pcache.py:PcacheTest.test;run-cache_mode-writethrough-crc-disable-gc-gc80-test_script-recreate_loop-ac96" finished message: "{'result': 'pass', 'status': 'finished', 'time': 10048.824152719}"
2025-08-12 06:04:03,777 avocado.test INFO | ./pcache.py:PcacheTest.test;run-cache_mode-writethrough-crc-disable-gc-gc80-test_script-recreate_loop-ac96: PASS
2025-08-12 06:04:03,777 avocado.test INFO | More information in /root/avocado/job-results/job-2025-08-12T03.48-c19f475/test-results/48-._pcache.py_PcacheTest.test_run-cache_mode-writethrough-crc-disable-gc-gc80-test_script-recreate_loop-ac96
2025-08-12 06:04:03,847 avocado.core.task.statemachine DEBUG| Task "48-./pcache.py:PcacheTest.test;run-cache_mode-writethrough-crc-disable-gc-gc80-test_script-recreate_loop-ac96" finished
2025-08-12 06:04:03,847 avocado.core.task.statemachine DEBUG| Task "49-./pcache.py:PcacheTest.test;run-cache_mode-writearound-crc-enable-gc-gc0-test_script-default-8e67": requested -> triaging
2025-08-12 06:04:03,848 avocado.core.task.statemachine DEBUG| Task "49-./pcache.py:PcacheTest.test;run-cache_mode-writearound-crc-enable-gc-gc0-test_script-default-8e67": requirements OK (will proceed to check dependencies)
2025-08-12 06:04:03,848 avocado.core.task.statemachine DEBUG| Task "49-./pcache.py:PcacheTest.test;run-cache_mode-writearound-crc-enable-gc-gc0-test_script-default-8e67": about to be spawned with "<avocado.plugins.spawners.process.ProcessSpawner object at 0x7fe2d9d51a90>"
2025-08-12 06:04:03,851 avocado.core.task.statemachine DEBUG| Task "49-./pcache.py:PcacheTest.test;run-cache_mode-writearound-crc-enable-gc-gc0-test_script-default-8e67": spawned successfully
2025-08-12 06:04:04,172 avocado.core.status.repo DEBUG| Task "49-./pcache.py:PcacheTest.test;run-cache_mode-writearound-crc-enable-gc-gc0-test_script-default-8e67" started message: "{'status': 'started', 'time': 10049.340374792, 'output_dir': '/root/avocado/job-results/job-2025-08-12T03.48-c19f475/test-results/49-._pcache.py_PcacheTest.test_run-cache_mode-writearound-crc-enable-gc-gc0-test_script-default-8e67', 'id': '49-./pcache.py:PcacheTest.test;run-cache_mode-writearound-crc-enable-gc-gc0-test_script-default-8e67'}"
2025-08-12 06:04:04,181 avocado.test INFO | ./pcache.py:PcacheTest.test;run-cache_mode-writearound-crc-enable-gc-gc0-test_script-default-8e67: STARTED
2025-08-12 06:04:04,994 avocado.core.status.repo DEBUG| Task "49-./pcache.py:PcacheTest.test;run-cache_mode-writearound-crc-enable-gc-gc0-test_script-default-8e67" finished message: "{'result': 'pass', 'status': 'finished', 'time': 10050.062720608}"
2025-08-12 06:04:05,048 avocado.test INFO | ./pcache.py:PcacheTest.test;run-cache_mode-writearound-crc-enable-gc-gc0-test_script-default-8e67: PASS
2025-08-12 06:04:05,049 avocado.test INFO | More information in /root/avocado/job-results/job-2025-08-12T03.48-c19f475/test-results/49-._pcache.py_PcacheTest.test_run-cache_mode-writearound-crc-enable-gc-gc0-test_script-default-8e67
2025-08-12 06:04:05,085 avocado.core.task.statemachine DEBUG| Task "49-./pcache.py:PcacheTest.test;run-cache_mode-writearound-crc-enable-gc-gc0-test_script-default-8e67" finished
2025-08-12 06:04:05,085 avocado.core.task.statemachine DEBUG| Task "50-./pcache.py:PcacheTest.test;run-cache_mode-writearound-crc-enable-gc-gc0-test_script-xfstests-e49a": requested -> triaging
2025-08-12 06:04:05,085 avocado.core.task.statemachine DEBUG| Task "50-./pcache.py:PcacheTest.test;run-cache_mode-writearound-crc-enable-gc-gc0-test_script-xfstests-e49a": requirements OK (will proceed to check dependencies)
2025-08-12 06:04:05,086 avocado.core.task.statemachine DEBUG| Task "50-./pcache.py:PcacheTest.test;run-cache_mode-writearound-crc-enable-gc-gc0-test_script-xfstests-e49a": about to be spawned with "<avocado.plugins.spawners.process.ProcessSpawner object at 0x7fe2d9d51a90>"
2025-08-12 06:04:05,089 avocado.core.task.statemachine DEBUG| Task "50-./pcache.py:PcacheTest.test;run-cache_mode-writearound-crc-enable-gc-gc0-test_script-xfstests-e49a": spawned successfully
2025-08-12 06:04:05,435 avocado.core.status.repo DEBUG| Task "50-./pcache.py:PcacheTest.test;run-cache_mode-writearound-crc-enable-gc-gc0-test_script-xfstests-e49a" started message: "{'status': 'started', 'time': 10050.603536872, 'output_dir': '/root/avocado/job-results/job-2025-08-12T03.48-c19f475/test-results/50-._pcache.py_PcacheTest.test_run-cache_mode-writearound-crc-enable-gc-gc0-test_script-xfstests-e49a', 'id': '50-./pcache.py:PcacheTest.test;run-cache_mode-writearound-crc-enable-gc-gc0-test_script-xfstests-e49a'}"
2025-08-12 06:04:05,453 avocado.test INFO | ./pcache.py:PcacheTest.test;run-cache_mode-writearound-crc-enable-gc-gc0-test_script-xfstests-e49a: STARTED
2025-08-12 06:04:06,371 avocado.core.status.repo DEBUG| Task "50-./pcache.py:PcacheTest.test;run-cache_mode-writearound-crc-enable-gc-gc0-test_script-xfstests-e49a" finished message: "{'result': 'pass', 'status': 'finished', 'time': 10051.443114111}"
2025-08-12 06:04:06,423 avocado.test INFO | ./pcache.py:PcacheTest.test;run-cache_mode-writearound-crc-enable-gc-gc0-test_script-xfstests-e49a: PASS
2025-08-12 06:04:06,424 avocado.test INFO | More information in /root/avocado/job-results/job-2025-08-12T03.48-c19f475/test-results/50-._pcache.py_PcacheTest.test_run-cache_mode-writearound-crc-enable-gc-gc0-test_script-xfstests-e49a
2025-08-12 06:04:06,464 avocado.core.task.statemachine DEBUG| Task "50-./pcache.py:PcacheTest.test;run-cache_mode-writearound-crc-enable-gc-gc0-test_script-xfstests-e49a" finished
2025-08-12 06:04:06,464 avocado.core.task.statemachine DEBUG| Task "51-./pcache.py:PcacheTest.test;run-cache_mode-writearound-crc-enable-gc-gc0-test_script-misc-0144": requested -> triaging
2025-08-12 06:04:06,465 avocado.core.task.statemachine DEBUG| Task "51-./pcache.py:PcacheTest.test;run-cache_mode-writearound-crc-enable-gc-gc0-test_script-misc-0144": requirements OK (will proceed to check dependencies)
2025-08-12 06:04:06,465 avocado.core.task.statemachine DEBUG| Task "51-./pcache.py:PcacheTest.test;run-cache_mode-writearound-crc-enable-gc-gc0-test_script-misc-0144": about to be spawned with "<avocado.plugins.spawners.process.ProcessSpawner object at 0x7fe2d9d51a90>"
2025-08-12 06:04:06,468 avocado.core.task.statemachine DEBUG| Task "51-./pcache.py:PcacheTest.test;run-cache_mode-writearound-crc-enable-gc-gc0-test_script-misc-0144": spawned successfully
2025-08-12 06:04:07,144 avocado.core.status.repo DEBUG| Task "51-./pcache.py:PcacheTest.test;run-cache_mode-writearound-crc-enable-gc-gc0-test_script-misc-0144" started message: "{'status': 'started', 'time': 10052.31168227, 'output_dir': '/root/avocado/job-results/job-2025-08-12T03.48-c19f475/test-results/51-._pcache.py_PcacheTest.test_run-cache_mode-writearound-crc-enable-gc-gc0-test_script-misc-0144', 'id': '51-./pcache.py:PcacheTest.test;run-cache_mode-writearound-crc-enable-gc-gc0-test_script-misc-0144'}"
2025-08-12 06:04:07,181 avocado.test INFO | ./pcache.py:PcacheTest.test;run-cache_mode-writearound-crc-enable-gc-gc0-test_script-misc-0144: STARTED
2025-08-12 06:04:07,912 avocado.core.status.repo DEBUG| Task "51-./pcache.py:PcacheTest.test;run-cache_mode-writearound-crc-enable-gc-gc0-test_script-misc-0144" finished message: "{'result': 'pass', 'status': 'finished', 'time': 10052.981815785}"
2025-08-12 06:04:07,950 avocado.test INFO | ./pcache.py:PcacheTest.test;run-cache_mode-writearound-crc-enable-gc-gc0-test_script-misc-0144: PASS
2025-08-12 06:04:07,950 avocado.test INFO | More information in /root/avocado/job-results/job-2025-08-12T03.48-c19f475/test-results/51-._pcache.py_PcacheTest.test_run-cache_mode-writearound-crc-enable-gc-gc0-test_script-misc-0144
2025-08-12 06:04:08,002 avocado.core.task.statemachine DEBUG| Task "51-./pcache.py:PcacheTest.test;run-cache_mode-writearound-crc-enable-gc-gc0-test_script-misc-0144" finished
2025-08-12 06:04:08,003 avocado.core.task.statemachine DEBUG| Task "52-./pcache.py:PcacheTest.test;run-cache_mode-writearound-crc-enable-gc-gc0-test_script-failslab-5e60": requested -> triaging
2025-08-12 06:04:08,003 avocado.core.task.statemachine DEBUG| Task "52-./pcache.py:PcacheTest.test;run-cache_mode-writearound-crc-enable-gc-gc0-test_script-failslab-5e60": requirements OK (will proceed to check dependencies)
2025-08-12 06:04:08,003 avocado.core.task.statemachine DEBUG| Task "52-./pcache.py:PcacheTest.test;run-cache_mode-writearound-crc-enable-gc-gc0-test_script-failslab-5e60": about to be spawned with "<avocado.plugins.spawners.process.ProcessSpawner object at 0x7fe2d9d51a90>"
2025-08-12 06:04:08,006 avocado.core.task.statemachine DEBUG| Task "52-./pcache.py:PcacheTest.test;run-cache_mode-writearound-crc-enable-gc-gc0-test_script-failslab-5e60": spawned successfully
2025-08-12 06:04:08,349 avocado.core.status.repo DEBUG| Task "52-./pcache.py:PcacheTest.test;run-cache_mode-writearound-crc-enable-gc-gc0-test_script-failslab-5e60" started message: "{'status': 'started', 'time': 10053.517756739, 'output_dir': '/root/avocado/job-results/job-2025-08-12T03.48-c19f475/test-results/52-._pcache.py_PcacheTest.test_run-cache_mode-writearound-crc-enable-gc-gc0-test_script-failslab-5e60', 'id': '52-./pcache.py:PcacheTest.test;run-cache_mode-writearound-crc-enable-gc-gc0-test_script-failslab-5e60'}"
2025-08-12 06:04:08,353 avocado.test INFO | ./pcache.py:PcacheTest.test;run-cache_mode-writearound-crc-enable-gc-gc0-test_script-failslab-5e60: STARTED
2025-08-12 06:04:09,305 avocado.core.status.repo DEBUG| Task "52-./pcache.py:PcacheTest.test;run-cache_mode-writearound-crc-enable-gc-gc0-test_script-failslab-5e60" finished message: "{'result': 'pass', 'status': 'finished', 'time': 10054.378799228}"
2025-08-12 06:04:09,327 avocado.test INFO | ./pcache.py:PcacheTest.test;run-cache_mode-writearound-crc-enable-gc-gc0-test_script-failslab-5e60: PASS
2025-08-12 06:04:09,327 avocado.test INFO | More information in /root/avocado/job-results/job-2025-08-12T03.48-c19f475/test-results/52-._pcache.py_PcacheTest.test_run-cache_mode-writearound-crc-enable-gc-gc0-test_script-failslab-5e60
2025-08-12 06:04:09,410 avocado.core.task.statemachine DEBUG| Task "52-./pcache.py:PcacheTest.test;run-cache_mode-writearound-crc-enable-gc-gc0-test_script-failslab-5e60" finished
2025-08-12 06:04:09,410 avocado.core.task.statemachine DEBUG| Task "53-./pcache.py:PcacheTest.test;run-cache_mode-writearound-crc-enable-gc-gc0-test_script-fail_make_request-0a41": requested -> triaging
2025-08-12 06:04:09,410 avocado.core.task.statemachine DEBUG| Task "53-./pcache.py:PcacheTest.test;run-cache_mode-writearound-crc-enable-gc-gc0-test_script-fail_make_request-0a41": requirements OK (will proceed to check dependencies)
2025-08-12 06:04:09,410 avocado.core.task.statemachine DEBUG| Task "53-./pcache.py:PcacheTest.test;run-cache_mode-writearound-crc-enable-gc-gc0-test_script-fail_make_request-0a41": about to be spawned with "<avocado.plugins.spawners.process.ProcessSpawner object at 0x7fe2d9d51a90>"
2025-08-12 06:04:09,413 avocado.core.task.statemachine DEBUG| Task "53-./pcache.py:PcacheTest.test;run-cache_mode-writearound-crc-enable-gc-gc0-test_script-fail_make_request-0a41": spawned successfully
2025-08-12 06:04:09,942 avocado.core.status.repo DEBUG| Task "53-./pcache.py:PcacheTest.test;run-cache_mode-writearound-crc-enable-gc-gc0-test_script-fail_make_request-0a41" started message: "{'status': 'started', 'time': 10055.110385361, 'output_dir': '/root/avocado/job-results/job-2025-08-12T03.48-c19f475/test-results/53-._pcache.py_PcacheTest.test_run-cache_mode-writearound-crc-enable-gc-gc0-test_script-fail_make_request-0a41', 'id': '53-./pcache.py:PcacheTest.test;run-cache_mode-writearound-crc-enable-gc-gc0-test_script-fail_make_request-0a41'}"
2025-08-12 06:04:09,982 avocado.test INFO | ./pcache.py:PcacheTest.test;run-cache_mode-writearound-crc-enable-gc-gc0-test_script-fail_make_request-0a41: STARTED
2025-08-12 06:04:11,627 avocado.core.status.repo DEBUG| Task "53-./pcache.py:PcacheTest.test;run-cache_mode-writearound-crc-enable-gc-gc0-test_script-fail_make_request-0a41" finished message: "{'result': 'pass', 'status': 'finished', 'time': 10056.699053518}"
2025-08-12 06:04:11,661 avocado.test INFO | ./pcache.py:PcacheTest.test;run-cache_mode-writearound-crc-enable-gc-gc0-test_script-fail_make_request-0a41: PASS
2025-08-12 06:04:11,661 avocado.test INFO | More information in /root/avocado/job-results/job-2025-08-12T03.48-c19f475/test-results/53-._pcache.py_PcacheTest.test_run-cache_mode-writearound-crc-enable-gc-gc0-test_script-fail_make_request-0a41
2025-08-12 06:04:11,714 avocado.core.task.statemachine DEBUG| Task "53-./pcache.py:PcacheTest.test;run-cache_mode-writearound-crc-enable-gc-gc0-test_script-fail_make_request-0a41" finished
2025-08-12 06:04:11,715 avocado.core.task.statemachine DEBUG| Task "54-./pcache.py:PcacheTest.test;run-cache_mode-writearound-crc-enable-gc-gc0-test_script-recreate_loop-66e1": requested -> triaging
2025-08-12 06:04:11,715 avocado.core.task.statemachine DEBUG| Task "54-./pcache.py:PcacheTest.test;run-cache_mode-writearound-crc-enable-gc-gc0-test_script-recreate_loop-66e1": requirements OK (will proceed to check dependencies)
2025-08-12 06:04:11,715 avocado.core.task.statemachine DEBUG| Task "54-./pcache.py:PcacheTest.test;run-cache_mode-writearound-crc-enable-gc-gc0-test_script-recreate_loop-66e1": about to be spawned with "<avocado.plugins.spawners.process.ProcessSpawner object at 0x7fe2d9d51a90>"
2025-08-12 06:04:11,722 avocado.core.task.statemachine DEBUG| Task "54-./pcache.py:PcacheTest.test;run-cache_mode-writearound-crc-enable-gc-gc0-test_script-recreate_loop-66e1": spawned successfully
2025-08-12 06:04:12,066 avocado.core.status.repo DEBUG| Task "54-./pcache.py:PcacheTest.test;run-cache_mode-writearound-crc-enable-gc-gc0-test_script-recreate_loop-66e1" started message: "{'status': 'started', 'time': 10057.234640097, 'output_dir': '/root/avocado/job-results/job-2025-08-12T03.48-c19f475/test-results/54-._pcache.py_PcacheTest.test_run-cache_mode-writearound-crc-enable-gc-gc0-test_script-recreate_loop-66e1', 'id': '54-./pcache.py:PcacheTest.test;run-cache_mode-writearound-crc-enable-gc-gc0-test_script-recreate_loop-66e1'}"
2025-08-12 06:04:12,116 avocado.test INFO | ./pcache.py:PcacheTest.test;run-cache_mode-writearound-crc-enable-gc-gc0-test_script-recreate_loop-66e1: STARTED
2025-08-12 06:04:12,826 avocado.core.status.repo DEBUG| Task "54-./pcache.py:PcacheTest.test;run-cache_mode-writearound-crc-enable-gc-gc0-test_script-recreate_loop-66e1" finished message: "{'result': 'pass', 'status': 'finished', 'time': 10057.895160844}"
2025-08-12 06:04:12,834 avocado.test INFO | ./pcache.py:PcacheTest.test;run-cache_mode-writearound-crc-enable-gc-gc0-test_script-recreate_loop-66e1: PASS
2025-08-12 06:04:12,834 avocado.test INFO | More information in /root/avocado/job-results/job-2025-08-12T03.48-c19f475/test-results/54-._pcache.py_PcacheTest.test_run-cache_mode-writearound-crc-enable-gc-gc0-test_script-recreate_loop-66e1
2025-08-12 06:04:12,917 avocado.core.task.statemachine DEBUG| Task "54-./pcache.py:PcacheTest.test;run-cache_mode-writearound-crc-enable-gc-gc0-test_script-recreate_loop-66e1" finished
2025-08-12 06:04:12,917 avocado.core.task.statemachine DEBUG| Task "55-./pcache.py:PcacheTest.test;run-cache_mode-writearound-crc-disable-gc-gc0-test_script-default-28eb": requested -> triaging
2025-08-12 06:04:12,917 avocado.core.task.statemachine DEBUG| Task "55-./pcache.py:PcacheTest.test;run-cache_mode-writearound-crc-disable-gc-gc0-test_script-default-28eb": requirements OK (will proceed to check dependencies)
2025-08-12 06:04:12,917 avocado.core.task.statemachine DEBUG| Task "55-./pcache.py:PcacheTest.test;run-cache_mode-writearound-crc-disable-gc-gc0-test_script-default-28eb": about to be spawned with "<avocado.plugins.spawners.process.ProcessSpawner object at 0x7fe2d9d51a90>"
2025-08-12 06:04:12,920 avocado.core.task.statemachine DEBUG| Task "55-./pcache.py:PcacheTest.test;run-cache_mode-writearound-crc-disable-gc-gc0-test_script-default-28eb": spawned successfully
2025-08-12 06:04:13,451 avocado.core.status.repo DEBUG| Task "55-./pcache.py:PcacheTest.test;run-cache_mode-writearound-crc-disable-gc-gc0-test_script-default-28eb" started message: "{'status': 'started', 'time': 10058.619182209, 'output_dir': '/root/avocado/job-results/job-2025-08-12T03.48-c19f475/test-results/55-._pcache.py_PcacheTest.test_run-cache_mode-writearound-crc-disable-gc-gc0-test_script-default-28eb', 'id': '55-./pcache.py:PcacheTest.test;run-cache_mode-writearound-crc-disable-gc-gc0-test_script-default-28eb'}"
2025-08-12 06:04:13,490 avocado.test INFO | ./pcache.py:PcacheTest.test;run-cache_mode-writearound-crc-disable-gc-gc0-test_script-default-28eb: STARTED
2025-08-12 06:04:14,397 avocado.core.status.repo DEBUG| Task "55-./pcache.py:PcacheTest.test;run-cache_mode-writearound-crc-disable-gc-gc0-test_script-default-28eb" finished message: "{'result': 'pass', 'status': 'finished', 'time': 10059.462760068}"
2025-08-12 06:04:14,415 avocado.test INFO | ./pcache.py:PcacheTest.test;run-cache_mode-writearound-crc-disable-gc-gc0-test_script-default-28eb: PASS
2025-08-12 06:04:14,415 avocado.test INFO | More information in /root/avocado/job-results/job-2025-08-12T03.48-c19f475/test-results/55-._pcache.py_PcacheTest.test_run-cache_mode-writearound-crc-disable-gc-gc0-test_script-default-28eb
2025-08-12 06:04:14,485 avocado.core.task.statemachine DEBUG| Task "55-./pcache.py:PcacheTest.test;run-cache_mode-writearound-crc-disable-gc-gc0-test_script-default-28eb" finished
2025-08-12 06:04:14,485 avocado.core.task.statemachine DEBUG| Task "56-./pcache.py:PcacheTest.test;run-cache_mode-writearound-crc-disable-gc-gc0-test_script-xfstests-0115": requested -> triaging
2025-08-12 06:04:14,485 avocado.core.task.statemachine DEBUG| Task "56-./pcache.py:PcacheTest.test;run-cache_mode-writearound-crc-disable-gc-gc0-test_script-xfstests-0115": requirements OK (will proceed to check dependencies)
2025-08-12 06:04:14,486 avocado.core.task.statemachine DEBUG| Task "56-./pcache.py:PcacheTest.test;run-cache_mode-writearound-crc-disable-gc-gc0-test_script-xfstests-0115": about to be spawned with "<avocado.plugins.spawners.process.ProcessSpawner object at 0x7fe2d9d51a90>"
2025-08-12 06:04:14,489 avocado.core.task.statemachine DEBUG| Task "56-./pcache.py:PcacheTest.test;run-cache_mode-writearound-crc-disable-gc-gc0-test_script-xfstests-0115": spawned successfully
2025-08-12 06:04:14,835 avocado.core.status.repo DEBUG| Task "56-./pcache.py:PcacheTest.test;run-cache_mode-writearound-crc-disable-gc-gc0-test_script-xfstests-0115" started message: "{'status': 'started', 'time': 10060.002637572, 'output_dir': '/root/avocado/job-results/job-2025-08-12T03.48-c19f475/test-results/56-._pcache.py_PcacheTest.test_run-cache_mode-writearound-crc-disable-gc-gc0-test_script-xfstests-0115', 'id': '56-./pcache.py:PcacheTest.test;run-cache_mode-writearound-crc-disable-gc-gc0-test_script-xfstests-0115'}"
2025-08-12 06:04:14,871 avocado.test INFO | ./pcache.py:PcacheTest.test;run-cache_mode-writearound-crc-disable-gc-gc0-test_script-xfstests-0115: STARTED
2025-08-12 06:04:15,749 avocado.core.status.repo DEBUG| Task "56-./pcache.py:PcacheTest.test;run-cache_mode-writearound-crc-disable-gc-gc0-test_script-xfstests-0115" finished message: "{'result': 'pass', 'status': 'finished', 'time': 10060.815781923}"
2025-08-12 06:04:15,790 avocado.test INFO | ./pcache.py:PcacheTest.test;run-cache_mode-writearound-crc-disable-gc-gc0-test_script-xfstests-0115: PASS
2025-08-12 06:04:15,791 avocado.test INFO | More information in /root/avocado/job-results/job-2025-08-12T03.48-c19f475/test-results/56-._pcache.py_PcacheTest.test_run-cache_mode-writearound-crc-disable-gc-gc0-test_script-xfstests-0115
2025-08-12 06:04:15,838 avocado.core.task.statemachine DEBUG| Task "56-./pcache.py:PcacheTest.test;run-cache_mode-writearound-crc-disable-gc-gc0-test_script-xfstests-0115" finished
2025-08-12 06:04:15,838 avocado.core.task.statemachine DEBUG| Task "57-./pcache.py:PcacheTest.test;run-cache_mode-writearound-crc-disable-gc-gc0-test_script-misc-b512": requested -> triaging
2025-08-12 06:04:15,839 avocado.core.task.statemachine DEBUG| Task "57-./pcache.py:PcacheTest.test;run-cache_mode-writearound-crc-disable-gc-gc0-test_script-misc-b512": requirements OK (will proceed to check dependencies)
2025-08-12 06:04:15,839 avocado.core.task.statemachine DEBUG| Task "57-./pcache.py:PcacheTest.test;run-cache_mode-writearound-crc-disable-gc-gc0-test_script-misc-b512": about to be spawned with "<avocado.plugins.spawners.process.ProcessSpawner object at 0x7fe2d9d51a90>"
2025-08-12 06:04:15,842 avocado.core.task.statemachine DEBUG| Task "57-./pcache.py:PcacheTest.test;run-cache_mode-writearound-crc-disable-gc-gc0-test_script-misc-b512": spawned successfully
2025-08-12 06:04:16,343 avocado.core.status.repo DEBUG| Task "57-./pcache.py:PcacheTest.test;run-cache_mode-writearound-crc-disable-gc-gc0-test_script-misc-b512" started message: "{'status': 'started', 'time': 10061.511148495, 'output_dir': '/root/avocado/job-results/job-2025-08-12T03.48-c19f475/test-results/57-._pcache.py_PcacheTest.test_run-cache_mode-writearound-crc-disable-gc-gc0-test_script-misc-b512', 'id': '57-./pcache.py:PcacheTest.test;run-cache_mode-writearound-crc-disable-gc-gc0-test_script-misc-b512'}"
2025-08-12 06:04:16,346 avocado.test INFO | ./pcache.py:PcacheTest.test;run-cache_mode-writearound-crc-disable-gc-gc0-test_script-misc-b512: STARTED
2025-08-12 06:04:17,276 avocado.core.status.repo DEBUG| Task "57-./pcache.py:PcacheTest.test;run-cache_mode-writearound-crc-disable-gc-gc0-test_script-misc-b512" finished message: "{'result': 'pass', 'status': 'finished', 'time': 10062.348298214}"
2025-08-12 06:04:17,318 avocado.test INFO | ./pcache.py:PcacheTest.test;run-cache_mode-writearound-crc-disable-gc-gc0-test_script-misc-b512: PASS
2025-08-12 06:04:17,318 avocado.test INFO | More information in /root/avocado/job-results/job-2025-08-12T03.48-c19f475/test-results/57-._pcache.py_PcacheTest.test_run-cache_mode-writearound-crc-disable-gc-gc0-test_script-misc-b512
2025-08-12 06:04:17,365 avocado.core.task.statemachine DEBUG| Task "57-./pcache.py:PcacheTest.test;run-cache_mode-writearound-crc-disable-gc-gc0-test_script-misc-b512" finished
2025-08-12 06:04:17,365 avocado.core.task.statemachine DEBUG| Task "58-./pcache.py:PcacheTest.test;run-cache_mode-writearound-crc-disable-gc-gc0-test_script-failslab-aff5": requested -> triaging
2025-08-12 06:04:17,365 avocado.core.task.statemachine DEBUG| Task "58-./pcache.py:PcacheTest.test;run-cache_mode-writearound-crc-disable-gc-gc0-test_script-failslab-aff5": requirements OK (will proceed to check dependencies)
2025-08-12 06:04:17,365 avocado.core.task.statemachine DEBUG| Task "58-./pcache.py:PcacheTest.test;run-cache_mode-writearound-crc-disable-gc-gc0-test_script-failslab-aff5": about to be spawned with "<avocado.plugins.spawners.process.ProcessSpawner object at 0x7fe2d9d51a90>"
2025-08-12 06:04:17,368 avocado.core.task.statemachine DEBUG| Task "58-./pcache.py:PcacheTest.test;run-cache_mode-writearound-crc-disable-gc-gc0-test_script-failslab-aff5": spawned successfully
2025-08-12 06:04:17,917 avocado.core.status.repo DEBUG| Task "58-./pcache.py:PcacheTest.test;run-cache_mode-writearound-crc-disable-gc-gc0-test_script-failslab-aff5" started message: "{'status': 'started', 'time': 10063.084982284, 'output_dir': '/root/avocado/job-results/job-2025-08-12T03.48-c19f475/test-results/58-._pcache.py_PcacheTest.test_run-cache_mode-writearound-crc-disable-gc-gc0-test_script-failslab-aff5', 'id': '58-./pcache.py:PcacheTest.test;run-cache_mode-writearound-crc-disable-gc-gc0-test_script-failslab-aff5'}"
2025-08-12 06:04:17,924 avocado.test INFO | ./pcache.py:PcacheTest.test;run-cache_mode-writearound-crc-disable-gc-gc0-test_script-failslab-aff5: STARTED
2025-08-12 06:04:18,881 avocado.core.status.repo DEBUG| Task "58-./pcache.py:PcacheTest.test;run-cache_mode-writearound-crc-disable-gc-gc0-test_script-failslab-aff5" finished message: "{'result': 'pass', 'status': 'finished', 'time': 10063.956160141}"
2025-08-12 06:04:18,905 avocado.test INFO | ./pcache.py:PcacheTest.test;run-cache_mode-writearound-crc-disable-gc-gc0-test_script-failslab-aff5: PASS
2025-08-12 06:04:18,906 avocado.test INFO | More information in /root/avocado/job-results/job-2025-08-12T03.48-c19f475/test-results/58-._pcache.py_PcacheTest.test_run-cache_mode-writearound-crc-disable-gc-gc0-test_script-failslab-aff5
2025-08-12 06:04:18,971 avocado.core.task.statemachine DEBUG| Task "58-./pcache.py:PcacheTest.test;run-cache_mode-writearound-crc-disable-gc-gc0-test_script-failslab-aff5" finished
2025-08-12 06:04:18,972 avocado.core.task.statemachine DEBUG| Task "59-./pcache.py:PcacheTest.test;run-cache_mode-writearound-crc-disable-gc-gc0-test_script-fail_make_request-fa5f": requested -> triaging
2025-08-12 06:04:18,972 avocado.core.task.statemachine DEBUG| Task "59-./pcache.py:PcacheTest.test;run-cache_mode-writearound-crc-disable-gc-gc0-test_script-fail_make_request-fa5f": requirements OK (will proceed to check dependencies)
2025-08-12 06:04:18,972 avocado.core.task.statemachine DEBUG| Task "59-./pcache.py:PcacheTest.test;run-cache_mode-writearound-crc-disable-gc-gc0-test_script-fail_make_request-fa5f": about to be spawned with "<avocado.plugins.spawners.process.ProcessSpawner object at 0x7fe2d9d51a90>"
2025-08-12 06:04:18,975 avocado.core.task.statemachine DEBUG| Task "59-./pcache.py:PcacheTest.test;run-cache_mode-writearound-crc-disable-gc-gc0-test_script-fail_make_request-fa5f": spawned successfully
2025-08-12 06:04:19,430 avocado.core.status.repo DEBUG| Task "59-./pcache.py:PcacheTest.test;run-cache_mode-writearound-crc-disable-gc-gc0-test_script-fail_make_request-fa5f" started message: "{'status': 'started', 'time': 10064.599082682, 'output_dir': '/root/avocado/job-results/job-2025-08-12T03.48-c19f475/test-results/59-._pcache.py_PcacheTest.test_run-cache_mode-writearound-crc-disable-gc-gc0-test_script-fail_make_request-fa5f', 'id': '59-./pcache.py:PcacheTest.test;run-cache_mode-writearound-crc-disable-gc-gc0-test_script-fail_make_request-fa5f'}"
2025-08-12 06:04:19,461 avocado.test INFO | ./pcache.py:PcacheTest.test;run-cache_mode-writearound-crc-disable-gc-gc0-test_script-fail_make_request-fa5f: STARTED
2025-08-12 06:04:21,055 avocado.core.status.repo DEBUG| Task "59-./pcache.py:PcacheTest.test;run-cache_mode-writearound-crc-disable-gc-gc0-test_script-fail_make_request-fa5f" finished message: "{'result': 'pass', 'status': 'finished', 'time': 10066.127082133}"
2025-08-12 06:04:21,090 avocado.test INFO | ./pcache.py:PcacheTest.test;run-cache_mode-writearound-crc-disable-gc-gc0-test_script-fail_make_request-fa5f: PASS
2025-08-12 06:04:21,090 avocado.test INFO | More information in /root/avocado/job-results/job-2025-08-12T03.48-c19f475/test-results/59-._pcache.py_PcacheTest.test_run-cache_mode-writearound-crc-disable-gc-gc0-test_script-fail_make_request-fa5f
2025-08-12 06:04:21,148 avocado.core.task.statemachine DEBUG| Task "59-./pcache.py:PcacheTest.test;run-cache_mode-writearound-crc-disable-gc-gc0-test_script-fail_make_request-fa5f" finished
2025-08-12 06:04:21,148 avocado.core.task.statemachine DEBUG| Task "60-./pcache.py:PcacheTest.test;run-cache_mode-writearound-crc-disable-gc-gc0-test_script-recreate_loop-2405": requested -> triaging
2025-08-12 06:04:21,148 avocado.core.task.statemachine DEBUG| Task "60-./pcache.py:PcacheTest.test;run-cache_mode-writearound-crc-disable-gc-gc0-test_script-recreate_loop-2405": requirements OK (will proceed to check dependencies)
2025-08-12 06:04:21,148 avocado.core.task.statemachine DEBUG| Task "60-./pcache.py:PcacheTest.test;run-cache_mode-writearound-crc-disable-gc-gc0-test_script-recreate_loop-2405": about to be spawned with "<avocado.plugins.spawners.process.ProcessSpawner object at 0x7fe2d9d51a90>"
2025-08-12 06:04:21,151 avocado.core.task.statemachine DEBUG| Task "60-./pcache.py:PcacheTest.test;run-cache_mode-writearound-crc-disable-gc-gc0-test_script-recreate_loop-2405": spawned successfully
2025-08-12 06:04:21,498 avocado.core.status.repo DEBUG| Task "60-./pcache.py:PcacheTest.test;run-cache_mode-writearound-crc-disable-gc-gc0-test_script-recreate_loop-2405" started message: "{'status': 'started', 'time': 10066.666366527, 'output_dir': '/root/avocado/job-results/job-2025-08-12T03.48-c19f475/test-results/60-._pcache.py_PcacheTest.test_run-cache_mode-writearound-crc-disable-gc-gc0-test_script-recreate_loop-2405', 'id': '60-./pcache.py:PcacheTest.test;run-cache_mode-writearound-crc-disable-gc-gc0-test_script-recreate_loop-2405'}"
2025-08-12 06:04:21,545 avocado.test INFO | ./pcache.py:PcacheTest.test;run-cache_mode-writearound-crc-disable-gc-gc0-test_script-recreate_loop-2405: STARTED
2025-08-12 06:04:22,237 avocado.core.status.repo DEBUG| Task "60-./pcache.py:PcacheTest.test;run-cache_mode-writearound-crc-disable-gc-gc0-test_script-recreate_loop-2405" finished message: "{'result': 'pass', 'status': 'finished', 'time': 10067.312704929}"
2025-08-12 06:04:22,264 avocado.test INFO | ./pcache.py:PcacheTest.test;run-cache_mode-writearound-crc-disable-gc-gc0-test_script-recreate_loop-2405: PASS
2025-08-12 06:04:22,264 avocado.test INFO | More information in /root/avocado/job-results/job-2025-08-12T03.48-c19f475/test-results/60-._pcache.py_PcacheTest.test_run-cache_mode-writearound-crc-disable-gc-gc0-test_script-recreate_loop-2405
2025-08-12 06:04:22,326 avocado.core.task.statemachine DEBUG| Task "60-./pcache.py:PcacheTest.test;run-cache_mode-writearound-crc-disable-gc-gc0-test_script-recreate_loop-2405" finished
2025-08-12 06:04:22,327 avocado.core.task.statemachine DEBUG| Task "61-./pcache.py:PcacheTest.test;run-cache_mode-writearound-crc-enable-gc-gc80-test_script-default-3b90": requested -> triaging
2025-08-12 06:04:22,327 avocado.core.task.statemachine DEBUG| Task "61-./pcache.py:PcacheTest.test;run-cache_mode-writearound-crc-enable-gc-gc80-test_script-default-3b90": requirements OK (will proceed to check dependencies)
2025-08-12 06:04:22,327 avocado.core.task.statemachine DEBUG| Task "61-./pcache.py:PcacheTest.test;run-cache_mode-writearound-crc-enable-gc-gc80-test_script-default-3b90": about to be spawned with "<avocado.plugins.spawners.process.ProcessSpawner object at 0x7fe2d9d51a90>"
2025-08-12 06:04:22,329 avocado.core.task.statemachine DEBUG| Task "61-./pcache.py:PcacheTest.test;run-cache_mode-writearound-crc-enable-gc-gc80-test_script-default-3b90": spawned successfully
2025-08-12 06:04:22,644 avocado.core.status.repo DEBUG| Task "61-./pcache.py:PcacheTest.test;run-cache_mode-writearound-crc-enable-gc-gc80-test_script-default-3b90" started message: "{'status': 'started', 'time': 10067.812684252, 'output_dir': '/root/avocado/job-results/job-2025-08-12T03.48-c19f475/test-results/61-._pcache.py_PcacheTest.test_run-cache_mode-writearound-crc-enable-gc-gc80-test_script-default-3b90', 'id': '61-./pcache.py:PcacheTest.test;run-cache_mode-writearound-crc-enable-gc-gc80-test_script-default-3b90'}"
2025-08-12 06:04:22,668 avocado.test INFO | ./pcache.py:PcacheTest.test;run-cache_mode-writearound-crc-enable-gc-gc80-test_script-default-3b90: STARTED
2025-08-12 06:04:23,445 avocado.core.status.repo DEBUG| Task "61-./pcache.py:PcacheTest.test;run-cache_mode-writearound-crc-enable-gc-gc80-test_script-default-3b90" finished message: "{'result': 'pass', 'status': 'finished', 'time': 10068.519605907}"
2025-08-12 06:04:23,484 avocado.test INFO | ./pcache.py:PcacheTest.test;run-cache_mode-writearound-crc-enable-gc-gc80-test_script-default-3b90: PASS
2025-08-12 06:04:23,484 avocado.test INFO | More information in /root/avocado/job-results/job-2025-08-12T03.48-c19f475/test-results/61-._pcache.py_PcacheTest.test_run-cache_mode-writearound-crc-enable-gc-gc80-test_script-default-3b90
2025-08-12 06:04:23,535 avocado.core.task.statemachine DEBUG| Task "61-./pcache.py:PcacheTest.test;run-cache_mode-writearound-crc-enable-gc-gc80-test_script-default-3b90" finished
2025-08-12 06:04:23,536 avocado.core.task.statemachine DEBUG| Task "62-./pcache.py:PcacheTest.test;run-cache_mode-writearound-crc-enable-gc-gc80-test_script-xfstests-7802": requested -> triaging
2025-08-12 06:04:23,536 avocado.core.task.statemachine DEBUG| Task "62-./pcache.py:PcacheTest.test;run-cache_mode-writearound-crc-enable-gc-gc80-test_script-xfstests-7802": requirements OK (will proceed to check dependencies)
2025-08-12 06:04:23,536 avocado.core.task.statemachine DEBUG| Task "62-./pcache.py:PcacheTest.test;run-cache_mode-writearound-crc-enable-gc-gc80-test_script-xfstests-7802": about to be spawned with "<avocado.plugins.spawners.process.ProcessSpawner object at 0x7fe2d9d51a90>"
2025-08-12 06:04:23,539 avocado.core.task.statemachine DEBUG| Task "62-./pcache.py:PcacheTest.test;run-cache_mode-writearound-crc-enable-gc-gc80-test_script-xfstests-7802": spawned successfully
2025-08-12 06:04:23,851 avocado.core.status.repo DEBUG| Task "62-./pcache.py:PcacheTest.test;run-cache_mode-writearound-crc-enable-gc-gc80-test_script-xfstests-7802" started message: "{'status': 'started', 'time': 10069.020073729, 'output_dir': '/root/avocado/job-results/job-2025-08-12T03.48-c19f475/test-results/62-._pcache.py_PcacheTest.test_run-cache_mode-writearound-crc-enable-gc-gc80-test_script-xfstests-7802', 'id': '62-./pcache.py:PcacheTest.test;run-cache_mode-writearound-crc-enable-gc-gc80-test_script-xfstests-7802'}"
2025-08-12 06:04:23,888 avocado.test INFO | ./pcache.py:PcacheTest.test;run-cache_mode-writearound-crc-enable-gc-gc80-test_script-xfstests-7802: STARTED
2025-08-12 06:04:24,797 avocado.core.status.repo DEBUG| Task "62-./pcache.py:PcacheTest.test;run-cache_mode-writearound-crc-enable-gc-gc80-test_script-xfstests-7802" finished message: "{'result': 'pass', 'status': 'finished', 'time': 10069.863928104}"
2025-08-12 06:04:24,817 avocado.test INFO | ./pcache.py:PcacheTest.test;run-cache_mode-writearound-crc-enable-gc-gc80-test_script-xfstests-7802: PASS
2025-08-12 06:04:24,817 avocado.test INFO | More information in /root/avocado/job-results/job-2025-08-12T03.48-c19f475/test-results/62-._pcache.py_PcacheTest.test_run-cache_mode-writearound-crc-enable-gc-gc80-test_script-xfstests-7802
2025-08-12 06:04:24,902 avocado.core.task.statemachine DEBUG| Task "62-./pcache.py:PcacheTest.test;run-cache_mode-writearound-crc-enable-gc-gc80-test_script-xfstests-7802" finished
2025-08-12 06:04:24,902 avocado.core.task.statemachine DEBUG| Task "63-./pcache.py:PcacheTest.test;run-cache_mode-writearound-crc-enable-gc-gc80-test_script-misc-fe6a": requested -> triaging
2025-08-12 06:04:24,903 avocado.core.task.statemachine DEBUG| Task "63-./pcache.py:PcacheTest.test;run-cache_mode-writearound-crc-enable-gc-gc80-test_script-misc-fe6a": requirements OK (will proceed to check dependencies)
2025-08-12 06:04:24,903 avocado.core.task.statemachine DEBUG| Task "63-./pcache.py:PcacheTest.test;run-cache_mode-writearound-crc-enable-gc-gc80-test_script-misc-fe6a": about to be spawned with "<avocado.plugins.spawners.process.ProcessSpawner object at 0x7fe2d9d51a90>"
2025-08-12 06:04:24,905 avocado.core.task.statemachine DEBUG| Task "63-./pcache.py:PcacheTest.test;run-cache_mode-writearound-crc-enable-gc-gc80-test_script-misc-fe6a": spawned successfully
2025-08-12 06:04:25,424 avocado.core.status.repo DEBUG| Task "63-./pcache.py:PcacheTest.test;run-cache_mode-writearound-crc-enable-gc-gc80-test_script-misc-fe6a" started message: "{'status': 'started', 'time': 10070.592157193, 'output_dir': '/root/avocado/job-results/job-2025-08-12T03.48-c19f475/test-results/63-._pcache.py_PcacheTest.test_run-cache_mode-writearound-crc-enable-gc-gc80-test_script-misc-fe6a', 'id': '63-./pcache.py:PcacheTest.test;run-cache_mode-writearound-crc-enable-gc-gc80-test_script-misc-fe6a'}"
2025-08-12 06:04:25,472 avocado.test INFO | ./pcache.py:PcacheTest.test;run-cache_mode-writearound-crc-enable-gc-gc80-test_script-misc-fe6a: STARTED
2025-08-12 06:04:26,347 avocado.core.status.repo DEBUG| Task "63-./pcache.py:PcacheTest.test;run-cache_mode-writearound-crc-enable-gc-gc80-test_script-misc-fe6a" finished message: "{'result': 'pass', 'status': 'finished', 'time': 10071.420917828}"
2025-08-12 06:04:26,393 avocado.test INFO | ./pcache.py:PcacheTest.test;run-cache_mode-writearound-crc-enable-gc-gc80-test_script-misc-fe6a: PASS
2025-08-12 06:04:26,394 avocado.test INFO | More information in /root/avocado/job-results/job-2025-08-12T03.48-c19f475/test-results/63-._pcache.py_PcacheTest.test_run-cache_mode-writearound-crc-enable-gc-gc80-test_script-misc-fe6a
2025-08-12 06:04:26,435 avocado.core.task.statemachine DEBUG| Task "63-./pcache.py:PcacheTest.test;run-cache_mode-writearound-crc-enable-gc-gc80-test_script-misc-fe6a" finished
2025-08-12 06:04:26,435 avocado.core.task.statemachine DEBUG| Task "64-./pcache.py:PcacheTest.test;run-cache_mode-writearound-crc-enable-gc-gc80-test_script-failslab-155b": requested -> triaging
2025-08-12 06:04:26,435 avocado.core.task.statemachine DEBUG| Task "64-./pcache.py:PcacheTest.test;run-cache_mode-writearound-crc-enable-gc-gc80-test_script-failslab-155b": requirements OK (will proceed to check dependencies)
2025-08-12 06:04:26,436 avocado.core.task.statemachine DEBUG| Task "64-./pcache.py:PcacheTest.test;run-cache_mode-writearound-crc-enable-gc-gc80-test_script-failslab-155b": about to be spawned with "<avocado.plugins.spawners.process.ProcessSpawner object at 0x7fe2d9d51a90>"
2025-08-12 06:04:26,439 avocado.core.task.statemachine DEBUG| Task "64-./pcache.py:PcacheTest.test;run-cache_mode-writearound-crc-enable-gc-gc80-test_script-failslab-155b": spawned successfully
2025-08-12 06:04:27,113 avocado.core.status.repo DEBUG| Task "64-./pcache.py:PcacheTest.test;run-cache_mode-writearound-crc-enable-gc-gc80-test_script-failslab-155b" started message: "{'status': 'started', 'time': 10072.281264538, 'output_dir': '/root/avocado/job-results/job-2025-08-12T03.48-c19f475/test-results/64-._pcache.py_PcacheTest.test_run-cache_mode-writearound-crc-enable-gc-gc80-test_script-failslab-155b', 'id': '64-./pcache.py:PcacheTest.test;run-cache_mode-writearound-crc-enable-gc-gc80-test_script-failslab-155b'}"
2025-08-12 06:04:27,151 avocado.test INFO | ./pcache.py:PcacheTest.test;run-cache_mode-writearound-crc-enable-gc-gc80-test_script-failslab-155b: STARTED
2025-08-12 06:04:27,806 avocado.core.status.repo DEBUG| Task "64-./pcache.py:PcacheTest.test;run-cache_mode-writearound-crc-enable-gc-gc80-test_script-failslab-155b" finished message: "{'result': 'pass', 'status': 'finished', 'time': 10072.881644048}"
2025-08-12 06:04:27,817 avocado.test INFO | ./pcache.py:PcacheTest.test;run-cache_mode-writearound-crc-enable-gc-gc80-test_script-failslab-155b: PASS
2025-08-12 06:04:27,818 avocado.test INFO | More information in /root/avocado/job-results/job-2025-08-12T03.48-c19f475/test-results/64-._pcache.py_PcacheTest.test_run-cache_mode-writearound-crc-enable-gc-gc80-test_script-failslab-155b
2025-08-12 06:04:27,896 avocado.core.task.statemachine DEBUG| Task "64-./pcache.py:PcacheTest.test;run-cache_mode-writearound-crc-enable-gc-gc80-test_script-failslab-155b" finished
2025-08-12 06:04:27,897 avocado.core.task.statemachine DEBUG| Task "65-./pcache.py:PcacheTest.test;run-cache_mode-writearound-crc-enable-gc-gc80-test_script-fail_make_request-9ec0": requested -> triaging
2025-08-12 06:04:27,897 avocado.core.task.statemachine DEBUG| Task "65-./pcache.py:PcacheTest.test;run-cache_mode-writearound-crc-enable-gc-gc80-test_script-fail_make_request-9ec0": requirements OK (will proceed to check dependencies)
2025-08-12 06:04:27,897 avocado.core.task.statemachine DEBUG| Task "65-./pcache.py:PcacheTest.test;run-cache_mode-writearound-crc-enable-gc-gc80-test_script-fail_make_request-9ec0": about to be spawned with "<avocado.plugins.spawners.process.ProcessSpawner object at 0x7fe2d9d51a90>"
2025-08-12 06:04:27,900 avocado.core.task.statemachine DEBUG| Task "65-./pcache.py:PcacheTest.test;run-cache_mode-writearound-crc-enable-gc-gc80-test_script-fail_make_request-9ec0": spawned successfully
2025-08-12 06:04:28,506 avocado.core.status.repo DEBUG| Task "65-./pcache.py:PcacheTest.test;run-cache_mode-writearound-crc-enable-gc-gc80-test_script-fail_make_request-9ec0" started message: "{'status': 'started', 'time': 10073.673703476, 'output_dir': '/root/avocado/job-results/job-2025-08-12T03.48-c19f475/test-results/65-._pcache.py_PcacheTest.test_run-cache_mode-writearound-crc-enable-gc-gc80-test_script-fail_make_request-9ec0', 'id': '65-./pcache.py:PcacheTest.test;run-cache_mode-writearound-crc-enable-gc-gc80-test_script-fail_make_request-9ec0'}"
2025-08-12 06:04:28,524 avocado.test INFO | ./pcache.py:PcacheTest.test;run-cache_mode-writearound-crc-enable-gc-gc80-test_script-fail_make_request-9ec0: STARTED
2025-08-12 06:04:30,084 avocado.core.status.repo DEBUG| Task "65-./pcache.py:PcacheTest.test;run-cache_mode-writearound-crc-enable-gc-gc80-test_script-fail_make_request-9ec0" finished message: "{'result': 'pass', 'status': 'finished', 'time': 10075.150784831}"
2025-08-12 06:04:30,100 avocado.test INFO | ./pcache.py:PcacheTest.test;run-cache_mode-writearound-crc-enable-gc-gc80-test_script-fail_make_request-9ec0: PASS
2025-08-12 06:04:30,100 avocado.test INFO | More information in /root/avocado/job-results/job-2025-08-12T03.48-c19f475/test-results/65-._pcache.py_PcacheTest.test_run-cache_mode-writearound-crc-enable-gc-gc80-test_script-fail_make_request-9ec0
2025-08-12 06:04:30,175 avocado.core.task.statemachine DEBUG| Task "65-./pcache.py:PcacheTest.test;run-cache_mode-writearound-crc-enable-gc-gc80-test_script-fail_make_request-9ec0" finished
2025-08-12 06:04:30,175 avocado.core.task.statemachine DEBUG| Task "66-./pcache.py:PcacheTest.test;run-cache_mode-writearound-crc-enable-gc-gc80-test_script-recreate_loop-a56e": requested -> triaging
2025-08-12 06:04:30,175 avocado.core.task.statemachine DEBUG| Task "66-./pcache.py:PcacheTest.test;run-cache_mode-writearound-crc-enable-gc-gc80-test_script-recreate_loop-a56e": requirements OK (will proceed to check dependencies)
2025-08-12 06:04:30,175 avocado.core.task.statemachine DEBUG| Task "66-./pcache.py:PcacheTest.test;run-cache_mode-writearound-crc-enable-gc-gc80-test_script-recreate_loop-a56e": about to be spawned with "<avocado.plugins.spawners.process.ProcessSpawner object at 0x7fe2d9d51a90>"
2025-08-12 06:04:30,178 avocado.core.task.statemachine DEBUG| Task "66-./pcache.py:PcacheTest.test;run-cache_mode-writearound-crc-enable-gc-gc80-test_script-recreate_loop-a56e": spawned successfully
2025-08-12 06:04:30,529 avocado.core.status.repo DEBUG| Task "66-./pcache.py:PcacheTest.test;run-cache_mode-writearound-crc-enable-gc-gc80-test_script-recreate_loop-a56e" started message: "{'status': 'started', 'time': 10075.690704535, 'output_dir': '/root/avocado/job-results/job-2025-08-12T03.48-c19f475/test-results/66-._pcache.py_PcacheTest.test_run-cache_mode-writearound-crc-enable-gc-gc80-test_script-recreate_loop-a56e', 'id': '66-./pcache.py:PcacheTest.test;run-cache_mode-writearound-crc-enable-gc-gc80-test_script-recreate_loop-a56e'}"
2025-08-12 06:04:30,555 avocado.test INFO | ./pcache.py:PcacheTest.test;run-cache_mode-writearound-crc-enable-gc-gc80-test_script-recreate_loop-a56e: STARTED
2025-08-12 06:04:31,294 avocado.core.status.repo DEBUG| Task "66-./pcache.py:PcacheTest.test;run-cache_mode-writearound-crc-enable-gc-gc80-test_script-recreate_loop-a56e" finished message: "{'result': 'pass', 'status': 'finished', 'time': 10076.361015484}"
2025-08-12 06:04:31,325 avocado.test INFO | ./pcache.py:PcacheTest.test;run-cache_mode-writearound-crc-enable-gc-gc80-test_script-recreate_loop-a56e: PASS
2025-08-12 06:04:31,325 avocado.test INFO | More information in /root/avocado/job-results/job-2025-08-12T03.48-c19f475/test-results/66-._pcache.py_PcacheTest.test_run-cache_mode-writearound-crc-enable-gc-gc80-test_script-recreate_loop-a56e
2025-08-12 06:04:31,406 avocado.core.task.statemachine DEBUG| Task "66-./pcache.py:PcacheTest.test;run-cache_mode-writearound-crc-enable-gc-gc80-test_script-recreate_loop-a56e" finished
2025-08-12 06:04:31,407 avocado.core.task.statemachine DEBUG| Task "67-./pcache.py:PcacheTest.test;run-cache_mode-writearound-crc-disable-gc-gc80-test_script-default-76bb": requested -> triaging
2025-08-12 06:04:31,407 avocado.core.task.statemachine DEBUG| Task "67-./pcache.py:PcacheTest.test;run-cache_mode-writearound-crc-disable-gc-gc80-test_script-default-76bb": requirements OK (will proceed to check dependencies)
2025-08-12 06:04:31,407 avocado.core.task.statemachine DEBUG| Task "67-./pcache.py:PcacheTest.test;run-cache_mode-writearound-crc-disable-gc-gc80-test_script-default-76bb": about to be spawned with "<avocado.plugins.spawners.process.ProcessSpawner object at 0x7fe2d9d51a90>"
2025-08-12 06:04:31,410 avocado.core.task.statemachine DEBUG| Task "67-./pcache.py:PcacheTest.test;run-cache_mode-writearound-crc-disable-gc-gc80-test_script-default-76bb": spawned successfully
2025-08-12 06:04:32,046 avocado.core.status.repo DEBUG| Task "67-./pcache.py:PcacheTest.test;run-cache_mode-writearound-crc-disable-gc-gc80-test_script-default-76bb" started message: "{'status': 'started', 'time': 10077.213487149, 'output_dir': '/root/avocado/job-results/job-2025-08-12T03.48-c19f475/test-results/67-._pcache.py_PcacheTest.test_run-cache_mode-writearound-crc-disable-gc-gc80-test_script-default-76bb', 'id': '67-./pcache.py:PcacheTest.test;run-cache_mode-writearound-crc-disable-gc-gc80-test_script-default-76bb'}"
2025-08-12 06:04:32,082 avocado.test INFO | ./pcache.py:PcacheTest.test;run-cache_mode-writearound-crc-disable-gc-gc80-test_script-default-76bb: STARTED
2025-08-12 06:04:32,980 avocado.core.status.repo DEBUG| Task "67-./pcache.py:PcacheTest.test;run-cache_mode-writearound-crc-disable-gc-gc80-test_script-default-76bb" finished message: "{'result': 'pass', 'status': 'finished', 'time': 10078.053384845}"
2025-08-12 06:04:33,003 avocado.test INFO | ./pcache.py:PcacheTest.test;run-cache_mode-writearound-crc-disable-gc-gc80-test_script-default-76bb: PASS
2025-08-12 06:04:33,003 avocado.test INFO | More information in /root/avocado/job-results/job-2025-08-12T03.48-c19f475/test-results/67-._pcache.py_PcacheTest.test_run-cache_mode-writearound-crc-disable-gc-gc80-test_script-default-76bb
2025-08-12 06:04:33,072 avocado.core.task.statemachine DEBUG| Task "67-./pcache.py:PcacheTest.test;run-cache_mode-writearound-crc-disable-gc-gc80-test_script-default-76bb" finished
2025-08-12 06:04:33,072 avocado.core.task.statemachine DEBUG| Task "68-./pcache.py:PcacheTest.test;run-cache_mode-writearound-crc-disable-gc-gc80-test_script-xfstests-437c": requested -> triaging
2025-08-12 06:04:33,072 avocado.core.task.statemachine DEBUG| Task "68-./pcache.py:PcacheTest.test;run-cache_mode-writearound-crc-disable-gc-gc80-test_script-xfstests-437c": requirements OK (will proceed to check dependencies)
2025-08-12 06:04:33,072 avocado.core.task.statemachine DEBUG| Task "68-./pcache.py:PcacheTest.test;run-cache_mode-writearound-crc-disable-gc-gc80-test_script-xfstests-437c": about to be spawned with "<avocado.plugins.spawners.process.ProcessSpawner object at 0x7fe2d9d51a90>"
2025-08-12 06:04:33,075 avocado.core.task.statemachine DEBUG| Task "68-./pcache.py:PcacheTest.test;run-cache_mode-writearound-crc-disable-gc-gc80-test_script-xfstests-437c": spawned successfully
2025-08-12 06:04:33,418 avocado.core.status.repo DEBUG| Task "68-./pcache.py:PcacheTest.test;run-cache_mode-writearound-crc-disable-gc-gc80-test_script-xfstests-437c" started message: "{'status': 'started', 'time': 10078.586589866, 'output_dir': '/root/avocado/job-results/job-2025-08-12T03.48-c19f475/test-results/68-._pcache.py_PcacheTest.test_run-cache_mode-writearound-crc-disable-gc-gc80-test_script-xfstests-437c', 'id': '68-./pcache.py:PcacheTest.test;run-cache_mode-writearound-crc-disable-gc-gc80-test_script-xfstests-437c'}"
2025-08-12 06:04:33,457 avocado.test INFO | ./pcache.py:PcacheTest.test;run-cache_mode-writearound-crc-disable-gc-gc80-test_script-xfstests-437c: STARTED
2025-08-12 06:04:34,353 avocado.core.status.repo DEBUG| Task "68-./pcache.py:PcacheTest.test;run-cache_mode-writearound-crc-disable-gc-gc80-test_script-xfstests-437c" finished message: "{'result': 'pass', 'status': 'finished', 'time': 10079.423524519}"
2025-08-12 06:04:34,416 avocado.test INFO | ./pcache.py:PcacheTest.test;run-cache_mode-writearound-crc-disable-gc-gc80-test_script-xfstests-437c: PASS
2025-08-12 06:04:34,417 avocado.test INFO | More information in /root/avocado/job-results/job-2025-08-12T03.48-c19f475/test-results/68-._pcache.py_PcacheTest.test_run-cache_mode-writearound-crc-disable-gc-gc80-test_script-xfstests-437c
2025-08-12 06:04:34,502 avocado.core.task.statemachine DEBUG| Task "68-./pcache.py:PcacheTest.test;run-cache_mode-writearound-crc-disable-gc-gc80-test_script-xfstests-437c" finished
2025-08-12 06:04:34,503 avocado.core.task.statemachine DEBUG| Task "69-./pcache.py:PcacheTest.test;run-cache_mode-writearound-crc-disable-gc-gc80-test_script-misc-53fb": requested -> triaging
2025-08-12 06:04:34,503 avocado.core.task.statemachine DEBUG| Task "69-./pcache.py:PcacheTest.test;run-cache_mode-writearound-crc-disable-gc-gc80-test_script-misc-53fb": requirements OK (will proceed to check dependencies)
2025-08-12 06:04:34,503 avocado.core.task.statemachine DEBUG| Task "69-./pcache.py:PcacheTest.test;run-cache_mode-writearound-crc-disable-gc-gc80-test_script-misc-53fb": about to be spawned with "<avocado.plugins.spawners.process.ProcessSpawner object at 0x7fe2d9d51a90>"
2025-08-12 06:04:34,506 avocado.core.task.statemachine DEBUG| Task "69-./pcache.py:PcacheTest.test;run-cache_mode-writearound-crc-disable-gc-gc80-test_script-misc-53fb": spawned successfully
2025-08-12 06:04:34,856 avocado.core.status.repo DEBUG| Task "69-./pcache.py:PcacheTest.test;run-cache_mode-writearound-crc-disable-gc-gc80-test_script-misc-53fb" started message: "{'status': 'started', 'time': 10080.023917559, 'output_dir': '/root/avocado/job-results/job-2025-08-12T03.48-c19f475/test-results/69-._pcache.py_PcacheTest.test_run-cache_mode-writearound-crc-disable-gc-gc80-test_script-misc-53fb', 'id': '69-./pcache.py:PcacheTest.test;run-cache_mode-writearound-crc-disable-gc-gc80-test_script-misc-53fb'}"
2025-08-12 06:04:34,871 avocado.test INFO | ./pcache.py:PcacheTest.test;run-cache_mode-writearound-crc-disable-gc-gc80-test_script-misc-53fb: STARTED
2025-08-12 06:04:35,801 avocado.core.status.repo DEBUG| Task "69-./pcache.py:PcacheTest.test;run-cache_mode-writearound-crc-disable-gc-gc80-test_script-misc-53fb" finished message: "{'result': 'pass', 'status': 'finished', 'time': 10080.86728931}"
2025-08-12 06:04:35,842 avocado.test INFO | ./pcache.py:PcacheTest.test;run-cache_mode-writearound-crc-disable-gc-gc80-test_script-misc-53fb: PASS
2025-08-12 06:04:35,842 avocado.test INFO | More information in /root/avocado/job-results/job-2025-08-12T03.48-c19f475/test-results/69-._pcache.py_PcacheTest.test_run-cache_mode-writearound-crc-disable-gc-gc80-test_script-misc-53fb
2025-08-12 06:04:35,892 avocado.core.task.statemachine DEBUG| Task "69-./pcache.py:PcacheTest.test;run-cache_mode-writearound-crc-disable-gc-gc80-test_script-misc-53fb" finished
2025-08-12 06:04:35,892 avocado.core.task.statemachine DEBUG| Task "70-./pcache.py:PcacheTest.test;run-cache_mode-writearound-crc-disable-gc-gc80-test_script-failslab-0470": requested -> triaging
2025-08-12 06:04:35,892 avocado.core.task.statemachine DEBUG| Task "70-./pcache.py:PcacheTest.test;run-cache_mode-writearound-crc-disable-gc-gc80-test_script-failslab-0470": requirements OK (will proceed to check dependencies)
2025-08-12 06:04:35,892 avocado.core.task.statemachine DEBUG| Task "70-./pcache.py:PcacheTest.test;run-cache_mode-writearound-crc-disable-gc-gc80-test_script-failslab-0470": about to be spawned with "<avocado.plugins.spawners.process.ProcessSpawner object at 0x7fe2d9d51a90>"
2025-08-12 06:04:35,895 avocado.core.task.statemachine DEBUG| Task "70-./pcache.py:PcacheTest.test;run-cache_mode-writearound-crc-disable-gc-gc80-test_script-failslab-0470": spawned successfully
2025-08-12 06:04:36,501 avocado.core.status.repo DEBUG| Task "70-./pcache.py:PcacheTest.test;run-cache_mode-writearound-crc-disable-gc-gc80-test_script-failslab-0470" started message: "{'status': 'started', 'time': 10081.668796491, 'output_dir': '/root/avocado/job-results/job-2025-08-12T03.48-c19f475/test-results/70-._pcache.py_PcacheTest.test_run-cache_mode-writearound-crc-disable-gc-gc80-test_script-failslab-0470', 'id': '70-./pcache.py:PcacheTest.test;run-cache_mode-writearound-crc-disable-gc-gc80-test_script-failslab-0470'}"
2025-08-12 06:04:36,552 avocado.test INFO | ./pcache.py:PcacheTest.test;run-cache_mode-writearound-crc-disable-gc-gc80-test_script-failslab-0470: STARTED
2025-08-12 06:04:37,496 avocado.core.status.repo DEBUG| Task "70-./pcache.py:PcacheTest.test;run-cache_mode-writearound-crc-disable-gc-gc80-test_script-failslab-0470" finished message: "{'result': 'pass', 'status': 'finished', 'time': 10082.561831011}"
2025-08-12 06:04:37,522 avocado.test INFO | ./pcache.py:PcacheTest.test;run-cache_mode-writearound-crc-disable-gc-gc80-test_script-failslab-0470: PASS
2025-08-12 06:04:37,523 avocado.test INFO | More information in /root/avocado/job-results/job-2025-08-12T03.48-c19f475/test-results/70-._pcache.py_PcacheTest.test_run-cache_mode-writearound-crc-disable-gc-gc80-test_script-failslab-0470
2025-08-12 06:04:37,586 avocado.core.task.statemachine DEBUG| Task "70-./pcache.py:PcacheTest.test;run-cache_mode-writearound-crc-disable-gc-gc80-test_script-failslab-0470" finished
2025-08-12 06:04:37,586 avocado.core.task.statemachine DEBUG| Task "71-./pcache.py:PcacheTest.test;run-cache_mode-writearound-crc-disable-gc-gc80-test_script-fail_make_request-387f": requested -> triaging
2025-08-12 06:04:37,586 avocado.core.task.statemachine DEBUG| Task "71-./pcache.py:PcacheTest.test;run-cache_mode-writearound-crc-disable-gc-gc80-test_script-fail_make_request-387f": requirements OK (will proceed to check dependencies)
2025-08-12 06:04:37,587 avocado.core.task.statemachine DEBUG| Task "71-./pcache.py:PcacheTest.test;run-cache_mode-writearound-crc-disable-gc-gc80-test_script-fail_make_request-387f": about to be spawned with "<avocado.plugins.spawners.process.ProcessSpawner object at 0x7fe2d9d51a90>"
2025-08-12 06:04:37,590 avocado.core.task.statemachine DEBUG| Task "71-./pcache.py:PcacheTest.test;run-cache_mode-writearound-crc-disable-gc-gc80-test_script-fail_make_request-387f": spawned successfully
2025-08-12 06:04:37,931 avocado.core.status.repo DEBUG| Task "71-./pcache.py:PcacheTest.test;run-cache_mode-writearound-crc-disable-gc-gc80-test_script-fail_make_request-387f" started message: "{'status': 'started', 'time': 10083.099797781, 'output_dir': '/root/avocado/job-results/job-2025-08-12T03.48-c19f475/test-results/71-._pcache.py_PcacheTest.test_run-cache_mode-writearound-crc-disable-gc-gc80-test_script-fail_make_request-387f', 'id': '71-./pcache.py:PcacheTest.test;run-cache_mode-writearound-crc-disable-gc-gc80-test_script-fail_make_request-387f'}"
2025-08-12 06:04:37,978 avocado.test INFO | ./pcache.py:PcacheTest.test;run-cache_mode-writearound-crc-disable-gc-gc80-test_script-fail_make_request-387f: STARTED
2025-08-12 06:04:39,577 avocado.core.status.repo DEBUG| Task "71-./pcache.py:PcacheTest.test;run-cache_mode-writearound-crc-disable-gc-gc80-test_script-fail_make_request-387f" finished message: "{'result': 'pass', 'status': 'finished', 'time': 10084.642682256}"
2025-08-12 06:04:39,605 avocado.test INFO | ./pcache.py:PcacheTest.test;run-cache_mode-writearound-crc-disable-gc-gc80-test_script-fail_make_request-387f: PASS
2025-08-12 06:04:39,606 avocado.test INFO | More information in /root/avocado/job-results/job-2025-08-12T03.48-c19f475/test-results/71-._pcache.py_PcacheTest.test_run-cache_mode-writearound-crc-disable-gc-gc80-test_script-fail_make_request-387f
2025-08-12 06:04:39,664 avocado.core.task.statemachine DEBUG| Task "71-./pcache.py:PcacheTest.test;run-cache_mode-writearound-crc-disable-gc-gc80-test_script-fail_make_request-387f" finished
2025-08-12 06:04:39,665 avocado.core.task.statemachine DEBUG| Task "72-./pcache.py:PcacheTest.test;run-cache_mode-writearound-crc-disable-gc-gc80-test_script-recreate_loop-f32a": requested -> triaging
2025-08-12 06:04:39,665 avocado.core.task.statemachine DEBUG| Task "72-./pcache.py:PcacheTest.test;run-cache_mode-writearound-crc-disable-gc-gc80-test_script-recreate_loop-f32a": requirements OK (will proceed to check dependencies)
2025-08-12 06:04:39,665 avocado.core.task.statemachine DEBUG| Task "72-./pcache.py:PcacheTest.test;run-cache_mode-writearound-crc-disable-gc-gc80-test_script-recreate_loop-f32a": about to be spawned with "<avocado.plugins.spawners.process.ProcessSpawner object at 0x7fe2d9d51a90>"
2025-08-12 06:04:39,669 avocado.core.task.statemachine DEBUG| Task "72-./pcache.py:PcacheTest.test;run-cache_mode-writearound-crc-disable-gc-gc80-test_script-recreate_loop-f32a": spawned successfully
2025-08-12 06:04:40,010 avocado.core.status.repo DEBUG| Task "72-./pcache.py:PcacheTest.test;run-cache_mode-writearound-crc-disable-gc-gc80-test_script-recreate_loop-f32a" started message: "{'status': 'started', 'time': 10085.177889162, 'output_dir': '/root/avocado/job-results/job-2025-08-12T03.48-c19f475/test-results/72-._pcache.py_PcacheTest.test_run-cache_mode-writearound-crc-disable-gc-gc80-test_script-recreate_loop-f32a', 'id': '72-./pcache.py:PcacheTest.test;run-cache_mode-writearound-crc-disable-gc-gc80-test_script-recreate_loop-f32a'}"
2025-08-12 06:04:40,062 avocado.test INFO | ./pcache.py:PcacheTest.test;run-cache_mode-writearound-crc-disable-gc-gc80-test_script-recreate_loop-f32a: STARTED
2025-08-12 06:04:40,738 avocado.core.status.repo DEBUG| Task "72-./pcache.py:PcacheTest.test;run-cache_mode-writearound-crc-disable-gc-gc80-test_script-recreate_loop-f32a" finished message: "{'result': 'pass', 'status': 'finished', 'time': 10085.812495566}"
2025-08-12 06:04:40,782 avocado.test INFO | ./pcache.py:PcacheTest.test;run-cache_mode-writearound-crc-disable-gc-gc80-test_script-recreate_loop-f32a: PASS
2025-08-12 06:04:40,783 avocado.test INFO | More information in /root/avocado/job-results/job-2025-08-12T03.48-c19f475/test-results/72-._pcache.py_PcacheTest.test_run-cache_mode-writearound-crc-disable-gc-gc80-test_script-recreate_loop-f32a
2025-08-12 06:04:40,830 avocado.core.task.statemachine DEBUG| Task "72-./pcache.py:PcacheTest.test;run-cache_mode-writearound-crc-disable-gc-gc80-test_script-recreate_loop-f32a" finished
2025-08-12 06:04:40,830 avocado.core.task.statemachine DEBUG| Task "73-./pcache.py:PcacheTest.test;run-cache_mode-writeonly-crc-enable-gc-gc0-test_script-default-155a": requested -> triaging
2025-08-12 06:04:40,831 avocado.core.task.statemachine DEBUG| Task "73-./pcache.py:PcacheTest.test;run-cache_mode-writeonly-crc-enable-gc-gc0-test_script-default-155a": requirements OK (will proceed to check dependencies)
2025-08-12 06:04:40,831 avocado.core.task.statemachine DEBUG| Task "73-./pcache.py:PcacheTest.test;run-cache_mode-writeonly-crc-enable-gc-gc0-test_script-default-155a": about to be spawned with "<avocado.plugins.spawners.process.ProcessSpawner object at 0x7fe2d9d51a90>"
2025-08-12 06:04:40,834 avocado.core.task.statemachine DEBUG| Task "73-./pcache.py:PcacheTest.test;run-cache_mode-writeonly-crc-enable-gc-gc0-test_script-default-155a": spawned successfully
2025-08-12 06:04:41,220 avocado.core.status.repo DEBUG| Task "73-./pcache.py:PcacheTest.test;run-cache_mode-writeonly-crc-enable-gc-gc0-test_script-default-155a" started message: "{'status': 'started', 'time': 10086.387895537, 'output_dir': '/root/avocado/job-results/job-2025-08-12T03.48-c19f475/test-results/73-._pcache.py_PcacheTest.test_run-cache_mode-writeonly-crc-enable-gc-gc0-test_script-default-155a', 'id': '73-./pcache.py:PcacheTest.test;run-cache_mode-writeonly-crc-enable-gc-gc0-test_script-default-155a'}"
2025-08-12 06:04:41,238 avocado.test INFO | ./pcache.py:PcacheTest.test;run-cache_mode-writeonly-crc-enable-gc-gc0-test_script-default-155a: STARTED
2025-08-12 06:04:42,174 avocado.core.status.repo DEBUG| Task "73-./pcache.py:PcacheTest.test;run-cache_mode-writeonly-crc-enable-gc-gc0-test_script-default-155a" finished message: "{'result': 'pass', 'status': 'finished', 'time': 10087.241188985}"
2025-08-12 06:04:42,237 avocado.test INFO | ./pcache.py:PcacheTest.test;run-cache_mode-writeonly-crc-enable-gc-gc0-test_script-default-155a: PASS
2025-08-12 06:04:42,237 avocado.test INFO | More information in /root/avocado/job-results/job-2025-08-12T03.48-c19f475/test-results/73-._pcache.py_PcacheTest.test_run-cache_mode-writeonly-crc-enable-gc-gc0-test_script-default-155a
2025-08-12 06:04:42,325 avocado.core.task.statemachine DEBUG| Task "73-./pcache.py:PcacheTest.test;run-cache_mode-writeonly-crc-enable-gc-gc0-test_script-default-155a" finished
2025-08-12 06:04:42,325 avocado.core.task.statemachine DEBUG| Task "74-./pcache.py:PcacheTest.test;run-cache_mode-writeonly-crc-enable-gc-gc0-test_script-xfstests-81d4": requested -> triaging
2025-08-12 06:04:42,325 avocado.core.task.statemachine DEBUG| Task "74-./pcache.py:PcacheTest.test;run-cache_mode-writeonly-crc-enable-gc-gc0-test_script-xfstests-81d4": requirements OK (will proceed to check dependencies)
2025-08-12 06:04:42,325 avocado.core.task.statemachine DEBUG| Task "74-./pcache.py:PcacheTest.test;run-cache_mode-writeonly-crc-enable-gc-gc0-test_script-xfstests-81d4": about to be spawned with "<avocado.plugins.spawners.process.ProcessSpawner object at 0x7fe2d9d51a90>"
2025-08-12 06:04:42,328 avocado.core.task.statemachine DEBUG| Task "74-./pcache.py:PcacheTest.test;run-cache_mode-writeonly-crc-enable-gc-gc0-test_script-xfstests-81d4": spawned successfully
2025-08-12 06:04:42,671 avocado.core.status.repo DEBUG| Task "74-./pcache.py:PcacheTest.test;run-cache_mode-writeonly-crc-enable-gc-gc0-test_script-xfstests-81d4" started message: "{'status': 'started', 'time': 10087.839029959, 'output_dir': '/root/avocado/job-results/job-2025-08-12T03.48-c19f475/test-results/74-._pcache.py_PcacheTest.test_run-cache_mode-writeonly-crc-enable-gc-gc0-test_script-xfstests-81d4', 'id': '74-./pcache.py:PcacheTest.test;run-cache_mode-writeonly-crc-enable-gc-gc0-test_script-xfstests-81d4'}"
2025-08-12 06:04:42,692 avocado.test INFO | ./pcache.py:PcacheTest.test;run-cache_mode-writeonly-crc-enable-gc-gc0-test_script-xfstests-81d4: STARTED
2025-08-12 06:04:43,616 avocado.core.status.repo DEBUG| Task "74-./pcache.py:PcacheTest.test;run-cache_mode-writeonly-crc-enable-gc-gc0-test_script-xfstests-81d4" finished message: "{'result': 'pass', 'status': 'finished', 'time': 10088.68313885}"
2025-08-12 06:04:43,662 avocado.test INFO | ./pcache.py:PcacheTest.test;run-cache_mode-writeonly-crc-enable-gc-gc0-test_script-xfstests-81d4: PASS
2025-08-12 06:04:43,663 avocado.test INFO | More information in /root/avocado/job-results/job-2025-08-12T03.48-c19f475/test-results/74-._pcache.py_PcacheTest.test_run-cache_mode-writeonly-crc-enable-gc-gc0-test_script-xfstests-81d4
2025-08-12 06:04:43,704 avocado.core.task.statemachine DEBUG| Task "74-./pcache.py:PcacheTest.test;run-cache_mode-writeonly-crc-enable-gc-gc0-test_script-xfstests-81d4" finished
2025-08-12 06:04:43,704 avocado.core.task.statemachine DEBUG| Task "75-./pcache.py:PcacheTest.test;run-cache_mode-writeonly-crc-enable-gc-gc0-test_script-misc-29f5": requested -> triaging
2025-08-12 06:04:43,704 avocado.core.task.statemachine DEBUG| Task "75-./pcache.py:PcacheTest.test;run-cache_mode-writeonly-crc-enable-gc-gc0-test_script-misc-29f5": requirements OK (will proceed to check dependencies)
2025-08-12 06:04:43,705 avocado.core.task.statemachine DEBUG| Task "75-./pcache.py:PcacheTest.test;run-cache_mode-writeonly-crc-enable-gc-gc0-test_script-misc-29f5": about to be spawned with "<avocado.plugins.spawners.process.ProcessSpawner object at 0x7fe2d9d51a90>"
2025-08-12 06:04:43,707 avocado.core.task.statemachine DEBUG| Task "75-./pcache.py:PcacheTest.test;run-cache_mode-writeonly-crc-enable-gc-gc0-test_script-misc-29f5": spawned successfully
2025-08-12 06:04:44,052 avocado.core.status.repo DEBUG| Task "75-./pcache.py:PcacheTest.test;run-cache_mode-writeonly-crc-enable-gc-gc0-test_script-misc-29f5" started message: "{'status': 'started', 'time': 10089.220990019, 'output_dir': '/root/avocado/job-results/job-2025-08-12T03.48-c19f475/test-results/75-._pcache.py_PcacheTest.test_run-cache_mode-writeonly-crc-enable-gc-gc0-test_script-misc-29f5', 'id': '75-./pcache.py:PcacheTest.test;run-cache_mode-writeonly-crc-enable-gc-gc0-test_script-misc-29f5'}"
2025-08-12 06:04:44,067 avocado.test INFO | ./pcache.py:PcacheTest.test;run-cache_mode-writeonly-crc-enable-gc-gc0-test_script-misc-29f5: STARTED
2025-08-12 06:04:44,998 avocado.core.status.repo DEBUG| Task "75-./pcache.py:PcacheTest.test;run-cache_mode-writeonly-crc-enable-gc-gc0-test_script-misc-29f5" finished message: "{'result': 'pass', 'status': 'finished', 'time': 10090.063132294}"
2025-08-12 06:04:45,056 avocado.test INFO | ./pcache.py:PcacheTest.test;run-cache_mode-writeonly-crc-enable-gc-gc0-test_script-misc-29f5: PASS
2025-08-12 06:04:45,056 avocado.test INFO | More information in /root/avocado/job-results/job-2025-08-12T03.48-c19f475/test-results/75-._pcache.py_PcacheTest.test_run-cache_mode-writeonly-crc-enable-gc-gc0-test_script-misc-29f5
2025-08-12 06:04:45,145 avocado.core.task.statemachine DEBUG| Task "75-./pcache.py:PcacheTest.test;run-cache_mode-writeonly-crc-enable-gc-gc0-test_script-misc-29f5" finished
2025-08-12 06:04:45,146 avocado.core.task.statemachine DEBUG| Task "76-./pcache.py:PcacheTest.test;run-cache_mode-writeonly-crc-enable-gc-gc0-test_script-failslab-a844": requested -> triaging
2025-08-12 06:04:45,146 avocado.core.task.statemachine DEBUG| Task "76-./pcache.py:PcacheTest.test;run-cache_mode-writeonly-crc-enable-gc-gc0-test_script-failslab-a844": requirements OK (will proceed to check dependencies)
2025-08-12 06:04:45,146 avocado.core.task.statemachine DEBUG| Task "76-./pcache.py:PcacheTest.test;run-cache_mode-writeonly-crc-enable-gc-gc0-test_script-failslab-a844": about to be spawned with "<avocado.plugins.spawners.process.ProcessSpawner object at 0x7fe2d9d51a90>"
2025-08-12 06:04:45,149 avocado.core.task.statemachine DEBUG| Task "76-./pcache.py:PcacheTest.test;run-cache_mode-writeonly-crc-enable-gc-gc0-test_script-failslab-a844": spawned successfully
2025-08-12 06:04:45,493 avocado.core.status.repo DEBUG| Task "76-./pcache.py:PcacheTest.test;run-cache_mode-writeonly-crc-enable-gc-gc0-test_script-failslab-a844" started message: "{'status': 'started', 'time': 10090.661608655, 'output_dir': '/root/avocado/job-results/job-2025-08-12T03.48-c19f475/test-results/76-._pcache.py_PcacheTest.test_run-cache_mode-writeonly-crc-enable-gc-gc0-test_script-failslab-a844', 'id': '76-./pcache.py:PcacheTest.test;run-cache_mode-writeonly-crc-enable-gc-gc0-test_script-failslab-a844'}"
2025-08-12 06:04:45,511 avocado.test INFO | ./pcache.py:PcacheTest.test;run-cache_mode-writeonly-crc-enable-gc-gc0-test_script-failslab-a844: STARTED
2025-08-12 06:04:46,459 avocado.core.status.repo DEBUG| Task "76-./pcache.py:PcacheTest.test;run-cache_mode-writeonly-crc-enable-gc-gc0-test_script-failslab-a844" finished message: "{'result': 'pass', 'status': 'finished', 'time': 10091.532733833}"
2025-08-12 06:04:46,481 avocado.test INFO | ./pcache.py:PcacheTest.test;run-cache_mode-writeonly-crc-enable-gc-gc0-test_script-failslab-a844: PASS
2025-08-12 06:04:46,482 avocado.test INFO | More information in /root/avocado/job-results/job-2025-08-12T03.48-c19f475/test-results/76-._pcache.py_PcacheTest.test_run-cache_mode-writeonly-crc-enable-gc-gc0-test_script-failslab-a844
2025-08-12 06:04:46,549 avocado.core.task.statemachine DEBUG| Task "76-./pcache.py:PcacheTest.test;run-cache_mode-writeonly-crc-enable-gc-gc0-test_script-failslab-a844" finished
2025-08-12 06:04:46,549 avocado.core.task.statemachine DEBUG| Task "77-./pcache.py:PcacheTest.test;run-cache_mode-writeonly-crc-enable-gc-gc0-test_script-fail_make_request-b6b5": requested -> triaging
2025-08-12 06:04:46,549 avocado.core.task.statemachine DEBUG| Task "77-./pcache.py:PcacheTest.test;run-cache_mode-writeonly-crc-enable-gc-gc0-test_script-fail_make_request-b6b5": requirements OK (will proceed to check dependencies)
2025-08-12 06:04:46,550 avocado.core.task.statemachine DEBUG| Task "77-./pcache.py:PcacheTest.test;run-cache_mode-writeonly-crc-enable-gc-gc0-test_script-fail_make_request-b6b5": about to be spawned with "<avocado.plugins.spawners.process.ProcessSpawner object at 0x7fe2d9d51a90>"
2025-08-12 06:04:46,553 avocado.core.task.statemachine DEBUG| Task "77-./pcache.py:PcacheTest.test;run-cache_mode-writeonly-crc-enable-gc-gc0-test_script-fail_make_request-b6b5": spawned successfully
2025-08-12 06:04:46,899 avocado.core.status.repo DEBUG| Task "77-./pcache.py:PcacheTest.test;run-cache_mode-writeonly-crc-enable-gc-gc0-test_script-fail_make_request-b6b5" started message: "{'status': 'started', 'time': 10092.067708788, 'output_dir': '/root/avocado/job-results/job-2025-08-12T03.48-c19f475/test-results/77-._pcache.py_PcacheTest.test_run-cache_mode-writeonly-crc-enable-gc-gc0-test_script-fail_make_request-b6b5', 'id': '77-./pcache.py:PcacheTest.test;run-cache_mode-writeonly-crc-enable-gc-gc0-test_script-fail_make_request-b6b5'}"
2025-08-12 06:04:46,936 avocado.test INFO | ./pcache.py:PcacheTest.test;run-cache_mode-writeonly-crc-enable-gc-gc0-test_script-fail_make_request-b6b5: STARTED
2025-08-12 06:04:48,638 avocado.core.status.repo DEBUG| Task "77-./pcache.py:PcacheTest.test;run-cache_mode-writeonly-crc-enable-gc-gc0-test_script-fail_make_request-b6b5" finished message: "{'result': 'pass', 'status': 'finished', 'time': 10093.710005843}"
2025-08-12 06:04:48,666 avocado.test INFO | ./pcache.py:PcacheTest.test;run-cache_mode-writeonly-crc-enable-gc-gc0-test_script-fail_make_request-b6b5: PASS
2025-08-12 06:04:48,667 avocado.test INFO | More information in /root/avocado/job-results/job-2025-08-12T03.48-c19f475/test-results/77-._pcache.py_PcacheTest.test_run-cache_mode-writeonly-crc-enable-gc-gc0-test_script-fail_make_request-b6b5
2025-08-12 06:04:48,729 avocado.core.task.statemachine DEBUG| Task "77-./pcache.py:PcacheTest.test;run-cache_mode-writeonly-crc-enable-gc-gc0-test_script-fail_make_request-b6b5" finished
2025-08-12 06:04:48,730 avocado.core.task.statemachine DEBUG| Task "78-./pcache.py:PcacheTest.test;run-cache_mode-writeonly-crc-enable-gc-gc0-test_script-recreate_loop-797a": requested -> triaging
2025-08-12 06:04:48,730 avocado.core.task.statemachine DEBUG| Task "78-./pcache.py:PcacheTest.test;run-cache_mode-writeonly-crc-enable-gc-gc0-test_script-recreate_loop-797a": requirements OK (will proceed to check dependencies)
2025-08-12 06:04:48,730 avocado.core.task.statemachine DEBUG| Task "78-./pcache.py:PcacheTest.test;run-cache_mode-writeonly-crc-enable-gc-gc0-test_script-recreate_loop-797a": about to be spawned with "<avocado.plugins.spawners.process.ProcessSpawner object at 0x7fe2d9d51a90>"
2025-08-12 06:04:48,734 avocado.core.task.statemachine DEBUG| Task "78-./pcache.py:PcacheTest.test;run-cache_mode-writeonly-crc-enable-gc-gc0-test_script-recreate_loop-797a": spawned successfully
2025-08-12 06:04:49,076 avocado.core.status.repo DEBUG| Task "78-./pcache.py:PcacheTest.test;run-cache_mode-writeonly-crc-enable-gc-gc0-test_script-recreate_loop-797a" started message: "{'status': 'started', 'time': 10094.244155566, 'output_dir': '/root/avocado/job-results/job-2025-08-12T03.48-c19f475/test-results/78-._pcache.py_PcacheTest.test_run-cache_mode-writeonly-crc-enable-gc-gc0-test_script-recreate_loop-797a', 'id': '78-./pcache.py:PcacheTest.test;run-cache_mode-writeonly-crc-enable-gc-gc0-test_script-recreate_loop-797a'}"
2025-08-12 06:04:49,120 avocado.test INFO | ./pcache.py:PcacheTest.test;run-cache_mode-writeonly-crc-enable-gc-gc0-test_script-recreate_loop-797a: STARTED
2025-08-12 06:04:49,880 avocado.core.status.repo DEBUG| Task "78-./pcache.py:PcacheTest.test;run-cache_mode-writeonly-crc-enable-gc-gc0-test_script-recreate_loop-797a" finished message: "{'result': 'pass', 'status': 'finished', 'time': 10094.945804508}"
2025-08-12 06:04:49,888 avocado.test INFO | ./pcache.py:PcacheTest.test;run-cache_mode-writeonly-crc-enable-gc-gc0-test_script-recreate_loop-797a: PASS
2025-08-12 06:04:49,888 avocado.test INFO | More information in /root/avocado/job-results/job-2025-08-12T03.48-c19f475/test-results/78-._pcache.py_PcacheTest.test_run-cache_mode-writeonly-crc-enable-gc-gc0-test_script-recreate_loop-797a
2025-08-12 06:04:49,966 avocado.core.task.statemachine DEBUG| Task "78-./pcache.py:PcacheTest.test;run-cache_mode-writeonly-crc-enable-gc-gc0-test_script-recreate_loop-797a" finished
2025-08-12 06:04:49,966 avocado.core.task.statemachine DEBUG| Task "79-./pcache.py:PcacheTest.test;run-cache_mode-writeonly-crc-disable-gc-gc0-test_script-default-70dd": requested -> triaging
2025-08-12 06:04:49,966 avocado.core.task.statemachine DEBUG| Task "79-./pcache.py:PcacheTest.test;run-cache_mode-writeonly-crc-disable-gc-gc0-test_script-default-70dd": requirements OK (will proceed to check dependencies)
2025-08-12 06:04:49,967 avocado.core.task.statemachine DEBUG| Task "79-./pcache.py:PcacheTest.test;run-cache_mode-writeonly-crc-disable-gc-gc0-test_script-default-70dd": about to be spawned with "<avocado.plugins.spawners.process.ProcessSpawner object at 0x7fe2d9d51a90>"
2025-08-12 06:04:49,970 avocado.core.task.statemachine DEBUG| Task "79-./pcache.py:PcacheTest.test;run-cache_mode-writeonly-crc-disable-gc-gc0-test_script-default-70dd": spawned successfully
2025-08-12 06:04:50,645 avocado.core.status.repo DEBUG| Task "79-./pcache.py:PcacheTest.test;run-cache_mode-writeonly-crc-disable-gc-gc0-test_script-default-70dd" started message: "{'status': 'started', 'time': 10095.813114616, 'output_dir': '/root/avocado/job-results/job-2025-08-12T03.48-c19f475/test-results/79-._pcache.py_PcacheTest.test_run-cache_mode-writeonly-crc-disable-gc-gc0-test_script-default-70dd', 'id': '79-./pcache.py:PcacheTest.test;run-cache_mode-writeonly-crc-disable-gc-gc0-test_script-default-70dd'}"
2025-08-12 06:04:50,695 avocado.test INFO | ./pcache.py:PcacheTest.test;run-cache_mode-writeonly-crc-disable-gc-gc0-test_script-default-70dd: STARTED
2025-08-12 06:04:51,425 avocado.core.status.repo DEBUG| Task "79-./pcache.py:PcacheTest.test;run-cache_mode-writeonly-crc-disable-gc-gc0-test_script-default-70dd" finished message: "{'result': 'pass', 'status': 'finished', 'time': 10096.492182587}"
2025-08-12 06:04:51,462 avocado.test INFO | ./pcache.py:PcacheTest.test;run-cache_mode-writeonly-crc-disable-gc-gc0-test_script-default-70dd: PASS
2025-08-12 06:04:51,462 avocado.test INFO | More information in /root/avocado/job-results/job-2025-08-12T03.48-c19f475/test-results/79-._pcache.py_PcacheTest.test_run-cache_mode-writeonly-crc-disable-gc-gc0-test_script-default-70dd
2025-08-12 06:04:51,515 avocado.core.task.statemachine DEBUG| Task "79-./pcache.py:PcacheTest.test;run-cache_mode-writeonly-crc-disable-gc-gc0-test_script-default-70dd" finished
2025-08-12 06:04:51,515 avocado.core.task.statemachine DEBUG| Task "80-./pcache.py:PcacheTest.test;run-cache_mode-writeonly-crc-disable-gc-gc0-test_script-xfstests-5cc9": requested -> triaging
2025-08-12 06:04:51,515 avocado.core.task.statemachine DEBUG| Task "80-./pcache.py:PcacheTest.test;run-cache_mode-writeonly-crc-disable-gc-gc0-test_script-xfstests-5cc9": requirements OK (will proceed to check dependencies)
2025-08-12 06:04:51,516 avocado.core.task.statemachine DEBUG| Task "80-./pcache.py:PcacheTest.test;run-cache_mode-writeonly-crc-disable-gc-gc0-test_script-xfstests-5cc9": about to be spawned with "<avocado.plugins.spawners.process.ProcessSpawner object at 0x7fe2d9d51a90>"
2025-08-12 06:04:51,519 avocado.core.task.statemachine DEBUG| Task "80-./pcache.py:PcacheTest.test;run-cache_mode-writeonly-crc-disable-gc-gc0-test_script-xfstests-5cc9": spawned successfully
2025-08-12 06:04:51,889 avocado.core.status.repo DEBUG| Task "80-./pcache.py:PcacheTest.test;run-cache_mode-writeonly-crc-disable-gc-gc0-test_script-xfstests-5cc9" started message: "{'status': 'started', 'time': 10097.056930431, 'output_dir': '/root/avocado/job-results/job-2025-08-12T03.48-c19f475/test-results/80-._pcache.py_PcacheTest.test_run-cache_mode-writeonly-crc-disable-gc-gc0-test_script-xfstests-5cc9', 'id': '80-./pcache.py:PcacheTest.test;run-cache_mode-writeonly-crc-disable-gc-gc0-test_script-xfstests-5cc9'}"
2025-08-12 06:04:51,916 avocado.test INFO | ./pcache.py:PcacheTest.test;run-cache_mode-writeonly-crc-disable-gc-gc0-test_script-xfstests-5cc9: STARTED
2025-08-12 06:04:52,835 avocado.core.status.repo DEBUG| Task "80-./pcache.py:PcacheTest.test;run-cache_mode-writeonly-crc-disable-gc-gc0-test_script-xfstests-5cc9" finished message: "{'result': 'pass', 'status': 'finished', 'time': 10097.902321369}"
2025-08-12 06:04:52,887 avocado.test INFO | ./pcache.py:PcacheTest.test;run-cache_mode-writeonly-crc-disable-gc-gc0-test_script-xfstests-5cc9: PASS
2025-08-12 06:04:52,887 avocado.test INFO | More information in /root/avocado/job-results/job-2025-08-12T03.48-c19f475/test-results/80-._pcache.py_PcacheTest.test_run-cache_mode-writeonly-crc-disable-gc-gc0-test_script-xfstests-5cc9
2025-08-12 06:04:52,926 avocado.core.task.statemachine DEBUG| Task "80-./pcache.py:PcacheTest.test;run-cache_mode-writeonly-crc-disable-gc-gc0-test_script-xfstests-5cc9" finished
2025-08-12 06:04:52,926 avocado.core.task.statemachine DEBUG| Task "81-./pcache.py:PcacheTest.test;run-cache_mode-writeonly-crc-disable-gc-gc0-test_script-misc-9821": requested -> triaging
2025-08-12 06:04:52,927 avocado.core.task.statemachine DEBUG| Task "81-./pcache.py:PcacheTest.test;run-cache_mode-writeonly-crc-disable-gc-gc0-test_script-misc-9821": requirements OK (will proceed to check dependencies)
2025-08-12 06:04:52,927 avocado.core.task.statemachine DEBUG| Task "81-./pcache.py:PcacheTest.test;run-cache_mode-writeonly-crc-disable-gc-gc0-test_script-misc-9821": about to be spawned with "<avocado.plugins.spawners.process.ProcessSpawner object at 0x7fe2d9d51a90>"
2025-08-12 06:04:52,930 avocado.core.task.statemachine DEBUG| Task "81-./pcache.py:PcacheTest.test;run-cache_mode-writeonly-crc-disable-gc-gc0-test_script-misc-9821": spawned successfully
2025-08-12 06:04:53,599 avocado.core.status.repo DEBUG| Task "81-./pcache.py:PcacheTest.test;run-cache_mode-writeonly-crc-disable-gc-gc0-test_script-misc-9821" started message: "{'status': 'started', 'time': 10098.766962814, 'output_dir': '/root/avocado/job-results/job-2025-08-12T03.48-c19f475/test-results/81-._pcache.py_PcacheTest.test_run-cache_mode-writeonly-crc-disable-gc-gc0-test_script-misc-9821', 'id': '81-./pcache.py:PcacheTest.test;run-cache_mode-writeonly-crc-disable-gc-gc0-test_script-misc-9821'}"
2025-08-12 06:04:53,643 avocado.test INFO | ./pcache.py:PcacheTest.test;run-cache_mode-writeonly-crc-disable-gc-gc0-test_script-misc-9821: STARTED
2025-08-12 06:04:54,236 avocado.core.status.repo DEBUG| Task "81-./pcache.py:PcacheTest.test;run-cache_mode-writeonly-crc-disable-gc-gc0-test_script-misc-9821" finished message: "{'result': 'pass', 'status': 'finished', 'time': 10099.305877359}"
2025-08-12 06:04:54,258 avocado.test INFO | ./pcache.py:PcacheTest.test;run-cache_mode-writeonly-crc-disable-gc-gc0-test_script-misc-9821: PASS
2025-08-12 06:04:54,258 avocado.test INFO | More information in /root/avocado/job-results/job-2025-08-12T03.48-c19f475/test-results/81-._pcache.py_PcacheTest.test_run-cache_mode-writeonly-crc-disable-gc-gc0-test_script-misc-9821
2025-08-12 06:04:54,326 avocado.core.task.statemachine DEBUG| Task "81-./pcache.py:PcacheTest.test;run-cache_mode-writeonly-crc-disable-gc-gc0-test_script-misc-9821" finished
2025-08-12 06:04:54,326 avocado.core.task.statemachine DEBUG| Task "82-./pcache.py:PcacheTest.test;run-cache_mode-writeonly-crc-disable-gc-gc0-test_script-failslab-e3bd": requested -> triaging
2025-08-12 06:04:54,326 avocado.core.task.statemachine DEBUG| Task "82-./pcache.py:PcacheTest.test;run-cache_mode-writeonly-crc-disable-gc-gc0-test_script-failslab-e3bd": requirements OK (will proceed to check dependencies)
2025-08-12 06:04:54,327 avocado.core.task.statemachine DEBUG| Task "82-./pcache.py:PcacheTest.test;run-cache_mode-writeonly-crc-disable-gc-gc0-test_script-failslab-e3bd": about to be spawned with "<avocado.plugins.spawners.process.ProcessSpawner object at 0x7fe2d9d51a90>"
2025-08-12 06:04:54,330 avocado.core.task.statemachine DEBUG| Task "82-./pcache.py:PcacheTest.test;run-cache_mode-writeonly-crc-disable-gc-gc0-test_script-failslab-e3bd": spawned successfully
2025-08-12 06:04:54,811 avocado.core.status.repo DEBUG| Task "82-./pcache.py:PcacheTest.test;run-cache_mode-writeonly-crc-disable-gc-gc0-test_script-failslab-e3bd" started message: "{'status': 'started', 'time': 10099.978869285, 'output_dir': '/root/avocado/job-results/job-2025-08-12T03.48-c19f475/test-results/82-._pcache.py_PcacheTest.test_run-cache_mode-writeonly-crc-disable-gc-gc0-test_script-failslab-e3bd', 'id': '82-./pcache.py:PcacheTest.test;run-cache_mode-writeonly-crc-disable-gc-gc0-test_script-failslab-e3bd'}"
2025-08-12 06:04:54,813 avocado.test INFO | ./pcache.py:PcacheTest.test;run-cache_mode-writeonly-crc-disable-gc-gc0-test_script-failslab-e3bd: STARTED
2025-08-12 06:04:55,806 avocado.core.status.repo DEBUG| Task "82-./pcache.py:PcacheTest.test;run-cache_mode-writeonly-crc-disable-gc-gc0-test_script-failslab-e3bd" finished message: "{'result': 'pass', 'status': 'finished', 'time': 10100.873013928}"
2025-08-12 06:04:55,834 avocado.test INFO | ./pcache.py:PcacheTest.test;run-cache_mode-writeonly-crc-disable-gc-gc0-test_script-failslab-e3bd: PASS
2025-08-12 06:04:55,834 avocado.test INFO | More information in /root/avocado/job-results/job-2025-08-12T03.48-c19f475/test-results/82-._pcache.py_PcacheTest.test_run-cache_mode-writeonly-crc-disable-gc-gc0-test_script-failslab-e3bd
2025-08-12 06:04:55,898 avocado.core.task.statemachine DEBUG| Task "82-./pcache.py:PcacheTest.test;run-cache_mode-writeonly-crc-disable-gc-gc0-test_script-failslab-e3bd" finished
2025-08-12 06:04:55,898 avocado.core.task.statemachine DEBUG| Task "83-./pcache.py:PcacheTest.test;run-cache_mode-writeonly-crc-disable-gc-gc0-test_script-fail_make_request-a39c": requested -> triaging
2025-08-12 06:04:55,898 avocado.core.task.statemachine DEBUG| Task "83-./pcache.py:PcacheTest.test;run-cache_mode-writeonly-crc-disable-gc-gc0-test_script-fail_make_request-a39c": requirements OK (will proceed to check dependencies)
2025-08-12 06:04:55,898 avocado.core.task.statemachine DEBUG| Task "83-./pcache.py:PcacheTest.test;run-cache_mode-writeonly-crc-disable-gc-gc0-test_script-fail_make_request-a39c": about to be spawned with "<avocado.plugins.spawners.process.ProcessSpawner object at 0x7fe2d9d51a90>"
2025-08-12 06:04:55,902 avocado.core.task.statemachine DEBUG| Task "83-./pcache.py:PcacheTest.test;run-cache_mode-writeonly-crc-disable-gc-gc0-test_script-fail_make_request-a39c": spawned successfully
2025-08-12 06:04:56,515 avocado.core.status.repo DEBUG| Task "83-./pcache.py:PcacheTest.test;run-cache_mode-writeonly-crc-disable-gc-gc0-test_script-fail_make_request-a39c" started message: "{'status': 'started', 'time': 10101.683198668, 'output_dir': '/root/avocado/job-results/job-2025-08-12T03.48-c19f475/test-results/83-._pcache.py_PcacheTest.test_run-cache_mode-writeonly-crc-disable-gc-gc0-test_script-fail_make_request-a39c', 'id': '83-./pcache.py:PcacheTest.test;run-cache_mode-writeonly-crc-disable-gc-gc0-test_script-fail_make_request-a39c'}"
2025-08-12 06:04:56,540 avocado.test INFO | ./pcache.py:PcacheTest.test;run-cache_mode-writeonly-crc-disable-gc-gc0-test_script-fail_make_request-a39c: STARTED
2025-08-12 06:04:58,180 avocado.core.status.repo DEBUG| Task "83-./pcache.py:PcacheTest.test;run-cache_mode-writeonly-crc-disable-gc-gc0-test_script-fail_make_request-a39c" finished message: "{'result': 'pass', 'status': 'finished', 'time': 10103.250117595}"
2025-08-12 06:04:58,217 avocado.test INFO | ./pcache.py:PcacheTest.test;run-cache_mode-writeonly-crc-disable-gc-gc0-test_script-fail_make_request-a39c: PASS
2025-08-12 06:04:58,218 avocado.test INFO | More information in /root/avocado/job-results/job-2025-08-12T03.48-c19f475/test-results/83-._pcache.py_PcacheTest.test_run-cache_mode-writeonly-crc-disable-gc-gc0-test_script-fail_make_request-a39c
2025-08-12 06:04:58,272 avocado.core.task.statemachine DEBUG| Task "83-./pcache.py:PcacheTest.test;run-cache_mode-writeonly-crc-disable-gc-gc0-test_script-fail_make_request-a39c" finished
2025-08-12 06:04:58,272 avocado.core.task.statemachine DEBUG| Task "84-./pcache.py:PcacheTest.test;run-cache_mode-writeonly-crc-disable-gc-gc0-test_script-recreate_loop-3bc5": requested -> triaging
2025-08-12 06:04:58,272 avocado.core.task.statemachine DEBUG| Task "84-./pcache.py:PcacheTest.test;run-cache_mode-writeonly-crc-disable-gc-gc0-test_script-recreate_loop-3bc5": requirements OK (will proceed to check dependencies)
2025-08-12 06:04:58,272 avocado.core.task.statemachine DEBUG| Task "84-./pcache.py:PcacheTest.test;run-cache_mode-writeonly-crc-disable-gc-gc0-test_script-recreate_loop-3bc5": about to be spawned with "<avocado.plugins.spawners.process.ProcessSpawner object at 0x7fe2d9d51a90>"
2025-08-12 06:04:58,275 avocado.core.task.statemachine DEBUG| Task "84-./pcache.py:PcacheTest.test;run-cache_mode-writeonly-crc-disable-gc-gc0-test_script-recreate_loop-3bc5": spawned successfully
2025-08-12 06:04:58,651 avocado.core.status.repo DEBUG| Task "84-./pcache.py:PcacheTest.test;run-cache_mode-writeonly-crc-disable-gc-gc0-test_script-recreate_loop-3bc5" started message: "{'status': 'started', 'time': 10103.818926768, 'output_dir': '/root/avocado/job-results/job-2025-08-12T03.48-c19f475/test-results/84-._pcache.py_PcacheTest.test_run-cache_mode-writeonly-crc-disable-gc-gc0-test_script-recreate_loop-3bc5', 'id': '84-./pcache.py:PcacheTest.test;run-cache_mode-writeonly-crc-disable-gc-gc0-test_script-recreate_loop-3bc5'}"
2025-08-12 06:04:58,673 avocado.test INFO | ./pcache.py:PcacheTest.test;run-cache_mode-writeonly-crc-disable-gc-gc0-test_script-recreate_loop-3bc5: STARTED
2025-08-12 06:04:59,419 avocado.core.status.repo DEBUG| Task "84-./pcache.py:PcacheTest.test;run-cache_mode-writeonly-crc-disable-gc-gc0-test_script-recreate_loop-3bc5" finished message: "{'result': 'pass', 'status': 'finished', 'time': 10104.487335169}"
2025-08-12 06:04:59,441 avocado.test INFO | ./pcache.py:PcacheTest.test;run-cache_mode-writeonly-crc-disable-gc-gc0-test_script-recreate_loop-3bc5: PASS
2025-08-12 06:04:59,441 avocado.test INFO | More information in /root/avocado/job-results/job-2025-08-12T03.48-c19f475/test-results/84-._pcache.py_PcacheTest.test_run-cache_mode-writeonly-crc-disable-gc-gc0-test_script-recreate_loop-3bc5
2025-08-12 06:04:59,509 avocado.core.task.statemachine DEBUG| Task "84-./pcache.py:PcacheTest.test;run-cache_mode-writeonly-crc-disable-gc-gc0-test_script-recreate_loop-3bc5" finished
2025-08-12 06:04:59,510 avocado.core.task.statemachine DEBUG| Task "85-./pcache.py:PcacheTest.test;run-cache_mode-writeonly-crc-enable-gc-gc80-test_script-default-3783": requested -> triaging
2025-08-12 06:04:59,510 avocado.core.task.statemachine DEBUG| Task "85-./pcache.py:PcacheTest.test;run-cache_mode-writeonly-crc-enable-gc-gc80-test_script-default-3783": requirements OK (will proceed to check dependencies)
2025-08-12 06:04:59,510 avocado.core.task.statemachine DEBUG| Task "85-./pcache.py:PcacheTest.test;run-cache_mode-writeonly-crc-enable-gc-gc80-test_script-default-3783": about to be spawned with "<avocado.plugins.spawners.process.ProcessSpawner object at 0x7fe2d9d51a90>"
2025-08-12 06:04:59,513 avocado.core.task.statemachine DEBUG| Task "85-./pcache.py:PcacheTest.test;run-cache_mode-writeonly-crc-enable-gc-gc80-test_script-default-3783": spawned successfully
2025-08-12 06:04:59,861 avocado.core.status.repo DEBUG| Task "85-./pcache.py:PcacheTest.test;run-cache_mode-writeonly-crc-enable-gc-gc80-test_script-default-3783" started message: "{'status': 'started', 'time': 10105.029074803, 'output_dir': '/root/avocado/job-results/job-2025-08-12T03.48-c19f475/test-results/85-._pcache.py_PcacheTest.test_run-cache_mode-writeonly-crc-enable-gc-gc80-test_script-default-3783', 'id': '85-./pcache.py:PcacheTest.test;run-cache_mode-writeonly-crc-enable-gc-gc80-test_script-default-3783'}"
2025-08-12 06:04:59,897 avocado.test INFO | ./pcache.py:PcacheTest.test;run-cache_mode-writeonly-crc-enable-gc-gc80-test_script-default-3783: STARTED
2025-08-12 06:05:00,786 avocado.core.status.repo DEBUG| Task "85-./pcache.py:PcacheTest.test;run-cache_mode-writeonly-crc-enable-gc-gc80-test_script-default-3783" finished message: "{'result': 'pass', 'status': 'finished', 'time': 10105.857644748}"
2025-08-12 06:05:00,817 avocado.test INFO | ./pcache.py:PcacheTest.test;run-cache_mode-writeonly-crc-enable-gc-gc80-test_script-default-3783: PASS
2025-08-12 06:05:00,817 avocado.test INFO | More information in /root/avocado/job-results/job-2025-08-12T03.48-c19f475/test-results/85-._pcache.py_PcacheTest.test_run-cache_mode-writeonly-crc-enable-gc-gc80-test_script-default-3783
2025-08-12 06:05:00,877 avocado.core.task.statemachine DEBUG| Task "85-./pcache.py:PcacheTest.test;run-cache_mode-writeonly-crc-enable-gc-gc80-test_script-default-3783" finished
2025-08-12 06:05:00,878 avocado.core.task.statemachine DEBUG| Task "86-./pcache.py:PcacheTest.test;run-cache_mode-writeonly-crc-enable-gc-gc80-test_script-xfstests-bba4": requested -> triaging
2025-08-12 06:05:00,878 avocado.core.task.statemachine DEBUG| Task "86-./pcache.py:PcacheTest.test;run-cache_mode-writeonly-crc-enable-gc-gc80-test_script-xfstests-bba4": requirements OK (will proceed to check dependencies)
2025-08-12 06:05:00,878 avocado.core.task.statemachine DEBUG| Task "86-./pcache.py:PcacheTest.test;run-cache_mode-writeonly-crc-enable-gc-gc80-test_script-xfstests-bba4": about to be spawned with "<avocado.plugins.spawners.process.ProcessSpawner object at 0x7fe2d9d51a90>"
2025-08-12 06:05:00,881 avocado.core.task.statemachine DEBUG| Task "86-./pcache.py:PcacheTest.test;run-cache_mode-writeonly-crc-enable-gc-gc80-test_script-xfstests-bba4": spawned successfully
2025-08-12 06:05:01,458 avocado.core.status.repo DEBUG| Task "86-./pcache.py:PcacheTest.test;run-cache_mode-writeonly-crc-enable-gc-gc80-test_script-xfstests-bba4" started message: "{'status': 'started', 'time': 10106.62650712, 'output_dir': '/root/avocado/job-results/job-2025-08-12T03.48-c19f475/test-results/86-._pcache.py_PcacheTest.test_run-cache_mode-writeonly-crc-enable-gc-gc80-test_script-xfstests-bba4', 'id': '86-./pcache.py:PcacheTest.test;run-cache_mode-writeonly-crc-enable-gc-gc80-test_script-xfstests-bba4'}"
2025-08-12 06:05:01,474 avocado.test INFO | ./pcache.py:PcacheTest.test;run-cache_mode-writeonly-crc-enable-gc-gc80-test_script-xfstests-bba4: STARTED
2025-08-12 06:05:02,423 avocado.core.status.repo DEBUG| Task "86-./pcache.py:PcacheTest.test;run-cache_mode-writeonly-crc-enable-gc-gc80-test_script-xfstests-bba4" finished message: "{'result': 'pass', 'status': 'finished', 'time': 10107.488957584}"
2025-08-12 06:05:02,444 avocado.test INFO | ./pcache.py:PcacheTest.test;run-cache_mode-writeonly-crc-enable-gc-gc80-test_script-xfstests-bba4: PASS
2025-08-12 06:05:02,444 avocado.test INFO | More information in /root/avocado/job-results/job-2025-08-12T03.48-c19f475/test-results/86-._pcache.py_PcacheTest.test_run-cache_mode-writeonly-crc-enable-gc-gc80-test_script-xfstests-bba4
2025-08-12 06:05:02,513 avocado.core.task.statemachine DEBUG| Task "86-./pcache.py:PcacheTest.test;run-cache_mode-writeonly-crc-enable-gc-gc80-test_script-xfstests-bba4" finished
2025-08-12 06:05:02,513 avocado.core.task.statemachine DEBUG| Task "87-./pcache.py:PcacheTest.test;run-cache_mode-writeonly-crc-enable-gc-gc80-test_script-misc-5ade": requested -> triaging
2025-08-12 06:05:02,514 avocado.core.task.statemachine DEBUG| Task "87-./pcache.py:PcacheTest.test;run-cache_mode-writeonly-crc-enable-gc-gc80-test_script-misc-5ade": requirements OK (will proceed to check dependencies)
2025-08-12 06:05:02,514 avocado.core.task.statemachine DEBUG| Task "87-./pcache.py:PcacheTest.test;run-cache_mode-writeonly-crc-enable-gc-gc80-test_script-misc-5ade": about to be spawned with "<avocado.plugins.spawners.process.ProcessSpawner object at 0x7fe2d9d51a90>"
2025-08-12 06:05:02,517 avocado.core.task.statemachine DEBUG| Task "87-./pcache.py:PcacheTest.test;run-cache_mode-writeonly-crc-enable-gc-gc80-test_script-misc-5ade": spawned successfully
2025-08-12 06:05:02,868 avocado.core.status.repo DEBUG| Task "87-./pcache.py:PcacheTest.test;run-cache_mode-writeonly-crc-enable-gc-gc80-test_script-misc-5ade" started message: "{'status': 'started', 'time': 10108.035929316, 'output_dir': '/root/avocado/job-results/job-2025-08-12T03.48-c19f475/test-results/87-._pcache.py_PcacheTest.test_run-cache_mode-writeonly-crc-enable-gc-gc80-test_script-misc-5ade', 'id': '87-./pcache.py:PcacheTest.test;run-cache_mode-writeonly-crc-enable-gc-gc80-test_script-misc-5ade'}"
2025-08-12 06:05:02,899 avocado.test INFO | ./pcache.py:PcacheTest.test;run-cache_mode-writeonly-crc-enable-gc-gc80-test_script-misc-5ade: STARTED
2025-08-12 06:05:03,782 avocado.core.status.repo DEBUG| Task "87-./pcache.py:PcacheTest.test;run-cache_mode-writeonly-crc-enable-gc-gc80-test_script-misc-5ade" finished message: "{'result': 'pass', 'status': 'finished', 'time': 10108.855331385}"
2025-08-12 06:05:03,820 avocado.test INFO | ./pcache.py:PcacheTest.test;run-cache_mode-writeonly-crc-enable-gc-gc80-test_script-misc-5ade: PASS
2025-08-12 06:05:03,820 avocado.test INFO | More information in /root/avocado/job-results/job-2025-08-12T03.48-c19f475/test-results/87-._pcache.py_PcacheTest.test_run-cache_mode-writeonly-crc-enable-gc-gc80-test_script-misc-5ade
2025-08-12 06:05:03,880 avocado.core.task.statemachine DEBUG| Task "87-./pcache.py:PcacheTest.test;run-cache_mode-writeonly-crc-enable-gc-gc80-test_script-misc-5ade" finished
2025-08-12 06:05:03,881 avocado.core.task.statemachine DEBUG| Task "88-./pcache.py:PcacheTest.test;run-cache_mode-writeonly-crc-enable-gc-gc80-test_script-failslab-aa0f": requested -> triaging
2025-08-12 06:05:03,881 avocado.core.task.statemachine DEBUG| Task "88-./pcache.py:PcacheTest.test;run-cache_mode-writeonly-crc-enable-gc-gc80-test_script-failslab-aa0f": requirements OK (will proceed to check dependencies)
2025-08-12 06:05:03,881 avocado.core.task.statemachine DEBUG| Task "88-./pcache.py:PcacheTest.test;run-cache_mode-writeonly-crc-enable-gc-gc80-test_script-failslab-aa0f": about to be spawned with "<avocado.plugins.spawners.process.ProcessSpawner object at 0x7fe2d9d51a90>"
2025-08-12 06:05:03,884 avocado.core.task.statemachine DEBUG| Task "88-./pcache.py:PcacheTest.test;run-cache_mode-writeonly-crc-enable-gc-gc80-test_script-failslab-aa0f": spawned successfully
2025-08-12 06:05:04,464 avocado.core.status.repo DEBUG| Task "88-./pcache.py:PcacheTest.test;run-cache_mode-writeonly-crc-enable-gc-gc80-test_script-failslab-aa0f" started message: "{'status': 'started', 'time': 10109.632288677, 'output_dir': '/root/avocado/job-results/job-2025-08-12T03.48-c19f475/test-results/88-._pcache.py_PcacheTest.test_run-cache_mode-writeonly-crc-enable-gc-gc80-test_script-failslab-aa0f', 'id': '88-./pcache.py:PcacheTest.test;run-cache_mode-writeonly-crc-enable-gc-gc80-test_script-failslab-aa0f'}"
2025-08-12 06:05:04,477 avocado.test INFO | ./pcache.py:PcacheTest.test;run-cache_mode-writeonly-crc-enable-gc-gc80-test_script-failslab-aa0f: STARTED
2025-08-12 06:05:05,439 avocado.core.status.repo DEBUG| Task "88-./pcache.py:PcacheTest.test;run-cache_mode-writeonly-crc-enable-gc-gc80-test_script-failslab-aa0f" finished message: "{'result': 'pass', 'status': 'finished', 'time': 10110.514646793}"
2025-08-12 06:05:05,449 avocado.test INFO | ./pcache.py:PcacheTest.test;run-cache_mode-writeonly-crc-enable-gc-gc80-test_script-failslab-aa0f: PASS
2025-08-12 06:05:05,449 avocado.test INFO | More information in /root/avocado/job-results/job-2025-08-12T03.48-c19f475/test-results/88-._pcache.py_PcacheTest.test_run-cache_mode-writeonly-crc-enable-gc-gc80-test_script-failslab-aa0f
2025-08-12 06:05:05,532 avocado.core.task.statemachine DEBUG| Task "88-./pcache.py:PcacheTest.test;run-cache_mode-writeonly-crc-enable-gc-gc80-test_script-failslab-aa0f" finished
2025-08-12 06:05:05,532 avocado.core.task.statemachine DEBUG| Task "89-./pcache.py:PcacheTest.test;run-cache_mode-writeonly-crc-enable-gc-gc80-test_script-fail_make_request-703a": requested -> triaging
2025-08-12 06:05:05,533 avocado.core.task.statemachine DEBUG| Task "89-./pcache.py:PcacheTest.test;run-cache_mode-writeonly-crc-enable-gc-gc80-test_script-fail_make_request-703a": requirements OK (will proceed to check dependencies)
2025-08-12 06:05:05,533 avocado.core.task.statemachine DEBUG| Task "89-./pcache.py:PcacheTest.test;run-cache_mode-writeonly-crc-enable-gc-gc80-test_script-fail_make_request-703a": about to be spawned with "<avocado.plugins.spawners.process.ProcessSpawner object at 0x7fe2d9d51a90>"
2025-08-12 06:05:05,536 avocado.core.task.statemachine DEBUG| Task "89-./pcache.py:PcacheTest.test;run-cache_mode-writeonly-crc-enable-gc-gc80-test_script-fail_make_request-703a": spawned successfully
2025-08-12 06:05:05,880 avocado.core.status.repo DEBUG| Task "89-./pcache.py:PcacheTest.test;run-cache_mode-writeonly-crc-enable-gc-gc80-test_script-fail_make_request-703a" started message: "{'status': 'started', 'time': 10111.048643549, 'output_dir': '/root/avocado/job-results/job-2025-08-12T03.48-c19f475/test-results/89-._pcache.py_PcacheTest.test_run-cache_mode-writeonly-crc-enable-gc-gc80-test_script-fail_make_request-703a', 'id': '89-./pcache.py:PcacheTest.test;run-cache_mode-writeonly-crc-enable-gc-gc80-test_script-fail_make_request-703a'}"
2025-08-12 06:05:05,904 avocado.test INFO | ./pcache.py:PcacheTest.test;run-cache_mode-writeonly-crc-enable-gc-gc80-test_script-fail_make_request-703a: STARTED
2025-08-12 06:05:07,526 avocado.core.status.repo DEBUG| Task "89-./pcache.py:PcacheTest.test;run-cache_mode-writeonly-crc-enable-gc-gc80-test_script-fail_make_request-703a" finished message: "{'result': 'pass', 'status': 'finished', 'time': 10112.598331528}"
2025-08-12 06:05:07,533 avocado.test INFO | ./pcache.py:PcacheTest.test;run-cache_mode-writeonly-crc-enable-gc-gc80-test_script-fail_make_request-703a: PASS
2025-08-12 06:05:07,533 avocado.test INFO | More information in /root/avocado/job-results/job-2025-08-12T03.48-c19f475/test-results/89-._pcache.py_PcacheTest.test_run-cache_mode-writeonly-crc-enable-gc-gc80-test_script-fail_make_request-703a
2025-08-12 06:05:07,620 avocado.core.task.statemachine DEBUG| Task "89-./pcache.py:PcacheTest.test;run-cache_mode-writeonly-crc-enable-gc-gc80-test_script-fail_make_request-703a" finished
2025-08-12 06:05:07,620 avocado.core.task.statemachine DEBUG| Task "90-./pcache.py:PcacheTest.test;run-cache_mode-writeonly-crc-enable-gc-gc80-test_script-recreate_loop-21b7": requested -> triaging
2025-08-12 06:05:07,621 avocado.core.task.statemachine DEBUG| Task "90-./pcache.py:PcacheTest.test;run-cache_mode-writeonly-crc-enable-gc-gc80-test_script-recreate_loop-21b7": requirements OK (will proceed to check dependencies)
2025-08-12 06:05:07,621 avocado.core.task.statemachine DEBUG| Task "90-./pcache.py:PcacheTest.test;run-cache_mode-writeonly-crc-enable-gc-gc80-test_script-recreate_loop-21b7": about to be spawned with "<avocado.plugins.spawners.process.ProcessSpawner object at 0x7fe2d9d51a90>"
2025-08-12 06:05:07,624 avocado.core.task.statemachine DEBUG| Task "90-./pcache.py:PcacheTest.test;run-cache_mode-writeonly-crc-enable-gc-gc80-test_script-recreate_loop-21b7": spawned successfully
2025-08-12 06:05:07,966 avocado.core.status.repo DEBUG| Task "90-./pcache.py:PcacheTest.test;run-cache_mode-writeonly-crc-enable-gc-gc80-test_script-recreate_loop-21b7" started message: "{'status': 'started', 'time': 10113.133841237, 'output_dir': '/root/avocado/job-results/job-2025-08-12T03.48-c19f475/test-results/90-._pcache.py_PcacheTest.test_run-cache_mode-writeonly-crc-enable-gc-gc80-test_script-recreate_loop-21b7', 'id': '90-./pcache.py:PcacheTest.test;run-cache_mode-writeonly-crc-enable-gc-gc80-test_script-recreate_loop-21b7'}"
2025-08-12 06:05:07,988 avocado.test INFO | ./pcache.py:PcacheTest.test;run-cache_mode-writeonly-crc-enable-gc-gc80-test_script-recreate_loop-21b7: STARTED
2025-08-12 06:05:08,715 avocado.core.status.repo DEBUG| Task "90-./pcache.py:PcacheTest.test;run-cache_mode-writeonly-crc-enable-gc-gc80-test_script-recreate_loop-21b7" finished message: "{'result': 'pass', 'status': 'finished', 'time': 10113.787933445}"
2025-08-12 06:05:08,757 avocado.test INFO | ./pcache.py:PcacheTest.test;run-cache_mode-writeonly-crc-enable-gc-gc80-test_script-recreate_loop-21b7: PASS
2025-08-12 06:05:08,757 avocado.test INFO | More information in /root/avocado/job-results/job-2025-08-12T03.48-c19f475/test-results/90-._pcache.py_PcacheTest.test_run-cache_mode-writeonly-crc-enable-gc-gc80-test_script-recreate_loop-21b7
2025-08-12 06:05:08,801 avocado.core.task.statemachine DEBUG| Task "90-./pcache.py:PcacheTest.test;run-cache_mode-writeonly-crc-enable-gc-gc80-test_script-recreate_loop-21b7" finished
2025-08-12 06:05:08,801 avocado.core.task.statemachine DEBUG| Task "91-./pcache.py:PcacheTest.test;run-cache_mode-writeonly-crc-disable-gc-gc80-test_script-default-149e": requested -> triaging
2025-08-12 06:05:08,802 avocado.core.task.statemachine DEBUG| Task "91-./pcache.py:PcacheTest.test;run-cache_mode-writeonly-crc-disable-gc-gc80-test_script-default-149e": requirements OK (will proceed to check dependencies)
2025-08-12 06:05:08,802 avocado.core.task.statemachine DEBUG| Task "91-./pcache.py:PcacheTest.test;run-cache_mode-writeonly-crc-disable-gc-gc80-test_script-default-149e": about to be spawned with "<avocado.plugins.spawners.process.ProcessSpawner object at 0x7fe2d9d51a90>"
2025-08-12 06:05:08,809 avocado.core.task.statemachine DEBUG| Task "91-./pcache.py:PcacheTest.test;run-cache_mode-writeonly-crc-disable-gc-gc80-test_script-default-149e": spawned successfully
2025-08-12 06:05:09,250 avocado.core.status.repo DEBUG| Task "91-./pcache.py:PcacheTest.test;run-cache_mode-writeonly-crc-disable-gc-gc80-test_script-default-149e" started message: "{'status': 'started', 'time': 10114.417838583, 'output_dir': '/root/avocado/job-results/job-2025-08-12T03.48-c19f475/test-results/91-._pcache.py_PcacheTest.test_run-cache_mode-writeonly-crc-disable-gc-gc80-test_script-default-149e', 'id': '91-./pcache.py:PcacheTest.test;run-cache_mode-writeonly-crc-disable-gc-gc80-test_script-default-149e'}"
2025-08-12 06:05:09,262 avocado.test INFO | ./pcache.py:PcacheTest.test;run-cache_mode-writeonly-crc-disable-gc-gc80-test_script-default-149e: STARTED
2025-08-12 06:05:10,194 avocado.core.status.repo DEBUG| Task "91-./pcache.py:PcacheTest.test;run-cache_mode-writeonly-crc-disable-gc-gc80-test_script-default-149e" finished message: "{'result': 'pass', 'status': 'finished', 'time': 10115.262187894}"
2025-08-12 06:05:10,234 avocado.test INFO | ./pcache.py:PcacheTest.test;run-cache_mode-writeonly-crc-disable-gc-gc80-test_script-default-149e: PASS
2025-08-12 06:05:10,234 avocado.test INFO | More information in /root/avocado/job-results/job-2025-08-12T03.48-c19f475/test-results/91-._pcache.py_PcacheTest.test_run-cache_mode-writeonly-crc-disable-gc-gc80-test_script-default-149e
2025-08-12 06:05:10,287 avocado.core.task.statemachine DEBUG| Task "91-./pcache.py:PcacheTest.test;run-cache_mode-writeonly-crc-disable-gc-gc80-test_script-default-149e" finished
2025-08-12 06:05:10,287 avocado.core.task.statemachine DEBUG| Task "92-./pcache.py:PcacheTest.test;run-cache_mode-writeonly-crc-disable-gc-gc80-test_script-xfstests-0c0d": requested -> triaging
2025-08-12 06:05:10,287 avocado.core.task.statemachine DEBUG| Task "92-./pcache.py:PcacheTest.test;run-cache_mode-writeonly-crc-disable-gc-gc80-test_script-xfstests-0c0d": requirements OK (will proceed to check dependencies)
2025-08-12 06:05:10,287 avocado.core.task.statemachine DEBUG| Task "92-./pcache.py:PcacheTest.test;run-cache_mode-writeonly-crc-disable-gc-gc80-test_script-xfstests-0c0d": about to be spawned with "<avocado.plugins.spawners.process.ProcessSpawner object at 0x7fe2d9d51a90>"
2025-08-12 06:05:10,291 avocado.core.task.statemachine DEBUG| Task "92-./pcache.py:PcacheTest.test;run-cache_mode-writeonly-crc-disable-gc-gc80-test_script-xfstests-0c0d": spawned successfully
2025-08-12 06:05:10,692 avocado.core.status.repo DEBUG| Task "92-./pcache.py:PcacheTest.test;run-cache_mode-writeonly-crc-disable-gc-gc80-test_script-xfstests-0c0d" started message: "{'status': 'started', 'time': 10115.859973896, 'output_dir': '/root/avocado/job-results/job-2025-08-12T03.48-c19f475/test-results/92-._pcache.py_PcacheTest.test_run-cache_mode-writeonly-crc-disable-gc-gc80-test_script-xfstests-0c0d', 'id': '92-./pcache.py:PcacheTest.test;run-cache_mode-writeonly-crc-disable-gc-gc80-test_script-xfstests-0c0d'}"
2025-08-12 06:05:10,740 avocado.test INFO | ./pcache.py:PcacheTest.test;run-cache_mode-writeonly-crc-disable-gc-gc80-test_script-xfstests-0c0d: STARTED
2025-08-12 06:05:11,666 avocado.core.status.repo DEBUG| Task "92-./pcache.py:PcacheTest.test;run-cache_mode-writeonly-crc-disable-gc-gc80-test_script-xfstests-0c0d" finished message: "{'result': 'pass', 'status': 'finished', 'time': 10116.739510482}"
2025-08-12 06:05:11,710 avocado.test INFO | ./pcache.py:PcacheTest.test;run-cache_mode-writeonly-crc-disable-gc-gc80-test_script-xfstests-0c0d: PASS
2025-08-12 06:05:11,710 avocado.test INFO | More information in /root/avocado/job-results/job-2025-08-12T03.48-c19f475/test-results/92-._pcache.py_PcacheTest.test_run-cache_mode-writeonly-crc-disable-gc-gc80-test_script-xfstests-0c0d
2025-08-12 06:05:11,754 avocado.core.task.statemachine DEBUG| Task "92-./pcache.py:PcacheTest.test;run-cache_mode-writeonly-crc-disable-gc-gc80-test_script-xfstests-0c0d" finished
2025-08-12 06:05:11,755 avocado.core.task.statemachine DEBUG| Task "93-./pcache.py:PcacheTest.test;run-cache_mode-writeonly-crc-disable-gc-gc80-test_script-misc-1ab2": requested -> triaging
2025-08-12 06:05:11,755 avocado.core.task.statemachine DEBUG| Task "93-./pcache.py:PcacheTest.test;run-cache_mode-writeonly-crc-disable-gc-gc80-test_script-misc-1ab2": requirements OK (will proceed to check dependencies)
2025-08-12 06:05:11,755 avocado.core.task.statemachine DEBUG| Task "93-./pcache.py:PcacheTest.test;run-cache_mode-writeonly-crc-disable-gc-gc80-test_script-misc-1ab2": about to be spawned with "<avocado.plugins.spawners.process.ProcessSpawner object at 0x7fe2d9d51a90>"
2025-08-12 06:05:11,758 avocado.core.task.statemachine DEBUG| Task "93-./pcache.py:PcacheTest.test;run-cache_mode-writeonly-crc-disable-gc-gc80-test_script-misc-1ab2": spawned successfully
2025-08-12 06:05:12,101 avocado.core.status.repo DEBUG| Task "93-./pcache.py:PcacheTest.test;run-cache_mode-writeonly-crc-disable-gc-gc80-test_script-misc-1ab2" started message: "{'status': 'started', 'time': 10117.269647804, 'output_dir': '/root/avocado/job-results/job-2025-08-12T03.48-c19f475/test-results/93-._pcache.py_PcacheTest.test_run-cache_mode-writeonly-crc-disable-gc-gc80-test_script-misc-1ab2', 'id': '93-./pcache.py:PcacheTest.test;run-cache_mode-writeonly-crc-disable-gc-gc80-test_script-misc-1ab2'}"
2025-08-12 06:05:12,115 avocado.test INFO | ./pcache.py:PcacheTest.test;run-cache_mode-writeonly-crc-disable-gc-gc80-test_script-misc-1ab2: STARTED
2025-08-12 06:05:12,849 avocado.core.status.repo DEBUG| Task "93-./pcache.py:PcacheTest.test;run-cache_mode-writeonly-crc-disable-gc-gc80-test_script-misc-1ab2" finished message: "{'result': 'pass', 'status': 'finished', 'time': 10117.924278311}"
2025-08-12 06:05:12,885 avocado.test INFO | ./pcache.py:PcacheTest.test;run-cache_mode-writeonly-crc-disable-gc-gc80-test_script-misc-1ab2: PASS
2025-08-12 06:05:12,885 avocado.test INFO | More information in /root/avocado/job-results/job-2025-08-12T03.48-c19f475/test-results/93-._pcache.py_PcacheTest.test_run-cache_mode-writeonly-crc-disable-gc-gc80-test_script-misc-1ab2
2025-08-12 06:05:12,937 avocado.core.task.statemachine DEBUG| Task "93-./pcache.py:PcacheTest.test;run-cache_mode-writeonly-crc-disable-gc-gc80-test_script-misc-1ab2" finished
2025-08-12 06:05:12,937 avocado.core.task.statemachine DEBUG| Task "94-./pcache.py:PcacheTest.test;run-cache_mode-writeonly-crc-disable-gc-gc80-test_script-failslab-ce7c": requested -> triaging
2025-08-12 06:05:12,937 avocado.core.task.statemachine DEBUG| Task "94-./pcache.py:PcacheTest.test;run-cache_mode-writeonly-crc-disable-gc-gc80-test_script-failslab-ce7c": requirements OK (will proceed to check dependencies)
2025-08-12 06:05:12,937 avocado.core.task.statemachine DEBUG| Task "94-./pcache.py:PcacheTest.test;run-cache_mode-writeonly-crc-disable-gc-gc80-test_script-failslab-ce7c": about to be spawned with "<avocado.plugins.spawners.process.ProcessSpawner object at 0x7fe2d9d51a90>"
2025-08-12 06:05:12,940 avocado.core.task.statemachine DEBUG| Task "94-./pcache.py:PcacheTest.test;run-cache_mode-writeonly-crc-disable-gc-gc80-test_script-failslab-ce7c": spawned successfully
2025-08-12 06:05:13,614 avocado.core.status.repo DEBUG| Task "94-./pcache.py:PcacheTest.test;run-cache_mode-writeonly-crc-disable-gc-gc80-test_script-failslab-ce7c" started message: "{'status': 'started', 'time': 10118.783061012, 'output_dir': '/root/avocado/job-results/job-2025-08-12T03.48-c19f475/test-results/94-._pcache.py_PcacheTest.test_run-cache_mode-writeonly-crc-disable-gc-gc80-test_script-failslab-ce7c', 'id': '94-./pcache.py:PcacheTest.test;run-cache_mode-writeonly-crc-disable-gc-gc80-test_script-failslab-ce7c'}"
2025-08-12 06:05:13,642 avocado.test INFO | ./pcache.py:PcacheTest.test;run-cache_mode-writeonly-crc-disable-gc-gc80-test_script-failslab-ce7c: STARTED
2025-08-12 06:05:14,413 avocado.core.status.repo DEBUG| Task "94-./pcache.py:PcacheTest.test;run-cache_mode-writeonly-crc-disable-gc-gc80-test_script-failslab-ce7c" finished message: "{'result': 'pass', 'status': 'finished', 'time': 10119.480331899}"
2025-08-12 06:05:14,461 avocado.test INFO | ./pcache.py:PcacheTest.test;run-cache_mode-writeonly-crc-disable-gc-gc80-test_script-failslab-ce7c: PASS
2025-08-12 06:05:14,461 avocado.test INFO | More information in /root/avocado/job-results/job-2025-08-12T03.48-c19f475/test-results/94-._pcache.py_PcacheTest.test_run-cache_mode-writeonly-crc-disable-gc-gc80-test_script-failslab-ce7c
2025-08-12 06:05:14,504 avocado.core.task.statemachine DEBUG| Task "94-./pcache.py:PcacheTest.test;run-cache_mode-writeonly-crc-disable-gc-gc80-test_script-failslab-ce7c" finished
2025-08-12 06:05:14,504 avocado.core.task.statemachine DEBUG| Task "95-./pcache.py:PcacheTest.test;run-cache_mode-writeonly-crc-disable-gc-gc80-test_script-fail_make_request-e2de": requested -> triaging
2025-08-12 06:05:14,505 avocado.core.task.statemachine DEBUG| Task "95-./pcache.py:PcacheTest.test;run-cache_mode-writeonly-crc-disable-gc-gc80-test_script-fail_make_request-e2de": requirements OK (will proceed to check dependencies)
2025-08-12 06:05:14,505 avocado.core.task.statemachine DEBUG| Task "95-./pcache.py:PcacheTest.test;run-cache_mode-writeonly-crc-disable-gc-gc80-test_script-fail_make_request-e2de": about to be spawned with "<avocado.plugins.spawners.process.ProcessSpawner object at 0x7fe2d9d51a90>"
2025-08-12 06:05:14,509 avocado.core.task.statemachine DEBUG| Task "95-./pcache.py:PcacheTest.test;run-cache_mode-writeonly-crc-disable-gc-gc80-test_script-fail_make_request-e2de": spawned successfully
2025-08-12 06:05:14,855 avocado.core.status.repo DEBUG| Task "95-./pcache.py:PcacheTest.test;run-cache_mode-writeonly-crc-disable-gc-gc80-test_script-fail_make_request-e2de" started message: "{'status': 'started', 'time': 10120.023212735, 'output_dir': '/root/avocado/job-results/job-2025-08-12T03.48-c19f475/test-results/95-._pcache.py_PcacheTest.test_run-cache_mode-writeonly-crc-disable-gc-gc80-test_script-fail_make_request-e2de', 'id': '95-./pcache.py:PcacheTest.test;run-cache_mode-writeonly-crc-disable-gc-gc80-test_script-fail_make_request-e2de'}"
2025-08-12 06:05:14,867 avocado.test INFO | ./pcache.py:PcacheTest.test;run-cache_mode-writeonly-crc-disable-gc-gc80-test_script-fail_make_request-e2de: STARTED
2025-08-12 06:05:16,561 avocado.core.status.repo DEBUG| Task "95-./pcache.py:PcacheTest.test;run-cache_mode-writeonly-crc-disable-gc-gc80-test_script-fail_make_request-e2de" finished message: "{'result': 'pass', 'status': 'finished', 'time': 10121.627430442}"
2025-08-12 06:05:16,596 avocado.test INFO | ./pcache.py:PcacheTest.test;run-cache_mode-writeonly-crc-disable-gc-gc80-test_script-fail_make_request-e2de: PASS
2025-08-12 06:05:16,596 avocado.test INFO | More information in /root/avocado/job-results/job-2025-08-12T03.48-c19f475/test-results/95-._pcache.py_PcacheTest.test_run-cache_mode-writeonly-crc-disable-gc-gc80-test_script-fail_make_request-e2de
2025-08-12 06:05:16,650 avocado.core.task.statemachine DEBUG| Task "95-./pcache.py:PcacheTest.test;run-cache_mode-writeonly-crc-disable-gc-gc80-test_script-fail_make_request-e2de" finished
2025-08-12 06:05:16,650 avocado.core.task.statemachine DEBUG| Task "96-./pcache.py:PcacheTest.test;run-cache_mode-writeonly-crc-disable-gc-gc80-test_script-recreate_loop-da18": requested -> triaging
2025-08-12 06:05:16,650 avocado.core.task.statemachine DEBUG| Task "96-./pcache.py:PcacheTest.test;run-cache_mode-writeonly-crc-disable-gc-gc80-test_script-recreate_loop-da18": requirements OK (will proceed to check dependencies)
2025-08-12 06:05:16,650 avocado.core.task.statemachine DEBUG| Task "96-./pcache.py:PcacheTest.test;run-cache_mode-writeonly-crc-disable-gc-gc80-test_script-recreate_loop-da18": about to be spawned with "<avocado.plugins.spawners.process.ProcessSpawner object at 0x7fe2d9d51a90>"
2025-08-12 06:05:16,654 avocado.core.task.statemachine DEBUG| Task "96-./pcache.py:PcacheTest.test;run-cache_mode-writeonly-crc-disable-gc-gc80-test_script-recreate_loop-da18": spawned successfully
2025-08-12 06:05:16,997 avocado.core.status.repo DEBUG| Task "96-./pcache.py:PcacheTest.test;run-cache_mode-writeonly-crc-disable-gc-gc80-test_script-recreate_loop-da18" started message: "{'status': 'started', 'time': 10122.165541953, 'output_dir': '/root/avocado/job-results/job-2025-08-12T03.48-c19f475/test-results/96-._pcache.py_PcacheTest.test_run-cache_mode-writeonly-crc-disable-gc-gc80-test_script-recreate_loop-da18', 'id': '96-./pcache.py:PcacheTest.test;run-cache_mode-writeonly-crc-disable-gc-gc80-test_script-recreate_loop-da18'}"
2025-08-12 06:05:17,002 avocado.test INFO | ./pcache.py:PcacheTest.test;run-cache_mode-writeonly-crc-disable-gc-gc80-test_script-recreate_loop-da18: STARTED
2025-08-12 06:05:17,757 avocado.core.status.repo DEBUG| Task "96-./pcache.py:PcacheTest.test;run-cache_mode-writeonly-crc-disable-gc-gc80-test_script-recreate_loop-da18" finished message: "{'result': 'pass', 'status': 'finished', 'time': 10122.827648442}"
2025-08-12 06:05:17,775 avocado.test INFO | ./pcache.py:PcacheTest.test;run-cache_mode-writeonly-crc-disable-gc-gc80-test_script-recreate_loop-da18: PASS
2025-08-12 06:05:17,775 avocado.test INFO | More information in /root/avocado/job-results/job-2025-08-12T03.48-c19f475/test-results/96-._pcache.py_PcacheTest.test_run-cache_mode-writeonly-crc-disable-gc-gc80-test_script-recreate_loop-da18
2025-08-12 06:05:17,846 avocado.core.task.statemachine DEBUG| Task "96-./pcache.py:PcacheTest.test;run-cache_mode-writeonly-crc-disable-gc-gc80-test_script-recreate_loop-da18" finished
2025-08-12 06:05:17,964 avocado.test INFO | Test results available in /root/avocado/job-results/job-2025-08-12T03.48-c19f475
2025-08-12 06:05:17,975 avocado.sysinfo DEBUG| Not logging /sys/kernel/debug/sched_features (file not found)
2025-08-12 06:05:17,976 avocado.sysinfo DEBUG| Not logging /sys/devices/system/cpu/cpu0/cpufreq/scaling_governor (file not found)
2025-08-12 06:05:17,979 avocado.sysinfo DEBUG| Not logging /proc/pci (file not found)
