           CPU0       CPU1       CPU2       CPU3       CPU4       CPU5       CPU6       CPU7       CPU8       CPU9       CPU10      CPU11      CPU12      CPU13      CPU14      CPU15      CPU16      CPU17      CPU18      CPU19      CPU20      CPU21      CPU22      CPU23      CPU24      CPU25      CPU26      CPU27      CPU28      CPU29      CPU30      CPU31      
  1:          0          0          0          0          0          0          0          0          0          0          0          0          0          0          0          0          0          0          0          0          0          0          0          0          0          9          0          0          0          0          0          0  IO-APIC   1-edge      i8042
  4:          0          0          0          0          0          0          0          0          0          0          0          0          0          0          0          0        519          0          0          0          0          0          0          0          0          0          0        877          0          0          0          0  IO-APIC   4-edge      ttyS0
  8:          0          0          0          0          0          0          0          0          0          0          0          0          0          0          0          0          0          0          0          0          0          0          0          0          0          0          0          0          0          0          0          0  IO-APIC   8-edge      rtc0
  9:          0          0          0          0          0          0          0          0          0          0          0          0          0          0          0          0          0          0          0          0          0          0          0          0          0          0          0          0          0          0          0          0  IO-APIC   9-fasteoi   acpi
 12:          0          0          0          0          0          0          0          0          0          0          0          0          0          0          0          0          0          0          0          0          0          0          0          0        144          0          0          0          0          0          0          0  IO-APIC  12-edge      i8042
 16:          0          0          0          0          0          0          0          0          0          0          0          0          0          0          0          0          0          0          0          0          0          0          0          0          0          0          0          0          0          0          0          0  IO-APIC  16-fasteoi   uhci_hcd:usb2, i801_smbus
 17:          0          0          0          0          0          0          0          0          0          0          0          0          0          0          0          0          0          0          0          0          0          0          0          0          0          0          0          0          0          0          0          0  IO-APIC  17-fasteoi   uhci_hcd:usb3
 18:          0          0          0          0          0          0          0          0          0          0          0          0          0          0          0          0          0          0          0          0          0          0          0          0          0          0          0          0          0          0          0          0  IO-APIC  18-fasteoi   uhci_hcd:usb4
 19:          0          0          0          0          0          0          0          0          0          0          0          0          0          0          0          0          0          0          0          0         30          0          0          0          0          0          0          0          0          0          0          0  IO-APIC  19-fasteoi   ehci_hcd:usb1
 21:          0          8         15         21         12     194351       8906        568          0       1559          5       1382        407          0          4          0          0          9          1          7        583      38265        652        141          8          5          7        454       2474          9        809          1  IO-APIC  21-fasteoi   qxl
 22:        294          0        535          0        140          2          0        135          5          2          2         97          1        365          2       1152          2        916          0          1          2          0          3          3          0        580          2          0        134          0          2         86  IO-APIC  22-fasteoi   virtio3, virtio4
 24:          0          0          0          0          0          0          0          0          0          0          0          0          0          0          0          0          0          0          0          0          0          0          0          0          0          0          0          0          0          0          0          0 PCI-MSIX-0000:00:02.0   0-edge      PCIe PME, aerdrv, PCIe bwctrl
 25:          0          0          0          0          0          0          0          0          0          0          0          0          0          0          0          0          0          0          0          0          0          0          0          0          0          0          0          0          0          0          0          0 PCI-MSIX-0000:00:02.1   0-edge      PCIe PME, aerdrv, PCIe bwctrl
 26:          0          0          0          0          0          0          0          0          0          0          0          0          0          0          0          0          0          0          0          0          0          0          0          0          0          0          0          0          0          0          0          0 PCI-MSIX-0000:00:02.2   0-edge      PCIe PME, aerdrv, PCIe bwctrl
 27:          0          0          0          0          0          0          0          0          0          0          0          0          0          0          0          0          0          0          0          0          0          0          0          0          0          0          0          0          0          0          0          0 PCI-MSIX-0000:00:02.3   0-edge      PCIe PME, aerdrv, PCIe bwctrl
 28:          0          0          0          0          0          0          0          0          0          0          0          0          0          0          0          0          0          0          0          0          0          0          0          0          0          0          0          0          0          0          0          0 PCI-MSIX-0000:00:02.4   0-edge      PCIe PME, aerdrv, PCIe bwctrl
 29:          0          0          0          0          0          0          0          0          0          0          0          0          0          0          0          0          0          0          0          0          0          0          0          0          0          0          0          0          0          0          0          0 PCI-MSIX-0000:00:02.5   0-edge      PCIe PME, aerdrv, PCIe bwctrl
 30:          0          0          0          0          0          0          0          0          0          0          0          0          0          0          0          0          0          0          0          0          0          0          0          0          0          0          0          0          0          0          0          0 PCI-MSIX-0000:00:02.6   0-edge      PCIe PME, aerdrv, PCIe bwctrl
 31:          0          0          0          0          0          0          0          0          0          0          0          0          0          0          0          0          0          0          0          0          0          0          0          0          0          0          0          0          0          0          0          0 PCI-MSIX-0000:00:02.7   0-edge      PCIe PME, aerdrv, PCIe bwctrl
 32:          0          0          0          0          0          0          0          0          0          0          0          0          0          0          0          0          0          0          0          0          0          0          0          0          0          0          0          0          0          0          0          0 PCI-MSIX-0000:00:03.0   0-edge      PCIe PME, aerdrv, PCIe bwctrl
 33:          0          0          0          0          0          0          0          0          0          0          0          0          0          0          0          0          0          0          0          0          0          0          0          0          0          0          0          0          0          0          0          0 PCI-MSIX-0000:00:03.1   0-edge      PCIe PME, aerdrv, PCIe bwctrl
 34:          0          0          0          0          0          0          0          0          0          0          0          0          0          0          0          0          0          0          0          0          0          0          0          0          0          0          0          0          0          0          0          0 PCI-MSIX-0000:00:03.2   0-edge      PCIe PME, aerdrv, PCIe bwctrl
 35:          0          0          0          0          0          0          0          0          0          0          0          0          0          0          0          0          0          0          0          0          0          0          0          0          0          0          0          0          0          0          0          0 PCI-MSIX-0000:00:03.3   0-edge      PCIe PME, aerdrv, PCIe bwctrl
 36:          0          0          0          0          0          0          0          0          0          0          0          0          0          0          0          0          0          0          0          0          0          0          0          0          0          0          0          0          0          0          0          0 PCI-MSIX-0000:00:03.4   0-edge      PCIe PME, aerdrv, PCIe bwctrl
 37:          0          0          0          0          0          0          0          0          0          0          0          0          0          0          0          0          0          0          0          0          0          0          0          0          0          0          0          0          0          0          0          0 PCI-MSIX-0000:00:03.5   0-edge      PCIe PME, aerdrv, PCIe bwctrl
 38:          0          0          0          0          0          0          0          0          0          0          0          0          0          0          0          0          0          0          0          0          0          0          0          0          0          0          0          0          0          0          0          0 PCI-MSIX-0000:00:03.6   0-edge      PCIe PME, aerdrv, PCIe bwctrl
 39:          0          0          0          0          0          0          0          0          0          0          0          0          0          0          0          0          0          0          0          0          0          0          0          0          0          0          0          0          0          0          0          0 PCI-MSIX-0000:00:03.7   0-edge      PCIe PME, aerdrv, PCIe bwctrl
 40:          0          0          0          0          0          0          0          0          0          0          0          0          0          0          0          0          0          0          0          0          0          0          0          0          0          0          0          0          0          0          0          0 PCI-MSIX-0000:02:00.0   0-edge      virtio1-config
 41:          0          0          0          0          0          0          0          0          0          0          0          0          0          0          0          0          0          0          0          3          0          0          0          0          0          0          0          0          0          0          0          0 PCI-MSIX-0000:02:00.0   1-edge      virtio1-virtqueues
 42:          0          0          0          0          0          0          0          0          0          0          0          0          0          0          0          0          0          0          0          0          0          0          0          0          0          0          0          0          0          0          0          0 PCI-MSIX-0000:03:00.0   0-edge      virtio2-config
 43:      67982          0          0          0          0          0          0          0          0          0          0          0          0          0          0          0          0          0          0          0          0          0          0          0          0          0          0          0          0          0          0          0 PCI-MSIX-0000:03:00.0   1-edge      virtio2-req.0
 44:          0     125517          0          0          0          0          0          0          0          0          0          0          0          0          0          0          0          0          0          0          0          0          0          0          0          0          0          0          0          0          0          0 PCI-MSIX-0000:03:00.0   2-edge      virtio2-req.1
 45:          0          0      98665          0          0          0          0          0          0          0          0          0          0          0          0          0          0          0          0          0          0          0          0          0          0          0          0          0          0          0          0          0 PCI-MSIX-0000:03:00.0   3-edge      virtio2-req.2
 46:          0          0          0     112276          0          0          0          0          0          0          0          0          0          0          0          0          0          0          0          0          0          0          0          0          0          0          0          0          0          0          0          0 PCI-MSIX-0000:03:00.0   4-edge      virtio2-req.3
 47:          0          0          0          0     151909          0          0          0          0          0          0          0          0          0          0          0          0          0          0          0          0          0          0          0          0          0          0          0          0          0          0          0 PCI-MSIX-0000:03:00.0   5-edge      virtio2-req.4
 48:          0          0          0          0          0      86765          0          0          0          0          0          0          0          0          0          0          0          0          0          0          0          0          0          0          0          0          0          0          0          0          0          0 PCI-MSIX-0000:03:00.0   6-edge      virtio2-req.5
 49:          0          0          0          0          0          0      75079          0          0          0          0          0          0          0          0          0          0          0          0          0          0          0          0          0          0          0          0          0          0          0          0          0 PCI-MSIX-0000:03:00.0   7-edge      virtio2-req.6
 50:          0          0          0          0          0          0          0      78671          0          0          0          0          0          0          0          0          0          0          0          0          0          0          0          0          0          0          0          0          0          0          0          0 PCI-MSIX-0000:03:00.0   8-edge      virtio2-req.7
 51:          0          0          0          0          0          0          0          0      68717          0          0          0          0          0          0          0          0          0          0          0          0          0          0          0          0          0          0          0          0          0          0          0 PCI-MSIX-0000:03:00.0   9-edge      virtio2-req.8
 52:          0          0          0          0          0          0          0          0          0      77297          0          0          0          0          0          0          0          0          0          0          0          0          0          0          0          0          0          0          0          0          0          0 PCI-MSIX-0000:03:00.0  10-edge      virtio2-req.9
 53:          0          0          0          0          0          0          0          0          0          0      65653          0          0          0          0          0          0          0          0          0          0          0          0          0          0          0          0          0          0          0          0          0 PCI-MSIX-0000:03:00.0  11-edge      virtio2-req.10
 54:          0          0          0          0          0          0          0          0          0          0          0      66667          0          0          0          0          0          0          0          0          0          0          0          0          0          0          0          0          0          0          0          0 PCI-MSIX-0000:03:00.0  12-edge      virtio2-req.11
 55:          0          0          0          0          0          0          0          0          0          0          0          0      59136          0          0          0          0          0          0          0          0          0          0          0          0          0          0          0          0          0          0          0 PCI-MSIX-0000:03:00.0  13-edge      virtio2-req.12
 56:          0          0          0          0          0          0          0          0          0          0          0          0          0          0          0          0          0          0          0          0          0          0          0          0          0          0          0          0          0          0          0          0 PCI-MSIX-0000:01:00.0   0-edge      virtio0-config
 57:          0          0          0          0          0          0          0          0          0          0          0          0          0      64237          0          0          0          0          0          0          0          0          0          0          0          0          0          0          0          0          0          0 PCI-MSIX-0000:03:00.0  14-edge      virtio2-req.13
 58:          0       1158       3377       1519       2050        996          0        440       4745    2731964          0          0       3075       1031        900        133        779        109    4755254          0         87        136       2332        211        116       1172          0       3978       1190        822       1209          0 PCI-MSIX-0000:01:00.0   1-edge      virtio0-input.0
 59:          0          0          0          0          0          0          0          0          0          0          0          0          0          0      70111          0          0          0          0          0          0          0          0          0          0          0          0          0          0          0          0          0 PCI-MSIX-0000:03:00.0  15-edge      virtio2-req.14
 60:          0          0         56         39         25         29         43     128946          0       3242        977      40648       1025          0          0         32         31          0          0          0         13      25708        978         52          0       3439          4          0      10963         11         46          0 PCI-MSIX-0000:01:00.0   2-edge      virtio0-output.0
 61:          0          0          0          0          0          0          0          0          0          0          0          0          0          0          0      61553          0          0          0          0          0          0          0          0          0          0          0          0          0          0          0          0 PCI-MSIX-0000:03:00.0  16-edge      virtio2-req.15
 62:          0          0          0          0          0          0          0          0          0          0          0          0          0          0          0          0      66554          0          0          0          0          0          0          0          0          0          0          0          0          0          0          0 PCI-MSIX-0000:03:00.0  17-edge      virtio2-req.16
 63:          0          0          0          0          0          0          0          0          0          0          0          0          0          0          0          0          0      66061          0          0          0          0          0          0          0          0          0          0          0          0          0          0 PCI-MSIX-0000:03:00.0  18-edge      virtio2-req.17
 64:          0          0          0          0          0          0          0          0          0          0          0          0          0          0          0          0          0          0      61369          0          0          0          0          0          0          0          0          0          0          0          0          0 PCI-MSIX-0000:03:00.0  19-edge      virtio2-req.18
 65:          0          0          0          0          0          0          0          0          0          0          0          0          0          0          0          0          0          0          0      61446          0          0          0          0          0          0          0          0          0          0          0          0 PCI-MSIX-0000:03:00.0  20-edge      virtio2-req.19
 66:          0          0          0          0          0          0          0          0          0          0          0          0          0          0          0          0          0          0          0          0      51711          0          0          0          0          0          0          0          0          0          0          0 PCI-MSIX-0000:03:00.0  21-edge      virtio2-req.20
 67:          0          0          0          0          0          0          0          0          0          0          0          0          0          0          0          0          0          0          0          0          0      66879          0          0          0          0          0          0          0          0          0          0 PCI-MSIX-0000:03:00.0  22-edge      virtio2-req.21
 68:          0          0          0          0          0          0          0          0          0          0          0          0          0          0          0          0          0          0          0          0          0          0      80546          0          0          0          0          0          0          0          0          0 PCI-MSIX-0000:03:00.0  23-edge      virtio2-req.22
 69:          0          0          0          0          0          0          0          0          0          0          0          0          0          0          0          0          0          0          0          0          0          0          0      60775          0          0          0          0          0          0          0          0 PCI-MSIX-0000:03:00.0  24-edge      virtio2-req.23
 70:          0          0          0          0          0          0          0          0          0          0          0          0          0          0          0          0          0          0          0          0          0          0          0          0      52622          0          0          0          0          0          0          0 PCI-MSIX-0000:03:00.0  25-edge      virtio2-req.24
 71:          0          0          0          0          0          0          0          0          0          0          0          0          0          0          0          0          0          0          0          0          0          0          0          0          0      71912          0          0          0          0          0          0 PCI-MSIX-0000:03:00.0  26-edge      virtio2-req.25
 72:          0          0          0          0          0          0          0          0          0          0          0          0          0          0          0          0          0          0          0          0          0          0          0          0          0          0      68321          0          0          0          0          0 PCI-MSIX-0000:03:00.0  27-edge      virtio2-req.26
 73:          0          0          0          0          0          0          0          0          0          0          0          0          0          0          0          0          0          0          0          0          0          0          0          0          0          0          0      45916          0          0          0          0 PCI-MSIX-0000:03:00.0  28-edge      virtio2-req.27
 74:          0          0          0          0          0          0          0          0          0          0          0          0          0          0          0          0          0          0          0          0          0          0          0          0          0          0          0          0      56977          0          0          0 PCI-MSIX-0000:03:00.0  29-edge      virtio2-req.28
 75:          0          0          0          0          0          0          0          0          0          0          0          0          0          0          0          0          0          0          0          0          0          0          0          0          0          0          0          0          0      60599          0          0 PCI-MSIX-0000:03:00.0  30-edge      virtio2-req.29
 76:          0          0          0          0          0          0          0          0          0          0          0          0          0          0          0          0          0          0          0          0          0          0          0          0          0          0          0          0          0          0      63596          0 PCI-MSIX-0000:03:00.0  31-edge      virtio2-req.30
 77:          0          0          0          0          0          0          0          0          0          0          0          0          0          0          0          0          0          0          0          0          0          0          0          0          0          0          0          0          0          0          0      61247 PCI-MSIX-0000:03:00.0  32-edge      virtio2-req.31
 78:          0          0          0          0          0          0          0          0          0          0          0          0          0          0          0          0          0          0          0          0          0          0          0          0          0          0          0          0          0          0          0          0 PCI-MSIX-0000:06:00.0   0-edge      virtio5-config
 79:          0         14         29         33        126         19         15      87271         53      14956         49     146250         65          0          1          1          0         24          9         33          0      40797       1488         28          0          0          0         24      18034         44         37         17 PCI-MSIX-0000:06:00.0   1-edge      virtio5-input.0
 80:          0         37         67          5          0          7         14       1247          0      15869         45      70212         13        156          6         10         13          9         12          0          1      77252       3804          0          0          0          6          4      20281          0        394          0 PCI-MSIX-0000:06:00.0   2-edge      virtio5-output.0
 81:          0          0          0          0          0          0          0          0          0          0          0          0          0          0          0          0          0          0          0          0          0          0          0          0          0          0          0          0          0          0          0          0 PCI-MSIX-0000:09:00.0   0-edge      virtio6-config
 82:          0          0          0          0          0          0          0          0          0          0          0          0          0          0          0          0          0          0          0          0          0          0          0          0          0          0          0          0          0          0          0          0 PCI-MSIX-0000:09:00.0   1-edge      virtio6-req.0
 83:          0         36          0          0          0          0          0          0          0          0          0          0          0          0          0          0          0          0          0          0          0          0          0          0          0          0          0          0          0          0          0          0 PCI-MSIX-0000:09:00.0   2-edge      virtio6-req.1
 84:          0          0          0          0          0          0          0          0          0          0          0          0          0          0          0          0          0          0          0          0          0          0          0          0          0          0          0          0          0          0          0          0 PCI-MSIX-0000:09:00.0   3-edge      virtio6-req.2
 85:          0          0          0          0          0          0          0          0          0          0          0          0          0          0          0          0          0          0          0          0          0          0          0          0          0          0          0          0          0          0          0          0 PCI-MSIX-0000:09:00.0   4-edge      virtio6-req.3
 86:          0          0          0          0         97          0          0          0          0          0          0          0          0          0          0          0          0          0          0          0          0          0          0          0          0          0          0          0          0          0          0          0 PCI-MSIX-0000:09:00.0   5-edge      virtio6-req.4
 87:          0          0          0          0          0          0          0          0          0          0          0          0          0          0          0          0          0          0          0          0          0          0          0          0          0          0          0          0          0          0          0          0 PCI-MSIX-0000:09:00.0   6-edge      virtio6-req.5
 88:          0          0          0          0          0          0          3          0          0          0          0          0          0          0          0          0          0          0          0          0          0          0          0          0          0          0          0          0          0          0          0          0 PCI-MSIX-0000:09:00.0   7-edge      virtio6-req.6
 89:          0          0          0          0          0          0          0          0          0          0          0          0          0          0          0          0          0          0          0          0          0          0          0          0          0          0          0          0          0          0          0          0 PCI-MSIX-0000:09:00.0   8-edge      virtio6-req.7
 90:          0          0          0          0          0          0          0          0          0          0          0          0          0          0          0          0          0          0          0          0          0          0          0          0          0          0          0          0          0          0          0          0 PCI-MSIX-0000:09:00.0   9-edge      virtio6-req.8
 91:          0          0          0          0          0          0          0          0          0          0          0          0          0          0          0          0          0          0          0          0          0          0          0          0          0          0          0          0          0          0          0          0 PCI-MSIX-0000:09:00.0  10-edge      virtio6-req.9
 92:          0          0          0          0          0          0          0          0          0          0          0          0          0          0          0          0          0          0          0          0          0          0          0          0          0          0          0          0          0          0          0          0 PCI-MSIX-0000:09:00.0  11-edge      virtio6-req.10
 93:          0          0          0          0          0          0          0          0          0          0          0          2          0          0          0          0          0          0          0          0          0          0          0          0          0          0          0          0          0          0          0          0 PCI-MSIX-0000:09:00.0  12-edge      virtio6-req.11
 94:          0          0          0          0          0          0          0          0          0          0          0          0        131          0          0          0          0          0          0          0          0          0          0          0          0          0          0          0          0          0          0          0 PCI-MSIX-0000:09:00.0  13-edge      virtio6-req.12
 95:          0          0          0          0          0          0          0          0          0          0          0          0          0         34          0          0          0          0          0          0          0          0          0          0          0          0          0          0          0          0          0          0 PCI-MSIX-0000:09:00.0  14-edge      virtio6-req.13
 96:          0          0          0          0          0          0          0          0          0          0          0          0          0          0          0          0          0          0          0          0          0          0          0          0          0          0          0          0          0          0          0          0 PCI-MSIX-0000:09:00.0  15-edge      virtio6-req.14
 97:          0          0          0          0          0          0          0          0          0          0          0          0          0          0          0          0          0          0          0          0          0          0          0          0          0          0          0          0          0          0          0          0 PCI-MSIX-0000:09:00.0  16-edge      virtio6-req.15
 98:          0          0          0          0          0          0          0          0          0          0          0          0          0          0          0          0          1          0          0          0          0          0          0          0          0          0          0          0          0          0          0          0 PCI-MSIX-0000:09:00.0  17-edge      virtio6-req.16
 99:          0          0          0          0          0          0          0          0          0          0          0          0          0          0          0          0          0          4          0          0          0          0          0          0          0          0          0          0          0          0          0          0 PCI-MSIX-0000:09:00.0  18-edge      virtio6-req.17
100:          0          0          0          0          0          0          0          0          0          0          0          0          0          0          0          0          0          0         36          0          0          0          0          0          0          0          0          0          0          0          0          0 PCI-MSIX-0000:09:00.0  19-edge      virtio6-req.18
101:          0          0          0          0          0          0          0          0          0          0          0          0          0          0          0          0          0          0          0          0          0          0          0          0          0          0          0          0          0          0          0          0 PCI-MSIX-0000:09:00.0  20-edge      virtio6-req.19
102:          0          0          0          0          0          0          0          0          0          0          0          0          0          0          0          0          0          0          0          0          0          0          0          0          0          0          0          0          0          0          0          0 PCI-MSIX-0000:09:00.0  21-edge      virtio6-req.20
103:          0          0          0          0          0          0          0          0          0          0          0          0          0          0          0          0          0          0          0          0          0          0          0          0          0          0          0          0          0          0          0          0 PCI-MSIX-0000:09:00.0  22-edge      virtio6-req.21
104:          0          0          0          0          0          0          0          0          0          0          0          0          0          0          0          0          0          0          0          0          0          0          0          0          0          0          0          0          0          0          0          0 PCI-MSIX-0000:09:00.0  23-edge      virtio6-req.22
105:          0          0          0          0          0          0          0          0          0          0          0          0          0          0          0          0          0          0          0          0          0          0          0          0          0          0          0          0          0          0          0          0 PCI-MSIX-0000:09:00.0  24-edge      virtio6-req.23
106:          0          0          0          0          0          0          0          0          0          0          0          0          0          0          0          0          0          0          0          0          0          0          0          0          0          0          0          0          0          0          0          0 PCI-MSIX-0000:09:00.0  25-edge      virtio6-req.24
107:          0          0          0          0          0          0          0          0          0          0          0          0          0          0          0          0          0          0          0          0          0          0          0          0          0         35          0          0          0          0          0          0 PCI-MSIX-0000:09:00.0  26-edge      virtio6-req.25
108:          0          0          0          0          0          0          0          0          0          0          0          0          0          0          0          0          0          0          0          0          0          0          0          0          0          0          0          0          0          0          0          0 PCI-MSIX-0000:09:00.0  27-edge      virtio6-req.26
109:          0          0          0          0          0          0          0          0          0          0          0          0          0          0          0          0          0          0          0          0          0          0          0          0          0          0          0          2          0          0          0          0 PCI-MSIX-0000:09:00.0  28-edge      virtio6-req.27
110:          0          0          0          0          0          0          0          0          0          0          0          0          0          0          0          0          0          0          0          0          0          0          0          0          0          0          0          0          2          0          0          0 PCI-MSIX-0000:09:00.0  29-edge      virtio6-req.28
111:          0          0          0          0          0          0          0          0          0          0          0          0          0          0          0          0          0          0          0          0          0          0          0          0          0          0          0          0          0          2          0          0 PCI-MSIX-0000:09:00.0  30-edge      virtio6-req.29
112:          0          0          0          0          0          0          0          0          0          0          0          0          0          0          0          0          0          0          0          0          0          0          0          0          0          0          0          0          0          0          0          0 PCI-MSIX-0000:09:00.0  31-edge      virtio6-req.30
113:          0          0          0          0          0          0          0          0          0          0          0          0          0          0          0          0          0          0          0          0          0          0          0          0          0          0          0          0          0          0          0          0 PCI-MSIX-0000:09:00.0  32-edge      virtio6-req.31
114:          0          0          0          0          0          0          0          0          0          0          0          0          0          0          0          0          0          0          0          0          0          0          0          0          0          0          0          0          0          0          0          0 PCI-MSIX-0000:0a:00.0   0-edge      virtio7-config
115:      12361          0          0          0          0          0          0          0          0          0          0          0          0          0          0          0          0          0          0          0          0          0          0          0          0          0          0          0          0          0          0          0 PCI-MSIX-0000:0a:00.0   1-edge      virtio7-req.0
116:          0      17206          0          0          0          0          0          0          0          0          0          0          0          0          0          0          0          0          0          0          0          0          0          0          0          0          0          0          0          0          0          0 PCI-MSIX-0000:0a:00.0   2-edge      virtio7-req.1
117:          0          0      15524          0          0          0          0          0          0          0          0          0          0          0          0          0          0          0          0          0          0          0          0          0          0          0          0          0          0          0          0          0 PCI-MSIX-0000:0a:00.0   3-edge      virtio7-req.2
118:          0          0          0      13650          0          0          0          0          0          0          0          0          0          0          0          0          0          0          0          0          0          0          0          0          0          0          0          0          0          0          0          0 PCI-MSIX-0000:0a:00.0   4-edge      virtio7-req.3
119:          0          0          0          0      17185          0          0          0          0          0          0          0          0          0          0          0          0          0          0          0          0          0          0          0          0          0          0          0          0          0          0          0 PCI-MSIX-0000:0a:00.0   5-edge      virtio7-req.4
120:          0          0          0          0          0      12092          0          0          0          0          0          0          0          0          0          0          0          0          0          0          0          0          0          0          0          0          0          0          0          0          0          0 PCI-MSIX-0000:0a:00.0   6-edge      virtio7-req.5
121:          0          0          0          0          0          0      13320          0          0          0          0          0          0          0          0          0          0          0          0          0          0          0          0          0          0          0          0          0          0          0          0          0 PCI-MSIX-0000:0a:00.0   7-edge      virtio7-req.6
122:          0          0          0          0          0          0          0      12693          0          0          0          0          0          0          0          0          0          0          0          0          0          0          0          0          0          0          0          0          0          0          0          0 PCI-MSIX-0000:0a:00.0   8-edge      virtio7-req.7
123:          0          0          0          0          0          0          0          0      14418          0          0          0          0          0          0          0          0          0          0          0          0          0          0          0          0          0          0          0          0          0          0          0 PCI-MSIX-0000:0a:00.0   9-edge      virtio7-req.8
124:          0          0          0          0          0          0          0          0          0      17842          0          0          0          0          0          0          0          0          0          0          0          0          0          0          0          0          0          0          0          0          0          0 PCI-MSIX-0000:0a:00.0  10-edge      virtio7-req.9
125:          0          0          0          0          0          0          0          0          0          0      15135          0          0          0          0          0          0          0          0          0          0          0          0          0          0          0          0          0          0          0          0          0 PCI-MSIX-0000:0a:00.0  11-edge      virtio7-req.10
126:          0          0          0          0          0          0          0          0          0          0          0      32465          0          0          0          0          0          0          0          0          0          0          0          0          0          0          0          0          0          0          0          0 PCI-MSIX-0000:0a:00.0  12-edge      virtio7-req.11
127:          0          0          0          0          0          0          0          0          0          0          0          0      12571          0          0          0          0          0          0          0          0          0          0          0          0          0          0          0          0          0          0          0 PCI-MSIX-0000:0a:00.0  13-edge      virtio7-req.12
128:          0          0          0          0          0          0          0          0          0          0          0          0          0      12151          0          0          0          0          0          0          0          0          0          0          0          0          0          0          0          0          0          0 PCI-MSIX-0000:0a:00.0  14-edge      virtio7-req.13
129:          0          0          0          0          0          0          0          0          0          0          0          0          0          0      14411          0          0          0          0          0          0          0          0          0          0          0          0          0          0          0          0          0 PCI-MSIX-0000:0a:00.0  15-edge      virtio7-req.14
130:          0          0          0          0          0          0          0          0          0          0          0          0          0          0          0      13503          0          0          0          0          0          0          0          0          0          0          0          0          0          0          0          0 PCI-MSIX-0000:0a:00.0  16-edge      virtio7-req.15
131:          0          0          0          0          0          0          0          0          0          0          0          0          0          0          0          0      15712          0          0          0          0          0          0          0          0          0          0          0          0          0          0          0 PCI-MSIX-0000:0a:00.0  17-edge      virtio7-req.16
132:          0          0          0          0          0          0          0          0          0          0          0          0          0          0          0          0          0      12962          0          0          0          0          0          0          0          0          0          0          0          0          0          0 PCI-MSIX-0000:0a:00.0  18-edge      virtio7-req.17
133:          0          0          0          0          0          0          0          0          0          0          0          0          0          0          0          0          0          0      13378          0          0          0          0          0          0          0          0          0          0          0          0          0 PCI-MSIX-0000:0a:00.0  19-edge      virtio7-req.18
134:          0          0          0          0          0          0          0          0          0          0          0          0          0          0          0          0          0          0          0      12491          0          0          0          0          0          0          0          0          0          0          0          0 PCI-MSIX-0000:0a:00.0  20-edge      virtio7-req.19
135:          0          0          0          0          0          0          0          0          0          0          0          0          0          0          0          0          0          0          0          0      13019          0          0          0          0          0          0          0          0          0          0          0 PCI-MSIX-0000:0a:00.0  21-edge      virtio7-req.20
136:          0          0          0          0          0          0          0          0          0          0          0          0          0          0          0          0          0          0          0          0          0      13330          0          0          0          0          0          0          0          0          0          0 PCI-MSIX-0000:0a:00.0  22-edge      virtio7-req.21
137:          0          0          0          0          0          0          0          0          0          0          0          0          0          0          0          0          0          0          0          0          0          0      15822          0          0          0          0          0          0          0          0          0 PCI-MSIX-0000:0a:00.0  23-edge      virtio7-req.22
138:          0          0          0          0          0          0          0          0          0          0          0          0          0          0          0          0          0          0          0          0          0          0          0      32016          0          0          0          0          0          0          0          0 PCI-MSIX-0000:0a:00.0  24-edge      virtio7-req.23
139:          0          0          0          0          0          0          0          0          0          0          0          0          0          0          0          0          0          0          0          0          0          0          0          0      13197          0          0          0          0          0          0          0 PCI-MSIX-0000:0a:00.0  25-edge      virtio7-req.24
140:          0          0          0          0          0          0          0          0          0          0          0          0          0          0          0          0          0          0          0          0          0          0          0          0          0      12676          0          0          0          0          0          0 PCI-MSIX-0000:0a:00.0  26-edge      virtio7-req.25
141:          0          0          0          0          0          0          0          0          0          0          0          0          0          0          0          0          0          0          0          0          0          0          0          0          0          0      12557          0          0          0          0          0 PCI-MSIX-0000:0a:00.0  27-edge      virtio7-req.26
142:          0          0          0          0          0          0          0          0          0          0          0          0          0          0          0          0          0          0          0          0          0          0          0          0          0          0          0      12406          0          0          0          0 PCI-MSIX-0000:0a:00.0  28-edge      virtio7-req.27
143:          0          0          0          0          0          0          0          0          0          0          0          0          0          0          0          0          0          0          0          0          0          0          0          0          0          0          0          0      14589          0          0          0 PCI-MSIX-0000:0a:00.0  29-edge      virtio7-req.28
144:          0          0          0          0          0          0          0          0          0          0          0          0          0          0          0          0          0          0          0          0          0          0          0          0          0          0          0          0          0      13387          0          0 PCI-MSIX-0000:0a:00.0  30-edge      virtio7-req.29
145:          0          0          0          0          0          0          0          0          0          0          0          0          0          0          0          0          0          0          0          0          0          0          0          0          0          0          0          0          0          0      12307          0 PCI-MSIX-0000:0a:00.0  31-edge      virtio7-req.30
146:          0          0          0          0          0          0          0          0          0          0          0          0          0          0          0          0          0          0          0          0          0          0          0          0          0          0          0          0          0          0          0      15827 PCI-MSIX-0000:0a:00.0  32-edge      virtio7-req.31
147:          0          0          0          0          0          0          0          0          0          0          0          0          0          0          0          0          0          0          0          0          0          0          0          0          0          0          0          0          0          0          0          0 PCI-MSIX-0000:0b:00.0   0-edge      virtio8-config
148:          0          0          0          0          0          0          0          0          0          0          0          0          0          0          0          0          0          0          0          0          0          0          0          0          0          0          0          0          0          0          0          0 PCI-MSIX-0000:0b:00.0   1-edge      virtio8-req.0
149:          0          0          0          0          0          0          0          0          0          0          0          0          0          0          0          0          0          0          0          0          0          0          0          0          0          0          0          0          0          0          0          0 PCI-MSIX-0000:0b:00.0   2-edge      virtio8-req.1
150:          0          0          0          0          0          0          0          0          0          0          0          0          0          0          0          0          0          0          0          0          0          0          0          0          0          0          0          0          0          0          0          0 PCI-MSIX-0000:0b:00.0   3-edge      virtio8-req.2
151:          0          0          0          0          0          0          0          0          0          0          0          0          0          0          0          0          0          0          0          0          0          0          0          0          0          0          0          0          0          0          0          0 PCI-MSIX-0000:0b:00.0   4-edge      virtio8-req.3
152:          0          0          0          0          3          0          0          0          0          0          0          0          0          0          0          0          0          0          0          0          0          0          0          0          0          0          0          0          0          0          0          0 PCI-MSIX-0000:0b:00.0   5-edge      virtio8-req.4
153:          0          0          0          0          0          0          0          0          0          0          0          0          0          0          0          0          0          0          0          0          0          0          0          0          0          0          0          0          0          0          0          0 PCI-MSIX-0000:0b:00.0   6-edge      virtio8-req.5
154:          0          0          0          0          0          0          0          0          0          0          0          0          0          0          0          0          0          0          0          0          0          0          0          0          0          0          0          0          0          0          0          0 PCI-MSIX-0000:0b:00.0   7-edge      virtio8-req.6
155:          0          0          0          0          0          0          0          0          0          0          0          0          0          0          0          0          0          0          0          0          0          0          0          0          0          0          0          0          0          0          0          0 PCI-MSIX-0000:0b:00.0   8-edge      virtio8-req.7
156:          0          0          0          0          0          0          0          0          0          0          0          0          0          0          0          0          0          0          0          0          0          0          0          0          0          0          0          0          0          0          0          0 PCI-MSIX-0000:0b:00.0   9-edge      virtio8-req.8
157:          0          0          0          0          0          0          0          0          0          2          0          0          0          0          0          0          0          0          0          0          0          0          0          0          0          0          0          0          0          0          0          0 PCI-MSIX-0000:0b:00.0  10-edge      virtio8-req.9
158:          0          0          0          0          0          0          0          0          0          0         39          0          0          0          0          0          0          0          0          0          0          0          0          0          0          0          0          0          0          0          0          0 PCI-MSIX-0000:0b:00.0  11-edge      virtio8-req.10
159:          0          0          0          0          0          0          0          0          0          0          0          2          0          0          0          0          0          0          0          0          0          0          0          0          0          0          0          0          0          0          0          0 PCI-MSIX-0000:0b:00.0  12-edge      virtio8-req.11
160:          0          0          0          0          0          0          0          0          0          0          0          0          2          0          0          0          0          0          0          0          0          0          0          0          0          0          0          0          0          0          0          0 PCI-MSIX-0000:0b:00.0  13-edge      virtio8-req.12
161:          0          0          0          0          0          0          0          0          0          0          0          0          0         34          0          0          0          0          0          0          0          0          0          0          0          0          0          0          0          0          0          0 PCI-MSIX-0000:0b:00.0  14-edge      virtio8-req.13
162:          0          0          0          0          0          0          0          0          0          0          0          0          0          0          0          0          0          0          0          0          0          0          0          0          0          0          0          0          0          0          0          0 PCI-MSIX-0000:0b:00.0  15-edge      virtio8-req.14
163:          0          0          0          0          0          0          0          0          0          0          0          0          0          0          0          0          0          0          0          0          0          0          0          0          0          0          0          0          0          0          0          0 PCI-MSIX-0000:0b:00.0  16-edge      virtio8-req.15
164:          0          0          0          0          0          0          0          0          0          0          0          0          0          0          0          0          3          0          0          0          0          0          0          0          0          0          0          0          0          0          0          0 PCI-MSIX-0000:0b:00.0  17-edge      virtio8-req.16
165:          0          0          0          0          0          0          0          0          0          0          0          0          0          0          0          0          0          6          0          0          0          0          0          0          0          0          0          0          0          0          0          0 PCI-MSIX-0000:0b:00.0  18-edge      virtio8-req.17
166:          0          0          0          0          0          0          0          0          0          0          0          0          0          0          0          0          0          0          0          0          0          0          0          0          0          0          0          0          0          0          0          0 PCI-MSIX-0000:0b:00.0  19-edge      virtio8-req.18
167:          0          0          0          0          0          0          0          0          0          0          0          0          0          0          0          0          0          0          0          0          0          0          0          0          0          0          0          0          0          0          0          0 PCI-MSIX-0000:0b:00.0  20-edge      virtio8-req.19
168:          0          0          0          0          0          0          0          0          0          0          0          0          0          0          0          0          0          0          0          0          0          0          0          0          0          0          0          0          0          0          0          0 PCI-MSIX-0000:0b:00.0  21-edge      virtio8-req.20
169:          0          0          0          0          0          0          0          0          0          0          0          0          0          0          0          0          0          0          0          0          0          0          0          0          0          0          0          0          0          0          0          0 PCI-MSIX-0000:0b:00.0  22-edge      virtio8-req.21
170:          0          0          0          0          0          0          0          0          0          0          0          0          0          0          0          0          0          0          0          0          0          0          0          0          0          0          0          0          0          0          0          0 PCI-MSIX-0000:0b:00.0  23-edge      virtio8-req.22
171:          0          0          0          0          0          0          0          0          0          0          0          0          0          0          0          0          0          0          0          0          0          0          0          0          0          0          0          0          0          0          0          0 PCI-MSIX-0000:0b:00.0  24-edge      virtio8-req.23
172:          0          0          0          0          0          0          0          0          0          0          0          0          0          0          0          0          0          0          0          0          0          0          0          0          0          0          0          0          0          0          0          0 PCI-MSIX-0000:0b:00.0  25-edge      virtio8-req.24
173:          0          0          0          0          0          0          0          0          0          0          0          0          0          0          0          0          0          0          0          0          0          0          0          0          0         78          0          0          0          0          0          0 PCI-MSIX-0000:0b:00.0  26-edge      virtio8-req.25
174:          0          0          0          0          0          0          0          0          0          0          0          0          0          0          0          0          0          0          0          0          0          0          0          0          0          0          0          0          0          0          0          0 PCI-MSIX-0000:0b:00.0  27-edge      virtio8-req.26
175:          0          0          0          0          0          0          0          0          0          0          0          0          0          0          0          0          0          0          0          0          0          0          0          0          0          0          0          2          0          0          0          0 PCI-MSIX-0000:0b:00.0  28-edge      virtio8-req.27
176:          0          0          0          0          0          0          0          0          0          0          0          0          0          0          0          0          0          0          0          0          0          0          0          0          0          0          0          0          2          0          0          0 PCI-MSIX-0000:0b:00.0  29-edge      virtio8-req.28
177:          0          0          0          0          0          0          0          0          0          0          0          0          0          0          0          0          0          0          0          0          0          0          0          0          0          0          0          0          0          2          0          0 PCI-MSIX-0000:0b:00.0  30-edge      virtio8-req.29
178:          0          0          0          0          0          0          0          0          0          0          0          0          0          0          0          0          0          0          0          0          0          0          0          0          0          0          0          0          0          0          2          0 PCI-MSIX-0000:0b:00.0  31-edge      virtio8-req.30
179:          0          0          0          0          0          0          0          0          0          0          0          0          0          0          0          0          0          0          0          0          0          0          0          0          0          0          0          0          0          0          0          0 PCI-MSIX-0000:0b:00.0  32-edge      virtio8-req.31
180:          0          0          0          0          0          0          0          0          0          0          0          0          0          0          0          0          0          0          0          0          0          0          0          0          0          0          0          0          0          0          0          0 PCI-MSIX-0000:0c:00.0   0-edge      virtio9-config
181:          0          0          0          0          0          0          0          0          0          0          0          0          0          0          0          0          0          0          0          0          0          0          0          0          0          0          0          0          0          0          0          0 PCI-MSIX-0000:0c:00.0   1-edge      virtio9-req.0
182:          0          0          0          0          0          0          0          0          0          0          0          0          0          0          0          0          0          0          0          0          0          0          0          0          0          0          0          0          0          0          0          0 PCI-MSIX-0000:0c:00.0   2-edge      virtio9-req.1
183:          0          0          0          0          0          0          0          0          0          0          0          0          0          0          0          0          0          0          0          0          0          0          0          0          0          0          0          0          0          0          0          0 PCI-MSIX-0000:0c:00.0   3-edge      virtio9-req.2
184:          0          0          0          3          0          0          0          0          0          0          0          0          0          0          0          0          0          0          0          0          0          0          0          0          0          0          0          0          0          0          0          0 PCI-MSIX-0000:0c:00.0   4-edge      virtio9-req.3
185:          0          0          0          0          0          0          0          0          0          0          0          0          0          0          0          0          0          0          0          0          0          0          0          0          0          0          0          0          0          0          0          0 PCI-MSIX-0000:0c:00.0   5-edge      virtio9-req.4
186:          0          0          0          0          0          0          0          0          0          0          0          0          0          0          0          0          0          0          0          0          0          0          0          0          0          0          0          0          0          0          0          0 PCI-MSIX-0000:0c:00.0   6-edge      virtio9-req.5
187:          0          0          0          0          0          0         37          0          0          0          0          0          0          0          0          0          0          0          0          0          0          0          0          0          0          0          0          0          0          0          0          0 PCI-MSIX-0000:0c:00.0   7-edge      virtio9-req.6
188:          0          0          0          0          0          0          0          0          0          0          0          0          0          0          0          0          0          0          0          0          0          0          0          0          0          0          0          0          0          0          0          0 PCI-MSIX-0000:0c:00.0   8-edge      virtio9-req.7
189:          0          0          0          0          0          0          0          0          0          0          0          0          0          0          0          0          0          0          0          0          0          0          0          0          0          0          0          0          0          0          0          0 PCI-MSIX-0000:0c:00.0   9-edge      virtio9-req.8
190:          0          0          0          0          0          0          0          0          0          2          0          0          0          0          0          0          0          0          0          0          0          0          0          0          0          0          0          0          0          0          0          0 PCI-MSIX-0000:0c:00.0  10-edge      virtio9-req.9
191:          0          0          0          0          0          0          0          0          0          0          2          0          0          0          0          0          0          0          0          0          0          0          0          0          0          0          0          0          0          0          0          0 PCI-MSIX-0000:0c:00.0  11-edge      virtio9-req.10
192:          0          0          0          0          0          0          0          0          0          0          0          2          0          0          0          0          0          0          0          0          0          0          0          0          0          0          0          0          0          0          0          0 PCI-MSIX-0000:0c:00.0  12-edge      virtio9-req.11
193:          0          0          0          0          0          0          0          0          0          0          0          0          2          0          0          0          0          0          0          0          0          0          0          0          0          0          0          0          0          0          0          0 PCI-MSIX-0000:0c:00.0  13-edge      virtio9-req.12
194:          0          0          0          0          0          0          0          0          0          0          0          0          0         76          0          0          0          0          0          0          0          0          0          0          0          0          0          0          0          0          0          0 PCI-MSIX-0000:0c:00.0  14-edge      virtio9-req.13
195:          0          0          0          0          0          0          0          0          0          0          0          0          0          0          0          0          0          0          0          0          0          0          0          0          0          0          0          0          0          0          0          0 PCI-MSIX-0000:0c:00.0  15-edge      virtio9-req.14
196:          0          0          0          0          0          0          0          0          0          0          0          0          0          0          0          0          0          0          0          0          0          0          0          0          0          0          0          0          0          0          0          0 PCI-MSIX-0000:0c:00.0  16-edge      virtio9-req.15
197:          0          0          0          0          0          0          0          0          0          0          0          0          0          0          0          0         44          0          0          0          0          0          0          0          0          0          0          0          0          0          0          0 PCI-MSIX-0000:0c:00.0  17-edge      virtio9-req.16
198:          0          0          0          0          0          0          0          0          0          0          0          0          0          0          0          0          0          6          0          0          0          0          0          0          0          0          0          0          0          0          0          0 PCI-MSIX-0000:0c:00.0  18-edge      virtio9-req.17
199:          0          0          0          0          0          0          0          0          0          0          0          0          0          0          0          0          0          0          0          0          0          0          0          0          0          0          0          0          0          0          0          0 PCI-MSIX-0000:0c:00.0  19-edge      virtio9-req.18
200:          0          0          0          0          0          0          0          0          0          0          0          0          0          0          0          0          0          0          0          0          0          0          0          0          0          0          0          0          0          0          0          0 PCI-MSIX-0000:0c:00.0  20-edge      virtio9-req.19
201:          0          0          0          0          0          0          0          0          0          0          0          0          0          0          0          0          0          0          0          0          0          0          0          0          0          0          0          0          0          0          0          0 PCI-MSIX-0000:0c:00.0  21-edge      virtio9-req.20
202:          0          0          0          0          0          0          0          0          0          0          0          0          0          0          0          0          0          0          0          0          0          0          0          0          0          0          0          0          0          0          0          0 PCI-MSIX-0000:0c:00.0  22-edge      virtio9-req.21
203:          0          0          0          0          0          0          0          0          0          0          0          0          0          0          0          0          0          0          0          0          0          0          0          0          0          0          0          0          0          0          0          0 PCI-MSIX-0000:0c:00.0  23-edge      virtio9-req.22
204:          0          0          0          0          0          0          0          0          0          0          0          0          0          0          0          0          0          0          0          0          0          0          0          0          0          0          0          0          0          0          0          0 PCI-MSIX-0000:0c:00.0  24-edge      virtio9-req.23
205:          0          0          0          0          0          0          0          0          0          0          0          0          0          0          0          0          0          0          0          0          0          0          0          0          0          0          0          0          0          0          0          0 PCI-MSIX-0000:0c:00.0  25-edge      virtio9-req.24
206:          0          0          0          0          0          0          0          0          0          0          0          0          0          0          0          0          0          0          0          0          0          0          0          0          0          2          0          0          0          0          0          0 PCI-MSIX-0000:0c:00.0  26-edge      virtio9-req.25
207:          0          0          0          0          0          0          0          0          0          0          0          0          0          0          0          0          0          0          0          0          0          0          0          0          0          0          0          0          0          0          0          0 PCI-MSIX-0000:0c:00.0  27-edge      virtio9-req.26
208:          0          0          0          0          0          0          0          0          0          0          0          0          0          0          0          0          0          0          0          0          0          0          0          0          0          0          0          2          0          0          0          0 PCI-MSIX-0000:0c:00.0  28-edge      virtio9-req.27
209:          0          0          0          0          0          0          0          0          0          0          0          0          0          0          0          0          0          0          0          0          0          0          0          0          0          0          0          0          2          0          0          0 PCI-MSIX-0000:0c:00.0  29-edge      virtio9-req.28
210:          0          0          0          0          0          0          0          0          0          0          0          0          0          0          0          0          0          0          0          0          0          0          0          0          0          0          0          0          0          2          0          0 PCI-MSIX-0000:0c:00.0  30-edge      virtio9-req.29
211:          0          0          0          0          0          0          0          0          0          0          0          0          0          0          0          0          0          0          0          0          0          0          0          0          0          0          0          0          0          0          2          0 PCI-MSIX-0000:0c:00.0  31-edge      virtio9-req.30
212:          0          0          0          0          0          0          0          0          0          0          0          0          0          0          0          0          0          0          0          0          0          0          0          0          0          0          0          0          0          0          0          0 PCI-MSIX-0000:0c:00.0  32-edge      virtio9-req.31
213:          0          0          0          0          0          0          0          0          0          0          0          0          0          0          0          0          0          0          0          0          0          0          0          0          0          0          0          0          0          0          0          0 PCI-MSIX-0000:0d:00.0   0-edge      virtio10-config
214:          0          0          0          0          0          0          0          0          0          0          0          0          0          0          0          0          0          0          0          0          0          0          0          0          0          0          0          0          0          0          0          0 PCI-MSIX-0000:0d:00.0   1-edge      virtio10-req.0
215:          0          0          0          0          0          0          0          0          0          0          0          0          0          0          0          0          0          0          0          0          0          0          0          0          0          0          0          0          0          0          0          0 PCI-MSIX-0000:0d:00.0   2-edge      virtio10-req.1
216:          0          0          0          0          0          0          0          0          0          0          0          0          0          0          0          0          0          0          0          0          0          0          0          0          0          0          0          0          0          0          0          0 PCI-MSIX-0000:0d:00.0   3-edge      virtio10-req.2
217:          0          0          0         10          0          0          0          0          0          0          0          0          0          0          0          0          0          0          0          0          0          0          0          0          0          0          0          0          0          0          0          0 PCI-MSIX-0000:0d:00.0   4-edge      virtio10-req.3
218:          0          0          0          0          0          0          0          0          0          0          0          0          0          0          0          0          0          0          0          0          0          0          0          0          0          0          0          0          0          0          0          0 PCI-MSIX-0000:0d:00.0   5-edge      virtio10-req.4
219:          0          0          0          0          0          0          0          0          0          0          0          0          0          0          0          0          0          0          0          0          0          0          0          0          0          0          0          0          0          0          0          0 PCI-MSIX-0000:0d:00.0   6-edge      virtio10-req.5
220:          0          0          0          0          0          0         25          0          0          0          0          0          0          0          0          0          0          0          0          0          0          0          0          0          0          0          0          0          0          0          0          0 PCI-MSIX-0000:0d:00.0   7-edge      virtio10-req.6
221:          0          0          0          0          0          0          0          0          0          0          0          0          0          0          0          0          0          0          0          0          0          0          0          0          0          0          0          0          0          0          0          0 PCI-MSIX-0000:0d:00.0   8-edge      virtio10-req.7
222:          0          0          0          0          0          0          0          0          0          0          0          0          0          0          0          0          0          0          0          0          0          0          0          0          0          0          0          0          0          0          0          0 PCI-MSIX-0000:0d:00.0   9-edge      virtio10-req.8
223:          0          0          0          0          0          0          0          0          0         32          0          0          0          0          0          0          0          0          0          0          0          0          0          0          0          0          0          0          0          0          0          0 PCI-MSIX-0000:0d:00.0  10-edge      virtio10-req.9
224:          0          0          0          0          0          0          0          0          0          0          4          0          0          0          0          0          0          0          0          0          0          0          0          0          0          0          0          0          0          0          0          0 PCI-MSIX-0000:0d:00.0  11-edge      virtio10-req.10
225:          0          0          0          0          0          0          0          0          0          0          0          4          0          0          0          0          0          0          0          0          0          0          0          0          0          0          0          0          0          0          0          0 PCI-MSIX-0000:0d:00.0  12-edge      virtio10-req.11
226:          0          0          0          0          0          0          0          0          0          0          0          0          4          0          0          0          0          0          0          0          0          0          0          0          0          0          0          0          0          0          0          0 PCI-MSIX-0000:0d:00.0  13-edge      virtio10-req.12
227:          0          0          0          0          0          0          0          0          0          0          0          0          0         50          0          0          0          0          0          0          0          0          0          0          0          0          0          0          0          0          0          0 PCI-MSIX-0000:0d:00.0  14-edge      virtio10-req.13
228:          0          0          0          0          0          0          0          0          0          0          0          0          0          0          0          0          0          0          0          0          0          0          0          0          0          0          0          0          0          0          0          0 PCI-MSIX-0000:0d:00.0  15-edge      virtio10-req.14
229:          0          0          0          0          0          0          0          0          0          0          0          0          0          0          0          0          0          0          0          0          0          0          0          0          0          0          0          0          0          0          0          0 PCI-MSIX-0000:0d:00.0  16-edge      virtio10-req.15
230:          0          0          0          0          0          0          0          0          0          0          0          0          0          0          0          0          7          0          0          0          0          0          0          0          0          0          0          0          0          0          0          0 PCI-MSIX-0000:0d:00.0  17-edge      virtio10-req.16
231:          0          0          0          0          0          0          0          0          0          0          0          0          0          0          0          0          0         12          0          0          0          0          0          0          0          0          0          0          0          0          0          0 PCI-MSIX-0000:0d:00.0  18-edge      virtio10-req.17
232:          0          0          0          0          0          0          0          0          0          0          0          0          0          0          0          0          0          0          0          0          0          0          0          0          0          0          0          0          0          0          0          0 PCI-MSIX-0000:0d:00.0  19-edge      virtio10-req.18
233:          0          0          0          0          0          0          0          0          0          0          0          0          0          0          0          0          0          0          0         28          0          0          0          0          0          0          0          0          0          0          0          0 PCI-MSIX-0000:0d:00.0  20-edge      virtio10-req.19
234:          0          0          0          0          0          0          0          0          0          0          0          0          0          0          0          0          0          0          0          0          0          0          0          0          0          0          0          0          0          0          0          0 PCI-MSIX-0000:0d:00.0  21-edge      virtio10-req.20
235:          0          0          0          0          0          0          0          0          0          0          0          0          0          0          0          0          0          0          0          0          0          0          0          0          0          0          0          0          0          0          0          0 PCI-MSIX-0000:0d:00.0  22-edge      virtio10-req.21
236:          0          0          0          0          0          0          0          0          0          0          0          0          0          0          0          0          0          0          0          0          0          0         38          0          0          0          0          0          0          0          0          0 PCI-MSIX-0000:0d:00.0  23-edge      virtio10-req.22
237:          0          0          0          0          0          0          0          0          0          0          0          0          0          0          0          0          0          0          0          0          0          0          0          0          0          0          0          0          0          0          0          0 PCI-MSIX-0000:0d:00.0  24-edge      virtio10-req.23
238:          0          0          0          0          0          0          0          0          0          0          0          0          0          0          0          0          0          0          0          0          0          0          0          0          0          0          0          0          0          0          0          0 PCI-MSIX-0000:0d:00.0  25-edge      virtio10-req.24
239:          0          0          0          0          0          0          0          0          0          0          0          0          0          0          0          0          0          0          0          0          0          0          0          0          0         54          0          0          0          0          0          0 PCI-MSIX-0000:0d:00.0  26-edge      virtio10-req.25
240:          0          0          0          0          0          0          0          0          0          0          0          0          0          0          0          0          0          0          0          0          0          0          0          0          0          0          0          0          0          0          0          0 PCI-MSIX-0000:0d:00.0  27-edge      virtio10-req.26
241:          0          0          0          0          0          0          0          0          0          0          0          0          0          0          0          0          0          0          0          0          0          0          0          0          0          0          0         68          0          0          0          0 PCI-MSIX-0000:0d:00.0  28-edge      virtio10-req.27
242:          0          0          0          0          0          0          0          0          0          0          0          0          0          0          0          0          0          0          0          0          0          0          0          0          0          0          0          0          4          0          0          0 PCI-MSIX-0000:0d:00.0  29-edge      virtio10-req.28
243:          0          0          0          0          0          0          0          0          0          0          0          0          0          0          0          0          0          0          0          0          0          0          0          0          0          0          0          0          0          4          0          0 PCI-MSIX-0000:0d:00.0  30-edge      virtio10-req.29
244:          0          0          0          0          0          0          0          0          0          0          0          0          0          0          0          0          0          0          0          0          0          0          0          0          0          0          0          0          0          0          4          0 PCI-MSIX-0000:0d:00.0  31-edge      virtio10-req.30
245:          0          0          0          0          0          0          0          0          0          0          0          0          0          0          0          0          0          0          0          0          0          0          0          0          0          0          0          0          0          0          0          0 PCI-MSIX-0000:0d:00.0  32-edge      virtio10-req.31
246:          0          0          0          0          0          0          0          0          0          0          0          0          0          0          0          0          0          0          0          0          0          0          0          0          0          0          0          0          0          0          0          0 PCI-MSIX-0000:0e:00.0   0-edge      virtio11-config
247:          0          0          0          0          0          0          0          0          0          0          0          0          0          0          0          0          0          0          0          0          0          0          0          0          0          0          0          0          0          0          0          0 PCI-MSIX-0000:0e:00.0   1-edge      virtio11-req.0
248:          0          0          0          0          0          0          0          0          0          0          0          0          0          0          0          0          0          0          0          0          0          0          0          0          0          0          0          0          0          0          0          0 PCI-MSIX-0000:0e:00.0   2-edge      virtio11-req.1
249:          0          0          3          0          0          0          0          0          0          0          0          0          0          0          0          0          0          0          0          0          0          0          0          0          0          0          0          0          0          0          0          0 PCI-MSIX-0000:0e:00.0   3-edge      virtio11-req.2
250:          0          0          0          0          0          0          0          0          0          0          0          0          0          0          0          0          0          0          0          0          0          0          0          0          0          0          0          0          0          0          0          0 PCI-MSIX-0000:0e:00.0   4-edge      virtio11-req.3
251:          0          0          0          0         42          0          0          0          0          0          0          0          0          0          0          0          0          0          0          0          0          0          0          0          0          0          0          0          0          0          0          0 PCI-MSIX-0000:0e:00.0   5-edge      virtio11-req.4
252:          0          0          0          0          0          0          0          0          0          0          0          0          0          0          0          0          0          0          0          0          0          0          0          0          0          0          0          0          0          0          0          0 PCI-MSIX-0000:0e:00.0   6-edge      virtio11-req.5
253:          0          0          0          0          0          0         32          0          0          0          0          0          0          0          0          0          0          0          0          0          0          0          0          0          0          0          0          0          0          0          0          0 PCI-MSIX-0000:0e:00.0   7-edge      virtio11-req.6
254:          0          0          0          0          0          0          0          0          0          0          0          0          0          0          0          0          0          0          0          0          0          0          0          0          0          0          0          0          0          0          0          0 PCI-MSIX-0000:0e:00.0   8-edge      virtio11-req.7
255:          0          0          0          0          0          0          0          0          0          0          0          0          0          0          0          0          0          0          0          0          0          0          0          0          0          0          0          0          0          0          0          0 PCI-MSIX-0000:0e:00.0   9-edge      virtio11-req.8
256:          0          0          0          0          0          0          0          0          0          2          0          0          0          0          0          0          0          0          0          0          0          0          0          0          0          0          0          0          0          0          0          0 PCI-MSIX-0000:0e:00.0  10-edge      virtio11-req.9
257:          0          0          0          0          0          0          0          0          0          0          2          0          0          0          0          0          0          0          0          0          0          0          0          0          0          0          0          0          0          0          0          0 PCI-MSIX-0000:0e:00.0  11-edge      virtio11-req.10
258:          0          0          0          0          0          0          0          0          0          0          0          2          0          0          0          0          0          0          0          0          0          0          0          0          0          0          0          0          0          0          0          0 PCI-MSIX-0000:0e:00.0  12-edge      virtio11-req.11
259:          0          0          0          0          0          0          0          0          0          0          0          0          2          0          0          0          0          0          0          0          0          0          0          0          0          0          0          0          0          0          0          0 PCI-MSIX-0000:0e:00.0  13-edge      virtio11-req.12
260:          0          0          0          0          0          0          0          0          0          0          0          0          0         34          0          0          0          0          0          0          0          0          0          0          0          0          0          0          0          0          0          0 PCI-MSIX-0000:0e:00.0  14-edge      virtio11-req.13
261:          0          0          0          0          0          0          0          0          0          0          0          0          0          0          0          0          0          0          0          0          0          0          0          0          0          0          0          0          0          0          0          0 PCI-MSIX-0000:0e:00.0  15-edge      virtio11-req.14
262:          0          0          0          0          0          0          0          0          0          0          0          0          0          0          0          0          0          0          0          0          0          0          0          0          0          0          0          0          0          0          0          0 PCI-MSIX-0000:0e:00.0  16-edge      virtio11-req.15
263:          0          0          0          0          0          0          0          0          0          0          0          0          0          0          0          0          6          0          0          0          0          0          0          0          0          0          0          0          0          0          0          0 PCI-MSIX-0000:0e:00.0  17-edge      virtio11-req.16
264:          0          0          0          0          0          0          0          0          0          0          0          0          0          0          0          0          0          6          0          0          0          0          0          0          0          0          0          0          0          0          0          0 PCI-MSIX-0000:0e:00.0  18-edge      virtio11-req.17
265:          0          0          0          0          0          0          0          0          0          0          0          0          0          0          0          0          0          0          0          0          0          0          0          0          0          0          0          0          0          0          0          0 PCI-MSIX-0000:0e:00.0  19-edge      virtio11-req.18
266:          0          0          0          0          0          0          0          0          0          0          0          0          0          0          0          0          0          0          0          0          0          0          0          0          0          0          0          0          0          0          0          0 PCI-MSIX-0000:0e:00.0  20-edge      virtio11-req.19
267:          0          0          0          0          0          0          0          0          0          0          0          0          0          0          0          0          0          0          0          0          0          0          0          0          0          0          0          0          0          0          0          0 PCI-MSIX-0000:0e:00.0  21-edge      virtio11-req.20
268:          0          0          0          0          0          0          0          0          0          0          0          0          0          0          0          0          0          0          0          0          0          0          0          0          0          0          0          0          0          0          0          0 PCI-MSIX-0000:0e:00.0  22-edge      virtio11-req.21
269:          0          0          0          0          0          0          0          0          0          0          0          0          0          0          0          0          0          0          0          0          0          0          0          0          0          0          0          0          0          0          0          0 PCI-MSIX-0000:0e:00.0  23-edge      virtio11-req.22
270:          0          0          0          0          0          0          0          0          0          0          0          0          0          0          0          0          0          0          0          0          0          0          0          0          0          0          0          0          0          0          0          0 PCI-MSIX-0000:0e:00.0  24-edge      virtio11-req.23
271:          0          0          0          0          0          0          0          0          0          0          0          0          0          0          0          0          0          0          0          0          0          0          0          0          0          0          0          0          0          0          0          0 PCI-MSIX-0000:0e:00.0  25-edge      virtio11-req.24
272:          0          0          0          0          0          0          0          0          0          0          0          0          0          0          0          0          0          0          0          0          0          0          0          0          0          6          0          0          0          0          0          0 PCI-MSIX-0000:0e:00.0  26-edge      virtio11-req.25
273:          0          0          0          0          0          0          0          0          0          0          0          0          0          0          0          0          0          0          0          0          0          0          0          0          0          0          0          0          0          0          0          0 PCI-MSIX-0000:0e:00.0  27-edge      virtio11-req.26
274:          0          0          0          0          0          0          0          0          0          0          0          0          0          0          0          0          0          0          0          0          0          0          0          0          0          0          0          2          0          0          0          0 PCI-MSIX-0000:0e:00.0  28-edge      virtio11-req.27
275:          0          0          0          0          0          0          0          0          0          0          0          0          0          0          0          0          0          0          0          0          0          0          0          0          0          0          0          0         40          0          0          0 PCI-MSIX-0000:0e:00.0  29-edge      virtio11-req.28
276:          0          0          0          0          0          0          0          0          0          0          0          0          0          0          0          0          0          0          0          0          0          0          0          0          0          0          0          0          0          2          0          0 PCI-MSIX-0000:0e:00.0  30-edge      virtio11-req.29
277:          0          0          0          0          0          0          0          0          0          0          0          0          0          0          0          0          0          0          0          0          0          0          0          0          0          0          0          0          0          0          2          0 PCI-MSIX-0000:0e:00.0  31-edge      virtio11-req.30
278:          0          0          0          0          0          0          0          0          0          0          0          0          0          0          0          0          0          0          0          0          0          0          0          0          0          0          0          0          0          0          0          0 PCI-MSIX-0000:0e:00.0  32-edge      virtio11-req.31
279:          0          0          0          0          0          0          0          0          0          0          0          0          0          0          0          0          0          0          0          0          0          0          0          0          0          0          0          0          0          0          0          0 PCI-MSIX-0000:10:00.0   0-edge      virtio13-config
280:          3          0          0          0          0          0          0          0          0          0          0          0          0          0          0          0          0          0          0          0          0          0          0          0          0          0          0          0          0          0          0          0 PCI-MSIX-0000:10:00.0   1-edge      virtio13-req.0
281:          0          6          0          0          0          0          0          0          0          0          0          0          0          0          0          0          0          0          0          0          0          0          0          0          0          0          0          0          0          0          0          0 PCI-MSIX-0000:10:00.0   2-edge      virtio13-req.1
282:          0          0         12          0          0          0          0          0          0          0          0          0          0          0          0          0          0          0          0          0          0          0          0          0          0          0          0          0          0          0          0          0 PCI-MSIX-0000:10:00.0   3-edge      virtio13-req.2
283:          0          0          0         64          0          0          0          0          0          0          0          0          0          0          0          0          0          0          0          0          0          0          0          0          0          0          0          0          0          0          0          0 PCI-MSIX-0000:10:00.0   4-edge      virtio13-req.3
284:          0          0          0          0          0          0          0          0          0          0          0          0          0          0          0          0          0          0          0          0          0          0          0          0          0          0          0          0          0          0          0          0 PCI-MSIX-0000:10:00.0   5-edge      virtio13-req.4
285:          0          0          0          0          0          0          0          0          0          0          0          0          0          0          0          0          0          0          0          0          0          0          0          0          0          0          0          0          0          0          0          0 PCI-MSIX-0000:10:00.0   6-edge      virtio13-req.5
286:          0          0          0          0          0          0          0          0          0          0          0          0          0          0          0          0          0          0          0          0          0          0          0          0          0          0          0          0          0          0          0          0 PCI-MSIX-0000:10:00.0   7-edge      virtio13-req.6
287:          0          0          0          0          0          0          0          0          0          0          0          0          0          0          0          0          0          0          0          0          0          0          0          0          0          0          0          0          0          0          0          0 PCI-MSIX-0000:10:00.0   8-edge      virtio13-req.7
288:          0          0          0          0          0          0          0          0          0          0          0          0          0          0          0          0          0          0          0          0          0          0          0          0          0          0          0          0          0          0          0          0 PCI-MSIX-0000:10:00.0   9-edge      virtio13-req.8
289:          0          0          0          0          0          0          0          0          0          6          0          0          0          0          0          0          0          0          0          0          0          0          0          0          0          0          0          0          0          0          0          0 PCI-MSIX-0000:10:00.0  10-edge      virtio13-req.9
290:          0          0          0          0          0          0          0          0          0          0          0          0          0          0          0          0          0          0          0          0          0          0          0          0          0          0          0          0          0          0          0          0 PCI-MSIX-0000:10:00.0  11-edge      virtio13-req.10
291:          0          0          0          0          0          0          0          0          0          0          0          5          0          0          0          0          0          0          0          0          0          0          0          0          0          0          0          0          0          0          0          0 PCI-MSIX-0000:10:00.0  12-edge      virtio13-req.11
292:          0          0          0          0          0          0          0          0          0          0          0          0          2          0          0          0          0          0          0          0          0          0          0          0          0          0          0          0          0          0          0          0 PCI-MSIX-0000:10:00.0  13-edge      virtio13-req.12
293:          0          0          0          0          0          0          0          0          0          0          0          0          0         38          0          0          0          0          0          0          0          0          0          0          0          0          0          0          0          0          0          0 PCI-MSIX-0000:10:00.0  14-edge      virtio13-req.13
294:          0          0          0          0          0          0          0          0          0          0          0          0          0          0          0          0          0          0          0          0          0          0          0          0          0          0          0          0          0          0          0          0 PCI-MSIX-0000:10:00.0  15-edge      virtio13-req.14
295:          0          0          0          0          0          0          0          0          0          0          0          0          0          0          0          0          0          0          0          0          0          0          0          0          0          0          0          0          0          0          0          0 PCI-MSIX-0000:10:00.0  16-edge      virtio13-req.15
296:          0          0          0          0          0          0          0          0          0          0          0          0          0          0          0          0          1          0          0          0          0          0          0          0          0          0          0          0          0          0          0          0 PCI-MSIX-0000:10:00.0  17-edge      virtio13-req.16
297:          0          0          0          0          0          0          0          0          0          0          0          0          0          0          0          0          0          4          0          0          0          0          0          0          0          0          0          0          0          0          0          0 PCI-MSIX-0000:10:00.0  18-edge      virtio13-req.17
298:          0          0          0          0          0          0          0          0          0          0          0          0          0          0          0          0          0          0          0          0          0          0          0          0          0          0          0          0          0          0          0          0 PCI-MSIX-0000:10:00.0  19-edge      virtio13-req.18
299:          0          0          0          0          0          0          0          0          0          0          0          0          0          0          0          0          0          0          0          0          0          0          0          0          0          0          0          0          0          0          0          0 PCI-MSIX-0000:10:00.0  20-edge      virtio13-req.19
300:          0          0          0          0          0          0          0          0          0          0          0          0          0          0          0          0          0          0          0          0          0          0          0          0          0          0          0          0          0          0          0          0 PCI-MSIX-0000:10:00.0  21-edge      virtio13-req.20
301:          0          0          0          0          0          0          0          0          0          0          0          0          0          0          0          0          0          0          0          0          0          0          0          0          0          0          0          0          0          0          0          0 PCI-MSIX-0000:10:00.0  22-edge      virtio13-req.21
302:          0          0          0          0          0          0          0          0          0          0          0          0          0          0          0          0          0          0          0          0          0          0          3          0          0          0          0          0          0          0          0          0 PCI-MSIX-0000:10:00.0  23-edge      virtio13-req.22
303:          0          0          0          0          0          0          0          0          0          0          0          0          0          0          0          0          0          0          0          0          0          0          0          3          0          0          0          0          0          0          0          0 PCI-MSIX-0000:10:00.0  24-edge      virtio13-req.23
304:          0          0          0          0          0          0          0          0          0          0          0          0          0          0          0          0          0          0          0          0          0          0          0          0          0          0          0          0          0          0          0          0 PCI-MSIX-0000:10:00.0  25-edge      virtio13-req.24
305:          0          0          0          0          0          0          0          0          0          0          0          0          0          0          0          0          0          0          0          0          0          0          0          0          0         42          0          0          0          0          0          0 PCI-MSIX-0000:10:00.0  26-edge      virtio13-req.25
306:          0          0          0          0          0          0          0          0          0          0          0          0          0          0          0          0          0          0          0          0          0          0          0          0          0          0          0          0          0          0          0          0 PCI-MSIX-0000:10:00.0  27-edge      virtio13-req.26
307:          0          0          0          0          0          0          0          0          0          0          0          0          0          0          0          0          0          0          0          0          0          0          0          0          0          0          0          2          0          0          0          0 PCI-MSIX-0000:10:00.0  28-edge      virtio13-req.27
308:          0          0          0          0          0          0          0          0          0          0          0          0          0          0          0          0          0          0          0          0          0          0          0          0          0          0          0          0         52          0          0          0 PCI-MSIX-0000:10:00.0  29-edge      virtio13-req.28
309:          0          0          0          0          0          0          0          0          0          0          0          0          0          0          0          0          0          0          0          0          0          0          0          0          0          0          0          0          0          2          0          0 PCI-MSIX-0000:10:00.0  30-edge      virtio13-req.29
310:          0          0          0          0          0          0          0          0          0          0          0          0          0          0          0          0          0          0          0          0          0          0          0          0          0          0          0          0          0          0         41          0 PCI-MSIX-0000:10:00.0  31-edge      virtio13-req.30
311:          0          0          0          0          0          0          0          0          0          0          0          0          0          0          0          0          0          0          0          0          0          0          0          0          0          0          0          0          0          0          0         36 PCI-MSIX-0000:10:00.0  32-edge      virtio13-req.31
312:          0        216         49        118         21       2131          0       2500       1571       1911          0       6839       1599         25       3791       2176         28         24         63       2340         37      56499        971       2203        356       1162      32982         36       9274       1378       7160          0 PCI-MSI-0000:00:1f.2   0-edge      ahci[0000:00:1f.2]
313:          0          0          0          0          0          0          0          0          0          0          0          0        108          0          0          0          0          0          0          0          0          0          0          0          0          0          0          0          0          0          0          0 PCI-MSI-0000:00:1b.0   0-edge      snd_hda_intel:card0
NMI:          0          0          0          0          0          0          0          0          0          0          0          0          0          0          0          0          0          0          0          0          0          0          0          0          0          0          0          0          0          0          0          0   Non-maskable interrupts
LOC:   12335657   14843441   14144614   13889054   13683463   14292342   13656283   13771495   13359809   14543064   13082019   13577450   13112779   13150489   13227459   13354066   12973301   12880664   14882847   12937531   13303524   13482651   13467236   13201651   12768699   12850254   13121525   13070696   13030943   13348589   13321682   13253363   Local timer interrupts
SPU:          0          0          0          0          0          0          0          0          0          0          0          0          0          0          0          0          0          0          0          0          0          0          0          0          0          0          0          0          0          0          0          0   Spurious interrupts
PMI:          0          0          0          0          0          0          0          0          0          0          0          0          0          0          0          0          0          0          0          0          0          0          0          0          0          0          0          0          0          0          0          0   Performance monitoring interrupts
IWI:       1115        939       1070       2133         34        127         58         27         47         34         16         39        329         18        131         60         42        251        267        158       1247         33        869         30          9         34        319        575         16         12        255          6   IRQ work interrupts
RTR:          0          0          0          0          0          0          0          0          0          0          0          0          0          0          0          0          0          0          0          0          0          0          0          0          0          0          0          0          0          0          0          0   APIC ICR read retries
RES:    1158381    1277836    1305240    1297802    1305799    1286863    1307311    1303195    1281385    1270442    1300407    1300841    1298665    1302964    1307684    1306603    1278752    1289931    1256075    1288520    1286435    1291213    1298962    1306401    1281619    1293700    1299086    1303708    1303196    1306067    1308649    1328159   Rescheduling interrupts
CAL:   25115233   20996865   19241997   18725605   18205180   17630271   17354782   17686814   16769435   17112635   16817423   17160374   17402286   16742169   17165958   17145407   16784783   16645360   16790894   16563448   16755220   17032187   17080498   16750160   16688829   16162505   16882005   16892695   16384535   16538548   16718247   16415460   Function call interrupts
TLB:    7844774    7827365    7839674    7863015    7918027    7851892    7928099    7924785    7890711    7892461    7936283    7947471    7988416    7994508    7967833    8007923    8003859    8027520    7972614    7994898    8005931    7990036    8007678    8032128    7982736    8041414    8060488    8000735    8034118    7997375    8015481    8032732   TLB shootdowns
TRM:          0          0          0          0          0          0          0          0          0          0          0          0          0          0          0          0          0          0          0          0          0          0          0          0          0          0          0          0          0          0          0          0   Thermal event interrupts
THR:          0          0          0          0          0          0          0          0          0          0          0          0          0          0          0          0          0          0          0          0          0          0          0          0          0          0          0          0          0          0          0          0   Threshold APIC interrupts
DFR:          0          0          0          0          0          0          0          0          0          0          0          0          0          0          0          0          0          0          0          0          0          0          0          0          0          0          0          0          0          0          0          0   Deferred Error APIC interrupts
MCE:          0          0          0          0          0          0          0          0          0          0          0          0          0          0          0          0          0          0          0          0          0          0          0          0          0          0          0          0          0          0          0          0   Machine check exceptions
MCP:        880        895        891        894        898        891        895        893        894        893        891        889        893        895        895        891        891        889        894        896        890        900        893        895        889        891        892        889        894        892        893        900   Machine check polls
ERR:          0
MIS:          0
PIN:          0          0          0          0          0          0          0          0          0          0          0          0          0          0          0          0          0          0          0          0          0          0          0          0          0          0          0          0          0          0          0          0   Posted-interrupt notification event
NPI:          0          0          0          0          0          0          0          0          0          0          0          0          0          0          0          0          0          0          0          0          0          0          0          0          0          0          0          0          0          0          0          0   Nested posted-interrupt event
PIW:          0          0          0          0          0          0          0          0          0          0          0          0          0          0          0          0          0          0          0          0          0          0          0          0          0          0          0          0          0          0          0          0   Posted-interrupt wakeup event
