2025-08-12 02:24:59,575 avocado.sysinfo INFO | Commands configured by file: /usr/local/lib/python3.12/dist-packages/avocado/etc/avocado/sysinfo/commands
2025-08-12 02:24:59,576 avocado.sysinfo INFO | Files configured by file: /usr/local/lib/python3.12/dist-packages/avocado/etc/avocado/sysinfo/files
2025-08-12 02:24:59,577 avocado.sysinfo DEBUG| File /usr/local/lib/python3.12/dist-packages/avocado/etc/avocado/sysinfo/fail_commands does not exist.
2025-08-12 02:24:59,578 avocado.sysinfo DEBUG| File /usr/local/lib/python3.12/dist-packages/avocado/etc/avocado/sysinfo/fail_files does not exist.
2025-08-12 02:24:59,578 avocado.sysinfo INFO | Profilers configured by file: /usr/local/lib/python3.12/dist-packages/avocado/etc/avocado/sysinfo/profilers
2025-08-12 02:24:59,579 avocado.sysinfo INFO | Profiler disabled
2025-08-12 02:24:59,978 avocado.sysinfo DEBUG| Not logging /proc/pci (file not found)
2025-08-12 02:25:00,087 avocado.sysinfo DEBUG| Not logging /sys/devices/system/cpu/cpu0/cpufreq/scaling_governor (file not found)
2025-08-12 02:25:00,088 avocado.sysinfo DEBUG| Not logging /sys/kernel/debug/sched_features (file not found)
2025-08-12 02:25:00,196 avocado.test INFO | Command line: /usr/local/bin/avocado run --nrunner-max-parallel-tasks 1 ./pcache.py -m ./pcache.py.data/pcache.yaml
2025-08-12 02:25:00,196 avocado.test INFO | 
2025-08-12 02:25:00,196 avocado.test INFO | Avocado version: 96.0
2025-08-12 02:25:00,196 avocado.test INFO | 
2025-08-12 02:25:00,197 avocado.test INFO | Avocado config:
2025-08-12 02:25:00,197 avocado.test INFO | 
2025-08-12 02:25:00,201 avocado.test INFO | {'assets.fetch.ignore_errors': False,
2025-08-12 02:25:00,201 avocado.test INFO |  'assets.fetch.references': [],
2025-08-12 02:25:00,201 avocado.test INFO |  'assets.fetch.timeout': 300,
2025-08-12 02:25:00,201 avocado.test INFO |  'assets.list.days': None,
2025-08-12 02:25:00,201 avocado.test INFO |  'assets.list.overall_limit': None,
2025-08-12 02:25:00,201 avocado.test INFO |  'assets.list.size_filter': None,
2025-08-12 02:25:00,201 avocado.test INFO |  'assets.purge.days': None,
2025-08-12 02:25:00,201 avocado.test INFO |  'assets.purge.overall_limit': None,
2025-08-12 02:25:00,201 avocado.test INFO |  'assets.purge.size_filter': None,
2025-08-12 02:25:00,202 avocado.test INFO |  'assets.register.name': None,
2025-08-12 02:25:00,202 avocado.test INFO |  'assets.register.sha1_hash': None,
2025-08-12 02:25:00,202 avocado.test INFO |  'assets.register.url': None,
2025-08-12 02:25:00,202 avocado.test INFO |  'config': None,
2025-08-12 02:25:00,202 avocado.test INFO |  'config.datadir': False,
2025-08-12 02:25:00,202 avocado.test INFO |  'core.input_encoding': 'utf-8',
2025-08-12 02:25:00,202 avocado.test INFO |  'core.paginator': False,
2025-08-12 02:25:00,202 avocado.test INFO |  'core.show': {'app'},
2025-08-12 02:25:00,202 avocado.test INFO |  'core.verbose': False,
2025-08-12 02:25:00,202 avocado.test INFO |  'datadir.paths.base_dir': '/root/avocado',
2025-08-12 02:25:00,202 avocado.test INFO |  'datadir.paths.cache_dirs': ['/root/avocado/data/cache'],
2025-08-12 02:25:00,202 avocado.test INFO |  'datadir.paths.data_dir': '/root/avocado/data',
2025-08-12 02:25:00,202 avocado.test INFO |  'datadir.paths.logs_dir': '/root/avocado/job-results',
2025-08-12 02:25:00,202 avocado.test INFO |  'datadir.paths.test_dir': '/usr/share/doc/avocado/tests',
2025-08-12 02:25:00,202 avocado.test INFO |  'diff.create_reports': False,
2025-08-12 02:25:00,202 avocado.test INFO |  'diff.filter': ['cmdline', 'time', 'variants', 'results', 'config', 'sysinfo'],
2025-08-12 02:25:00,202 avocado.test INFO |  'diff.html': None,
2025-08-12 02:25:00,202 avocado.test INFO |  'diff.jobids': [],
2025-08-12 02:25:00,203 avocado.test INFO |  'diff.open_browser': False,
2025-08-12 02:25:00,203 avocado.test INFO |  'diff.strip_id': False,
2025-08-12 02:25:00,203 avocado.test INFO |  'distro.distro_def_arch': '',
2025-08-12 02:25:00,203 avocado.test INFO |  'distro.distro_def_create': False,
2025-08-12 02:25:00,203 avocado.test INFO |  'distro.distro_def_name': '',
2025-08-12 02:25:00,203 avocado.test INFO |  'distro.distro_def_path': '',
2025-08-12 02:25:00,203 avocado.test INFO |  'distro.distro_def_release': '',
2025-08-12 02:25:00,203 avocado.test INFO |  'distro.distro_def_type': '',
2025-08-12 02:25:00,203 avocado.test INFO |  'distro.distro_def_version': '',
2025-08-12 02:25:00,203 avocado.test INFO |  'filter.by_tags.include_empty': False,
2025-08-12 02:25:00,203 avocado.test INFO |  'filter.by_tags.include_empty_key': False,
2025-08-12 02:25:00,203 avocado.test INFO |  'filter.by_tags.tags': [],
2025-08-12 02:25:00,203 avocado.test INFO |  'human_ui.omit.statuses': [],
2025-08-12 02:25:00,203 avocado.test INFO |  'job.output.loglevel': 'DEBUG',
2025-08-12 02:25:00,203 avocado.test INFO |  'job.output.testlogs.logfiles': ['debug.log'],
2025-08-12 02:25:00,203 avocado.test INFO |  'job.output.testlogs.statuses': [],
2025-08-12 02:25:00,204 avocado.test INFO |  'job.output.testlogs.summary_statuses': ['FAIL', 'ERROR'],
2025-08-12 02:25:00,204 avocado.test INFO |  'job.replay.source_job_id': 'latest',
2025-08-12 02:25:00,204 avocado.test INFO |  'job.run.result.html.enabled': True,
2025-08-12 02:25:00,204 avocado.test INFO |  'job.run.result.html.open_browser': False,
2025-08-12 02:25:00,204 avocado.test INFO |  'job.run.result.html.output': None,
2025-08-12 02:25:00,204 avocado.test INFO |  'job.run.result.json.enabled': True,
2025-08-12 02:25:00,204 avocado.test INFO |  'job.run.result.json.output': None,
2025-08-12 02:25:00,204 avocado.test INFO |  'job.run.result.tap.enabled': True,
2025-08-12 02:25:00,204 avocado.test INFO |  'job.run.result.tap.include_logs': False,
2025-08-12 02:25:00,204 avocado.test INFO |  'job.run.result.tap.output': None,
2025-08-12 02:25:00,204 avocado.test INFO |  'job.run.result.xunit.enabled': True,
2025-08-12 02:25:00,204 avocado.test INFO |  'job.run.result.xunit.job_name': None,
2025-08-12 02:25:00,204 avocado.test INFO |  'job.run.result.xunit.max_test_log_chars': 100000,
2025-08-12 02:25:00,204 avocado.test INFO |  'job.run.result.xunit.output': None,
2025-08-12 02:25:00,204 avocado.test INFO |  'job.run.store_logging_stream': ['avocado.core:DEBUG'],
2025-08-12 02:25:00,204 avocado.test INFO |  'job.run.timeout': 0,
2025-08-12 02:25:00,205 avocado.test INFO |  'jobs.get.output_files.destination': None,
2025-08-12 02:25:00,205 avocado.test INFO |  'jobs.get.output_files.job_id': None,
2025-08-12 02:25:00,205 avocado.test INFO |  'jobs.show.job_id': 'latest',
2025-08-12 02:25:00,205 avocado.test INFO |  'json.variants.load': None,
2025-08-12 02:25:00,205 avocado.test INFO |  'list.recipes.write_to_directory': None,
2025-08-12 02:25:00,205 avocado.test INFO |  'list.write_to_json_file': None,
2025-08-12 02:25:00,205 avocado.test INFO |  'nrunner.max_parallel_tasks': 1,
2025-08-12 02:25:00,205 avocado.test INFO |  'nrunner.shuffle': False,
2025-08-12 02:25:00,205 avocado.test INFO |  'nrunner.spawner': 'process',
2025-08-12 02:25:00,205 avocado.test INFO |  'nrunner.status_server_auto': True,
2025-08-12 02:25:00,205 avocado.test INFO |  'nrunner.status_server_buffer_size': 33554432,
2025-08-12 02:25:00,205 avocado.test INFO |  'nrunner.status_server_listen': '127.0.0.1:8888',
2025-08-12 02:25:00,205 avocado.test INFO |  'nrunner.status_server_uri': '127.0.0.1:8888',
2025-08-12 02:25:00,205 avocado.test INFO |  'plugins.cli.cmd.order': [],
2025-08-12 02:25:00,205 avocado.test INFO |  'plugins.cli.order': [],
2025-08-12 02:25:00,205 avocado.test INFO |  'plugins.disable': [],
2025-08-12 02:25:00,205 avocado.test INFO |  'plugins.init.order': [],
2025-08-12 02:25:00,205 avocado.test INFO |  'plugins.job.prepost.order': [],
2025-08-12 02:25:00,205 avocado.test INFO |  'plugins.jobscripts.post': '/etc/avocado/scripts/job/post.d/',
2025-08-12 02:25:00,206 avocado.test INFO |  'plugins.jobscripts.pre': '/etc/avocado/scripts/job/pre.d/',
2025-08-12 02:25:00,206 avocado.test INFO |  'plugins.jobscripts.warn_non_existing_dir': False,
2025-08-12 02:25:00,206 avocado.test INFO |  'plugins.jobscripts.warn_non_zero_status': True,
2025-08-12 02:25:00,206 avocado.test INFO |  'plugins.ordered_list': False,
2025-08-12 02:25:00,206 avocado.test INFO |  'plugins.resolver.order': [],
2025-08-12 02:25:00,206 avocado.test INFO |  'plugins.result.order': [],
2025-08-12 02:25:00,206 avocado.test INFO |  'plugins.result_events.order': [],
2025-08-12 02:25:00,206 avocado.test INFO |  'plugins.runnable.runner.order': [],
2025-08-12 02:25:00,206 avocado.test INFO |  'plugins.runner.order': [],
2025-08-12 02:25:00,206 avocado.test INFO |  'plugins.skip_broken_plugin_notification': [],
2025-08-12 02:25:00,206 avocado.test INFO |  'plugins.spawner.order': [],
2025-08-12 02:25:00,206 avocado.test INFO |  'plugins.varianter.order': [],
2025-08-12 02:25:00,206 avocado.test INFO |  'resolver.references': ['./pcache.py'],
2025-08-12 02:25:00,206 avocado.test INFO |  'run.dict_variants': [],
2025-08-12 02:25:00,206 avocado.test INFO |  'run.dict_variants.variant_id_keys': [],
2025-08-12 02:25:00,206 avocado.test INFO |  'run.dry_run.enabled': False,
2025-08-12 02:25:00,206 avocado.test INFO |  'run.dry_run.no_cleanup': False,
2025-08-12 02:25:00,206 avocado.test INFO |  'run.execution_order': 'variants-per-test',
2025-08-12 02:25:00,207 avocado.test INFO |  'run.failfast': False,
2025-08-12 02:25:00,207 avocado.test INFO |  'run.ignore_missing_references': False,
2025-08-12 02:25:00,207 avocado.test INFO |  'run.job_category': None,
2025-08-12 02:25:00,207 avocado.test INFO |  'run.journal.enabled': False,
2025-08-12 02:25:00,207 avocado.test INFO |  'run.keep_tmp': False,
2025-08-12 02:25:00,207 avocado.test INFO |  'run.loaders': ['file', '@DEFAULT'],
2025-08-12 02:25:00,207 avocado.test INFO |  'run.log_test_data_directories': False,
2025-08-12 02:25:00,207 avocado.test INFO |  'run.results.archive': False,
2025-08-12 02:25:00,207 avocado.test INFO |  'run.results_dir': None,
2025-08-12 02:25:00,207 avocado.test INFO |  'run.test_parameters': [],
2025-08-12 02:25:00,207 avocado.test INFO |  'run.test_runner': 'nrunner',
2025-08-12 02:25:00,207 avocado.test INFO |  'run.unique_job_id': None,
2025-08-12 02:25:00,207 avocado.test INFO |  'run.wrapper.wrappers': [],
2025-08-12 02:25:00,207 avocado.test INFO |  'runner.exectest.exitcodes.skip': [],
2025-08-12 02:25:00,207 avocado.test INFO |  'runner.identifier_format': '{uri}',
2025-08-12 02:25:00,207 avocado.test INFO |  'runner.output.color': 'auto',
2025-08-12 02:25:00,207 avocado.test INFO |  'runner.output.colored': True,
2025-08-12 02:25:00,207 avocado.test INFO |  'runner.output.utf8': True,
2025-08-12 02:25:00,208 avocado.test INFO |  'runner.timeout.after_interrupted': 60,
2025-08-12 02:25:00,208 avocado.test INFO |  'runner.timeout.process_alive': 60,
2025-08-12 02:25:00,208 avocado.test INFO |  'runner.timeout.process_died': 10,
2025-08-12 02:25:00,208 avocado.test INFO |  'simpletests.status.failure_fields': ['status', 'stdout', 'stderr'],
2025-08-12 02:25:00,208 avocado.test INFO |  'simpletests.status.skip_location': 'all',
2025-08-12 02:25:00,208 avocado.test INFO |  'simpletests.status.skip_regex': '^SKIP$',
2025-08-12 02:25:00,208 avocado.test INFO |  'simpletests.status.warn_location': 'all',
2025-08-12 02:25:00,208 avocado.test INFO |  'simpletests.status.warn_regex': '^WARN$',
2025-08-12 02:25:00,208 avocado.test INFO |  'spawner.podman.avocado_spawner_egg': None,
2025-08-12 02:25:00,208 avocado.test INFO |  'spawner.podman.bin': '/usr/bin/podman',
2025-08-12 02:25:00,208 avocado.test INFO |  'spawner.podman.image': 'Ubuntu:24',
2025-08-12 02:25:00,208 avocado.test INFO |  'subcommand': 'run',
2025-08-12 02:25:00,208 avocado.test INFO |  'sysinfo.collect.commands_timeout': -1,
2025-08-12 02:25:00,208 avocado.test INFO |  'sysinfo.collect.enabled': True,
2025-08-12 02:25:00,208 avocado.test INFO |  'sysinfo.collect.installed_packages': False,
2025-08-12 02:25:00,208 avocado.test INFO |  'sysinfo.collect.locale': 'C',
2025-08-12 02:25:00,208 avocado.test INFO |  'sysinfo.collect.optimize': False,
2025-08-12 02:25:00,208 avocado.test INFO |  'sysinfo.collect.per_test': False,
2025-08-12 02:25:00,208 avocado.test INFO |  'sysinfo.collect.profiler': False,
2025-08-12 02:25:00,209 avocado.test INFO |  'sysinfo.collect.sysinfodir': None,
2025-08-12 02:25:00,209 avocado.test INFO |  'sysinfo.collectibles.commands': '/usr/local/lib/python3.12/dist-packages/avocado/etc/avocado/sysinfo/commands',
2025-08-12 02:25:00,209 avocado.test INFO |  'sysinfo.collectibles.fail_commands': '/usr/local/lib/python3.12/dist-packages/avocado/etc/avocado/sysinfo/fail_commands',
2025-08-12 02:25:00,209 avocado.test INFO |  'sysinfo.collectibles.fail_files': '/usr/local/lib/python3.12/dist-packages/avocado/etc/avocado/sysinfo/fail_files',
2025-08-12 02:25:00,209 avocado.test INFO |  'sysinfo.collectibles.files': '/usr/local/lib/python3.12/dist-packages/avocado/etc/avocado/sysinfo/files',
2025-08-12 02:25:00,209 avocado.test INFO |  'sysinfo.collectibles.profilers': '/usr/local/lib/python3.12/dist-packages/avocado/etc/avocado/sysinfo/profilers',
2025-08-12 02:25:00,209 avocado.test INFO |  'task.timeout.running': None,
2025-08-12 02:25:00,209 avocado.test INFO |  'variants.contents': False,
2025-08-12 02:25:00,209 avocado.test INFO |  'variants.debug': False,
2025-08-12 02:25:00,209 avocado.test INFO |  'variants.inherit': False,
2025-08-12 02:25:00,209 avocado.test INFO |  'variants.json_variants_dump': None,
2025-08-12 02:25:00,209 avocado.test INFO |  'variants.summary': 0,
2025-08-12 02:25:00,209 avocado.test INFO |  'variants.tree': False,
2025-08-12 02:25:00,209 avocado.test INFO |  'variants.variants': 1,
2025-08-12 02:25:00,209 avocado.test INFO |  'vmimage.get.arch': None,
2025-08-12 02:25:00,209 avocado.test INFO |  'vmimage.get.distro': None,
2025-08-12 02:25:00,209 avocado.test INFO |  'vmimage.get.version': None,
2025-08-12 02:25:00,209 avocado.test INFO |  'yaml_to_mux.files': ['./pcache.py.data/pcache.yaml'],
2025-08-12 02:25:00,210 avocado.test INFO |  'yaml_to_mux.filter_only': [],
2025-08-12 02:25:00,210 avocado.test INFO |  'yaml_to_mux.filter_out': [],
2025-08-12 02:25:00,210 avocado.test INFO |  'yaml_to_mux.inject': [],
2025-08-12 02:25:00,210 avocado.test INFO |  'yaml_to_mux.parameter_paths': ['/run/*']}
2025-08-12 02:25:00,210 avocado.test INFO | 
2025-08-12 02:25:00,210 avocado.test INFO | Avocado Data Directories:
2025-08-12 02:25:00,210 avocado.test INFO | 
2025-08-12 02:25:00,210 avocado.test INFO | base     /root/avocado
2025-08-12 02:25:00,212 avocado.test INFO | tests    /root/avocado/tests
2025-08-12 02:25:00,212 avocado.test INFO | data     /root/avocado/data
2025-08-12 02:25:00,212 avocado.test INFO | logs     /root/avocado/job-results/job-2025-08-12T02.24-2be3cd4
2025-08-12 02:25:00,213 avocado.test INFO | 
2025-08-12 02:25:00,299 avocado.test INFO | Multiplex tree representation:
2025-08-12 02:25:00,299 avocado.test INFO |  \-- run
2025-08-12 02:25:00,299 avocado.test INFO |       |-- cache_mode
2025-08-12 02:25:00,299 avocado.test INFO |       |    #== writeback
2025-08-12 02:25:00,299 avocado.test INFO |       |    #== writethrough
2025-08-12 02:25:00,299 avocado.test INFO |       |    #== writearound
2025-08-12 02:25:00,299 avocado.test INFO |       |    #== writeonly
2025-08-12 02:25:00,299 avocado.test INFO |       |-- gc
2025-08-12 02:25:00,299 avocado.test INFO |       |    #== gc0
2025-08-12 02:25:00,299 avocado.test INFO |       |    #== gc80
2025-08-12 02:25:00,299 avocado.test INFO |       |-- crc
2025-08-12 02:25:00,299 avocado.test INFO |       |    #== enable
2025-08-12 02:25:00,299 avocado.test INFO |       |    #== disable
2025-08-12 02:25:00,299 avocado.test INFO |       \-- test_script
2025-08-12 02:25:00,299 avocado.test INFO |            #== default
2025-08-12 02:25:00,299 avocado.test INFO |            #== xfstests
2025-08-12 02:25:00,299 avocado.test INFO |            #== misc
2025-08-12 02:25:00,299 avocado.test INFO |            #== failslab
2025-08-12 02:25:00,299 avocado.test INFO |            #== fail_make_request
2025-08-12 02:25:00,299 avocado.test INFO |            #== recreate_loop
2025-08-12 02:25:00,299 avocado.test INFO | 
2025-08-12 02:25:00,299 avocado.test INFO | Multiplex variants (96):
2025-08-12 02:25:00,299 avocado.test INFO | Variant run-cache_mode-writeback-crc-enable-gc-gc0-test_script-default-9043:    /run/cache_mode/writeback, /run/gc/gc0, /run/crc/enable, /run/test_script/default
2025-08-12 02:25:00,299 avocado.test INFO | Variant run-cache_mode-writeback-crc-enable-gc-gc0-test_script-xfstests-0a78:    /run/cache_mode/writeback, /run/gc/gc0, /run/crc/enable, /run/test_script/xfstests
2025-08-12 02:25:00,299 avocado.test INFO | Variant run-cache_mode-writeback-crc-enable-gc-gc0-test_script-misc-91ce:    /run/cache_mode/writeback, /run/gc/gc0, /run/crc/enable, /run/test_script/misc
2025-08-12 02:25:00,299 avocado.test INFO | Variant run-cache_mode-writeback-crc-enable-gc-gc0-test_script-failslab-be61:    /run/cache_mode/writeback, /run/gc/gc0, /run/crc/enable, /run/test_script/failslab
2025-08-12 02:25:00,300 avocado.test INFO | Variant run-cache_mode-writeback-crc-enable-gc-gc0-test_script-fail_make_request-93ee:    /run/cache_mode/writeback, /run/gc/gc0, /run/crc/enable, /run/test_script/fail_make_request
2025-08-12 02:25:00,300 avocado.test INFO | Variant run-cache_mode-writeback-crc-enable-gc-gc0-test_script-recreate_loop-5df2:    /run/cache_mode/writeback, /run/gc/gc0, /run/crc/enable, /run/test_script/recreate_loop
2025-08-12 02:25:00,300 avocado.test INFO | Variant run-cache_mode-writeback-crc-disable-gc-gc0-test_script-default-544d:    /run/cache_mode/writeback, /run/gc/gc0, /run/crc/disable, /run/test_script/default
2025-08-12 02:25:00,300 avocado.test INFO | Variant run-cache_mode-writeback-crc-disable-gc-gc0-test_script-xfstests-6005:    /run/cache_mode/writeback, /run/gc/gc0, /run/crc/disable, /run/test_script/xfstests
2025-08-12 02:25:00,300 avocado.test INFO | Variant run-cache_mode-writeback-crc-disable-gc-gc0-test_script-misc-622b:    /run/cache_mode/writeback, /run/gc/gc0, /run/crc/disable, /run/test_script/misc
2025-08-12 02:25:00,300 avocado.test INFO | Variant run-cache_mode-writeback-crc-disable-gc-gc0-test_script-failslab-88fe:    /run/cache_mode/writeback, /run/gc/gc0, /run/crc/disable, /run/test_script/failslab
2025-08-12 02:25:00,300 avocado.test INFO | Variant run-cache_mode-writeback-crc-disable-gc-gc0-test_script-fail_make_request-ff3c:    /run/cache_mode/writeback, /run/gc/gc0, /run/crc/disable, /run/test_script/fail_make_request
2025-08-12 02:25:00,300 avocado.test INFO | Variant run-cache_mode-writeback-crc-disable-gc-gc0-test_script-recreate_loop-d0cb:    /run/cache_mode/writeback, /run/gc/gc0, /run/crc/disable, /run/test_script/recreate_loop
2025-08-12 02:25:00,300 avocado.test INFO | Variant run-cache_mode-writeback-crc-enable-gc-gc80-test_script-default-a64d:    /run/cache_mode/writeback, /run/gc/gc80, /run/crc/enable, /run/test_script/default
2025-08-12 02:25:00,300 avocado.test INFO | Variant run-cache_mode-writeback-crc-enable-gc-gc80-test_script-xfstests-46ae:    /run/cache_mode/writeback, /run/gc/gc80, /run/crc/enable, /run/test_script/xfstests
2025-08-12 02:25:00,300 avocado.test INFO | Variant run-cache_mode-writeback-crc-enable-gc-gc80-test_script-misc-bdb1:    /run/cache_mode/writeback, /run/gc/gc80, /run/crc/enable, /run/test_script/misc
2025-08-12 02:25:00,300 avocado.test INFO | Variant run-cache_mode-writeback-crc-enable-gc-gc80-test_script-failslab-7ac4:    /run/cache_mode/writeback, /run/gc/gc80, /run/crc/enable, /run/test_script/failslab
2025-08-12 02:25:00,300 avocado.test INFO | Variant run-cache_mode-writeback-crc-enable-gc-gc80-test_script-fail_make_request-4a5c:    /run/cache_mode/writeback, /run/gc/gc80, /run/crc/enable, /run/test_script/fail_make_request
2025-08-12 02:25:00,300 avocado.test INFO | Variant run-cache_mode-writeback-crc-enable-gc-gc80-test_script-recreate_loop-340a:    /run/cache_mode/writeback, /run/gc/gc80, /run/crc/enable, /run/test_script/recreate_loop
2025-08-12 02:25:00,300 avocado.test INFO | Variant run-cache_mode-writeback-crc-disable-gc-gc80-test_script-default-1ff0:    /run/cache_mode/writeback, /run/gc/gc80, /run/crc/disable, /run/test_script/default
2025-08-12 02:25:00,300 avocado.test INFO | Variant run-cache_mode-writeback-crc-disable-gc-gc80-test_script-xfstests-dc09:    /run/cache_mode/writeback, /run/gc/gc80, /run/crc/disable, /run/test_script/xfstests
2025-08-12 02:25:00,300 avocado.test INFO | Variant run-cache_mode-writeback-crc-disable-gc-gc80-test_script-misc-0411:    /run/cache_mode/writeback, /run/gc/gc80, /run/crc/disable, /run/test_script/misc
2025-08-12 02:25:00,300 avocado.test INFO | Variant run-cache_mode-writeback-crc-disable-gc-gc80-test_script-failslab-1380:    /run/cache_mode/writeback, /run/gc/gc80, /run/crc/disable, /run/test_script/failslab
2025-08-12 02:25:00,300 avocado.test INFO | Variant run-cache_mode-writeback-crc-disable-gc-gc80-test_script-fail_make_request-deb7:    /run/cache_mode/writeback, /run/gc/gc80, /run/crc/disable, /run/test_script/fail_make_request
2025-08-12 02:25:00,300 avocado.test INFO | Variant run-cache_mode-writeback-crc-disable-gc-gc80-test_script-recreate_loop-0114:    /run/cache_mode/writeback, /run/gc/gc80, /run/crc/disable, /run/test_script/recreate_loop
2025-08-12 02:25:00,300 avocado.test INFO | Variant run-cache_mode-writethrough-crc-enable-gc-gc0-test_script-default-e003:    /run/cache_mode/writethrough, /run/gc/gc0, /run/crc/enable, /run/test_script/default
2025-08-12 02:25:00,300 avocado.test INFO | Variant run-cache_mode-writethrough-crc-enable-gc-gc0-test_script-xfstests-e080:    /run/cache_mode/writethrough, /run/gc/gc0, /run/crc/enable, /run/test_script/xfstests
2025-08-12 02:25:00,300 avocado.test INFO | Variant run-cache_mode-writethrough-crc-enable-gc-gc0-test_script-misc-38f6:    /run/cache_mode/writethrough, /run/gc/gc0, /run/crc/enable, /run/test_script/misc
2025-08-12 02:25:00,300 avocado.test INFO | Variant run-cache_mode-writethrough-crc-enable-gc-gc0-test_script-failslab-5dd1:    /run/cache_mode/writethrough, /run/gc/gc0, /run/crc/enable, /run/test_script/failslab
2025-08-12 02:25:00,300 avocado.test INFO | Variant run-cache_mode-writethrough-crc-enable-gc-gc0-test_script-fail_make_request-d8b5:    /run/cache_mode/writethrough, /run/gc/gc0, /run/crc/enable, /run/test_script/fail_make_request
2025-08-12 02:25:00,300 avocado.test INFO | Variant run-cache_mode-writethrough-crc-enable-gc-gc0-test_script-recreate_loop-266c:    /run/cache_mode/writethrough, /run/gc/gc0, /run/crc/enable, /run/test_script/recreate_loop
2025-08-12 02:25:00,300 avocado.test INFO | Variant run-cache_mode-writethrough-crc-disable-gc-gc0-test_script-default-3977:    /run/cache_mode/writethrough, /run/gc/gc0, /run/crc/disable, /run/test_script/default
2025-08-12 02:25:00,300 avocado.test INFO | Variant run-cache_mode-writethrough-crc-disable-gc-gc0-test_script-xfstests-c6a4:    /run/cache_mode/writethrough, /run/gc/gc0, /run/crc/disable, /run/test_script/xfstests
2025-08-12 02:25:00,300 avocado.test INFO | Variant run-cache_mode-writethrough-crc-disable-gc-gc0-test_script-misc-6b26:    /run/cache_mode/writethrough, /run/gc/gc0, /run/crc/disable, /run/test_script/misc
2025-08-12 02:25:00,300 avocado.test INFO | Variant run-cache_mode-writethrough-crc-disable-gc-gc0-test_script-failslab-c4d5:    /run/cache_mode/writethrough, /run/gc/gc0, /run/crc/disable, /run/test_script/failslab
2025-08-12 02:25:00,300 avocado.test INFO | Variant run-cache_mode-writethrough-crc-disable-gc-gc0-test_script-fail_make_request-ad5d:    /run/cache_mode/writethrough, /run/gc/gc0, /run/crc/disable, /run/test_script/fail_make_request
2025-08-12 02:25:00,300 avocado.test INFO | Variant run-cache_mode-writethrough-crc-disable-gc-gc0-test_script-recreate_loop-1ff5:    /run/cache_mode/writethrough, /run/gc/gc0, /run/crc/disable, /run/test_script/recreate_loop
2025-08-12 02:25:00,300 avocado.test INFO | Variant run-cache_mode-writethrough-crc-enable-gc-gc80-test_script-default-ad8d:    /run/cache_mode/writethrough, /run/gc/gc80, /run/crc/enable, /run/test_script/default
2025-08-12 02:25:00,300 avocado.test INFO | Variant run-cache_mode-writethrough-crc-enable-gc-gc80-test_script-xfstests-f1d2:    /run/cache_mode/writethrough, /run/gc/gc80, /run/crc/enable, /run/test_script/xfstests
2025-08-12 02:25:00,300 avocado.test INFO | Variant run-cache_mode-writethrough-crc-enable-gc-gc80-test_script-misc-aedf:    /run/cache_mode/writethrough, /run/gc/gc80, /run/crc/enable, /run/test_script/misc
2025-08-12 02:25:00,300 avocado.test INFO | Variant run-cache_mode-writethrough-crc-enable-gc-gc80-test_script-failslab-6415:    /run/cache_mode/writethrough, /run/gc/gc80, /run/crc/enable, /run/test_script/failslab
2025-08-12 02:25:00,300 avocado.test INFO | Variant run-cache_mode-writethrough-crc-enable-gc-gc80-test_script-fail_make_request-e344:    /run/cache_mode/writethrough, /run/gc/gc80, /run/crc/enable, /run/test_script/fail_make_request
2025-08-12 02:25:00,300 avocado.test INFO | Variant run-cache_mode-writethrough-crc-enable-gc-gc80-test_script-recreate_loop-968b:    /run/cache_mode/writethrough, /run/gc/gc80, /run/crc/enable, /run/test_script/recreate_loop
2025-08-12 02:25:00,300 avocado.test INFO | Variant run-cache_mode-writethrough-crc-disable-gc-gc80-test_script-default-34b4:    /run/cache_mode/writethrough, /run/gc/gc80, /run/crc/disable, /run/test_script/default
2025-08-12 02:25:00,300 avocado.test INFO | Variant run-cache_mode-writethrough-crc-disable-gc-gc80-test_script-xfstests-eb75:    /run/cache_mode/writethrough, /run/gc/gc80, /run/crc/disable, /run/test_script/xfstests
2025-08-12 02:25:00,300 avocado.test INFO | Variant run-cache_mode-writethrough-crc-disable-gc-gc80-test_script-misc-a39c:    /run/cache_mode/writethrough, /run/gc/gc80, /run/crc/disable, /run/test_script/misc
2025-08-12 02:25:00,300 avocado.test INFO | Variant run-cache_mode-writethrough-crc-disable-gc-gc80-test_script-failslab-1d18:    /run/cache_mode/writethrough, /run/gc/gc80, /run/crc/disable, /run/test_script/failslab
2025-08-12 02:25:00,300 avocado.test INFO | Variant run-cache_mode-writethrough-crc-disable-gc-gc80-test_script-fail_make_request-d3a2:    /run/cache_mode/writethrough, /run/gc/gc80, /run/crc/disable, /run/test_script/fail_make_request
2025-08-12 02:25:00,300 avocado.test INFO | Variant run-cache_mode-writethrough-crc-disable-gc-gc80-test_script-recreate_loop-fbd8:    /run/cache_mode/writethrough, /run/gc/gc80, /run/crc/disable, /run/test_script/recreate_loop
2025-08-12 02:25:00,300 avocado.test INFO | Variant run-cache_mode-writearound-crc-enable-gc-gc0-test_script-default-b8ae:    /run/cache_mode/writearound, /run/gc/gc0, /run/crc/enable, /run/test_script/default
2025-08-12 02:25:00,300 avocado.test INFO | Variant run-cache_mode-writearound-crc-enable-gc-gc0-test_script-xfstests-e1a4:    /run/cache_mode/writearound, /run/gc/gc0, /run/crc/enable, /run/test_script/xfstests
2025-08-12 02:25:00,300 avocado.test INFO | Variant run-cache_mode-writearound-crc-enable-gc-gc0-test_script-misc-1d60:    /run/cache_mode/writearound, /run/gc/gc0, /run/crc/enable, /run/test_script/misc
2025-08-12 02:25:00,300 avocado.test INFO | Variant run-cache_mode-writearound-crc-enable-gc-gc0-test_script-failslab-1f10:    /run/cache_mode/writearound, /run/gc/gc0, /run/crc/enable, /run/test_script/failslab
2025-08-12 02:25:00,300 avocado.test INFO | Variant run-cache_mode-writearound-crc-enable-gc-gc0-test_script-fail_make_request-57ac:    /run/cache_mode/writearound, /run/gc/gc0, /run/crc/enable, /run/test_script/fail_make_request
2025-08-12 02:25:00,300 avocado.test INFO | Variant run-cache_mode-writearound-crc-enable-gc-gc0-test_script-recreate_loop-2a50:    /run/cache_mode/writearound, /run/gc/gc0, /run/crc/enable, /run/test_script/recreate_loop
2025-08-12 02:25:00,301 avocado.test INFO | Variant run-cache_mode-writearound-crc-disable-gc-gc0-test_script-default-f98d:    /run/cache_mode/writearound, /run/gc/gc0, /run/crc/disable, /run/test_script/default
2025-08-12 02:25:00,301 avocado.test INFO | Variant run-cache_mode-writearound-crc-disable-gc-gc0-test_script-xfstests-a109:    /run/cache_mode/writearound, /run/gc/gc0, /run/crc/disable, /run/test_script/xfstests
2025-08-12 02:25:00,301 avocado.test INFO | Variant run-cache_mode-writearound-crc-disable-gc-gc0-test_script-misc-0302:    /run/cache_mode/writearound, /run/gc/gc0, /run/crc/disable, /run/test_script/misc
2025-08-12 02:25:00,301 avocado.test INFO | Variant run-cache_mode-writearound-crc-disable-gc-gc0-test_script-failslab-fdd3:    /run/cache_mode/writearound, /run/gc/gc0, /run/crc/disable, /run/test_script/failslab
2025-08-12 02:25:00,301 avocado.test INFO | Variant run-cache_mode-writearound-crc-disable-gc-gc0-test_script-fail_make_request-31b2:    /run/cache_mode/writearound, /run/gc/gc0, /run/crc/disable, /run/test_script/fail_make_request
2025-08-12 02:25:00,301 avocado.test INFO | Variant run-cache_mode-writearound-crc-disable-gc-gc0-test_script-recreate_loop-0702:    /run/cache_mode/writearound, /run/gc/gc0, /run/crc/disable, /run/test_script/recreate_loop
2025-08-12 02:25:00,301 avocado.test INFO | Variant run-cache_mode-writearound-crc-enable-gc-gc80-test_script-default-9597:    /run/cache_mode/writearound, /run/gc/gc80, /run/crc/enable, /run/test_script/default
2025-08-12 02:25:00,301 avocado.test INFO | Variant run-cache_mode-writearound-crc-enable-gc-gc80-test_script-xfstests-f6f2:    /run/cache_mode/writearound, /run/gc/gc80, /run/crc/enable, /run/test_script/xfstests
2025-08-12 02:25:00,301 avocado.test INFO | Variant run-cache_mode-writearound-crc-enable-gc-gc80-test_script-misc-6e87:    /run/cache_mode/writearound, /run/gc/gc80, /run/crc/enable, /run/test_script/misc
2025-08-12 02:25:00,301 avocado.test INFO | Variant run-cache_mode-writearound-crc-enable-gc-gc80-test_script-failslab-bced:    /run/cache_mode/writearound, /run/gc/gc80, /run/crc/enable, /run/test_script/failslab
2025-08-12 02:25:00,301 avocado.test INFO | Variant run-cache_mode-writearound-crc-enable-gc-gc80-test_script-fail_make_request-d504:    /run/cache_mode/writearound, /run/gc/gc80, /run/crc/enable, /run/test_script/fail_make_request
2025-08-12 02:25:00,301 avocado.test INFO | Variant run-cache_mode-writearound-crc-enable-gc-gc80-test_script-recreate_loop-3140:    /run/cache_mode/writearound, /run/gc/gc80, /run/crc/enable, /run/test_script/recreate_loop
2025-08-12 02:25:00,301 avocado.test INFO | Variant run-cache_mode-writearound-crc-disable-gc-gc80-test_script-default-9c0c:    /run/cache_mode/writearound, /run/gc/gc80, /run/crc/disable, /run/test_script/default
2025-08-12 02:25:00,301 avocado.test INFO | Variant run-cache_mode-writearound-crc-disable-gc-gc80-test_script-xfstests-f925:    /run/cache_mode/writearound, /run/gc/gc80, /run/crc/disable, /run/test_script/xfstests
2025-08-12 02:25:00,301 avocado.test INFO | Variant run-cache_mode-writearound-crc-disable-gc-gc80-test_script-misc-b299:    /run/cache_mode/writearound, /run/gc/gc80, /run/crc/disable, /run/test_script/misc
2025-08-12 02:25:00,301 avocado.test INFO | Variant run-cache_mode-writearound-crc-disable-gc-gc80-test_script-failslab-a52e:    /run/cache_mode/writearound, /run/gc/gc80, /run/crc/disable, /run/test_script/failslab
2025-08-12 02:25:00,301 avocado.test INFO | Variant run-cache_mode-writearound-crc-disable-gc-gc80-test_script-fail_make_request-83d6:    /run/cache_mode/writearound, /run/gc/gc80, /run/crc/disable, /run/test_script/fail_make_request
2025-08-12 02:25:00,301 avocado.test INFO | Variant run-cache_mode-writearound-crc-disable-gc-gc80-test_script-recreate_loop-0910:    /run/cache_mode/writearound, /run/gc/gc80, /run/crc/disable, /run/test_script/recreate_loop
2025-08-12 02:25:00,301 avocado.test INFO | Variant run-cache_mode-writeonly-crc-enable-gc-gc0-test_script-default-98fc:    /run/cache_mode/writeonly, /run/gc/gc0, /run/crc/enable, /run/test_script/default
2025-08-12 02:25:00,301 avocado.test INFO | Variant run-cache_mode-writeonly-crc-enable-gc-gc0-test_script-xfstests-4a11:    /run/cache_mode/writeonly, /run/gc/gc0, /run/crc/enable, /run/test_script/xfstests
2025-08-12 02:25:00,301 avocado.test INFO | Variant run-cache_mode-writeonly-crc-enable-gc-gc0-test_script-misc-1f09:    /run/cache_mode/writeonly, /run/gc/gc0, /run/crc/enable, /run/test_script/misc
2025-08-12 02:25:00,301 avocado.test INFO | Variant run-cache_mode-writeonly-crc-enable-gc-gc0-test_script-failslab-791b:    /run/cache_mode/writeonly, /run/gc/gc0, /run/crc/enable, /run/test_script/failslab
2025-08-12 02:25:00,301 avocado.test INFO | Variant run-cache_mode-writeonly-crc-enable-gc-gc0-test_script-fail_make_request-2a45:    /run/cache_mode/writeonly, /run/gc/gc0, /run/crc/enable, /run/test_script/fail_make_request
2025-08-12 02:25:00,301 avocado.test INFO | Variant run-cache_mode-writeonly-crc-enable-gc-gc0-test_script-recreate_loop-bb85:    /run/cache_mode/writeonly, /run/gc/gc0, /run/crc/enable, /run/test_script/recreate_loop
2025-08-12 02:25:00,301 avocado.test INFO | Variant run-cache_mode-writeonly-crc-disable-gc-gc0-test_script-default-58d7:    /run/cache_mode/writeonly, /run/gc/gc0, /run/crc/disable, /run/test_script/default
2025-08-12 02:25:00,301 avocado.test INFO | Variant run-cache_mode-writeonly-crc-disable-gc-gc0-test_script-xfstests-ae82:    /run/cache_mode/writeonly, /run/gc/gc0, /run/crc/disable, /run/test_script/xfstests
2025-08-12 02:25:00,301 avocado.test INFO | Variant run-cache_mode-writeonly-crc-disable-gc-gc0-test_script-misc-3204:    /run/cache_mode/writeonly, /run/gc/gc0, /run/crc/disable, /run/test_script/misc
2025-08-12 02:25:00,301 avocado.test INFO | Variant run-cache_mode-writeonly-crc-disable-gc-gc0-test_script-failslab-bec3:    /run/cache_mode/writeonly, /run/gc/gc0, /run/crc/disable, /run/test_script/failslab
2025-08-12 02:25:00,301 avocado.test INFO | Variant run-cache_mode-writeonly-crc-disable-gc-gc0-test_script-fail_make_request-3684:    /run/cache_mode/writeonly, /run/gc/gc0, /run/crc/disable, /run/test_script/fail_make_request
2025-08-12 02:25:00,301 avocado.test INFO | Variant run-cache_mode-writeonly-crc-disable-gc-gc0-test_script-recreate_loop-8669:    /run/cache_mode/writeonly, /run/gc/gc0, /run/crc/disable, /run/test_script/recreate_loop
2025-08-12 02:25:00,301 avocado.test INFO | Variant run-cache_mode-writeonly-crc-enable-gc-gc80-test_script-default-5d1b:    /run/cache_mode/writeonly, /run/gc/gc80, /run/crc/enable, /run/test_script/default
2025-08-12 02:25:00,301 avocado.test INFO | Variant run-cache_mode-writeonly-crc-enable-gc-gc80-test_script-xfstests-c851:    /run/cache_mode/writeonly, /run/gc/gc80, /run/crc/enable, /run/test_script/xfstests
2025-08-12 02:25:00,301 avocado.test INFO | Variant run-cache_mode-writeonly-crc-enable-gc-gc80-test_script-misc-24ff:    /run/cache_mode/writeonly, /run/gc/gc80, /run/crc/enable, /run/test_script/misc
2025-08-12 02:25:00,301 avocado.test INFO | Variant run-cache_mode-writeonly-crc-enable-gc-gc80-test_script-failslab-3074:    /run/cache_mode/writeonly, /run/gc/gc80, /run/crc/enable, /run/test_script/failslab
2025-08-12 02:25:00,301 avocado.test INFO | Variant run-cache_mode-writeonly-crc-enable-gc-gc80-test_script-fail_make_request-3a28:    /run/cache_mode/writeonly, /run/gc/gc80, /run/crc/enable, /run/test_script/fail_make_request
2025-08-12 02:25:00,301 avocado.test INFO | Variant run-cache_mode-writeonly-crc-enable-gc-gc80-test_script-recreate_loop-8623:    /run/cache_mode/writeonly, /run/gc/gc80, /run/crc/enable, /run/test_script/recreate_loop
2025-08-12 02:25:00,301 avocado.test INFO | Variant run-cache_mode-writeonly-crc-disable-gc-gc80-test_script-default-3529:    /run/cache_mode/writeonly, /run/gc/gc80, /run/crc/disable, /run/test_script/default
2025-08-12 02:25:00,301 avocado.test INFO | Variant run-cache_mode-writeonly-crc-disable-gc-gc80-test_script-xfstests-a061:    /run/cache_mode/writeonly, /run/gc/gc80, /run/crc/disable, /run/test_script/xfstests
2025-08-12 02:25:00,301 avocado.test INFO | Variant run-cache_mode-writeonly-crc-disable-gc-gc80-test_script-misc-1521:    /run/cache_mode/writeonly, /run/gc/gc80, /run/crc/disable, /run/test_script/misc
2025-08-12 02:25:00,301 avocado.test INFO | Variant run-cache_mode-writeonly-crc-disable-gc-gc80-test_script-failslab-0356:    /run/cache_mode/writeonly, /run/gc/gc80, /run/crc/disable, /run/test_script/failslab
2025-08-12 02:25:00,301 avocado.test INFO | Variant run-cache_mode-writeonly-crc-disable-gc-gc80-test_script-fail_make_request-369c:    /run/cache_mode/writeonly, /run/gc/gc80, /run/crc/disable, /run/test_script/fail_make_request
2025-08-12 02:25:00,301 avocado.test INFO | Variant run-cache_mode-writeonly-crc-disable-gc-gc80-test_script-recreate_loop-b19f:    /run/cache_mode/writeonly, /run/gc/gc80, /run/crc/disable, /run/test_script/recreate_loop
2025-08-12 02:25:00,301 avocado.test INFO | Temporary dir: /var/tmp/avocado_tmp_aioya28f/avocado_job_rjrb50et
2025-08-12 02:25:00,301 avocado.test INFO | 
2025-08-12 02:25:00,301 avocado.test INFO | Job ID: 2be3cd4c700eb20bbe03514f4591c51302c770a0
2025-08-12 02:25:00,301 avocado.test INFO | 
2025-08-12 02:25:00,948 avocado.core.task.statemachine DEBUG| <Worker spawner="<avocado.plugins.spawners.process.ProcessSpawner object at 0x79fe40575ca0>" max_triaging=64 max_running=1 task_timeout=None> has been initialized
2025-08-12 02:25:00,949 avocado.core.task.statemachine DEBUG| Task "01-./pcache.py:PcacheTest.test;run-cache_mode-writeback-crc-enable-gc-gc0-test_script-default-9043": requested -> triaging
2025-08-12 02:25:00,949 avocado.core.task.statemachine DEBUG| Task "01-./pcache.py:PcacheTest.test;run-cache_mode-writeback-crc-enable-gc-gc0-test_script-default-9043": requirements OK (will proceed to check dependencies)
2025-08-12 02:25:00,949 avocado.core.task.statemachine DEBUG| Task "01-./pcache.py:PcacheTest.test;run-cache_mode-writeback-crc-enable-gc-gc0-test_script-default-9043": about to be spawned with "<avocado.plugins.spawners.process.ProcessSpawner object at 0x79fe40575ca0>"
2025-08-12 02:25:00,951 avocado.core.task.statemachine DEBUG| Task "01-./pcache.py:PcacheTest.test;run-cache_mode-writeback-crc-enable-gc-gc0-test_script-default-9043": spawned successfully
2025-08-12 02:25:01,234 avocado.core.status.repo DEBUG| Task "01-./pcache.py:PcacheTest.test;run-cache_mode-writeback-crc-enable-gc-gc0-test_script-default-9043" started message: "{'status': 'started', 'time': 48.212101902, 'output_dir': '/root/avocado/job-results/job-2025-08-12T02.24-2be3cd4/test-results/01-._pcache.py_PcacheTest.test_run-cache_mode-writeback-crc-enable-gc-gc0-test_script-default-9043', 'id': '01-./pcache.py:PcacheTest.test;run-cache_mode-writeback-crc-enable-gc-gc0-test_script-default-9043'}"
2025-08-12 02:25:01,252 avocado.test INFO | ./pcache.py:PcacheTest.test;run-cache_mode-writeback-crc-enable-gc-gc0-test_script-default-9043: STARTED
2025-08-12 02:25:03,627 avocado.core.status.repo DEBUG| Task "01-./pcache.py:PcacheTest.test;run-cache_mode-writeback-crc-enable-gc-gc0-test_script-default-9043" finished message: "{'result': 'pass', 'status': 'finished', 'time': 50.514568302}"
2025-08-12 02:25:03,740 avocado.test INFO | ./pcache.py:PcacheTest.test;run-cache_mode-writeback-crc-enable-gc-gc0-test_script-default-9043: PASS
2025-08-12 02:25:03,740 avocado.test INFO | More information in /root/avocado/job-results/job-2025-08-12T02.24-2be3cd4/test-results/01-._pcache.py_PcacheTest.test_run-cache_mode-writeback-crc-enable-gc-gc0-test_script-default-9043
2025-08-12 02:25:03,741 avocado.core.task.statemachine DEBUG| Task "01-./pcache.py:PcacheTest.test;run-cache_mode-writeback-crc-enable-gc-gc0-test_script-default-9043" finished
2025-08-12 02:25:03,741 avocado.core.task.statemachine DEBUG| Task "02-./pcache.py:PcacheTest.test;run-cache_mode-writeback-crc-enable-gc-gc0-test_script-xfstests-0a78": requested -> triaging
2025-08-12 02:25:03,741 avocado.core.task.statemachine DEBUG| Task "02-./pcache.py:PcacheTest.test;run-cache_mode-writeback-crc-enable-gc-gc0-test_script-xfstests-0a78": requirements OK (will proceed to check dependencies)
2025-08-12 02:25:03,741 avocado.core.task.statemachine DEBUG| Task "02-./pcache.py:PcacheTest.test;run-cache_mode-writeback-crc-enable-gc-gc0-test_script-xfstests-0a78": about to be spawned with "<avocado.plugins.spawners.process.ProcessSpawner object at 0x79fe40575ca0>"
2025-08-12 02:25:03,744 avocado.core.task.statemachine DEBUG| Task "02-./pcache.py:PcacheTest.test;run-cache_mode-writeback-crc-enable-gc-gc0-test_script-xfstests-0a78": spawned successfully
2025-08-12 02:25:04,033 avocado.core.status.repo DEBUG| Task "02-./pcache.py:PcacheTest.test;run-cache_mode-writeback-crc-enable-gc-gc0-test_script-xfstests-0a78" started message: "{'status': 'started', 'time': 51.010391232, 'output_dir': '/root/avocado/job-results/job-2025-08-12T02.24-2be3cd4/test-results/02-._pcache.py_PcacheTest.test_run-cache_mode-writeback-crc-enable-gc-gc0-test_script-xfstests-0a78', 'id': '02-./pcache.py:PcacheTest.test;run-cache_mode-writeback-crc-enable-gc-gc0-test_script-xfstests-0a78'}"
2025-08-12 02:25:04,044 avocado.test INFO | ./pcache.py:PcacheTest.test;run-cache_mode-writeback-crc-enable-gc-gc0-test_script-xfstests-0a78: STARTED
2025-08-12 02:44:34,355 avocado.core.status.repo DEBUG| Task "02-./pcache.py:PcacheTest.test;run-cache_mode-writeback-crc-enable-gc-gc0-test_script-xfstests-0a78" finished message: "{'result': 'pass', 'status': 'finished', 'time': 1221.243263183}"
2025-08-12 02:44:34,438 avocado.test INFO | ./pcache.py:PcacheTest.test;run-cache_mode-writeback-crc-enable-gc-gc0-test_script-xfstests-0a78: PASS
2025-08-12 02:44:34,439 avocado.test INFO | More information in /root/avocado/job-results/job-2025-08-12T02.24-2be3cd4/test-results/02-._pcache.py_PcacheTest.test_run-cache_mode-writeback-crc-enable-gc-gc0-test_script-xfstests-0a78
2025-08-12 02:44:34,458 avocado.core.task.statemachine DEBUG| Task "02-./pcache.py:PcacheTest.test;run-cache_mode-writeback-crc-enable-gc-gc0-test_script-xfstests-0a78" finished
2025-08-12 02:44:34,459 avocado.core.task.statemachine DEBUG| Task "03-./pcache.py:PcacheTest.test;run-cache_mode-writeback-crc-enable-gc-gc0-test_script-misc-91ce": requested -> triaging
2025-08-12 02:44:34,459 avocado.core.task.statemachine DEBUG| Task "03-./pcache.py:PcacheTest.test;run-cache_mode-writeback-crc-enable-gc-gc0-test_script-misc-91ce": requirements OK (will proceed to check dependencies)
2025-08-12 02:44:34,459 avocado.core.task.statemachine DEBUG| Task "03-./pcache.py:PcacheTest.test;run-cache_mode-writeback-crc-enable-gc-gc0-test_script-misc-91ce": about to be spawned with "<avocado.plugins.spawners.process.ProcessSpawner object at 0x79fe40575ca0>"
2025-08-12 02:44:34,465 avocado.core.task.statemachine DEBUG| Task "03-./pcache.py:PcacheTest.test;run-cache_mode-writeback-crc-enable-gc-gc0-test_script-misc-91ce": spawned successfully
2025-08-12 02:44:35,656 avocado.core.status.repo DEBUG| Task "03-./pcache.py:PcacheTest.test;run-cache_mode-writeback-crc-enable-gc-gc0-test_script-misc-91ce" started message: "{'status': 'started', 'time': 1222.63396331, 'output_dir': '/root/avocado/job-results/job-2025-08-12T02.24-2be3cd4/test-results/03-._pcache.py_PcacheTest.test_run-cache_mode-writeback-crc-enable-gc-gc0-test_script-misc-91ce', 'id': '03-./pcache.py:PcacheTest.test;run-cache_mode-writeback-crc-enable-gc-gc0-test_script-misc-91ce'}"
2025-08-12 02:44:35,698 avocado.test INFO | ./pcache.py:PcacheTest.test;run-cache_mode-writeback-crc-enable-gc-gc0-test_script-misc-91ce: STARTED
2025-08-12 02:45:56,784 avocado.core.status.repo DEBUG| Task "03-./pcache.py:PcacheTest.test;run-cache_mode-writeback-crc-enable-gc-gc0-test_script-misc-91ce" finished message: "{'result': 'pass', 'status': 'finished', 'time': 1303.683262563}"
2025-08-12 02:45:56,889 avocado.test INFO | ./pcache.py:PcacheTest.test;run-cache_mode-writeback-crc-enable-gc-gc0-test_script-misc-91ce: PASS
2025-08-12 02:45:56,889 avocado.test INFO | More information in /root/avocado/job-results/job-2025-08-12T02.24-2be3cd4/test-results/03-._pcache.py_PcacheTest.test_run-cache_mode-writeback-crc-enable-gc-gc0-test_script-misc-91ce
2025-08-12 02:45:56,890 avocado.core.task.statemachine DEBUG| Task "03-./pcache.py:PcacheTest.test;run-cache_mode-writeback-crc-enable-gc-gc0-test_script-misc-91ce" finished
2025-08-12 02:45:56,891 avocado.core.task.statemachine DEBUG| Task "04-./pcache.py:PcacheTest.test;run-cache_mode-writeback-crc-enable-gc-gc0-test_script-failslab-be61": requested -> triaging
2025-08-12 02:45:56,891 avocado.core.task.statemachine DEBUG| Task "04-./pcache.py:PcacheTest.test;run-cache_mode-writeback-crc-enable-gc-gc0-test_script-failslab-be61": requirements OK (will proceed to check dependencies)
2025-08-12 02:45:56,891 avocado.core.task.statemachine DEBUG| Task "04-./pcache.py:PcacheTest.test;run-cache_mode-writeback-crc-enable-gc-gc0-test_script-failslab-be61": about to be spawned with "<avocado.plugins.spawners.process.ProcessSpawner object at 0x79fe40575ca0>"
2025-08-12 02:45:56,894 avocado.core.task.statemachine DEBUG| Task "04-./pcache.py:PcacheTest.test;run-cache_mode-writeback-crc-enable-gc-gc0-test_script-failslab-be61": spawned successfully
2025-08-12 02:45:57,179 avocado.core.status.repo DEBUG| Task "04-./pcache.py:PcacheTest.test;run-cache_mode-writeback-crc-enable-gc-gc0-test_script-failslab-be61" started message: "{'status': 'started', 'time': 1304.157798346, 'output_dir': '/root/avocado/job-results/job-2025-08-12T02.24-2be3cd4/test-results/04-._pcache.py_PcacheTest.test_run-cache_mode-writeback-crc-enable-gc-gc0-test_script-failslab-be61', 'id': '04-./pcache.py:PcacheTest.test;run-cache_mode-writeback-crc-enable-gc-gc0-test_script-failslab-be61'}"
2025-08-12 02:45:57,192 avocado.test INFO | ./pcache.py:PcacheTest.test;run-cache_mode-writeback-crc-enable-gc-gc0-test_script-failslab-be61: STARTED
2025-08-12 02:46:37,332 avocado.core.status.repo DEBUG| Task "04-./pcache.py:PcacheTest.test;run-cache_mode-writeback-crc-enable-gc-gc0-test_script-failslab-be61" finished message: "{'result': 'pass', 'status': 'finished', 'time': 1344.214674884}"
2025-08-12 02:46:37,423 avocado.test INFO | ./pcache.py:PcacheTest.test;run-cache_mode-writeback-crc-enable-gc-gc0-test_script-failslab-be61: PASS
2025-08-12 02:46:37,424 avocado.test INFO | More information in /root/avocado/job-results/job-2025-08-12T02.24-2be3cd4/test-results/04-._pcache.py_PcacheTest.test_run-cache_mode-writeback-crc-enable-gc-gc0-test_script-failslab-be61
2025-08-12 02:46:37,424 avocado.core.task.statemachine DEBUG| Task "04-./pcache.py:PcacheTest.test;run-cache_mode-writeback-crc-enable-gc-gc0-test_script-failslab-be61" finished
2025-08-12 02:46:37,425 avocado.core.task.statemachine DEBUG| Task "05-./pcache.py:PcacheTest.test;run-cache_mode-writeback-crc-enable-gc-gc0-test_script-fail_make_request-93ee": requested -> triaging
2025-08-12 02:46:37,425 avocado.core.task.statemachine DEBUG| Task "05-./pcache.py:PcacheTest.test;run-cache_mode-writeback-crc-enable-gc-gc0-test_script-fail_make_request-93ee": requirements OK (will proceed to check dependencies)
2025-08-12 02:46:37,425 avocado.core.task.statemachine DEBUG| Task "05-./pcache.py:PcacheTest.test;run-cache_mode-writeback-crc-enable-gc-gc0-test_script-fail_make_request-93ee": about to be spawned with "<avocado.plugins.spawners.process.ProcessSpawner object at 0x79fe40575ca0>"
2025-08-12 02:46:37,428 avocado.core.task.statemachine DEBUG| Task "05-./pcache.py:PcacheTest.test;run-cache_mode-writeback-crc-enable-gc-gc0-test_script-fail_make_request-93ee": spawned successfully
2025-08-12 02:46:37,716 avocado.core.status.repo DEBUG| Task "05-./pcache.py:PcacheTest.test;run-cache_mode-writeback-crc-enable-gc-gc0-test_script-fail_make_request-93ee" started message: "{'status': 'started', 'time': 1344.694599802, 'output_dir': '/root/avocado/job-results/job-2025-08-12T02.24-2be3cd4/test-results/05-._pcache.py_PcacheTest.test_run-cache_mode-writeback-crc-enable-gc-gc0-test_script-fail_make_request-93ee', 'id': '05-./pcache.py:PcacheTest.test;run-cache_mode-writeback-crc-enable-gc-gc0-test_script-fail_make_request-93ee'}"
2025-08-12 02:46:37,727 avocado.test INFO | ./pcache.py:PcacheTest.test;run-cache_mode-writeback-crc-enable-gc-gc0-test_script-fail_make_request-93ee: STARTED
2025-08-12 02:46:41,416 avocado.core.status.repo DEBUG| Task "05-./pcache.py:PcacheTest.test;run-cache_mode-writeback-crc-enable-gc-gc0-test_script-fail_make_request-93ee" finished message: "{'result': 'pass', 'status': 'finished', 'time': 1348.301254792}"
2025-08-12 02:46:43,133 avocado.test INFO | ./pcache.py:PcacheTest.test;run-cache_mode-writeback-crc-enable-gc-gc0-test_script-fail_make_request-93ee: PASS
2025-08-12 02:46:43,133 avocado.test INFO | More information in /root/avocado/job-results/job-2025-08-12T02.24-2be3cd4/test-results/05-._pcache.py_PcacheTest.test_run-cache_mode-writeback-crc-enable-gc-gc0-test_script-fail_make_request-93ee
2025-08-12 02:46:43,134 avocado.core.task.statemachine DEBUG| Task "05-./pcache.py:PcacheTest.test;run-cache_mode-writeback-crc-enable-gc-gc0-test_script-fail_make_request-93ee" finished
2025-08-12 02:46:43,135 avocado.core.task.statemachine DEBUG| Task "06-./pcache.py:PcacheTest.test;run-cache_mode-writeback-crc-enable-gc-gc0-test_script-recreate_loop-5df2": requested -> triaging
2025-08-12 02:46:43,135 avocado.core.task.statemachine DEBUG| Task "06-./pcache.py:PcacheTest.test;run-cache_mode-writeback-crc-enable-gc-gc0-test_script-recreate_loop-5df2": requirements OK (will proceed to check dependencies)
2025-08-12 02:46:43,135 avocado.core.task.statemachine DEBUG| Task "06-./pcache.py:PcacheTest.test;run-cache_mode-writeback-crc-enable-gc-gc0-test_script-recreate_loop-5df2": about to be spawned with "<avocado.plugins.spawners.process.ProcessSpawner object at 0x79fe40575ca0>"
2025-08-12 02:46:43,138 avocado.core.task.statemachine DEBUG| Task "06-./pcache.py:PcacheTest.test;run-cache_mode-writeback-crc-enable-gc-gc0-test_script-recreate_loop-5df2": spawned successfully
2025-08-12 02:46:43,427 avocado.core.status.repo DEBUG| Task "06-./pcache.py:PcacheTest.test;run-cache_mode-writeback-crc-enable-gc-gc0-test_script-recreate_loop-5df2" started message: "{'status': 'started', 'time': 1350.406089687, 'output_dir': '/root/avocado/job-results/job-2025-08-12T02.24-2be3cd4/test-results/06-._pcache.py_PcacheTest.test_run-cache_mode-writeback-crc-enable-gc-gc0-test_script-recreate_loop-5df2', 'id': '06-./pcache.py:PcacheTest.test;run-cache_mode-writeback-crc-enable-gc-gc0-test_script-recreate_loop-5df2'}"
2025-08-12 02:46:43,439 avocado.test INFO | ./pcache.py:PcacheTest.test;run-cache_mode-writeback-crc-enable-gc-gc0-test_script-recreate_loop-5df2: STARTED
2025-08-12 02:48:01,409 avocado.core.status.repo DEBUG| Task "06-./pcache.py:PcacheTest.test;run-cache_mode-writeback-crc-enable-gc-gc0-test_script-recreate_loop-5df2" finished message: "{'result': 'pass', 'status': 'finished', 'time': 1428.280664858}"
2025-08-12 02:48:01,490 avocado.test INFO | ./pcache.py:PcacheTest.test;run-cache_mode-writeback-crc-enable-gc-gc0-test_script-recreate_loop-5df2: PASS
2025-08-12 02:48:01,490 avocado.test INFO | More information in /root/avocado/job-results/job-2025-08-12T02.24-2be3cd4/test-results/06-._pcache.py_PcacheTest.test_run-cache_mode-writeback-crc-enable-gc-gc0-test_script-recreate_loop-5df2
2025-08-12 02:48:01,492 avocado.core.task.statemachine DEBUG| Task "06-./pcache.py:PcacheTest.test;run-cache_mode-writeback-crc-enable-gc-gc0-test_script-recreate_loop-5df2" finished
2025-08-12 02:48:01,492 avocado.core.task.statemachine DEBUG| Task "07-./pcache.py:PcacheTest.test;run-cache_mode-writeback-crc-disable-gc-gc0-test_script-default-544d": requested -> triaging
2025-08-12 02:48:01,493 avocado.core.task.statemachine DEBUG| Task "07-./pcache.py:PcacheTest.test;run-cache_mode-writeback-crc-disable-gc-gc0-test_script-default-544d": requirements OK (will proceed to check dependencies)
2025-08-12 02:48:01,493 avocado.core.task.statemachine DEBUG| Task "07-./pcache.py:PcacheTest.test;run-cache_mode-writeback-crc-disable-gc-gc0-test_script-default-544d": about to be spawned with "<avocado.plugins.spawners.process.ProcessSpawner object at 0x79fe40575ca0>"
2025-08-12 02:48:01,496 avocado.core.task.statemachine DEBUG| Task "07-./pcache.py:PcacheTest.test;run-cache_mode-writeback-crc-disable-gc-gc0-test_script-default-544d": spawned successfully
2025-08-12 02:48:01,783 avocado.core.status.repo DEBUG| Task "07-./pcache.py:PcacheTest.test;run-cache_mode-writeback-crc-disable-gc-gc0-test_script-default-544d" started message: "{'status': 'started', 'time': 1428.761984414, 'output_dir': '/root/avocado/job-results/job-2025-08-12T02.24-2be3cd4/test-results/07-._pcache.py_PcacheTest.test_run-cache_mode-writeback-crc-disable-gc-gc0-test_script-default-544d', 'id': '07-./pcache.py:PcacheTest.test;run-cache_mode-writeback-crc-disable-gc-gc0-test_script-default-544d'}"
2025-08-12 02:48:01,794 avocado.test INFO | ./pcache.py:PcacheTest.test;run-cache_mode-writeback-crc-disable-gc-gc0-test_script-default-544d: STARTED
2025-08-12 02:48:04,242 avocado.core.status.repo DEBUG| Task "07-./pcache.py:PcacheTest.test;run-cache_mode-writeback-crc-disable-gc-gc0-test_script-default-544d" finished message: "{'result': 'pass', 'status': 'finished', 'time': 1431.121329998}"
2025-08-12 02:48:04,298 avocado.test INFO | ./pcache.py:PcacheTest.test;run-cache_mode-writeback-crc-disable-gc-gc0-test_script-default-544d: PASS
2025-08-12 02:48:04,298 avocado.test INFO | More information in /root/avocado/job-results/job-2025-08-12T02.24-2be3cd4/test-results/07-._pcache.py_PcacheTest.test_run-cache_mode-writeback-crc-disable-gc-gc0-test_script-default-544d
2025-08-12 02:48:04,323 avocado.core.task.statemachine DEBUG| Task "07-./pcache.py:PcacheTest.test;run-cache_mode-writeback-crc-disable-gc-gc0-test_script-default-544d" finished
2025-08-12 02:48:04,324 avocado.core.task.statemachine DEBUG| Task "08-./pcache.py:PcacheTest.test;run-cache_mode-writeback-crc-disable-gc-gc0-test_script-xfstests-6005": requested -> triaging
2025-08-12 02:48:04,324 avocado.core.task.statemachine DEBUG| Task "08-./pcache.py:PcacheTest.test;run-cache_mode-writeback-crc-disable-gc-gc0-test_script-xfstests-6005": requirements OK (will proceed to check dependencies)
2025-08-12 02:48:04,324 avocado.core.task.statemachine DEBUG| Task "08-./pcache.py:PcacheTest.test;run-cache_mode-writeback-crc-disable-gc-gc0-test_script-xfstests-6005": about to be spawned with "<avocado.plugins.spawners.process.ProcessSpawner object at 0x79fe40575ca0>"
2025-08-12 02:48:04,327 avocado.core.task.statemachine DEBUG| Task "08-./pcache.py:PcacheTest.test;run-cache_mode-writeback-crc-disable-gc-gc0-test_script-xfstests-6005": spawned successfully
2025-08-12 02:48:04,617 avocado.core.status.repo DEBUG| Task "08-./pcache.py:PcacheTest.test;run-cache_mode-writeback-crc-disable-gc-gc0-test_script-xfstests-6005" started message: "{'status': 'started', 'time': 1431.595184896, 'output_dir': '/root/avocado/job-results/job-2025-08-12T02.24-2be3cd4/test-results/08-._pcache.py_PcacheTest.test_run-cache_mode-writeback-crc-disable-gc-gc0-test_script-xfstests-6005', 'id': '08-./pcache.py:PcacheTest.test;run-cache_mode-writeback-crc-disable-gc-gc0-test_script-xfstests-6005'}"
2025-08-12 02:48:04,653 avocado.test INFO | ./pcache.py:PcacheTest.test;run-cache_mode-writeback-crc-disable-gc-gc0-test_script-xfstests-6005: STARTED
2025-08-12 03:07:24,771 avocado.core.status.repo DEBUG| Task "08-./pcache.py:PcacheTest.test;run-cache_mode-writeback-crc-disable-gc-gc0-test_script-xfstests-6005" finished message: "{'result': 'pass', 'status': 'finished', 'time': 2591.661417563}"
2025-08-12 03:07:24,852 avocado.test INFO | ./pcache.py:PcacheTest.test;run-cache_mode-writeback-crc-disable-gc-gc0-test_script-xfstests-6005: PASS
2025-08-12 03:07:24,852 avocado.test INFO | More information in /root/avocado/job-results/job-2025-08-12T02.24-2be3cd4/test-results/08-._pcache.py_PcacheTest.test_run-cache_mode-writeback-crc-disable-gc-gc0-test_script-xfstests-6005
2025-08-12 03:07:24,863 avocado.core.task.statemachine DEBUG| Task "08-./pcache.py:PcacheTest.test;run-cache_mode-writeback-crc-disable-gc-gc0-test_script-xfstests-6005" finished
2025-08-12 03:07:24,863 avocado.core.task.statemachine DEBUG| Task "09-./pcache.py:PcacheTest.test;run-cache_mode-writeback-crc-disable-gc-gc0-test_script-misc-622b": requested -> triaging
2025-08-12 03:07:24,863 avocado.core.task.statemachine DEBUG| Task "09-./pcache.py:PcacheTest.test;run-cache_mode-writeback-crc-disable-gc-gc0-test_script-misc-622b": requirements OK (will proceed to check dependencies)
2025-08-12 03:07:24,863 avocado.core.task.statemachine DEBUG| Task "09-./pcache.py:PcacheTest.test;run-cache_mode-writeback-crc-disable-gc-gc0-test_script-misc-622b": about to be spawned with "<avocado.plugins.spawners.process.ProcessSpawner object at 0x79fe40575ca0>"
2025-08-12 03:07:24,868 avocado.core.task.statemachine DEBUG| Task "09-./pcache.py:PcacheTest.test;run-cache_mode-writeback-crc-disable-gc-gc0-test_script-misc-622b": spawned successfully
2025-08-12 03:07:25,560 avocado.core.status.repo DEBUG| Task "09-./pcache.py:PcacheTest.test;run-cache_mode-writeback-crc-disable-gc-gc0-test_script-misc-622b" started message: "{'status': 'started', 'time': 2592.538749785, 'output_dir': '/root/avocado/job-results/job-2025-08-12T02.24-2be3cd4/test-results/09-._pcache.py_PcacheTest.test_run-cache_mode-writeback-crc-disable-gc-gc0-test_script-misc-622b', 'id': '09-./pcache.py:PcacheTest.test;run-cache_mode-writeback-crc-disable-gc-gc0-test_script-misc-622b'}"
2025-08-12 03:07:25,607 avocado.test INFO | ./pcache.py:PcacheTest.test;run-cache_mode-writeback-crc-disable-gc-gc0-test_script-misc-622b: STARTED
2025-08-12 03:08:49,272 avocado.core.status.repo DEBUG| Task "09-./pcache.py:PcacheTest.test;run-cache_mode-writeback-crc-disable-gc-gc0-test_script-misc-622b" finished message: "{'result': 'pass', 'status': 'finished', 'time': 2676.175107626}"
2025-08-12 03:08:49,365 avocado.test INFO | ./pcache.py:PcacheTest.test;run-cache_mode-writeback-crc-disable-gc-gc0-test_script-misc-622b: PASS
2025-08-12 03:08:49,365 avocado.test INFO | More information in /root/avocado/job-results/job-2025-08-12T02.24-2be3cd4/test-results/09-._pcache.py_PcacheTest.test_run-cache_mode-writeback-crc-disable-gc-gc0-test_script-misc-622b
2025-08-12 03:08:49,366 avocado.core.task.statemachine DEBUG| Task "09-./pcache.py:PcacheTest.test;run-cache_mode-writeback-crc-disable-gc-gc0-test_script-misc-622b" finished
2025-08-12 03:08:49,366 avocado.core.task.statemachine DEBUG| Task "10-./pcache.py:PcacheTest.test;run-cache_mode-writeback-crc-disable-gc-gc0-test_script-failslab-88fe": requested -> triaging
2025-08-12 03:08:49,367 avocado.core.task.statemachine DEBUG| Task "10-./pcache.py:PcacheTest.test;run-cache_mode-writeback-crc-disable-gc-gc0-test_script-failslab-88fe": requirements OK (will proceed to check dependencies)
2025-08-12 03:08:49,367 avocado.core.task.statemachine DEBUG| Task "10-./pcache.py:PcacheTest.test;run-cache_mode-writeback-crc-disable-gc-gc0-test_script-failslab-88fe": about to be spawned with "<avocado.plugins.spawners.process.ProcessSpawner object at 0x79fe40575ca0>"
2025-08-12 03:08:49,369 avocado.core.task.statemachine DEBUG| Task "10-./pcache.py:PcacheTest.test;run-cache_mode-writeback-crc-disable-gc-gc0-test_script-failslab-88fe": spawned successfully
2025-08-12 03:08:49,655 avocado.core.status.repo DEBUG| Task "10-./pcache.py:PcacheTest.test;run-cache_mode-writeback-crc-disable-gc-gc0-test_script-failslab-88fe" started message: "{'status': 'started', 'time': 2676.633501288, 'output_dir': '/root/avocado/job-results/job-2025-08-12T02.24-2be3cd4/test-results/10-._pcache.py_PcacheTest.test_run-cache_mode-writeback-crc-disable-gc-gc0-test_script-failslab-88fe', 'id': '10-./pcache.py:PcacheTest.test;run-cache_mode-writeback-crc-disable-gc-gc0-test_script-failslab-88fe'}"
2025-08-12 03:08:49,668 avocado.test INFO | ./pcache.py:PcacheTest.test;run-cache_mode-writeback-crc-disable-gc-gc0-test_script-failslab-88fe: STARTED
2025-08-12 03:09:29,473 avocado.core.status.repo DEBUG| Task "10-./pcache.py:PcacheTest.test;run-cache_mode-writeback-crc-disable-gc-gc0-test_script-failslab-88fe" finished message: "{'result': 'pass', 'status': 'finished', 'time': 2716.357190631}"
2025-08-12 03:09:29,568 avocado.test INFO | ./pcache.py:PcacheTest.test;run-cache_mode-writeback-crc-disable-gc-gc0-test_script-failslab-88fe: PASS
2025-08-12 03:09:29,568 avocado.test INFO | More information in /root/avocado/job-results/job-2025-08-12T02.24-2be3cd4/test-results/10-._pcache.py_PcacheTest.test_run-cache_mode-writeback-crc-disable-gc-gc0-test_script-failslab-88fe
2025-08-12 03:09:29,569 avocado.core.task.statemachine DEBUG| Task "10-./pcache.py:PcacheTest.test;run-cache_mode-writeback-crc-disable-gc-gc0-test_script-failslab-88fe" finished
2025-08-12 03:09:29,569 avocado.core.task.statemachine DEBUG| Task "11-./pcache.py:PcacheTest.test;run-cache_mode-writeback-crc-disable-gc-gc0-test_script-fail_make_request-ff3c": requested -> triaging
2025-08-12 03:09:29,569 avocado.core.task.statemachine DEBUG| Task "11-./pcache.py:PcacheTest.test;run-cache_mode-writeback-crc-disable-gc-gc0-test_script-fail_make_request-ff3c": requirements OK (will proceed to check dependencies)
2025-08-12 03:09:29,569 avocado.core.task.statemachine DEBUG| Task "11-./pcache.py:PcacheTest.test;run-cache_mode-writeback-crc-disable-gc-gc0-test_script-fail_make_request-ff3c": about to be spawned with "<avocado.plugins.spawners.process.ProcessSpawner object at 0x79fe40575ca0>"
2025-08-12 03:09:29,572 avocado.core.task.statemachine DEBUG| Task "11-./pcache.py:PcacheTest.test;run-cache_mode-writeback-crc-disable-gc-gc0-test_script-fail_make_request-ff3c": spawned successfully
2025-08-12 03:09:29,861 avocado.core.status.repo DEBUG| Task "11-./pcache.py:PcacheTest.test;run-cache_mode-writeback-crc-disable-gc-gc0-test_script-fail_make_request-ff3c" started message: "{'status': 'started', 'time': 2716.840066725, 'output_dir': '/root/avocado/job-results/job-2025-08-12T02.24-2be3cd4/test-results/11-._pcache.py_PcacheTest.test_run-cache_mode-writeback-crc-disable-gc-gc0-test_script-fail_make_request-ff3c', 'id': '11-./pcache.py:PcacheTest.test;run-cache_mode-writeback-crc-disable-gc-gc0-test_script-fail_make_request-ff3c'}"
2025-08-12 03:09:29,873 avocado.test INFO | ./pcache.py:PcacheTest.test;run-cache_mode-writeback-crc-disable-gc-gc0-test_script-fail_make_request-ff3c: STARTED
2025-08-12 03:09:33,636 avocado.core.status.repo DEBUG| Task "11-./pcache.py:PcacheTest.test;run-cache_mode-writeback-crc-disable-gc-gc0-test_script-fail_make_request-ff3c" finished message: "{'result': 'pass', 'status': 'finished', 'time': 2720.513154572}"
2025-08-12 03:09:35,336 avocado.test INFO | ./pcache.py:PcacheTest.test;run-cache_mode-writeback-crc-disable-gc-gc0-test_script-fail_make_request-ff3c: PASS
2025-08-12 03:09:35,337 avocado.test INFO | More information in /root/avocado/job-results/job-2025-08-12T02.24-2be3cd4/test-results/11-._pcache.py_PcacheTest.test_run-cache_mode-writeback-crc-disable-gc-gc0-test_script-fail_make_request-ff3c
2025-08-12 03:09:35,338 avocado.core.task.statemachine DEBUG| Task "11-./pcache.py:PcacheTest.test;run-cache_mode-writeback-crc-disable-gc-gc0-test_script-fail_make_request-ff3c" finished
2025-08-12 03:09:35,338 avocado.core.task.statemachine DEBUG| Task "12-./pcache.py:PcacheTest.test;run-cache_mode-writeback-crc-disable-gc-gc0-test_script-recreate_loop-d0cb": requested -> triaging
2025-08-12 03:09:35,338 avocado.core.task.statemachine DEBUG| Task "12-./pcache.py:PcacheTest.test;run-cache_mode-writeback-crc-disable-gc-gc0-test_script-recreate_loop-d0cb": requirements OK (will proceed to check dependencies)
2025-08-12 03:09:35,338 avocado.core.task.statemachine DEBUG| Task "12-./pcache.py:PcacheTest.test;run-cache_mode-writeback-crc-disable-gc-gc0-test_script-recreate_loop-d0cb": about to be spawned with "<avocado.plugins.spawners.process.ProcessSpawner object at 0x79fe40575ca0>"
2025-08-12 03:09:35,342 avocado.core.task.statemachine DEBUG| Task "12-./pcache.py:PcacheTest.test;run-cache_mode-writeback-crc-disable-gc-gc0-test_script-recreate_loop-d0cb": spawned successfully
2025-08-12 03:09:35,635 avocado.core.status.repo DEBUG| Task "12-./pcache.py:PcacheTest.test;run-cache_mode-writeback-crc-disable-gc-gc0-test_script-recreate_loop-d0cb" started message: "{'status': 'started', 'time': 2722.613338258, 'output_dir': '/root/avocado/job-results/job-2025-08-12T02.24-2be3cd4/test-results/12-._pcache.py_PcacheTest.test_run-cache_mode-writeback-crc-disable-gc-gc0-test_script-recreate_loop-d0cb', 'id': '12-./pcache.py:PcacheTest.test;run-cache_mode-writeback-crc-disable-gc-gc0-test_script-recreate_loop-d0cb'}"
2025-08-12 03:09:35,640 avocado.test INFO | ./pcache.py:PcacheTest.test;run-cache_mode-writeback-crc-disable-gc-gc0-test_script-recreate_loop-d0cb: STARTED
2025-08-12 03:10:49,422 avocado.core.status.repo DEBUG| Task "12-./pcache.py:PcacheTest.test;run-cache_mode-writeback-crc-disable-gc-gc0-test_script-recreate_loop-d0cb" finished message: "{'result': 'pass', 'status': 'finished', 'time': 2796.304535159}"
2025-08-12 03:10:49,497 avocado.test INFO | ./pcache.py:PcacheTest.test;run-cache_mode-writeback-crc-disable-gc-gc0-test_script-recreate_loop-d0cb: PASS
2025-08-12 03:10:49,497 avocado.test INFO | More information in /root/avocado/job-results/job-2025-08-12T02.24-2be3cd4/test-results/12-._pcache.py_PcacheTest.test_run-cache_mode-writeback-crc-disable-gc-gc0-test_script-recreate_loop-d0cb
2025-08-12 03:10:49,506 avocado.core.task.statemachine DEBUG| Task "12-./pcache.py:PcacheTest.test;run-cache_mode-writeback-crc-disable-gc-gc0-test_script-recreate_loop-d0cb" finished
2025-08-12 03:10:49,507 avocado.core.task.statemachine DEBUG| Task "13-./pcache.py:PcacheTest.test;run-cache_mode-writeback-crc-enable-gc-gc80-test_script-default-a64d": requested -> triaging
2025-08-12 03:10:49,507 avocado.core.task.statemachine DEBUG| Task "13-./pcache.py:PcacheTest.test;run-cache_mode-writeback-crc-enable-gc-gc80-test_script-default-a64d": requirements OK (will proceed to check dependencies)
2025-08-12 03:10:49,507 avocado.core.task.statemachine DEBUG| Task "13-./pcache.py:PcacheTest.test;run-cache_mode-writeback-crc-enable-gc-gc80-test_script-default-a64d": about to be spawned with "<avocado.plugins.spawners.process.ProcessSpawner object at 0x79fe40575ca0>"
2025-08-12 03:10:49,510 avocado.core.task.statemachine DEBUG| Task "13-./pcache.py:PcacheTest.test;run-cache_mode-writeback-crc-enable-gc-gc80-test_script-default-a64d": spawned successfully
2025-08-12 03:10:49,796 avocado.core.status.repo DEBUG| Task "13-./pcache.py:PcacheTest.test;run-cache_mode-writeback-crc-enable-gc-gc80-test_script-default-a64d" started message: "{'status': 'started', 'time': 2796.774884554, 'output_dir': '/root/avocado/job-results/job-2025-08-12T02.24-2be3cd4/test-results/13-._pcache.py_PcacheTest.test_run-cache_mode-writeback-crc-enable-gc-gc80-test_script-default-a64d', 'id': '13-./pcache.py:PcacheTest.test;run-cache_mode-writeback-crc-enable-gc-gc80-test_script-default-a64d'}"
2025-08-12 03:10:49,800 avocado.test INFO | ./pcache.py:PcacheTest.test;run-cache_mode-writeback-crc-enable-gc-gc80-test_script-default-a64d: STARTED
2025-08-12 03:10:52,313 avocado.core.status.repo DEBUG| Task "13-./pcache.py:PcacheTest.test;run-cache_mode-writeback-crc-enable-gc-gc80-test_script-default-a64d" finished message: "{'result': 'pass', 'status': 'finished', 'time': 2799.193810355}"
2025-08-12 03:10:52,363 avocado.test INFO | ./pcache.py:PcacheTest.test;run-cache_mode-writeback-crc-enable-gc-gc80-test_script-default-a64d: PASS
2025-08-12 03:10:52,363 avocado.test INFO | More information in /root/avocado/job-results/job-2025-08-12T02.24-2be3cd4/test-results/13-._pcache.py_PcacheTest.test_run-cache_mode-writeback-crc-enable-gc-gc80-test_script-default-a64d
2025-08-12 03:10:52,396 avocado.core.task.statemachine DEBUG| Task "13-./pcache.py:PcacheTest.test;run-cache_mode-writeback-crc-enable-gc-gc80-test_script-default-a64d" finished
2025-08-12 03:10:52,396 avocado.core.task.statemachine DEBUG| Task "14-./pcache.py:PcacheTest.test;run-cache_mode-writeback-crc-enable-gc-gc80-test_script-xfstests-46ae": requested -> triaging
2025-08-12 03:10:52,396 avocado.core.task.statemachine DEBUG| Task "14-./pcache.py:PcacheTest.test;run-cache_mode-writeback-crc-enable-gc-gc80-test_script-xfstests-46ae": requirements OK (will proceed to check dependencies)
2025-08-12 03:10:52,396 avocado.core.task.statemachine DEBUG| Task "14-./pcache.py:PcacheTest.test;run-cache_mode-writeback-crc-enable-gc-gc80-test_script-xfstests-46ae": about to be spawned with "<avocado.plugins.spawners.process.ProcessSpawner object at 0x79fe40575ca0>"
2025-08-12 03:10:52,399 avocado.core.task.statemachine DEBUG| Task "14-./pcache.py:PcacheTest.test;run-cache_mode-writeback-crc-enable-gc-gc80-test_script-xfstests-46ae": spawned successfully
2025-08-12 03:10:52,706 avocado.core.status.repo DEBUG| Task "14-./pcache.py:PcacheTest.test;run-cache_mode-writeback-crc-enable-gc-gc80-test_script-xfstests-46ae" started message: "{'status': 'started', 'time': 2799.684571009, 'output_dir': '/root/avocado/job-results/job-2025-08-12T02.24-2be3cd4/test-results/14-._pcache.py_PcacheTest.test_run-cache_mode-writeback-crc-enable-gc-gc80-test_script-xfstests-46ae', 'id': '14-./pcache.py:PcacheTest.test;run-cache_mode-writeback-crc-enable-gc-gc80-test_script-xfstests-46ae'}"
2025-08-12 03:10:52,717 avocado.test INFO | ./pcache.py:PcacheTest.test;run-cache_mode-writeback-crc-enable-gc-gc80-test_script-xfstests-46ae: STARTED
2025-08-12 03:33:07,165 avocado.core.status.repo DEBUG| Task "14-./pcache.py:PcacheTest.test;run-cache_mode-writeback-crc-enable-gc-gc80-test_script-xfstests-46ae" finished message: "{'result': 'pass', 'status': 'finished', 'time': 4134.048680233}"
2025-08-12 03:33:07,232 avocado.test INFO | ./pcache.py:PcacheTest.test;run-cache_mode-writeback-crc-enable-gc-gc80-test_script-xfstests-46ae: PASS
2025-08-12 03:33:07,232 avocado.test INFO | More information in /root/avocado/job-results/job-2025-08-12T02.24-2be3cd4/test-results/14-._pcache.py_PcacheTest.test_run-cache_mode-writeback-crc-enable-gc-gc80-test_script-xfstests-46ae
2025-08-12 03:33:07,254 avocado.core.task.statemachine DEBUG| Task "14-./pcache.py:PcacheTest.test;run-cache_mode-writeback-crc-enable-gc-gc80-test_script-xfstests-46ae" finished
2025-08-12 03:33:07,254 avocado.core.task.statemachine DEBUG| Task "15-./pcache.py:PcacheTest.test;run-cache_mode-writeback-crc-enable-gc-gc80-test_script-misc-bdb1": requested -> triaging
2025-08-12 03:33:07,254 avocado.core.task.statemachine DEBUG| Task "15-./pcache.py:PcacheTest.test;run-cache_mode-writeback-crc-enable-gc-gc80-test_script-misc-bdb1": requirements OK (will proceed to check dependencies)
2025-08-12 03:33:07,254 avocado.core.task.statemachine DEBUG| Task "15-./pcache.py:PcacheTest.test;run-cache_mode-writeback-crc-enable-gc-gc80-test_script-misc-bdb1": about to be spawned with "<avocado.plugins.spawners.process.ProcessSpawner object at 0x79fe40575ca0>"
2025-08-12 03:33:07,259 avocado.core.task.statemachine DEBUG| Task "15-./pcache.py:PcacheTest.test;run-cache_mode-writeback-crc-enable-gc-gc80-test_script-misc-bdb1": spawned successfully
2025-08-12 03:33:08,400 avocado.core.status.repo DEBUG| Task "15-./pcache.py:PcacheTest.test;run-cache_mode-writeback-crc-enable-gc-gc80-test_script-misc-bdb1" started message: "{'status': 'started', 'time': 4135.377923355, 'output_dir': '/root/avocado/job-results/job-2025-08-12T02.24-2be3cd4/test-results/15-._pcache.py_PcacheTest.test_run-cache_mode-writeback-crc-enable-gc-gc80-test_script-misc-bdb1', 'id': '15-./pcache.py:PcacheTest.test;run-cache_mode-writeback-crc-enable-gc-gc80-test_script-misc-bdb1'}"
2025-08-12 03:33:08,441 avocado.test INFO | ./pcache.py:PcacheTest.test;run-cache_mode-writeback-crc-enable-gc-gc80-test_script-misc-bdb1: STARTED
2025-08-12 03:34:29,431 avocado.core.status.repo DEBUG| Task "15-./pcache.py:PcacheTest.test;run-cache_mode-writeback-crc-enable-gc-gc80-test_script-misc-bdb1" finished message: "{'result': 'pass', 'status': 'finished', 'time': 4216.333239085}"
2025-08-12 03:34:29,524 avocado.test INFO | ./pcache.py:PcacheTest.test;run-cache_mode-writeback-crc-enable-gc-gc80-test_script-misc-bdb1: PASS
2025-08-12 03:34:29,524 avocado.test INFO | More information in /root/avocado/job-results/job-2025-08-12T02.24-2be3cd4/test-results/15-._pcache.py_PcacheTest.test_run-cache_mode-writeback-crc-enable-gc-gc80-test_script-misc-bdb1
2025-08-12 03:34:29,525 avocado.core.task.statemachine DEBUG| Task "15-./pcache.py:PcacheTest.test;run-cache_mode-writeback-crc-enable-gc-gc80-test_script-misc-bdb1" finished
2025-08-12 03:34:29,525 avocado.core.task.statemachine DEBUG| Task "16-./pcache.py:PcacheTest.test;run-cache_mode-writeback-crc-enable-gc-gc80-test_script-failslab-7ac4": requested -> triaging
2025-08-12 03:34:29,525 avocado.core.task.statemachine DEBUG| Task "16-./pcache.py:PcacheTest.test;run-cache_mode-writeback-crc-enable-gc-gc80-test_script-failslab-7ac4": requirements OK (will proceed to check dependencies)
2025-08-12 03:34:29,525 avocado.core.task.statemachine DEBUG| Task "16-./pcache.py:PcacheTest.test;run-cache_mode-writeback-crc-enable-gc-gc80-test_script-failslab-7ac4": about to be spawned with "<avocado.plugins.spawners.process.ProcessSpawner object at 0x79fe40575ca0>"
2025-08-12 03:34:29,528 avocado.core.task.statemachine DEBUG| Task "16-./pcache.py:PcacheTest.test;run-cache_mode-writeback-crc-enable-gc-gc80-test_script-failslab-7ac4": spawned successfully
2025-08-12 03:34:29,817 avocado.core.status.repo DEBUG| Task "16-./pcache.py:PcacheTest.test;run-cache_mode-writeback-crc-enable-gc-gc80-test_script-failslab-7ac4" started message: "{'status': 'started', 'time': 4216.795513247, 'output_dir': '/root/avocado/job-results/job-2025-08-12T02.24-2be3cd4/test-results/16-._pcache.py_PcacheTest.test_run-cache_mode-writeback-crc-enable-gc-gc80-test_script-failslab-7ac4', 'id': '16-./pcache.py:PcacheTest.test;run-cache_mode-writeback-crc-enable-gc-gc80-test_script-failslab-7ac4'}"
2025-08-12 03:34:29,828 avocado.test INFO | ./pcache.py:PcacheTest.test;run-cache_mode-writeback-crc-enable-gc-gc80-test_script-failslab-7ac4: STARTED
2025-08-12 03:35:10,275 avocado.core.status.repo DEBUG| Task "16-./pcache.py:PcacheTest.test;run-cache_mode-writeback-crc-enable-gc-gc80-test_script-failslab-7ac4" finished message: "{'result': 'pass', 'status': 'finished', 'time': 4257.150081052}"
2025-08-12 03:35:10,374 avocado.test INFO | ./pcache.py:PcacheTest.test;run-cache_mode-writeback-crc-enable-gc-gc80-test_script-failslab-7ac4: PASS
2025-08-12 03:35:10,374 avocado.test INFO | More information in /root/avocado/job-results/job-2025-08-12T02.24-2be3cd4/test-results/16-._pcache.py_PcacheTest.test_run-cache_mode-writeback-crc-enable-gc-gc80-test_script-failslab-7ac4
2025-08-12 03:35:10,375 avocado.core.task.statemachine DEBUG| Task "16-./pcache.py:PcacheTest.test;run-cache_mode-writeback-crc-enable-gc-gc80-test_script-failslab-7ac4" finished
2025-08-12 03:35:10,375 avocado.core.task.statemachine DEBUG| Task "17-./pcache.py:PcacheTest.test;run-cache_mode-writeback-crc-enable-gc-gc80-test_script-fail_make_request-4a5c": requested -> triaging
2025-08-12 03:35:10,375 avocado.core.task.statemachine DEBUG| Task "17-./pcache.py:PcacheTest.test;run-cache_mode-writeback-crc-enable-gc-gc80-test_script-fail_make_request-4a5c": requirements OK (will proceed to check dependencies)
2025-08-12 03:35:10,375 avocado.core.task.statemachine DEBUG| Task "17-./pcache.py:PcacheTest.test;run-cache_mode-writeback-crc-enable-gc-gc80-test_script-fail_make_request-4a5c": about to be spawned with "<avocado.plugins.spawners.process.ProcessSpawner object at 0x79fe40575ca0>"
2025-08-12 03:35:10,378 avocado.core.task.statemachine DEBUG| Task "17-./pcache.py:PcacheTest.test;run-cache_mode-writeback-crc-enable-gc-gc80-test_script-fail_make_request-4a5c": spawned successfully
2025-08-12 03:35:10,681 avocado.core.status.repo DEBUG| Task "17-./pcache.py:PcacheTest.test;run-cache_mode-writeback-crc-enable-gc-gc80-test_script-fail_make_request-4a5c" started message: "{'status': 'started', 'time': 4257.658799945, 'output_dir': '/root/avocado/job-results/job-2025-08-12T02.24-2be3cd4/test-results/17-._pcache.py_PcacheTest.test_run-cache_mode-writeback-crc-enable-gc-gc80-test_script-fail_make_request-4a5c', 'id': '17-./pcache.py:PcacheTest.test;run-cache_mode-writeback-crc-enable-gc-gc80-test_script-fail_make_request-4a5c'}"
2025-08-12 03:35:10,728 avocado.test INFO | ./pcache.py:PcacheTest.test;run-cache_mode-writeback-crc-enable-gc-gc80-test_script-fail_make_request-4a5c: STARTED
2025-08-12 03:35:14,434 avocado.core.status.repo DEBUG| Task "17-./pcache.py:PcacheTest.test;run-cache_mode-writeback-crc-enable-gc-gc80-test_script-fail_make_request-4a5c" finished message: "{'result': 'pass', 'status': 'finished', 'time': 4261.312319218}"
2025-08-12 03:35:16,275 avocado.test INFO | ./pcache.py:PcacheTest.test;run-cache_mode-writeback-crc-enable-gc-gc80-test_script-fail_make_request-4a5c: PASS
2025-08-12 03:35:16,275 avocado.test INFO | More information in /root/avocado/job-results/job-2025-08-12T02.24-2be3cd4/test-results/17-._pcache.py_PcacheTest.test_run-cache_mode-writeback-crc-enable-gc-gc80-test_script-fail_make_request-4a5c
2025-08-12 03:35:16,276 avocado.core.task.statemachine DEBUG| Task "17-./pcache.py:PcacheTest.test;run-cache_mode-writeback-crc-enable-gc-gc80-test_script-fail_make_request-4a5c" finished
2025-08-12 03:35:16,276 avocado.core.task.statemachine DEBUG| Task "18-./pcache.py:PcacheTest.test;run-cache_mode-writeback-crc-enable-gc-gc80-test_script-recreate_loop-340a": requested -> triaging
2025-08-12 03:35:16,277 avocado.core.task.statemachine DEBUG| Task "18-./pcache.py:PcacheTest.test;run-cache_mode-writeback-crc-enable-gc-gc80-test_script-recreate_loop-340a": requirements OK (will proceed to check dependencies)
2025-08-12 03:35:16,277 avocado.core.task.statemachine DEBUG| Task "18-./pcache.py:PcacheTest.test;run-cache_mode-writeback-crc-enable-gc-gc80-test_script-recreate_loop-340a": about to be spawned with "<avocado.plugins.spawners.process.ProcessSpawner object at 0x79fe40575ca0>"
2025-08-12 03:35:16,280 avocado.core.task.statemachine DEBUG| Task "18-./pcache.py:PcacheTest.test;run-cache_mode-writeback-crc-enable-gc-gc80-test_script-recreate_loop-340a": spawned successfully
2025-08-12 03:35:16,566 avocado.core.status.repo DEBUG| Task "18-./pcache.py:PcacheTest.test;run-cache_mode-writeback-crc-enable-gc-gc80-test_script-recreate_loop-340a" started message: "{'status': 'started', 'time': 4263.54505953, 'output_dir': '/root/avocado/job-results/job-2025-08-12T02.24-2be3cd4/test-results/18-._pcache.py_PcacheTest.test_run-cache_mode-writeback-crc-enable-gc-gc80-test_script-recreate_loop-340a', 'id': '18-./pcache.py:PcacheTest.test;run-cache_mode-writeback-crc-enable-gc-gc80-test_script-recreate_loop-340a'}"
2025-08-12 03:35:16,579 avocado.test INFO | ./pcache.py:PcacheTest.test;run-cache_mode-writeback-crc-enable-gc-gc80-test_script-recreate_loop-340a: STARTED
2025-08-12 03:36:34,643 avocado.core.status.repo DEBUG| Task "18-./pcache.py:PcacheTest.test;run-cache_mode-writeback-crc-enable-gc-gc80-test_script-recreate_loop-340a" finished message: "{'result': 'pass', 'status': 'finished', 'time': 4341.51565919}"
2025-08-12 03:36:34,714 avocado.test INFO | ./pcache.py:PcacheTest.test;run-cache_mode-writeback-crc-enable-gc-gc80-test_script-recreate_loop-340a: PASS
2025-08-12 03:36:34,714 avocado.test INFO | More information in /root/avocado/job-results/job-2025-08-12T02.24-2be3cd4/test-results/18-._pcache.py_PcacheTest.test_run-cache_mode-writeback-crc-enable-gc-gc80-test_script-recreate_loop-340a
2025-08-12 03:36:34,726 avocado.core.task.statemachine DEBUG| Task "18-./pcache.py:PcacheTest.test;run-cache_mode-writeback-crc-enable-gc-gc80-test_script-recreate_loop-340a" finished
2025-08-12 03:36:34,726 avocado.core.task.statemachine DEBUG| Task "19-./pcache.py:PcacheTest.test;run-cache_mode-writeback-crc-disable-gc-gc80-test_script-default-1ff0": requested -> triaging
2025-08-12 03:36:34,727 avocado.core.task.statemachine DEBUG| Task "19-./pcache.py:PcacheTest.test;run-cache_mode-writeback-crc-disable-gc-gc80-test_script-default-1ff0": requirements OK (will proceed to check dependencies)
2025-08-12 03:36:34,727 avocado.core.task.statemachine DEBUG| Task "19-./pcache.py:PcacheTest.test;run-cache_mode-writeback-crc-disable-gc-gc80-test_script-default-1ff0": about to be spawned with "<avocado.plugins.spawners.process.ProcessSpawner object at 0x79fe40575ca0>"
2025-08-12 03:36:34,729 avocado.core.task.statemachine DEBUG| Task "19-./pcache.py:PcacheTest.test;run-cache_mode-writeback-crc-disable-gc-gc80-test_script-default-1ff0": spawned successfully
2025-08-12 03:36:35,014 avocado.core.status.repo DEBUG| Task "19-./pcache.py:PcacheTest.test;run-cache_mode-writeback-crc-disable-gc-gc80-test_script-default-1ff0" started message: "{'status': 'started', 'time': 4341.99275643, 'output_dir': '/root/avocado/job-results/job-2025-08-12T02.24-2be3cd4/test-results/19-._pcache.py_PcacheTest.test_run-cache_mode-writeback-crc-disable-gc-gc80-test_script-default-1ff0', 'id': '19-./pcache.py:PcacheTest.test;run-cache_mode-writeback-crc-disable-gc-gc80-test_script-default-1ff0'}"
2025-08-12 03:36:35,017 avocado.test INFO | ./pcache.py:PcacheTest.test;run-cache_mode-writeback-crc-disable-gc-gc80-test_script-default-1ff0: STARTED
2025-08-12 03:36:37,521 avocado.core.status.repo DEBUG| Task "19-./pcache.py:PcacheTest.test;run-cache_mode-writeback-crc-disable-gc-gc80-test_script-default-1ff0" finished message: "{'result': 'pass', 'status': 'finished', 'time': 4344.40749205}"
2025-08-12 03:36:37,572 avocado.test INFO | ./pcache.py:PcacheTest.test;run-cache_mode-writeback-crc-disable-gc-gc80-test_script-default-1ff0: PASS
2025-08-12 03:36:37,572 avocado.test INFO | More information in /root/avocado/job-results/job-2025-08-12T02.24-2be3cd4/test-results/19-._pcache.py_PcacheTest.test_run-cache_mode-writeback-crc-disable-gc-gc80-test_script-default-1ff0
2025-08-12 03:36:37,602 avocado.core.task.statemachine DEBUG| Task "19-./pcache.py:PcacheTest.test;run-cache_mode-writeback-crc-disable-gc-gc80-test_script-default-1ff0" finished
2025-08-12 03:36:37,603 avocado.core.task.statemachine DEBUG| Task "20-./pcache.py:PcacheTest.test;run-cache_mode-writeback-crc-disable-gc-gc80-test_script-xfstests-dc09": requested -> triaging
2025-08-12 03:36:37,603 avocado.core.task.statemachine DEBUG| Task "20-./pcache.py:PcacheTest.test;run-cache_mode-writeback-crc-disable-gc-gc80-test_script-xfstests-dc09": requirements OK (will proceed to check dependencies)
2025-08-12 03:36:37,603 avocado.core.task.statemachine DEBUG| Task "20-./pcache.py:PcacheTest.test;run-cache_mode-writeback-crc-disable-gc-gc80-test_script-xfstests-dc09": about to be spawned with "<avocado.plugins.spawners.process.ProcessSpawner object at 0x79fe40575ca0>"
2025-08-12 03:36:37,606 avocado.core.task.statemachine DEBUG| Task "20-./pcache.py:PcacheTest.test;run-cache_mode-writeback-crc-disable-gc-gc80-test_script-xfstests-dc09": spawned successfully
2025-08-12 03:36:37,913 avocado.core.status.repo DEBUG| Task "20-./pcache.py:PcacheTest.test;run-cache_mode-writeback-crc-disable-gc-gc80-test_script-xfstests-dc09" started message: "{'status': 'started', 'time': 4344.891586413, 'output_dir': '/root/avocado/job-results/job-2025-08-12T02.24-2be3cd4/test-results/20-._pcache.py_PcacheTest.test_run-cache_mode-writeback-crc-disable-gc-gc80-test_script-xfstests-dc09', 'id': '20-./pcache.py:PcacheTest.test;run-cache_mode-writeback-crc-disable-gc-gc80-test_script-xfstests-dc09'}"
2025-08-12 03:36:37,925 avocado.test INFO | ./pcache.py:PcacheTest.test;run-cache_mode-writeback-crc-disable-gc-gc80-test_script-xfstests-dc09: STARTED
2025-08-12 03:59:18,397 avocado.core.status.repo DEBUG| Task "20-./pcache.py:PcacheTest.test;run-cache_mode-writeback-crc-disable-gc-gc80-test_script-xfstests-dc09" finished message: "{'result': 'pass', 'status': 'finished', 'time': 5705.280103539}"
2025-08-12 03:59:18,485 avocado.test INFO | ./pcache.py:PcacheTest.test;run-cache_mode-writeback-crc-disable-gc-gc80-test_script-xfstests-dc09: PASS
2025-08-12 03:59:18,486 avocado.test INFO | More information in /root/avocado/job-results/job-2025-08-12T02.24-2be3cd4/test-results/20-._pcache.py_PcacheTest.test_run-cache_mode-writeback-crc-disable-gc-gc80-test_script-xfstests-dc09
2025-08-12 03:59:18,490 avocado.core.task.statemachine DEBUG| Task "20-./pcache.py:PcacheTest.test;run-cache_mode-writeback-crc-disable-gc-gc80-test_script-xfstests-dc09" finished
2025-08-12 03:59:18,490 avocado.core.task.statemachine DEBUG| Task "21-./pcache.py:PcacheTest.test;run-cache_mode-writeback-crc-disable-gc-gc80-test_script-misc-0411": requested -> triaging
2025-08-12 03:59:18,491 avocado.core.task.statemachine DEBUG| Task "21-./pcache.py:PcacheTest.test;run-cache_mode-writeback-crc-disable-gc-gc80-test_script-misc-0411": requirements OK (will proceed to check dependencies)
2025-08-12 03:59:18,491 avocado.core.task.statemachine DEBUG| Task "21-./pcache.py:PcacheTest.test;run-cache_mode-writeback-crc-disable-gc-gc80-test_script-misc-0411": about to be spawned with "<avocado.plugins.spawners.process.ProcessSpawner object at 0x79fe40575ca0>"
2025-08-12 03:59:18,496 avocado.core.task.statemachine DEBUG| Task "21-./pcache.py:PcacheTest.test;run-cache_mode-writeback-crc-disable-gc-gc80-test_script-misc-0411": spawned successfully
2025-08-12 03:59:19,646 avocado.core.status.repo DEBUG| Task "21-./pcache.py:PcacheTest.test;run-cache_mode-writeback-crc-disable-gc-gc80-test_script-misc-0411" started message: "{'status': 'started', 'time': 5706.624260365, 'output_dir': '/root/avocado/job-results/job-2025-08-12T02.24-2be3cd4/test-results/21-._pcache.py_PcacheTest.test_run-cache_mode-writeback-crc-disable-gc-gc80-test_script-misc-0411', 'id': '21-./pcache.py:PcacheTest.test;run-cache_mode-writeback-crc-disable-gc-gc80-test_script-misc-0411'}"
2025-08-12 03:59:19,693 avocado.test INFO | ./pcache.py:PcacheTest.test;run-cache_mode-writeback-crc-disable-gc-gc80-test_script-misc-0411: STARTED
2025-08-12 04:00:39,857 avocado.core.status.repo DEBUG| Task "21-./pcache.py:PcacheTest.test;run-cache_mode-writeback-crc-disable-gc-gc80-test_script-misc-0411" finished message: "{'result': 'pass', 'status': 'finished', 'time': 5786.759834298}"
2025-08-12 04:00:39,980 avocado.test INFO | ./pcache.py:PcacheTest.test;run-cache_mode-writeback-crc-disable-gc-gc80-test_script-misc-0411: PASS
2025-08-12 04:00:39,980 avocado.test INFO | More information in /root/avocado/job-results/job-2025-08-12T02.24-2be3cd4/test-results/21-._pcache.py_PcacheTest.test_run-cache_mode-writeback-crc-disable-gc-gc80-test_script-misc-0411
2025-08-12 04:00:39,981 avocado.core.task.statemachine DEBUG| Task "21-./pcache.py:PcacheTest.test;run-cache_mode-writeback-crc-disable-gc-gc80-test_script-misc-0411" finished
2025-08-12 04:00:39,981 avocado.core.task.statemachine DEBUG| Task "22-./pcache.py:PcacheTest.test;run-cache_mode-writeback-crc-disable-gc-gc80-test_script-failslab-1380": requested -> triaging
2025-08-12 04:00:39,982 avocado.core.task.statemachine DEBUG| Task "22-./pcache.py:PcacheTest.test;run-cache_mode-writeback-crc-disable-gc-gc80-test_script-failslab-1380": requirements OK (will proceed to check dependencies)
2025-08-12 04:00:39,982 avocado.core.task.statemachine DEBUG| Task "22-./pcache.py:PcacheTest.test;run-cache_mode-writeback-crc-disable-gc-gc80-test_script-failslab-1380": about to be spawned with "<avocado.plugins.spawners.process.ProcessSpawner object at 0x79fe40575ca0>"
2025-08-12 04:00:39,985 avocado.core.task.statemachine DEBUG| Task "22-./pcache.py:PcacheTest.test;run-cache_mode-writeback-crc-disable-gc-gc80-test_script-failslab-1380": spawned successfully
2025-08-12 04:00:40,273 avocado.core.status.repo DEBUG| Task "22-./pcache.py:PcacheTest.test;run-cache_mode-writeback-crc-disable-gc-gc80-test_script-failslab-1380" started message: "{'status': 'started', 'time': 5787.251336627, 'output_dir': '/root/avocado/job-results/job-2025-08-12T02.24-2be3cd4/test-results/22-._pcache.py_PcacheTest.test_run-cache_mode-writeback-crc-disable-gc-gc80-test_script-failslab-1380', 'id': '22-./pcache.py:PcacheTest.test;run-cache_mode-writeback-crc-disable-gc-gc80-test_script-failslab-1380'}"
2025-08-12 04:00:40,284 avocado.test INFO | ./pcache.py:PcacheTest.test;run-cache_mode-writeback-crc-disable-gc-gc80-test_script-failslab-1380: STARTED
2025-08-12 04:01:20,264 avocado.core.status.repo DEBUG| Task "22-./pcache.py:PcacheTest.test;run-cache_mode-writeback-crc-disable-gc-gc80-test_script-failslab-1380" finished message: "{'result': 'pass', 'status': 'finished', 'time': 5827.143216381}"
2025-08-12 04:01:20,349 avocado.test INFO | ./pcache.py:PcacheTest.test;run-cache_mode-writeback-crc-disable-gc-gc80-test_script-failslab-1380: PASS
2025-08-12 04:01:20,349 avocado.test INFO | More information in /root/avocado/job-results/job-2025-08-12T02.24-2be3cd4/test-results/22-._pcache.py_PcacheTest.test_run-cache_mode-writeback-crc-disable-gc-gc80-test_script-failslab-1380
2025-08-12 04:01:20,350 avocado.core.task.statemachine DEBUG| Task "22-./pcache.py:PcacheTest.test;run-cache_mode-writeback-crc-disable-gc-gc80-test_script-failslab-1380" finished
2025-08-12 04:01:20,350 avocado.core.task.statemachine DEBUG| Task "23-./pcache.py:PcacheTest.test;run-cache_mode-writeback-crc-disable-gc-gc80-test_script-fail_make_request-deb7": requested -> triaging
2025-08-12 04:01:20,350 avocado.core.task.statemachine DEBUG| Task "23-./pcache.py:PcacheTest.test;run-cache_mode-writeback-crc-disable-gc-gc80-test_script-fail_make_request-deb7": requirements OK (will proceed to check dependencies)
2025-08-12 04:01:20,350 avocado.core.task.statemachine DEBUG| Task "23-./pcache.py:PcacheTest.test;run-cache_mode-writeback-crc-disable-gc-gc80-test_script-fail_make_request-deb7": about to be spawned with "<avocado.plugins.spawners.process.ProcessSpawner object at 0x79fe40575ca0>"
2025-08-12 04:01:20,353 avocado.core.task.statemachine DEBUG| Task "23-./pcache.py:PcacheTest.test;run-cache_mode-writeback-crc-disable-gc-gc80-test_script-fail_make_request-deb7": spawned successfully
2025-08-12 04:01:20,659 avocado.core.status.repo DEBUG| Task "23-./pcache.py:PcacheTest.test;run-cache_mode-writeback-crc-disable-gc-gc80-test_script-fail_make_request-deb7" started message: "{'status': 'started', 'time': 5827.637951098, 'output_dir': '/root/avocado/job-results/job-2025-08-12T02.24-2be3cd4/test-results/23-._pcache.py_PcacheTest.test_run-cache_mode-writeback-crc-disable-gc-gc80-test_script-fail_make_request-deb7', 'id': '23-./pcache.py:PcacheTest.test;run-cache_mode-writeback-crc-disable-gc-gc80-test_script-fail_make_request-deb7'}"
2025-08-12 04:01:20,703 avocado.test INFO | ./pcache.py:PcacheTest.test;run-cache_mode-writeback-crc-disable-gc-gc80-test_script-fail_make_request-deb7: STARTED
2025-08-12 04:01:24,334 avocado.core.status.repo DEBUG| Task "23-./pcache.py:PcacheTest.test;run-cache_mode-writeback-crc-disable-gc-gc80-test_script-fail_make_request-deb7" finished message: "{'result': 'pass', 'status': 'finished', 'time': 5831.215281151}"
2025-08-12 04:01:26,208 avocado.test INFO | ./pcache.py:PcacheTest.test;run-cache_mode-writeback-crc-disable-gc-gc80-test_script-fail_make_request-deb7: PASS
2025-08-12 04:01:26,208 avocado.test INFO | More information in /root/avocado/job-results/job-2025-08-12T02.24-2be3cd4/test-results/23-._pcache.py_PcacheTest.test_run-cache_mode-writeback-crc-disable-gc-gc80-test_script-fail_make_request-deb7
2025-08-12 04:01:26,209 avocado.core.task.statemachine DEBUG| Task "23-./pcache.py:PcacheTest.test;run-cache_mode-writeback-crc-disable-gc-gc80-test_script-fail_make_request-deb7" finished
2025-08-12 04:01:26,209 avocado.core.task.statemachine DEBUG| Task "24-./pcache.py:PcacheTest.test;run-cache_mode-writeback-crc-disable-gc-gc80-test_script-recreate_loop-0114": requested -> triaging
2025-08-12 04:01:26,210 avocado.core.task.statemachine DEBUG| Task "24-./pcache.py:PcacheTest.test;run-cache_mode-writeback-crc-disable-gc-gc80-test_script-recreate_loop-0114": requirements OK (will proceed to check dependencies)
2025-08-12 04:01:26,210 avocado.core.task.statemachine DEBUG| Task "24-./pcache.py:PcacheTest.test;run-cache_mode-writeback-crc-disable-gc-gc80-test_script-recreate_loop-0114": about to be spawned with "<avocado.plugins.spawners.process.ProcessSpawner object at 0x79fe40575ca0>"
2025-08-12 04:01:26,214 avocado.core.task.statemachine DEBUG| Task "24-./pcache.py:PcacheTest.test;run-cache_mode-writeback-crc-disable-gc-gc80-test_script-recreate_loop-0114": spawned successfully
2025-08-12 04:01:26,501 avocado.core.status.repo DEBUG| Task "24-./pcache.py:PcacheTest.test;run-cache_mode-writeback-crc-disable-gc-gc80-test_script-recreate_loop-0114" started message: "{'status': 'started', 'time': 5833.479600676, 'output_dir': '/root/avocado/job-results/job-2025-08-12T02.24-2be3cd4/test-results/24-._pcache.py_PcacheTest.test_run-cache_mode-writeback-crc-disable-gc-gc80-test_script-recreate_loop-0114', 'id': '24-./pcache.py:PcacheTest.test;run-cache_mode-writeback-crc-disable-gc-gc80-test_script-recreate_loop-0114'}"
2025-08-12 04:01:26,512 avocado.test INFO | ./pcache.py:PcacheTest.test;run-cache_mode-writeback-crc-disable-gc-gc80-test_script-recreate_loop-0114: STARTED
2025-08-12 04:02:40,903 avocado.core.status.repo DEBUG| Task "24-./pcache.py:PcacheTest.test;run-cache_mode-writeback-crc-disable-gc-gc80-test_script-recreate_loop-0114" finished message: "{'result': 'pass', 'status': 'finished', 'time': 5907.785206707}"
2025-08-12 04:02:40,958 avocado.test INFO | ./pcache.py:PcacheTest.test;run-cache_mode-writeback-crc-disable-gc-gc80-test_script-recreate_loop-0114: PASS
2025-08-12 04:02:40,958 avocado.test INFO | More information in /root/avocado/job-results/job-2025-08-12T02.24-2be3cd4/test-results/24-._pcache.py_PcacheTest.test_run-cache_mode-writeback-crc-disable-gc-gc80-test_script-recreate_loop-0114
2025-08-12 04:02:40,986 avocado.core.task.statemachine DEBUG| Task "24-./pcache.py:PcacheTest.test;run-cache_mode-writeback-crc-disable-gc-gc80-test_script-recreate_loop-0114" finished
2025-08-12 04:02:40,986 avocado.core.task.statemachine DEBUG| Task "25-./pcache.py:PcacheTest.test;run-cache_mode-writethrough-crc-enable-gc-gc0-test_script-default-e003": requested -> triaging
2025-08-12 04:02:40,986 avocado.core.task.statemachine DEBUG| Task "25-./pcache.py:PcacheTest.test;run-cache_mode-writethrough-crc-enable-gc-gc0-test_script-default-e003": requirements OK (will proceed to check dependencies)
2025-08-12 04:02:40,986 avocado.core.task.statemachine DEBUG| Task "25-./pcache.py:PcacheTest.test;run-cache_mode-writethrough-crc-enable-gc-gc0-test_script-default-e003": about to be spawned with "<avocado.plugins.spawners.process.ProcessSpawner object at 0x79fe40575ca0>"
2025-08-12 04:02:40,989 avocado.core.task.statemachine DEBUG| Task "25-./pcache.py:PcacheTest.test;run-cache_mode-writethrough-crc-enable-gc-gc0-test_script-default-e003": spawned successfully
2025-08-12 04:02:41,274 avocado.core.status.repo DEBUG| Task "25-./pcache.py:PcacheTest.test;run-cache_mode-writethrough-crc-enable-gc-gc0-test_script-default-e003" started message: "{'status': 'started', 'time': 5908.252389504, 'output_dir': '/root/avocado/job-results/job-2025-08-12T02.24-2be3cd4/test-results/25-._pcache.py_PcacheTest.test_run-cache_mode-writethrough-crc-enable-gc-gc0-test_script-default-e003', 'id': '25-./pcache.py:PcacheTest.test;run-cache_mode-writethrough-crc-enable-gc-gc0-test_script-default-e003'}"
2025-08-12 04:02:41,312 avocado.test INFO | ./pcache.py:PcacheTest.test;run-cache_mode-writethrough-crc-enable-gc-gc0-test_script-default-e003: STARTED
2025-08-12 04:02:42,653 avocado.core.status.repo DEBUG| Task "25-./pcache.py:PcacheTest.test;run-cache_mode-writethrough-crc-enable-gc-gc0-test_script-default-e003" finished message: "{'result': 'pass', 'status': 'finished', 'time': 5909.539748577}"
2025-08-12 04:02:42,708 avocado.test INFO | ./pcache.py:PcacheTest.test;run-cache_mode-writethrough-crc-enable-gc-gc0-test_script-default-e003: PASS
2025-08-12 04:02:42,708 avocado.test INFO | More information in /root/avocado/job-results/job-2025-08-12T02.24-2be3cd4/test-results/25-._pcache.py_PcacheTest.test_run-cache_mode-writethrough-crc-enable-gc-gc0-test_script-default-e003
2025-08-12 04:02:42,736 avocado.core.task.statemachine DEBUG| Task "25-./pcache.py:PcacheTest.test;run-cache_mode-writethrough-crc-enable-gc-gc0-test_script-default-e003" finished
2025-08-12 04:02:42,737 avocado.core.task.statemachine DEBUG| Task "26-./pcache.py:PcacheTest.test;run-cache_mode-writethrough-crc-enable-gc-gc0-test_script-xfstests-e080": requested -> triaging
2025-08-12 04:02:42,737 avocado.core.task.statemachine DEBUG| Task "26-./pcache.py:PcacheTest.test;run-cache_mode-writethrough-crc-enable-gc-gc0-test_script-xfstests-e080": requirements OK (will proceed to check dependencies)
2025-08-12 04:02:42,737 avocado.core.task.statemachine DEBUG| Task "26-./pcache.py:PcacheTest.test;run-cache_mode-writethrough-crc-enable-gc-gc0-test_script-xfstests-e080": about to be spawned with "<avocado.plugins.spawners.process.ProcessSpawner object at 0x79fe40575ca0>"
2025-08-12 04:02:42,740 avocado.core.task.statemachine DEBUG| Task "26-./pcache.py:PcacheTest.test;run-cache_mode-writethrough-crc-enable-gc-gc0-test_script-xfstests-e080": spawned successfully
2025-08-12 04:02:43,027 avocado.core.status.repo DEBUG| Task "26-./pcache.py:PcacheTest.test;run-cache_mode-writethrough-crc-enable-gc-gc0-test_script-xfstests-e080" started message: "{'status': 'started', 'time': 5910.00555659, 'output_dir': '/root/avocado/job-results/job-2025-08-12T02.24-2be3cd4/test-results/26-._pcache.py_PcacheTest.test_run-cache_mode-writethrough-crc-enable-gc-gc0-test_script-xfstests-e080', 'id': '26-./pcache.py:PcacheTest.test;run-cache_mode-writethrough-crc-enable-gc-gc0-test_script-xfstests-e080'}"
2025-08-12 04:02:43,062 avocado.test INFO | ./pcache.py:PcacheTest.test;run-cache_mode-writethrough-crc-enable-gc-gc0-test_script-xfstests-e080: STARTED
2025-08-12 04:02:43,895 avocado.core.status.repo DEBUG| Task "26-./pcache.py:PcacheTest.test;run-cache_mode-writethrough-crc-enable-gc-gc0-test_script-xfstests-e080" finished message: "{'result': 'pass', 'status': 'finished', 'time': 5910.778525697}"
2025-08-12 04:02:43,958 avocado.test INFO | ./pcache.py:PcacheTest.test;run-cache_mode-writethrough-crc-enable-gc-gc0-test_script-xfstests-e080: PASS
2025-08-12 04:02:43,959 avocado.test INFO | More information in /root/avocado/job-results/job-2025-08-12T02.24-2be3cd4/test-results/26-._pcache.py_PcacheTest.test_run-cache_mode-writethrough-crc-enable-gc-gc0-test_script-xfstests-e080
2025-08-12 04:02:43,977 avocado.core.task.statemachine DEBUG| Task "26-./pcache.py:PcacheTest.test;run-cache_mode-writethrough-crc-enable-gc-gc0-test_script-xfstests-e080" finished
2025-08-12 04:02:43,977 avocado.core.task.statemachine DEBUG| Task "27-./pcache.py:PcacheTest.test;run-cache_mode-writethrough-crc-enable-gc-gc0-test_script-misc-38f6": requested -> triaging
2025-08-12 04:02:43,977 avocado.core.task.statemachine DEBUG| Task "27-./pcache.py:PcacheTest.test;run-cache_mode-writethrough-crc-enable-gc-gc0-test_script-misc-38f6": requirements OK (will proceed to check dependencies)
2025-08-12 04:02:43,978 avocado.core.task.statemachine DEBUG| Task "27-./pcache.py:PcacheTest.test;run-cache_mode-writethrough-crc-enable-gc-gc0-test_script-misc-38f6": about to be spawned with "<avocado.plugins.spawners.process.ProcessSpawner object at 0x79fe40575ca0>"
2025-08-12 04:02:43,980 avocado.core.task.statemachine DEBUG| Task "27-./pcache.py:PcacheTest.test;run-cache_mode-writethrough-crc-enable-gc-gc0-test_script-misc-38f6": spawned successfully
2025-08-12 04:02:44,261 avocado.core.status.repo DEBUG| Task "27-./pcache.py:PcacheTest.test;run-cache_mode-writethrough-crc-enable-gc-gc0-test_script-misc-38f6" started message: "{'status': 'started', 'time': 5911.239819416, 'output_dir': '/root/avocado/job-results/job-2025-08-12T02.24-2be3cd4/test-results/27-._pcache.py_PcacheTest.test_run-cache_mode-writethrough-crc-enable-gc-gc0-test_script-misc-38f6', 'id': '27-./pcache.py:PcacheTest.test;run-cache_mode-writethrough-crc-enable-gc-gc0-test_script-misc-38f6'}"
2025-08-12 04:02:44,312 avocado.test INFO | ./pcache.py:PcacheTest.test;run-cache_mode-writethrough-crc-enable-gc-gc0-test_script-misc-38f6: STARTED
2025-08-12 04:02:45,410 avocado.core.status.repo DEBUG| Task "27-./pcache.py:PcacheTest.test;run-cache_mode-writethrough-crc-enable-gc-gc0-test_script-misc-38f6" finished message: "{'result': 'pass', 'status': 'finished', 'time': 5912.290288211}"
2025-08-12 04:02:45,459 avocado.test INFO | ./pcache.py:PcacheTest.test;run-cache_mode-writethrough-crc-enable-gc-gc0-test_script-misc-38f6: PASS
2025-08-12 04:02:45,459 avocado.test INFO | More information in /root/avocado/job-results/job-2025-08-12T02.24-2be3cd4/test-results/27-._pcache.py_PcacheTest.test_run-cache_mode-writethrough-crc-enable-gc-gc0-test_script-misc-38f6
2025-08-12 04:02:45,491 avocado.core.task.statemachine DEBUG| Task "27-./pcache.py:PcacheTest.test;run-cache_mode-writethrough-crc-enable-gc-gc0-test_script-misc-38f6" finished
2025-08-12 04:02:45,492 avocado.core.task.statemachine DEBUG| Task "28-./pcache.py:PcacheTest.test;run-cache_mode-writethrough-crc-enable-gc-gc0-test_script-failslab-5dd1": requested -> triaging
2025-08-12 04:02:45,492 avocado.core.task.statemachine DEBUG| Task "28-./pcache.py:PcacheTest.test;run-cache_mode-writethrough-crc-enable-gc-gc0-test_script-failslab-5dd1": requirements OK (will proceed to check dependencies)
2025-08-12 04:02:45,492 avocado.core.task.statemachine DEBUG| Task "28-./pcache.py:PcacheTest.test;run-cache_mode-writethrough-crc-enable-gc-gc0-test_script-failslab-5dd1": about to be spawned with "<avocado.plugins.spawners.process.ProcessSpawner object at 0x79fe40575ca0>"
2025-08-12 04:02:45,495 avocado.core.task.statemachine DEBUG| Task "28-./pcache.py:PcacheTest.test;run-cache_mode-writethrough-crc-enable-gc-gc0-test_script-failslab-5dd1": spawned successfully
2025-08-12 04:02:45,779 avocado.core.status.repo DEBUG| Task "28-./pcache.py:PcacheTest.test;run-cache_mode-writethrough-crc-enable-gc-gc0-test_script-failslab-5dd1" started message: "{'status': 'started', 'time': 5912.758186368, 'output_dir': '/root/avocado/job-results/job-2025-08-12T02.24-2be3cd4/test-results/28-._pcache.py_PcacheTest.test_run-cache_mode-writethrough-crc-enable-gc-gc0-test_script-failslab-5dd1', 'id': '28-./pcache.py:PcacheTest.test;run-cache_mode-writethrough-crc-enable-gc-gc0-test_script-failslab-5dd1'}"
2025-08-12 04:02:45,812 avocado.test INFO | ./pcache.py:PcacheTest.test;run-cache_mode-writethrough-crc-enable-gc-gc0-test_script-failslab-5dd1: STARTED
2025-08-12 04:02:46,668 avocado.core.status.repo DEBUG| Task "28-./pcache.py:PcacheTest.test;run-cache_mode-writethrough-crc-enable-gc-gc0-test_script-failslab-5dd1" finished message: "{'result': 'pass', 'status': 'finished', 'time': 5913.554567093}"
2025-08-12 04:02:46,709 avocado.test INFO | ./pcache.py:PcacheTest.test;run-cache_mode-writethrough-crc-enable-gc-gc0-test_script-failslab-5dd1: PASS
2025-08-12 04:02:46,709 avocado.test INFO | More information in /root/avocado/job-results/job-2025-08-12T02.24-2be3cd4/test-results/28-._pcache.py_PcacheTest.test_run-cache_mode-writethrough-crc-enable-gc-gc0-test_script-failslab-5dd1
2025-08-12 04:02:46,746 avocado.core.task.statemachine DEBUG| Task "28-./pcache.py:PcacheTest.test;run-cache_mode-writethrough-crc-enable-gc-gc0-test_script-failslab-5dd1" finished
2025-08-12 04:02:46,746 avocado.core.task.statemachine DEBUG| Task "29-./pcache.py:PcacheTest.test;run-cache_mode-writethrough-crc-enable-gc-gc0-test_script-fail_make_request-d8b5": requested -> triaging
2025-08-12 04:02:46,746 avocado.core.task.statemachine DEBUG| Task "29-./pcache.py:PcacheTest.test;run-cache_mode-writethrough-crc-enable-gc-gc0-test_script-fail_make_request-d8b5": requirements OK (will proceed to check dependencies)
2025-08-12 04:02:46,746 avocado.core.task.statemachine DEBUG| Task "29-./pcache.py:PcacheTest.test;run-cache_mode-writethrough-crc-enable-gc-gc0-test_script-fail_make_request-d8b5": about to be spawned with "<avocado.plugins.spawners.process.ProcessSpawner object at 0x79fe40575ca0>"
2025-08-12 04:02:46,749 avocado.core.task.statemachine DEBUG| Task "29-./pcache.py:PcacheTest.test;run-cache_mode-writethrough-crc-enable-gc-gc0-test_script-fail_make_request-d8b5": spawned successfully
2025-08-12 04:02:47,036 avocado.core.status.repo DEBUG| Task "29-./pcache.py:PcacheTest.test;run-cache_mode-writethrough-crc-enable-gc-gc0-test_script-fail_make_request-d8b5" started message: "{'status': 'started', 'time': 5914.014691819, 'output_dir': '/root/avocado/job-results/job-2025-08-12T02.24-2be3cd4/test-results/29-._pcache.py_PcacheTest.test_run-cache_mode-writethrough-crc-enable-gc-gc0-test_script-fail_make_request-d8b5', 'id': '29-./pcache.py:PcacheTest.test;run-cache_mode-writethrough-crc-enable-gc-gc0-test_script-fail_make_request-d8b5'}"
2025-08-12 04:02:47,063 avocado.test INFO | ./pcache.py:PcacheTest.test;run-cache_mode-writethrough-crc-enable-gc-gc0-test_script-fail_make_request-d8b5: STARTED
2025-08-12 04:02:48,827 avocado.core.status.repo DEBUG| Task "29-./pcache.py:PcacheTest.test;run-cache_mode-writethrough-crc-enable-gc-gc0-test_script-fail_make_request-d8b5" finished message: "{'result': 'pass', 'status': 'finished', 'time': 5915.71549498}"
2025-08-12 04:02:48,951 avocado.test INFO | ./pcache.py:PcacheTest.test;run-cache_mode-writethrough-crc-enable-gc-gc0-test_script-fail_make_request-d8b5: PASS
2025-08-12 04:02:48,951 avocado.test INFO | More information in /root/avocado/job-results/job-2025-08-12T02.24-2be3cd4/test-results/29-._pcache.py_PcacheTest.test_run-cache_mode-writethrough-crc-enable-gc-gc0-test_script-fail_make_request-d8b5
2025-08-12 04:02:48,952 avocado.core.task.statemachine DEBUG| Task "29-./pcache.py:PcacheTest.test;run-cache_mode-writethrough-crc-enable-gc-gc0-test_script-fail_make_request-d8b5" finished
2025-08-12 04:02:48,952 avocado.core.task.statemachine DEBUG| Task "30-./pcache.py:PcacheTest.test;run-cache_mode-writethrough-crc-enable-gc-gc0-test_script-recreate_loop-266c": requested -> triaging
2025-08-12 04:02:48,952 avocado.core.task.statemachine DEBUG| Task "30-./pcache.py:PcacheTest.test;run-cache_mode-writethrough-crc-enable-gc-gc0-test_script-recreate_loop-266c": requirements OK (will proceed to check dependencies)
2025-08-12 04:02:48,952 avocado.core.task.statemachine DEBUG| Task "30-./pcache.py:PcacheTest.test;run-cache_mode-writethrough-crc-enable-gc-gc0-test_script-recreate_loop-266c": about to be spawned with "<avocado.plugins.spawners.process.ProcessSpawner object at 0x79fe40575ca0>"
2025-08-12 04:02:48,955 avocado.core.task.statemachine DEBUG| Task "30-./pcache.py:PcacheTest.test;run-cache_mode-writethrough-crc-enable-gc-gc0-test_script-recreate_loop-266c": spawned successfully
2025-08-12 04:02:49,247 avocado.core.status.repo DEBUG| Task "30-./pcache.py:PcacheTest.test;run-cache_mode-writethrough-crc-enable-gc-gc0-test_script-recreate_loop-266c" started message: "{'status': 'started', 'time': 5916.226187721, 'output_dir': '/root/avocado/job-results/job-2025-08-12T02.24-2be3cd4/test-results/30-._pcache.py_PcacheTest.test_run-cache_mode-writethrough-crc-enable-gc-gc0-test_script-recreate_loop-266c', 'id': '30-./pcache.py:PcacheTest.test;run-cache_mode-writethrough-crc-enable-gc-gc0-test_script-recreate_loop-266c'}"
2025-08-12 04:02:49,254 avocado.test INFO | ./pcache.py:PcacheTest.test;run-cache_mode-writethrough-crc-enable-gc-gc0-test_script-recreate_loop-266c: STARTED
2025-08-12 04:02:49,991 avocado.core.status.repo DEBUG| Task "30-./pcache.py:PcacheTest.test;run-cache_mode-writethrough-crc-enable-gc-gc0-test_script-recreate_loop-266c" finished message: "{'result': 'pass', 'status': 'finished', 'time': 5916.869732784}"
2025-08-12 04:02:50,052 avocado.test INFO | ./pcache.py:PcacheTest.test;run-cache_mode-writethrough-crc-enable-gc-gc0-test_script-recreate_loop-266c: PASS
2025-08-12 04:02:50,052 avocado.test INFO | More information in /root/avocado/job-results/job-2025-08-12T02.24-2be3cd4/test-results/30-._pcache.py_PcacheTest.test_run-cache_mode-writethrough-crc-enable-gc-gc0-test_script-recreate_loop-266c
2025-08-12 04:02:50,072 avocado.core.task.statemachine DEBUG| Task "30-./pcache.py:PcacheTest.test;run-cache_mode-writethrough-crc-enable-gc-gc0-test_script-recreate_loop-266c" finished
2025-08-12 04:02:50,072 avocado.core.task.statemachine DEBUG| Task "31-./pcache.py:PcacheTest.test;run-cache_mode-writethrough-crc-disable-gc-gc0-test_script-default-3977": requested -> triaging
2025-08-12 04:02:50,072 avocado.core.task.statemachine DEBUG| Task "31-./pcache.py:PcacheTest.test;run-cache_mode-writethrough-crc-disable-gc-gc0-test_script-default-3977": requirements OK (will proceed to check dependencies)
2025-08-12 04:02:50,072 avocado.core.task.statemachine DEBUG| Task "31-./pcache.py:PcacheTest.test;run-cache_mode-writethrough-crc-disable-gc-gc0-test_script-default-3977": about to be spawned with "<avocado.plugins.spawners.process.ProcessSpawner object at 0x79fe40575ca0>"
2025-08-12 04:02:50,075 avocado.core.task.statemachine DEBUG| Task "31-./pcache.py:PcacheTest.test;run-cache_mode-writethrough-crc-disable-gc-gc0-test_script-default-3977": spawned successfully
2025-08-12 04:02:50,357 avocado.core.status.repo DEBUG| Task "31-./pcache.py:PcacheTest.test;run-cache_mode-writethrough-crc-disable-gc-gc0-test_script-default-3977" started message: "{'status': 'started', 'time': 5917.336124072, 'output_dir': '/root/avocado/job-results/job-2025-08-12T02.24-2be3cd4/test-results/31-._pcache.py_PcacheTest.test_run-cache_mode-writethrough-crc-disable-gc-gc0-test_script-default-3977', 'id': '31-./pcache.py:PcacheTest.test;run-cache_mode-writethrough-crc-disable-gc-gc0-test_script-default-3977'}"
2025-08-12 04:02:50,406 avocado.test INFO | ./pcache.py:PcacheTest.test;run-cache_mode-writethrough-crc-disable-gc-gc0-test_script-default-3977: STARTED
2025-08-12 04:02:51,818 avocado.core.status.repo DEBUG| Task "31-./pcache.py:PcacheTest.test;run-cache_mode-writethrough-crc-disable-gc-gc0-test_script-default-3977" finished message: "{'result': 'pass', 'status': 'finished', 'time': 5918.699094766}"
2025-08-12 04:02:51,859 avocado.test INFO | ./pcache.py:PcacheTest.test;run-cache_mode-writethrough-crc-disable-gc-gc0-test_script-default-3977: PASS
2025-08-12 04:02:51,859 avocado.test INFO | More information in /root/avocado/job-results/job-2025-08-12T02.24-2be3cd4/test-results/31-._pcache.py_PcacheTest.test_run-cache_mode-writethrough-crc-disable-gc-gc0-test_script-default-3977
2025-08-12 04:02:51,898 avocado.core.task.statemachine DEBUG| Task "31-./pcache.py:PcacheTest.test;run-cache_mode-writethrough-crc-disable-gc-gc0-test_script-default-3977" finished
2025-08-12 04:02:51,898 avocado.core.task.statemachine DEBUG| Task "32-./pcache.py:PcacheTest.test;run-cache_mode-writethrough-crc-disable-gc-gc0-test_script-xfstests-c6a4": requested -> triaging
2025-08-12 04:02:51,898 avocado.core.task.statemachine DEBUG| Task "32-./pcache.py:PcacheTest.test;run-cache_mode-writethrough-crc-disable-gc-gc0-test_script-xfstests-c6a4": requirements OK (will proceed to check dependencies)
2025-08-12 04:02:51,898 avocado.core.task.statemachine DEBUG| Task "32-./pcache.py:PcacheTest.test;run-cache_mode-writethrough-crc-disable-gc-gc0-test_script-xfstests-c6a4": about to be spawned with "<avocado.plugins.spawners.process.ProcessSpawner object at 0x79fe40575ca0>"
2025-08-12 04:02:51,901 avocado.core.task.statemachine DEBUG| Task "32-./pcache.py:PcacheTest.test;run-cache_mode-writethrough-crc-disable-gc-gc0-test_script-xfstests-c6a4": spawned successfully
2025-08-12 04:02:52,187 avocado.core.status.repo DEBUG| Task "32-./pcache.py:PcacheTest.test;run-cache_mode-writethrough-crc-disable-gc-gc0-test_script-xfstests-c6a4" started message: "{'status': 'started', 'time': 5919.165386626, 'output_dir': '/root/avocado/job-results/job-2025-08-12T02.24-2be3cd4/test-results/32-._pcache.py_PcacheTest.test_run-cache_mode-writethrough-crc-disable-gc-gc0-test_script-xfstests-c6a4', 'id': '32-./pcache.py:PcacheTest.test;run-cache_mode-writethrough-crc-disable-gc-gc0-test_script-xfstests-c6a4'}"
2025-08-12 04:02:52,215 avocado.test INFO | ./pcache.py:PcacheTest.test;run-cache_mode-writethrough-crc-disable-gc-gc0-test_script-xfstests-c6a4: STARTED
2025-08-12 04:02:53,064 avocado.core.status.repo DEBUG| Task "32-./pcache.py:PcacheTest.test;run-cache_mode-writethrough-crc-disable-gc-gc0-test_script-xfstests-c6a4" finished message: "{'result': 'pass', 'status': 'finished', 'time': 5919.941673308}"
2025-08-12 04:02:53,101 avocado.test INFO | ./pcache.py:PcacheTest.test;run-cache_mode-writethrough-crc-disable-gc-gc0-test_script-xfstests-c6a4: PASS
2025-08-12 04:02:53,101 avocado.test INFO | More information in /root/avocado/job-results/job-2025-08-12T02.24-2be3cd4/test-results/32-._pcache.py_PcacheTest.test_run-cache_mode-writethrough-crc-disable-gc-gc0-test_script-xfstests-c6a4
2025-08-12 04:02:53,145 avocado.core.task.statemachine DEBUG| Task "32-./pcache.py:PcacheTest.test;run-cache_mode-writethrough-crc-disable-gc-gc0-test_script-xfstests-c6a4" finished
2025-08-12 04:02:53,146 avocado.core.task.statemachine DEBUG| Task "33-./pcache.py:PcacheTest.test;run-cache_mode-writethrough-crc-disable-gc-gc0-test_script-misc-6b26": requested -> triaging
2025-08-12 04:02:53,146 avocado.core.task.statemachine DEBUG| Task "33-./pcache.py:PcacheTest.test;run-cache_mode-writethrough-crc-disable-gc-gc0-test_script-misc-6b26": requirements OK (will proceed to check dependencies)
2025-08-12 04:02:53,146 avocado.core.task.statemachine DEBUG| Task "33-./pcache.py:PcacheTest.test;run-cache_mode-writethrough-crc-disable-gc-gc0-test_script-misc-6b26": about to be spawned with "<avocado.plugins.spawners.process.ProcessSpawner object at 0x79fe40575ca0>"
2025-08-12 04:02:53,149 avocado.core.task.statemachine DEBUG| Task "33-./pcache.py:PcacheTest.test;run-cache_mode-writethrough-crc-disable-gc-gc0-test_script-misc-6b26": spawned successfully
2025-08-12 04:02:53,433 avocado.core.status.repo DEBUG| Task "33-./pcache.py:PcacheTest.test;run-cache_mode-writethrough-crc-disable-gc-gc0-test_script-misc-6b26" started message: "{'status': 'started', 'time': 5920.409588852, 'output_dir': '/root/avocado/job-results/job-2025-08-12T02.24-2be3cd4/test-results/33-._pcache.py_PcacheTest.test_run-cache_mode-writethrough-crc-disable-gc-gc0-test_script-misc-6b26', 'id': '33-./pcache.py:PcacheTest.test;run-cache_mode-writethrough-crc-disable-gc-gc0-test_script-misc-6b26'}"
2025-08-12 04:02:53,454 avocado.test INFO | ./pcache.py:PcacheTest.test;run-cache_mode-writethrough-crc-disable-gc-gc0-test_script-misc-6b26: STARTED
2025-08-12 04:02:54,575 avocado.core.status.repo DEBUG| Task "33-./pcache.py:PcacheTest.test;run-cache_mode-writethrough-crc-disable-gc-gc0-test_script-misc-6b26" finished message: "{'result': 'pass', 'status': 'finished', 'time': 5921.455042083}"
2025-08-12 04:02:54,643 avocado.test INFO | ./pcache.py:PcacheTest.test;run-cache_mode-writethrough-crc-disable-gc-gc0-test_script-misc-6b26: PASS
2025-08-12 04:02:54,643 avocado.test INFO | More information in /root/avocado/job-results/job-2025-08-12T02.24-2be3cd4/test-results/33-._pcache.py_PcacheTest.test_run-cache_mode-writethrough-crc-disable-gc-gc0-test_script-misc-6b26
2025-08-12 04:02:54,658 avocado.core.task.statemachine DEBUG| Task "33-./pcache.py:PcacheTest.test;run-cache_mode-writethrough-crc-disable-gc-gc0-test_script-misc-6b26" finished
2025-08-12 04:02:54,658 avocado.core.task.statemachine DEBUG| Task "34-./pcache.py:PcacheTest.test;run-cache_mode-writethrough-crc-disable-gc-gc0-test_script-failslab-c4d5": requested -> triaging
2025-08-12 04:02:54,659 avocado.core.task.statemachine DEBUG| Task "34-./pcache.py:PcacheTest.test;run-cache_mode-writethrough-crc-disable-gc-gc0-test_script-failslab-c4d5": requirements OK (will proceed to check dependencies)
2025-08-12 04:02:54,659 avocado.core.task.statemachine DEBUG| Task "34-./pcache.py:PcacheTest.test;run-cache_mode-writethrough-crc-disable-gc-gc0-test_script-failslab-c4d5": about to be spawned with "<avocado.plugins.spawners.process.ProcessSpawner object at 0x79fe40575ca0>"
2025-08-12 04:02:54,661 avocado.core.task.statemachine DEBUG| Task "34-./pcache.py:PcacheTest.test;run-cache_mode-writethrough-crc-disable-gc-gc0-test_script-failslab-c4d5": spawned successfully
2025-08-12 04:02:54,946 avocado.core.status.repo DEBUG| Task "34-./pcache.py:PcacheTest.test;run-cache_mode-writethrough-crc-disable-gc-gc0-test_script-failslab-c4d5" started message: "{'status': 'started', 'time': 5921.925205888, 'output_dir': '/root/avocado/job-results/job-2025-08-12T02.24-2be3cd4/test-results/34-._pcache.py_PcacheTest.test_run-cache_mode-writethrough-crc-disable-gc-gc0-test_script-failslab-c4d5', 'id': '34-./pcache.py:PcacheTest.test;run-cache_mode-writethrough-crc-disable-gc-gc0-test_script-failslab-c4d5'}"
2025-08-12 04:02:54,996 avocado.test INFO | ./pcache.py:PcacheTest.test;run-cache_mode-writethrough-crc-disable-gc-gc0-test_script-failslab-c4d5: STARTED
2025-08-12 04:02:55,830 avocado.core.status.repo DEBUG| Task "34-./pcache.py:PcacheTest.test;run-cache_mode-writethrough-crc-disable-gc-gc0-test_script-failslab-c4d5" finished message: "{'result': 'pass', 'status': 'finished', 'time': 5922.709148998}"
2025-08-12 04:02:55,910 avocado.test INFO | ./pcache.py:PcacheTest.test;run-cache_mode-writethrough-crc-disable-gc-gc0-test_script-failslab-c4d5: PASS
2025-08-12 04:02:55,910 avocado.test INFO | More information in /root/avocado/job-results/job-2025-08-12T02.24-2be3cd4/test-results/34-._pcache.py_PcacheTest.test_run-cache_mode-writethrough-crc-disable-gc-gc0-test_script-failslab-c4d5
2025-08-12 04:02:55,914 avocado.core.task.statemachine DEBUG| Task "34-./pcache.py:PcacheTest.test;run-cache_mode-writethrough-crc-disable-gc-gc0-test_script-failslab-c4d5" finished
2025-08-12 04:02:55,914 avocado.core.task.statemachine DEBUG| Task "35-./pcache.py:PcacheTest.test;run-cache_mode-writethrough-crc-disable-gc-gc0-test_script-fail_make_request-ad5d": requested -> triaging
2025-08-12 04:02:55,914 avocado.core.task.statemachine DEBUG| Task "35-./pcache.py:PcacheTest.test;run-cache_mode-writethrough-crc-disable-gc-gc0-test_script-fail_make_request-ad5d": requirements OK (will proceed to check dependencies)
2025-08-12 04:02:55,914 avocado.core.task.statemachine DEBUG| Task "35-./pcache.py:PcacheTest.test;run-cache_mode-writethrough-crc-disable-gc-gc0-test_script-fail_make_request-ad5d": about to be spawned with "<avocado.plugins.spawners.process.ProcessSpawner object at 0x79fe40575ca0>"
2025-08-12 04:02:55,917 avocado.core.task.statemachine DEBUG| Task "35-./pcache.py:PcacheTest.test;run-cache_mode-writethrough-crc-disable-gc-gc0-test_script-fail_make_request-ad5d": spawned successfully
2025-08-12 04:02:56,211 avocado.core.status.repo DEBUG| Task "35-./pcache.py:PcacheTest.test;run-cache_mode-writethrough-crc-disable-gc-gc0-test_script-fail_make_request-ad5d" started message: "{'status': 'started', 'time': 5923.189818658, 'output_dir': '/root/avocado/job-results/job-2025-08-12T02.24-2be3cd4/test-results/35-._pcache.py_PcacheTest.test_run-cache_mode-writethrough-crc-disable-gc-gc0-test_script-fail_make_request-ad5d', 'id': '35-./pcache.py:PcacheTest.test;run-cache_mode-writethrough-crc-disable-gc-gc0-test_script-fail_make_request-ad5d'}"
2025-08-12 04:02:56,213 avocado.test INFO | ./pcache.py:PcacheTest.test;run-cache_mode-writethrough-crc-disable-gc-gc0-test_script-fail_make_request-ad5d: STARTED
2025-08-12 04:02:58,019 avocado.core.status.repo DEBUG| Task "35-./pcache.py:PcacheTest.test;run-cache_mode-writethrough-crc-disable-gc-gc0-test_script-fail_make_request-ad5d" finished message: "{'result': 'pass', 'status': 'finished', 'time': 5924.905656813}"
2025-08-12 04:02:58,136 avocado.test INFO | ./pcache.py:PcacheTest.test;run-cache_mode-writethrough-crc-disable-gc-gc0-test_script-fail_make_request-ad5d: PASS
2025-08-12 04:02:58,136 avocado.test INFO | More information in /root/avocado/job-results/job-2025-08-12T02.24-2be3cd4/test-results/35-._pcache.py_PcacheTest.test_run-cache_mode-writethrough-crc-disable-gc-gc0-test_script-fail_make_request-ad5d
2025-08-12 04:02:58,137 avocado.core.task.statemachine DEBUG| Task "35-./pcache.py:PcacheTest.test;run-cache_mode-writethrough-crc-disable-gc-gc0-test_script-fail_make_request-ad5d" finished
2025-08-12 04:02:58,137 avocado.core.task.statemachine DEBUG| Task "36-./pcache.py:PcacheTest.test;run-cache_mode-writethrough-crc-disable-gc-gc0-test_script-recreate_loop-1ff5": requested -> triaging
2025-08-12 04:02:58,137 avocado.core.task.statemachine DEBUG| Task "36-./pcache.py:PcacheTest.test;run-cache_mode-writethrough-crc-disable-gc-gc0-test_script-recreate_loop-1ff5": requirements OK (will proceed to check dependencies)
2025-08-12 04:02:58,137 avocado.core.task.statemachine DEBUG| Task "36-./pcache.py:PcacheTest.test;run-cache_mode-writethrough-crc-disable-gc-gc0-test_script-recreate_loop-1ff5": about to be spawned with "<avocado.plugins.spawners.process.ProcessSpawner object at 0x79fe40575ca0>"
2025-08-12 04:02:58,140 avocado.core.task.statemachine DEBUG| Task "36-./pcache.py:PcacheTest.test;run-cache_mode-writethrough-crc-disable-gc-gc0-test_script-recreate_loop-1ff5": spawned successfully
2025-08-12 04:02:58,431 avocado.core.status.repo DEBUG| Task "36-./pcache.py:PcacheTest.test;run-cache_mode-writethrough-crc-disable-gc-gc0-test_script-recreate_loop-1ff5" started message: "{'status': 'started', 'time': 5925.409257637, 'output_dir': '/root/avocado/job-results/job-2025-08-12T02.24-2be3cd4/test-results/36-._pcache.py_PcacheTest.test_run-cache_mode-writethrough-crc-disable-gc-gc0-test_script-recreate_loop-1ff5', 'id': '36-./pcache.py:PcacheTest.test;run-cache_mode-writethrough-crc-disable-gc-gc0-test_script-recreate_loop-1ff5'}"
2025-08-12 04:02:58,439 avocado.test INFO | ./pcache.py:PcacheTest.test;run-cache_mode-writethrough-crc-disable-gc-gc0-test_script-recreate_loop-1ff5: STARTED
2025-08-12 04:02:59,192 avocado.core.status.repo DEBUG| Task "36-./pcache.py:PcacheTest.test;run-cache_mode-writethrough-crc-disable-gc-gc0-test_script-recreate_loop-1ff5" finished message: "{'result': 'pass', 'status': 'finished', 'time': 5926.07982992}"
2025-08-12 04:02:59,228 avocado.test INFO | ./pcache.py:PcacheTest.test;run-cache_mode-writethrough-crc-disable-gc-gc0-test_script-recreate_loop-1ff5: PASS
2025-08-12 04:02:59,228 avocado.test INFO | More information in /root/avocado/job-results/job-2025-08-12T02.24-2be3cd4/test-results/36-._pcache.py_PcacheTest.test_run-cache_mode-writethrough-crc-disable-gc-gc0-test_script-recreate_loop-1ff5
2025-08-12 04:02:59,276 avocado.core.task.statemachine DEBUG| Task "36-./pcache.py:PcacheTest.test;run-cache_mode-writethrough-crc-disable-gc-gc0-test_script-recreate_loop-1ff5" finished
2025-08-12 04:02:59,276 avocado.core.task.statemachine DEBUG| Task "37-./pcache.py:PcacheTest.test;run-cache_mode-writethrough-crc-enable-gc-gc80-test_script-default-ad8d": requested -> triaging
2025-08-12 04:02:59,276 avocado.core.task.statemachine DEBUG| Task "37-./pcache.py:PcacheTest.test;run-cache_mode-writethrough-crc-enable-gc-gc80-test_script-default-ad8d": requirements OK (will proceed to check dependencies)
2025-08-12 04:02:59,276 avocado.core.task.statemachine DEBUG| Task "37-./pcache.py:PcacheTest.test;run-cache_mode-writethrough-crc-enable-gc-gc80-test_script-default-ad8d": about to be spawned with "<avocado.plugins.spawners.process.ProcessSpawner object at 0x79fe40575ca0>"
2025-08-12 04:02:59,279 avocado.core.task.statemachine DEBUG| Task "37-./pcache.py:PcacheTest.test;run-cache_mode-writethrough-crc-enable-gc-gc80-test_script-default-ad8d": spawned successfully
2025-08-12 04:02:59,566 avocado.core.status.repo DEBUG| Task "37-./pcache.py:PcacheTest.test;run-cache_mode-writethrough-crc-enable-gc-gc80-test_script-default-ad8d" started message: "{'status': 'started', 'time': 5926.544255268, 'output_dir': '/root/avocado/job-results/job-2025-08-12T02.24-2be3cd4/test-results/37-._pcache.py_PcacheTest.test_run-cache_mode-writethrough-crc-enable-gc-gc80-test_script-default-ad8d', 'id': '37-./pcache.py:PcacheTest.test;run-cache_mode-writethrough-crc-enable-gc-gc80-test_script-default-ad8d'}"
2025-08-12 04:02:59,582 avocado.test INFO | ./pcache.py:PcacheTest.test;run-cache_mode-writethrough-crc-enable-gc-gc80-test_script-default-ad8d: STARTED
2025-08-12 04:03:01,011 avocado.core.status.repo DEBUG| Task "37-./pcache.py:PcacheTest.test;run-cache_mode-writethrough-crc-enable-gc-gc80-test_script-default-ad8d" finished message: "{'result': 'pass', 'status': 'finished', 'time': 5927.894861959}"
2025-08-12 04:03:01,086 avocado.test INFO | ./pcache.py:PcacheTest.test;run-cache_mode-writethrough-crc-enable-gc-gc80-test_script-default-ad8d: PASS
2025-08-12 04:03:01,086 avocado.test INFO | More information in /root/avocado/job-results/job-2025-08-12T02.24-2be3cd4/test-results/37-._pcache.py_PcacheTest.test_run-cache_mode-writethrough-crc-enable-gc-gc80-test_script-default-ad8d
2025-08-12 04:03:01,094 avocado.core.task.statemachine DEBUG| Task "37-./pcache.py:PcacheTest.test;run-cache_mode-writethrough-crc-enable-gc-gc80-test_script-default-ad8d" finished
2025-08-12 04:03:01,094 avocado.core.task.statemachine DEBUG| Task "38-./pcache.py:PcacheTest.test;run-cache_mode-writethrough-crc-enable-gc-gc80-test_script-xfstests-f1d2": requested -> triaging
2025-08-12 04:03:01,095 avocado.core.task.statemachine DEBUG| Task "38-./pcache.py:PcacheTest.test;run-cache_mode-writethrough-crc-enable-gc-gc80-test_script-xfstests-f1d2": requirements OK (will proceed to check dependencies)
2025-08-12 04:03:01,095 avocado.core.task.statemachine DEBUG| Task "38-./pcache.py:PcacheTest.test;run-cache_mode-writethrough-crc-enable-gc-gc80-test_script-xfstests-f1d2": about to be spawned with "<avocado.plugins.spawners.process.ProcessSpawner object at 0x79fe40575ca0>"
2025-08-12 04:03:01,097 avocado.core.task.statemachine DEBUG| Task "38-./pcache.py:PcacheTest.test;run-cache_mode-writethrough-crc-enable-gc-gc80-test_script-xfstests-f1d2": spawned successfully
2025-08-12 04:03:01,385 avocado.core.status.repo DEBUG| Task "38-./pcache.py:PcacheTest.test;run-cache_mode-writethrough-crc-enable-gc-gc80-test_script-xfstests-f1d2" started message: "{'status': 'started', 'time': 5928.36342575, 'output_dir': '/root/avocado/job-results/job-2025-08-12T02.24-2be3cd4/test-results/38-._pcache.py_PcacheTest.test_run-cache_mode-writethrough-crc-enable-gc-gc80-test_script-xfstests-f1d2', 'id': '38-./pcache.py:PcacheTest.test;run-cache_mode-writethrough-crc-enable-gc-gc80-test_script-xfstests-f1d2'}"
2025-08-12 04:03:01,389 avocado.test INFO | ./pcache.py:PcacheTest.test;run-cache_mode-writethrough-crc-enable-gc-gc80-test_script-xfstests-f1d2: STARTED
2025-08-12 04:03:02,230 avocado.core.status.repo DEBUG| Task "38-./pcache.py:PcacheTest.test;run-cache_mode-writethrough-crc-enable-gc-gc80-test_script-xfstests-f1d2" finished message: "{'result': 'pass', 'status': 'finished', 'time': 5929.114656442}"
2025-08-12 04:03:02,278 avocado.test INFO | ./pcache.py:PcacheTest.test;run-cache_mode-writethrough-crc-enable-gc-gc80-test_script-xfstests-f1d2: PASS
2025-08-12 04:03:02,278 avocado.test INFO | More information in /root/avocado/job-results/job-2025-08-12T02.24-2be3cd4/test-results/38-._pcache.py_PcacheTest.test_run-cache_mode-writethrough-crc-enable-gc-gc80-test_script-xfstests-f1d2
2025-08-12 04:03:02,312 avocado.core.task.statemachine DEBUG| Task "38-./pcache.py:PcacheTest.test;run-cache_mode-writethrough-crc-enable-gc-gc80-test_script-xfstests-f1d2" finished
2025-08-12 04:03:02,312 avocado.core.task.statemachine DEBUG| Task "39-./pcache.py:PcacheTest.test;run-cache_mode-writethrough-crc-enable-gc-gc80-test_script-misc-aedf": requested -> triaging
2025-08-12 04:03:02,312 avocado.core.task.statemachine DEBUG| Task "39-./pcache.py:PcacheTest.test;run-cache_mode-writethrough-crc-enable-gc-gc80-test_script-misc-aedf": requirements OK (will proceed to check dependencies)
2025-08-12 04:03:02,312 avocado.core.task.statemachine DEBUG| Task "39-./pcache.py:PcacheTest.test;run-cache_mode-writethrough-crc-enable-gc-gc80-test_script-misc-aedf": about to be spawned with "<avocado.plugins.spawners.process.ProcessSpawner object at 0x79fe40575ca0>"
2025-08-12 04:03:02,316 avocado.core.task.statemachine DEBUG| Task "39-./pcache.py:PcacheTest.test;run-cache_mode-writethrough-crc-enable-gc-gc80-test_script-misc-aedf": spawned successfully
2025-08-12 04:03:02,610 avocado.core.status.repo DEBUG| Task "39-./pcache.py:PcacheTest.test;run-cache_mode-writethrough-crc-enable-gc-gc80-test_script-misc-aedf" started message: "{'status': 'started', 'time': 5929.588218111, 'output_dir': '/root/avocado/job-results/job-2025-08-12T02.24-2be3cd4/test-results/39-._pcache.py_PcacheTest.test_run-cache_mode-writethrough-crc-enable-gc-gc80-test_script-misc-aedf', 'id': '39-./pcache.py:PcacheTest.test;run-cache_mode-writethrough-crc-enable-gc-gc80-test_script-misc-aedf'}"
2025-08-12 04:03:02,633 avocado.test INFO | ./pcache.py:PcacheTest.test;run-cache_mode-writethrough-crc-enable-gc-gc80-test_script-misc-aedf: STARTED
2025-08-12 04:03:03,750 avocado.core.status.repo DEBUG| Task "39-./pcache.py:PcacheTest.test;run-cache_mode-writethrough-crc-enable-gc-gc80-test_script-misc-aedf" finished message: "{'result': 'pass', 'status': 'finished', 'time': 5930.631906984}"
2025-08-12 04:03:03,836 avocado.test INFO | ./pcache.py:PcacheTest.test;run-cache_mode-writethrough-crc-enable-gc-gc80-test_script-misc-aedf: PASS
2025-08-12 04:03:03,837 avocado.test INFO | More information in /root/avocado/job-results/job-2025-08-12T02.24-2be3cd4/test-results/39-._pcache.py_PcacheTest.test_run-cache_mode-writethrough-crc-enable-gc-gc80-test_script-misc-aedf
2025-08-12 04:03:03,837 avocado.core.task.statemachine DEBUG| Task "39-./pcache.py:PcacheTest.test;run-cache_mode-writethrough-crc-enable-gc-gc80-test_script-misc-aedf" finished
2025-08-12 04:03:03,838 avocado.core.task.statemachine DEBUG| Task "40-./pcache.py:PcacheTest.test;run-cache_mode-writethrough-crc-enable-gc-gc80-test_script-failslab-6415": requested -> triaging
2025-08-12 04:03:03,838 avocado.core.task.statemachine DEBUG| Task "40-./pcache.py:PcacheTest.test;run-cache_mode-writethrough-crc-enable-gc-gc80-test_script-failslab-6415": requirements OK (will proceed to check dependencies)
2025-08-12 04:03:03,838 avocado.core.task.statemachine DEBUG| Task "40-./pcache.py:PcacheTest.test;run-cache_mode-writethrough-crc-enable-gc-gc80-test_script-failslab-6415": about to be spawned with "<avocado.plugins.spawners.process.ProcessSpawner object at 0x79fe40575ca0>"
2025-08-12 04:03:03,841 avocado.core.task.statemachine DEBUG| Task "40-./pcache.py:PcacheTest.test;run-cache_mode-writethrough-crc-enable-gc-gc80-test_script-failslab-6415": spawned successfully
2025-08-12 04:03:04,126 avocado.core.status.repo DEBUG| Task "40-./pcache.py:PcacheTest.test;run-cache_mode-writethrough-crc-enable-gc-gc80-test_script-failslab-6415" started message: "{'status': 'started', 'time': 5931.10452577, 'output_dir': '/root/avocado/job-results/job-2025-08-12T02.24-2be3cd4/test-results/40-._pcache.py_PcacheTest.test_run-cache_mode-writethrough-crc-enable-gc-gc80-test_script-failslab-6415', 'id': '40-./pcache.py:PcacheTest.test;run-cache_mode-writethrough-crc-enable-gc-gc80-test_script-failslab-6415'}"
2025-08-12 04:03:04,139 avocado.test INFO | ./pcache.py:PcacheTest.test;run-cache_mode-writethrough-crc-enable-gc-gc80-test_script-failslab-6415: STARTED
2025-08-12 04:03:05,041 avocado.core.status.repo DEBUG| Task "40-./pcache.py:PcacheTest.test;run-cache_mode-writethrough-crc-enable-gc-gc80-test_script-failslab-6415" finished message: "{'result': 'pass', 'status': 'finished', 'time': 5931.920387482}"
2025-08-12 04:03:05,078 avocado.test INFO | ./pcache.py:PcacheTest.test;run-cache_mode-writethrough-crc-enable-gc-gc80-test_script-failslab-6415: PASS
2025-08-12 04:03:05,079 avocado.test INFO | More information in /root/avocado/job-results/job-2025-08-12T02.24-2be3cd4/test-results/40-._pcache.py_PcacheTest.test_run-cache_mode-writethrough-crc-enable-gc-gc80-test_script-failslab-6415
2025-08-12 04:03:05,123 avocado.core.task.statemachine DEBUG| Task "40-./pcache.py:PcacheTest.test;run-cache_mode-writethrough-crc-enable-gc-gc80-test_script-failslab-6415" finished
2025-08-12 04:03:05,123 avocado.core.task.statemachine DEBUG| Task "41-./pcache.py:PcacheTest.test;run-cache_mode-writethrough-crc-enable-gc-gc80-test_script-fail_make_request-e344": requested -> triaging
2025-08-12 04:03:05,124 avocado.core.task.statemachine DEBUG| Task "41-./pcache.py:PcacheTest.test;run-cache_mode-writethrough-crc-enable-gc-gc80-test_script-fail_make_request-e344": requirements OK (will proceed to check dependencies)
2025-08-12 04:03:05,124 avocado.core.task.statemachine DEBUG| Task "41-./pcache.py:PcacheTest.test;run-cache_mode-writethrough-crc-enable-gc-gc80-test_script-fail_make_request-e344": about to be spawned with "<avocado.plugins.spawners.process.ProcessSpawner object at 0x79fe40575ca0>"
2025-08-12 04:03:05,127 avocado.core.task.statemachine DEBUG| Task "41-./pcache.py:PcacheTest.test;run-cache_mode-writethrough-crc-enable-gc-gc80-test_script-fail_make_request-e344": spawned successfully
2025-08-12 04:03:05,411 avocado.core.status.repo DEBUG| Task "41-./pcache.py:PcacheTest.test;run-cache_mode-writethrough-crc-enable-gc-gc80-test_script-fail_make_request-e344" started message: "{'status': 'started', 'time': 5932.389679876, 'output_dir': '/root/avocado/job-results/job-2025-08-12T02.24-2be3cd4/test-results/41-._pcache.py_PcacheTest.test_run-cache_mode-writethrough-crc-enable-gc-gc80-test_script-fail_make_request-e344', 'id': '41-./pcache.py:PcacheTest.test;run-cache_mode-writethrough-crc-enable-gc-gc80-test_script-fail_make_request-e344'}"
2025-08-12 04:03:05,431 avocado.test INFO | ./pcache.py:PcacheTest.test;run-cache_mode-writethrough-crc-enable-gc-gc80-test_script-fail_make_request-e344: STARTED
2025-08-12 04:03:07,237 avocado.core.status.repo DEBUG| Task "41-./pcache.py:PcacheTest.test;run-cache_mode-writethrough-crc-enable-gc-gc80-test_script-fail_make_request-e344" finished message: "{'result': 'pass', 'status': 'finished', 'time': 5934.120639671}"
2025-08-12 04:03:07,362 avocado.test INFO | ./pcache.py:PcacheTest.test;run-cache_mode-writethrough-crc-enable-gc-gc80-test_script-fail_make_request-e344: PASS
2025-08-12 04:03:07,362 avocado.test INFO | More information in /root/avocado/job-results/job-2025-08-12T02.24-2be3cd4/test-results/41-._pcache.py_PcacheTest.test_run-cache_mode-writethrough-crc-enable-gc-gc80-test_script-fail_make_request-e344
2025-08-12 04:03:07,363 avocado.core.task.statemachine DEBUG| Task "41-./pcache.py:PcacheTest.test;run-cache_mode-writethrough-crc-enable-gc-gc80-test_script-fail_make_request-e344" finished
2025-08-12 04:03:07,363 avocado.core.task.statemachine DEBUG| Task "42-./pcache.py:PcacheTest.test;run-cache_mode-writethrough-crc-enable-gc-gc80-test_script-recreate_loop-968b": requested -> triaging
2025-08-12 04:03:07,364 avocado.core.task.statemachine DEBUG| Task "42-./pcache.py:PcacheTest.test;run-cache_mode-writethrough-crc-enable-gc-gc80-test_script-recreate_loop-968b": requirements OK (will proceed to check dependencies)
2025-08-12 04:03:07,364 avocado.core.task.statemachine DEBUG| Task "42-./pcache.py:PcacheTest.test;run-cache_mode-writethrough-crc-enable-gc-gc80-test_script-recreate_loop-968b": about to be spawned with "<avocado.plugins.spawners.process.ProcessSpawner object at 0x79fe40575ca0>"
2025-08-12 04:03:07,367 avocado.core.task.statemachine DEBUG| Task "42-./pcache.py:PcacheTest.test;run-cache_mode-writethrough-crc-enable-gc-gc80-test_script-recreate_loop-968b": spawned successfully
2025-08-12 04:03:07,674 avocado.core.status.repo DEBUG| Task "42-./pcache.py:PcacheTest.test;run-cache_mode-writethrough-crc-enable-gc-gc80-test_script-recreate_loop-968b" started message: "{'status': 'started', 'time': 5934.652766997, 'output_dir': '/root/avocado/job-results/job-2025-08-12T02.24-2be3cd4/test-results/42-._pcache.py_PcacheTest.test_run-cache_mode-writethrough-crc-enable-gc-gc80-test_script-recreate_loop-968b', 'id': '42-./pcache.py:PcacheTest.test;run-cache_mode-writethrough-crc-enable-gc-gc80-test_script-recreate_loop-968b'}"
2025-08-12 04:03:07,717 avocado.test INFO | ./pcache.py:PcacheTest.test;run-cache_mode-writethrough-crc-enable-gc-gc80-test_script-recreate_loop-968b: STARTED
2025-08-12 04:03:08,428 avocado.core.status.repo DEBUG| Task "42-./pcache.py:PcacheTest.test;run-cache_mode-writethrough-crc-enable-gc-gc80-test_script-recreate_loop-968b" finished message: "{'result': 'pass', 'status': 'finished', 'time': 5935.309684563}"
2025-08-12 04:03:08,504 avocado.test INFO | ./pcache.py:PcacheTest.test;run-cache_mode-writethrough-crc-enable-gc-gc80-test_script-recreate_loop-968b: PASS
2025-08-12 04:03:08,504 avocado.test INFO | More information in /root/avocado/job-results/job-2025-08-12T02.24-2be3cd4/test-results/42-._pcache.py_PcacheTest.test_run-cache_mode-writethrough-crc-enable-gc-gc80-test_script-recreate_loop-968b
2025-08-12 04:03:08,512 avocado.core.task.statemachine DEBUG| Task "42-./pcache.py:PcacheTest.test;run-cache_mode-writethrough-crc-enable-gc-gc80-test_script-recreate_loop-968b" finished
2025-08-12 04:03:08,512 avocado.core.task.statemachine DEBUG| Task "43-./pcache.py:PcacheTest.test;run-cache_mode-writethrough-crc-disable-gc-gc80-test_script-default-34b4": requested -> triaging
2025-08-12 04:03:08,512 avocado.core.task.statemachine DEBUG| Task "43-./pcache.py:PcacheTest.test;run-cache_mode-writethrough-crc-disable-gc-gc80-test_script-default-34b4": requirements OK (will proceed to check dependencies)
2025-08-12 04:03:08,512 avocado.core.task.statemachine DEBUG| Task "43-./pcache.py:PcacheTest.test;run-cache_mode-writethrough-crc-disable-gc-gc80-test_script-default-34b4": about to be spawned with "<avocado.plugins.spawners.process.ProcessSpawner object at 0x79fe40575ca0>"
2025-08-12 04:03:08,515 avocado.core.task.statemachine DEBUG| Task "43-./pcache.py:PcacheTest.test;run-cache_mode-writethrough-crc-disable-gc-gc80-test_script-default-34b4": spawned successfully
2025-08-12 04:03:08,821 avocado.core.status.repo DEBUG| Task "43-./pcache.py:PcacheTest.test;run-cache_mode-writethrough-crc-disable-gc-gc80-test_script-default-34b4" started message: "{'status': 'started', 'time': 5935.79926523, 'output_dir': '/root/avocado/job-results/job-2025-08-12T02.24-2be3cd4/test-results/43-._pcache.py_PcacheTest.test_run-cache_mode-writethrough-crc-disable-gc-gc80-test_script-default-34b4', 'id': '43-./pcache.py:PcacheTest.test;run-cache_mode-writethrough-crc-disable-gc-gc80-test_script-default-34b4'}"
2025-08-12 04:03:08,858 avocado.test INFO | ./pcache.py:PcacheTest.test;run-cache_mode-writethrough-crc-disable-gc-gc80-test_script-default-34b4: STARTED
2025-08-12 04:03:10,250 avocado.core.status.repo DEBUG| Task "43-./pcache.py:PcacheTest.test;run-cache_mode-writethrough-crc-disable-gc-gc80-test_script-default-34b4" finished message: "{'result': 'pass', 'status': 'finished', 'time': 5937.132890066}"
2025-08-12 04:03:10,304 avocado.test INFO | ./pcache.py:PcacheTest.test;run-cache_mode-writethrough-crc-disable-gc-gc80-test_script-default-34b4: PASS
2025-08-12 04:03:10,304 avocado.test INFO | More information in /root/avocado/job-results/job-2025-08-12T02.24-2be3cd4/test-results/43-._pcache.py_PcacheTest.test_run-cache_mode-writethrough-crc-disable-gc-gc80-test_script-default-34b4
2025-08-12 04:03:10,332 avocado.core.task.statemachine DEBUG| Task "43-./pcache.py:PcacheTest.test;run-cache_mode-writethrough-crc-disable-gc-gc80-test_script-default-34b4" finished
2025-08-12 04:03:10,332 avocado.core.task.statemachine DEBUG| Task "44-./pcache.py:PcacheTest.test;run-cache_mode-writethrough-crc-disable-gc-gc80-test_script-xfstests-eb75": requested -> triaging
2025-08-12 04:03:10,332 avocado.core.task.statemachine DEBUG| Task "44-./pcache.py:PcacheTest.test;run-cache_mode-writethrough-crc-disable-gc-gc80-test_script-xfstests-eb75": requirements OK (will proceed to check dependencies)
2025-08-12 04:03:10,332 avocado.core.task.statemachine DEBUG| Task "44-./pcache.py:PcacheTest.test;run-cache_mode-writethrough-crc-disable-gc-gc80-test_script-xfstests-eb75": about to be spawned with "<avocado.plugins.spawners.process.ProcessSpawner object at 0x79fe40575ca0>"
2025-08-12 04:03:10,335 avocado.core.task.statemachine DEBUG| Task "44-./pcache.py:PcacheTest.test;run-cache_mode-writethrough-crc-disable-gc-gc80-test_script-xfstests-eb75": spawned successfully
2025-08-12 04:03:10,620 avocado.core.status.repo DEBUG| Task "44-./pcache.py:PcacheTest.test;run-cache_mode-writethrough-crc-disable-gc-gc80-test_script-xfstests-eb75" started message: "{'status': 'started', 'time': 5937.599109996, 'output_dir': '/root/avocado/job-results/job-2025-08-12T02.24-2be3cd4/test-results/44-._pcache.py_PcacheTest.test_run-cache_mode-writethrough-crc-disable-gc-gc80-test_script-xfstests-eb75', 'id': '44-./pcache.py:PcacheTest.test;run-cache_mode-writethrough-crc-disable-gc-gc80-test_script-xfstests-eb75'}"
2025-08-12 04:03:10,658 avocado.test INFO | ./pcache.py:PcacheTest.test;run-cache_mode-writethrough-crc-disable-gc-gc80-test_script-xfstests-eb75: STARTED
2025-08-12 04:03:11,465 avocado.core.status.repo DEBUG| Task "44-./pcache.py:PcacheTest.test;run-cache_mode-writethrough-crc-disable-gc-gc80-test_script-xfstests-eb75" finished message: "{'result': 'pass', 'status': 'finished', 'time': 5938.345617184}"
2025-08-12 04:03:11,521 avocado.test INFO | ./pcache.py:PcacheTest.test;run-cache_mode-writethrough-crc-disable-gc-gc80-test_script-xfstests-eb75: PASS
2025-08-12 04:03:11,521 avocado.test INFO | More information in /root/avocado/job-results/job-2025-08-12T02.24-2be3cd4/test-results/44-._pcache.py_PcacheTest.test_run-cache_mode-writethrough-crc-disable-gc-gc80-test_script-xfstests-eb75
2025-08-12 04:03:11,550 avocado.core.task.statemachine DEBUG| Task "44-./pcache.py:PcacheTest.test;run-cache_mode-writethrough-crc-disable-gc-gc80-test_script-xfstests-eb75" finished
2025-08-12 04:03:11,550 avocado.core.task.statemachine DEBUG| Task "45-./pcache.py:PcacheTest.test;run-cache_mode-writethrough-crc-disable-gc-gc80-test_script-misc-a39c": requested -> triaging
2025-08-12 04:03:11,550 avocado.core.task.statemachine DEBUG| Task "45-./pcache.py:PcacheTest.test;run-cache_mode-writethrough-crc-disable-gc-gc80-test_script-misc-a39c": requirements OK (will proceed to check dependencies)
2025-08-12 04:03:11,550 avocado.core.task.statemachine DEBUG| Task "45-./pcache.py:PcacheTest.test;run-cache_mode-writethrough-crc-disable-gc-gc80-test_script-misc-a39c": about to be spawned with "<avocado.plugins.spawners.process.ProcessSpawner object at 0x79fe40575ca0>"
2025-08-12 04:03:11,553 avocado.core.task.statemachine DEBUG| Task "45-./pcache.py:PcacheTest.test;run-cache_mode-writethrough-crc-disable-gc-gc80-test_script-misc-a39c": spawned successfully
2025-08-12 04:03:11,838 avocado.core.status.repo DEBUG| Task "45-./pcache.py:PcacheTest.test;run-cache_mode-writethrough-crc-disable-gc-gc80-test_script-misc-a39c" started message: "{'status': 'started', 'time': 5938.816684833, 'output_dir': '/root/avocado/job-results/job-2025-08-12T02.24-2be3cd4/test-results/45-._pcache.py_PcacheTest.test_run-cache_mode-writethrough-crc-disable-gc-gc80-test_script-misc-a39c', 'id': '45-./pcache.py:PcacheTest.test;run-cache_mode-writethrough-crc-disable-gc-gc80-test_script-misc-a39c'}"
2025-08-12 04:03:11,876 avocado.test INFO | ./pcache.py:PcacheTest.test;run-cache_mode-writethrough-crc-disable-gc-gc80-test_script-misc-a39c: STARTED
2025-08-12 04:03:12,990 avocado.core.status.repo DEBUG| Task "45-./pcache.py:PcacheTest.test;run-cache_mode-writethrough-crc-disable-gc-gc80-test_script-misc-a39c" finished message: "{'result': 'pass', 'status': 'finished', 'time': 5939.871114652}"
2025-08-12 04:03:13,071 avocado.test INFO | ./pcache.py:PcacheTest.test;run-cache_mode-writethrough-crc-disable-gc-gc80-test_script-misc-a39c: PASS
2025-08-12 04:03:13,071 avocado.test INFO | More information in /root/avocado/job-results/job-2025-08-12T02.24-2be3cd4/test-results/45-._pcache.py_PcacheTest.test_run-cache_mode-writethrough-crc-disable-gc-gc80-test_script-misc-a39c
2025-08-12 04:03:13,074 avocado.core.task.statemachine DEBUG| Task "45-./pcache.py:PcacheTest.test;run-cache_mode-writethrough-crc-disable-gc-gc80-test_script-misc-a39c" finished
2025-08-12 04:03:13,074 avocado.core.task.statemachine DEBUG| Task "46-./pcache.py:PcacheTest.test;run-cache_mode-writethrough-crc-disable-gc-gc80-test_script-failslab-1d18": requested -> triaging
2025-08-12 04:03:13,074 avocado.core.task.statemachine DEBUG| Task "46-./pcache.py:PcacheTest.test;run-cache_mode-writethrough-crc-disable-gc-gc80-test_script-failslab-1d18": requirements OK (will proceed to check dependencies)
2025-08-12 04:03:13,074 avocado.core.task.statemachine DEBUG| Task "46-./pcache.py:PcacheTest.test;run-cache_mode-writethrough-crc-disable-gc-gc80-test_script-failslab-1d18": about to be spawned with "<avocado.plugins.spawners.process.ProcessSpawner object at 0x79fe40575ca0>"
2025-08-12 04:03:13,077 avocado.core.task.statemachine DEBUG| Task "46-./pcache.py:PcacheTest.test;run-cache_mode-writethrough-crc-disable-gc-gc80-test_script-failslab-1d18": spawned successfully
2025-08-12 04:03:13,361 avocado.core.status.repo DEBUG| Task "46-./pcache.py:PcacheTest.test;run-cache_mode-writethrough-crc-disable-gc-gc80-test_script-failslab-1d18" started message: "{'status': 'started', 'time': 5940.339215712, 'output_dir': '/root/avocado/job-results/job-2025-08-12T02.24-2be3cd4/test-results/46-._pcache.py_PcacheTest.test_run-cache_mode-writethrough-crc-disable-gc-gc80-test_script-failslab-1d18', 'id': '46-./pcache.py:PcacheTest.test;run-cache_mode-writethrough-crc-disable-gc-gc80-test_script-failslab-1d18'}"
2025-08-12 04:03:13,374 avocado.test INFO | ./pcache.py:PcacheTest.test;run-cache_mode-writethrough-crc-disable-gc-gc80-test_script-failslab-1d18: STARTED
2025-08-12 04:03:14,277 avocado.core.status.repo DEBUG| Task "46-./pcache.py:PcacheTest.test;run-cache_mode-writethrough-crc-disable-gc-gc80-test_script-failslab-1d18" finished message: "{'result': 'pass', 'status': 'finished', 'time': 5941.157438714}"
2025-08-12 04:03:14,330 avocado.test INFO | ./pcache.py:PcacheTest.test;run-cache_mode-writethrough-crc-disable-gc-gc80-test_script-failslab-1d18: PASS
2025-08-12 04:03:14,330 avocado.test INFO | More information in /root/avocado/job-results/job-2025-08-12T02.24-2be3cd4/test-results/46-._pcache.py_PcacheTest.test_run-cache_mode-writethrough-crc-disable-gc-gc80-test_script-failslab-1d18
2025-08-12 04:03:14,362 avocado.core.task.statemachine DEBUG| Task "46-./pcache.py:PcacheTest.test;run-cache_mode-writethrough-crc-disable-gc-gc80-test_script-failslab-1d18" finished
2025-08-12 04:03:14,362 avocado.core.task.statemachine DEBUG| Task "47-./pcache.py:PcacheTest.test;run-cache_mode-writethrough-crc-disable-gc-gc80-test_script-fail_make_request-d3a2": requested -> triaging
2025-08-12 04:03:14,362 avocado.core.task.statemachine DEBUG| Task "47-./pcache.py:PcacheTest.test;run-cache_mode-writethrough-crc-disable-gc-gc80-test_script-fail_make_request-d3a2": requirements OK (will proceed to check dependencies)
2025-08-12 04:03:14,362 avocado.core.task.statemachine DEBUG| Task "47-./pcache.py:PcacheTest.test;run-cache_mode-writethrough-crc-disable-gc-gc80-test_script-fail_make_request-d3a2": about to be spawned with "<avocado.plugins.spawners.process.ProcessSpawner object at 0x79fe40575ca0>"
2025-08-12 04:03:14,365 avocado.core.task.statemachine DEBUG| Task "47-./pcache.py:PcacheTest.test;run-cache_mode-writethrough-crc-disable-gc-gc80-test_script-fail_make_request-d3a2": spawned successfully
2025-08-12 04:03:14,653 avocado.core.status.repo DEBUG| Task "47-./pcache.py:PcacheTest.test;run-cache_mode-writethrough-crc-disable-gc-gc80-test_script-fail_make_request-d3a2" started message: "{'status': 'started', 'time': 5941.631484798, 'output_dir': '/root/avocado/job-results/job-2025-08-12T02.24-2be3cd4/test-results/47-._pcache.py_PcacheTest.test_run-cache_mode-writethrough-crc-disable-gc-gc80-test_script-fail_make_request-d3a2', 'id': '47-./pcache.py:PcacheTest.test;run-cache_mode-writethrough-crc-disable-gc-gc80-test_script-fail_make_request-d3a2'}"
2025-08-12 04:03:14,685 avocado.test INFO | ./pcache.py:PcacheTest.test;run-cache_mode-writethrough-crc-disable-gc-gc80-test_script-fail_make_request-d3a2: STARTED
2025-08-12 04:03:16,445 avocado.core.status.repo DEBUG| Task "47-./pcache.py:PcacheTest.test;run-cache_mode-writethrough-crc-disable-gc-gc80-test_script-fail_make_request-d3a2" finished message: "{'result': 'pass', 'status': 'finished', 'time': 5943.323099581}"
2025-08-12 04:03:16,564 avocado.test INFO | ./pcache.py:PcacheTest.test;run-cache_mode-writethrough-crc-disable-gc-gc80-test_script-fail_make_request-d3a2: PASS
2025-08-12 04:03:16,564 avocado.test INFO | More information in /root/avocado/job-results/job-2025-08-12T02.24-2be3cd4/test-results/47-._pcache.py_PcacheTest.test_run-cache_mode-writethrough-crc-disable-gc-gc80-test_script-fail_make_request-d3a2
2025-08-12 04:03:16,565 avocado.core.task.statemachine DEBUG| Task "47-./pcache.py:PcacheTest.test;run-cache_mode-writethrough-crc-disable-gc-gc80-test_script-fail_make_request-d3a2" finished
2025-08-12 04:03:16,565 avocado.core.task.statemachine DEBUG| Task "48-./pcache.py:PcacheTest.test;run-cache_mode-writethrough-crc-disable-gc-gc80-test_script-recreate_loop-fbd8": requested -> triaging
2025-08-12 04:03:16,565 avocado.core.task.statemachine DEBUG| Task "48-./pcache.py:PcacheTest.test;run-cache_mode-writethrough-crc-disable-gc-gc80-test_script-recreate_loop-fbd8": requirements OK (will proceed to check dependencies)
2025-08-12 04:03:16,565 avocado.core.task.statemachine DEBUG| Task "48-./pcache.py:PcacheTest.test;run-cache_mode-writethrough-crc-disable-gc-gc80-test_script-recreate_loop-fbd8": about to be spawned with "<avocado.plugins.spawners.process.ProcessSpawner object at 0x79fe40575ca0>"
2025-08-12 04:03:16,568 avocado.core.task.statemachine DEBUG| Task "48-./pcache.py:PcacheTest.test;run-cache_mode-writethrough-crc-disable-gc-gc80-test_script-recreate_loop-fbd8": spawned successfully
2025-08-12 04:03:16,879 avocado.core.status.repo DEBUG| Task "48-./pcache.py:PcacheTest.test;run-cache_mode-writethrough-crc-disable-gc-gc80-test_script-recreate_loop-fbd8" started message: "{'status': 'started', 'time': 5943.857283289, 'output_dir': '/root/avocado/job-results/job-2025-08-12T02.24-2be3cd4/test-results/48-._pcache.py_PcacheTest.test_run-cache_mode-writethrough-crc-disable-gc-gc80-test_script-recreate_loop-fbd8', 'id': '48-./pcache.py:PcacheTest.test;run-cache_mode-writethrough-crc-disable-gc-gc80-test_script-recreate_loop-fbd8'}"
2025-08-12 04:03:16,917 avocado.test INFO | ./pcache.py:PcacheTest.test;run-cache_mode-writethrough-crc-disable-gc-gc80-test_script-recreate_loop-fbd8: STARTED
2025-08-12 04:03:17,642 avocado.core.status.repo DEBUG| Task "48-./pcache.py:PcacheTest.test;run-cache_mode-writethrough-crc-disable-gc-gc80-test_script-recreate_loop-fbd8" finished message: "{'result': 'pass', 'status': 'finished', 'time': 5944.52283974}"
2025-08-12 04:03:17,697 avocado.test INFO | ./pcache.py:PcacheTest.test;run-cache_mode-writethrough-crc-disable-gc-gc80-test_script-recreate_loop-fbd8: PASS
2025-08-12 04:03:17,697 avocado.test INFO | More information in /root/avocado/job-results/job-2025-08-12T02.24-2be3cd4/test-results/48-._pcache.py_PcacheTest.test_run-cache_mode-writethrough-crc-disable-gc-gc80-test_script-recreate_loop-fbd8
2025-08-12 04:03:17,720 avocado.core.task.statemachine DEBUG| Task "48-./pcache.py:PcacheTest.test;run-cache_mode-writethrough-crc-disable-gc-gc80-test_script-recreate_loop-fbd8" finished
2025-08-12 04:03:17,720 avocado.core.task.statemachine DEBUG| Task "49-./pcache.py:PcacheTest.test;run-cache_mode-writearound-crc-enable-gc-gc0-test_script-default-b8ae": requested -> triaging
2025-08-12 04:03:17,720 avocado.core.task.statemachine DEBUG| Task "49-./pcache.py:PcacheTest.test;run-cache_mode-writearound-crc-enable-gc-gc0-test_script-default-b8ae": requirements OK (will proceed to check dependencies)
2025-08-12 04:03:17,720 avocado.core.task.statemachine DEBUG| Task "49-./pcache.py:PcacheTest.test;run-cache_mode-writearound-crc-enable-gc-gc0-test_script-default-b8ae": about to be spawned with "<avocado.plugins.spawners.process.ProcessSpawner object at 0x79fe40575ca0>"
2025-08-12 04:03:17,723 avocado.core.task.statemachine DEBUG| Task "49-./pcache.py:PcacheTest.test;run-cache_mode-writearound-crc-enable-gc-gc0-test_script-default-b8ae": spawned successfully
2025-08-12 04:03:18,011 avocado.core.status.repo DEBUG| Task "49-./pcache.py:PcacheTest.test;run-cache_mode-writearound-crc-enable-gc-gc0-test_script-default-b8ae" started message: "{'status': 'started', 'time': 5944.98933172, 'output_dir': '/root/avocado/job-results/job-2025-08-12T02.24-2be3cd4/test-results/49-._pcache.py_PcacheTest.test_run-cache_mode-writearound-crc-enable-gc-gc0-test_script-default-b8ae', 'id': '49-./pcache.py:PcacheTest.test;run-cache_mode-writearound-crc-enable-gc-gc0-test_script-default-b8ae'}"
2025-08-12 04:03:18,052 avocado.test INFO | ./pcache.py:PcacheTest.test;run-cache_mode-writearound-crc-enable-gc-gc0-test_script-default-b8ae: STARTED
2025-08-12 04:03:19,467 avocado.core.status.repo DEBUG| Task "49-./pcache.py:PcacheTest.test;run-cache_mode-writearound-crc-enable-gc-gc0-test_script-default-b8ae" finished message: "{'result': 'pass', 'status': 'finished', 'time': 5946.351679368}"
2025-08-12 04:03:19,497 avocado.test INFO | ./pcache.py:PcacheTest.test;run-cache_mode-writearound-crc-enable-gc-gc0-test_script-default-b8ae: PASS
2025-08-12 04:03:19,497 avocado.test INFO | More information in /root/avocado/job-results/job-2025-08-12T02.24-2be3cd4/test-results/49-._pcache.py_PcacheTest.test_run-cache_mode-writearound-crc-enable-gc-gc0-test_script-default-b8ae
2025-08-12 04:03:19,549 avocado.core.task.statemachine DEBUG| Task "49-./pcache.py:PcacheTest.test;run-cache_mode-writearound-crc-enable-gc-gc0-test_script-default-b8ae" finished
2025-08-12 04:03:19,549 avocado.core.task.statemachine DEBUG| Task "50-./pcache.py:PcacheTest.test;run-cache_mode-writearound-crc-enable-gc-gc0-test_script-xfstests-e1a4": requested -> triaging
2025-08-12 04:03:19,550 avocado.core.task.statemachine DEBUG| Task "50-./pcache.py:PcacheTest.test;run-cache_mode-writearound-crc-enable-gc-gc0-test_script-xfstests-e1a4": requirements OK (will proceed to check dependencies)
2025-08-12 04:03:19,550 avocado.core.task.statemachine DEBUG| Task "50-./pcache.py:PcacheTest.test;run-cache_mode-writearound-crc-enable-gc-gc0-test_script-xfstests-e1a4": about to be spawned with "<avocado.plugins.spawners.process.ProcessSpawner object at 0x79fe40575ca0>"
2025-08-12 04:03:19,553 avocado.core.task.statemachine DEBUG| Task "50-./pcache.py:PcacheTest.test;run-cache_mode-writearound-crc-enable-gc-gc0-test_script-xfstests-e1a4": spawned successfully
2025-08-12 04:03:19,839 avocado.core.status.repo DEBUG| Task "50-./pcache.py:PcacheTest.test;run-cache_mode-writearound-crc-enable-gc-gc0-test_script-xfstests-e1a4" started message: "{'status': 'started', 'time': 5946.817482523, 'output_dir': '/root/avocado/job-results/job-2025-08-12T02.24-2be3cd4/test-results/50-._pcache.py_PcacheTest.test_run-cache_mode-writearound-crc-enable-gc-gc0-test_script-xfstests-e1a4', 'id': '50-./pcache.py:PcacheTest.test;run-cache_mode-writearound-crc-enable-gc-gc0-test_script-xfstests-e1a4'}"
2025-08-12 04:03:19,851 avocado.test INFO | ./pcache.py:PcacheTest.test;run-cache_mode-writearound-crc-enable-gc-gc0-test_script-xfstests-e1a4: STARTED
2025-08-12 04:03:20,695 avocado.core.status.repo DEBUG| Task "50-./pcache.py:PcacheTest.test;run-cache_mode-writearound-crc-enable-gc-gc0-test_script-xfstests-e1a4" finished message: "{'result': 'pass', 'status': 'finished', 'time': 5947.578350877}"
2025-08-12 04:03:20,739 avocado.test INFO | ./pcache.py:PcacheTest.test;run-cache_mode-writearound-crc-enable-gc-gc0-test_script-xfstests-e1a4: PASS
2025-08-12 04:03:20,739 avocado.test INFO | More information in /root/avocado/job-results/job-2025-08-12T02.24-2be3cd4/test-results/50-._pcache.py_PcacheTest.test_run-cache_mode-writearound-crc-enable-gc-gc0-test_script-xfstests-e1a4
2025-08-12 04:03:20,783 avocado.core.task.statemachine DEBUG| Task "50-./pcache.py:PcacheTest.test;run-cache_mode-writearound-crc-enable-gc-gc0-test_script-xfstests-e1a4" finished
2025-08-12 04:03:20,783 avocado.core.task.statemachine DEBUG| Task "51-./pcache.py:PcacheTest.test;run-cache_mode-writearound-crc-enable-gc-gc0-test_script-misc-1d60": requested -> triaging
2025-08-12 04:03:20,783 avocado.core.task.statemachine DEBUG| Task "51-./pcache.py:PcacheTest.test;run-cache_mode-writearound-crc-enable-gc-gc0-test_script-misc-1d60": requirements OK (will proceed to check dependencies)
2025-08-12 04:03:20,783 avocado.core.task.statemachine DEBUG| Task "51-./pcache.py:PcacheTest.test;run-cache_mode-writearound-crc-enable-gc-gc0-test_script-misc-1d60": about to be spawned with "<avocado.plugins.spawners.process.ProcessSpawner object at 0x79fe40575ca0>"
2025-08-12 04:03:20,786 avocado.core.task.statemachine DEBUG| Task "51-./pcache.py:PcacheTest.test;run-cache_mode-writearound-crc-enable-gc-gc0-test_script-misc-1d60": spawned successfully
2025-08-12 04:03:21,071 avocado.core.status.repo DEBUG| Task "51-./pcache.py:PcacheTest.test;run-cache_mode-writearound-crc-enable-gc-gc0-test_script-misc-1d60" started message: "{'status': 'started', 'time': 5948.049412787, 'output_dir': '/root/avocado/job-results/job-2025-08-12T02.24-2be3cd4/test-results/51-._pcache.py_PcacheTest.test_run-cache_mode-writearound-crc-enable-gc-gc0-test_script-misc-1d60', 'id': '51-./pcache.py:PcacheTest.test;run-cache_mode-writearound-crc-enable-gc-gc0-test_script-misc-1d60'}"
2025-08-12 04:03:21,093 avocado.test INFO | ./pcache.py:PcacheTest.test;run-cache_mode-writearound-crc-enable-gc-gc0-test_script-misc-1d60: STARTED
2025-08-12 04:03:22,190 avocado.core.status.repo DEBUG| Task "51-./pcache.py:PcacheTest.test;run-cache_mode-writearound-crc-enable-gc-gc0-test_script-misc-1d60" finished message: "{'result': 'pass', 'status': 'finished', 'time': 5949.069609292}"
2025-08-12 04:03:22,231 avocado.test INFO | ./pcache.py:PcacheTest.test;run-cache_mode-writearound-crc-enable-gc-gc0-test_script-misc-1d60: PASS
2025-08-12 04:03:22,231 avocado.test INFO | More information in /root/avocado/job-results/job-2025-08-12T02.24-2be3cd4/test-results/51-._pcache.py_PcacheTest.test_run-cache_mode-writearound-crc-enable-gc-gc0-test_script-misc-1d60
2025-08-12 04:03:22,269 avocado.core.task.statemachine DEBUG| Task "51-./pcache.py:PcacheTest.test;run-cache_mode-writearound-crc-enable-gc-gc0-test_script-misc-1d60" finished
2025-08-12 04:03:22,270 avocado.core.task.statemachine DEBUG| Task "52-./pcache.py:PcacheTest.test;run-cache_mode-writearound-crc-enable-gc-gc0-test_script-failslab-1f10": requested -> triaging
2025-08-12 04:03:22,270 avocado.core.task.statemachine DEBUG| Task "52-./pcache.py:PcacheTest.test;run-cache_mode-writearound-crc-enable-gc-gc0-test_script-failslab-1f10": requirements OK (will proceed to check dependencies)
2025-08-12 04:03:22,270 avocado.core.task.statemachine DEBUG| Task "52-./pcache.py:PcacheTest.test;run-cache_mode-writearound-crc-enable-gc-gc0-test_script-failslab-1f10": about to be spawned with "<avocado.plugins.spawners.process.ProcessSpawner object at 0x79fe40575ca0>"
2025-08-12 04:03:22,273 avocado.core.task.statemachine DEBUG| Task "52-./pcache.py:PcacheTest.test;run-cache_mode-writearound-crc-enable-gc-gc0-test_script-failslab-1f10": spawned successfully
2025-08-12 04:03:22,560 avocado.core.status.repo DEBUG| Task "52-./pcache.py:PcacheTest.test;run-cache_mode-writearound-crc-enable-gc-gc0-test_script-failslab-1f10" started message: "{'status': 'started', 'time': 5949.53841162, 'output_dir': '/root/avocado/job-results/job-2025-08-12T02.24-2be3cd4/test-results/52-._pcache.py_PcacheTest.test_run-cache_mode-writearound-crc-enable-gc-gc0-test_script-failslab-1f10', 'id': '52-./pcache.py:PcacheTest.test;run-cache_mode-writearound-crc-enable-gc-gc0-test_script-failslab-1f10'}"
2025-08-12 04:03:22,586 avocado.test INFO | ./pcache.py:PcacheTest.test;run-cache_mode-writearound-crc-enable-gc-gc0-test_script-failslab-1f10: STARTED
2025-08-12 04:03:23,427 avocado.core.status.repo DEBUG| Task "52-./pcache.py:PcacheTest.test;run-cache_mode-writearound-crc-enable-gc-gc0-test_script-failslab-1f10" finished message: "{'result': 'pass', 'status': 'finished', 'time': 5950.305241427}"
2025-08-12 04:03:23,489 avocado.test INFO | ./pcache.py:PcacheTest.test;run-cache_mode-writearound-crc-enable-gc-gc0-test_script-failslab-1f10: PASS
2025-08-12 04:03:23,490 avocado.test INFO | More information in /root/avocado/job-results/job-2025-08-12T02.24-2be3cd4/test-results/52-._pcache.py_PcacheTest.test_run-cache_mode-writearound-crc-enable-gc-gc0-test_script-failslab-1f10
2025-08-12 04:03:23,512 avocado.core.task.statemachine DEBUG| Task "52-./pcache.py:PcacheTest.test;run-cache_mode-writearound-crc-enable-gc-gc0-test_script-failslab-1f10" finished
2025-08-12 04:03:23,512 avocado.core.task.statemachine DEBUG| Task "53-./pcache.py:PcacheTest.test;run-cache_mode-writearound-crc-enable-gc-gc0-test_script-fail_make_request-57ac": requested -> triaging
2025-08-12 04:03:23,512 avocado.core.task.statemachine DEBUG| Task "53-./pcache.py:PcacheTest.test;run-cache_mode-writearound-crc-enable-gc-gc0-test_script-fail_make_request-57ac": requirements OK (will proceed to check dependencies)
2025-08-12 04:03:23,512 avocado.core.task.statemachine DEBUG| Task "53-./pcache.py:PcacheTest.test;run-cache_mode-writearound-crc-enable-gc-gc0-test_script-fail_make_request-57ac": about to be spawned with "<avocado.plugins.spawners.process.ProcessSpawner object at 0x79fe40575ca0>"
2025-08-12 04:03:23,515 avocado.core.task.statemachine DEBUG| Task "53-./pcache.py:PcacheTest.test;run-cache_mode-writearound-crc-enable-gc-gc0-test_script-fail_make_request-57ac": spawned successfully
2025-08-12 04:03:23,802 avocado.core.status.repo DEBUG| Task "53-./pcache.py:PcacheTest.test;run-cache_mode-writearound-crc-enable-gc-gc0-test_script-fail_make_request-57ac" started message: "{'status': 'started', 'time': 5950.78072956, 'output_dir': '/root/avocado/job-results/job-2025-08-12T02.24-2be3cd4/test-results/53-._pcache.py_PcacheTest.test_run-cache_mode-writearound-crc-enable-gc-gc0-test_script-fail_make_request-57ac', 'id': '53-./pcache.py:PcacheTest.test;run-cache_mode-writearound-crc-enable-gc-gc0-test_script-fail_make_request-57ac'}"
2025-08-12 04:03:23,843 avocado.test INFO | ./pcache.py:PcacheTest.test;run-cache_mode-writearound-crc-enable-gc-gc0-test_script-fail_make_request-57ac: STARTED
2025-08-12 04:03:25,581 avocado.core.status.repo DEBUG| Task "53-./pcache.py:PcacheTest.test;run-cache_mode-writearound-crc-enable-gc-gc0-test_script-fail_make_request-57ac" finished message: "{'result': 'pass', 'status': 'finished', 'time': 5952.467455312}"
2025-08-12 04:03:25,707 avocado.test INFO | ./pcache.py:PcacheTest.test;run-cache_mode-writearound-crc-enable-gc-gc0-test_script-fail_make_request-57ac: PASS
2025-08-12 04:03:25,707 avocado.test INFO | More information in /root/avocado/job-results/job-2025-08-12T02.24-2be3cd4/test-results/53-._pcache.py_PcacheTest.test_run-cache_mode-writearound-crc-enable-gc-gc0-test_script-fail_make_request-57ac
2025-08-12 04:03:25,708 avocado.core.task.statemachine DEBUG| Task "53-./pcache.py:PcacheTest.test;run-cache_mode-writearound-crc-enable-gc-gc0-test_script-fail_make_request-57ac" finished
2025-08-12 04:03:25,708 avocado.core.task.statemachine DEBUG| Task "54-./pcache.py:PcacheTest.test;run-cache_mode-writearound-crc-enable-gc-gc0-test_script-recreate_loop-2a50": requested -> triaging
2025-08-12 04:03:25,708 avocado.core.task.statemachine DEBUG| Task "54-./pcache.py:PcacheTest.test;run-cache_mode-writearound-crc-enable-gc-gc0-test_script-recreate_loop-2a50": requirements OK (will proceed to check dependencies)
2025-08-12 04:03:25,708 avocado.core.task.statemachine DEBUG| Task "54-./pcache.py:PcacheTest.test;run-cache_mode-writearound-crc-enable-gc-gc0-test_script-recreate_loop-2a50": about to be spawned with "<avocado.plugins.spawners.process.ProcessSpawner object at 0x79fe40575ca0>"
2025-08-12 04:03:25,712 avocado.core.task.statemachine DEBUG| Task "54-./pcache.py:PcacheTest.test;run-cache_mode-writearound-crc-enable-gc-gc0-test_script-recreate_loop-2a50": spawned successfully
2025-08-12 04:03:25,995 avocado.core.status.repo DEBUG| Task "54-./pcache.py:PcacheTest.test;run-cache_mode-writearound-crc-enable-gc-gc0-test_script-recreate_loop-2a50" started message: "{'status': 'started', 'time': 5952.974187337, 'output_dir': '/root/avocado/job-results/job-2025-08-12T02.24-2be3cd4/test-results/54-._pcache.py_PcacheTest.test_run-cache_mode-writearound-crc-enable-gc-gc0-test_script-recreate_loop-2a50', 'id': '54-./pcache.py:PcacheTest.test;run-cache_mode-writearound-crc-enable-gc-gc0-test_script-recreate_loop-2a50'}"
2025-08-12 04:03:26,010 avocado.test INFO | ./pcache.py:PcacheTest.test;run-cache_mode-writearound-crc-enable-gc-gc0-test_script-recreate_loop-2a50: STARTED
2025-08-12 04:03:26,766 avocado.core.status.repo DEBUG| Task "54-./pcache.py:PcacheTest.test;run-cache_mode-writearound-crc-enable-gc-gc0-test_script-recreate_loop-2a50" finished message: "{'result': 'pass', 'status': 'finished', 'time': 5953.649253187}"
2025-08-12 04:03:26,798 avocado.test INFO | ./pcache.py:PcacheTest.test;run-cache_mode-writearound-crc-enable-gc-gc0-test_script-recreate_loop-2a50: PASS
2025-08-12 04:03:26,799 avocado.test INFO | More information in /root/avocado/job-results/job-2025-08-12T02.24-2be3cd4/test-results/54-._pcache.py_PcacheTest.test_run-cache_mode-writearound-crc-enable-gc-gc0-test_script-recreate_loop-2a50
2025-08-12 04:03:26,849 avocado.core.task.statemachine DEBUG| Task "54-./pcache.py:PcacheTest.test;run-cache_mode-writearound-crc-enable-gc-gc0-test_script-recreate_loop-2a50" finished
2025-08-12 04:03:26,849 avocado.core.task.statemachine DEBUG| Task "55-./pcache.py:PcacheTest.test;run-cache_mode-writearound-crc-disable-gc-gc0-test_script-default-f98d": requested -> triaging
2025-08-12 04:03:26,849 avocado.core.task.statemachine DEBUG| Task "55-./pcache.py:PcacheTest.test;run-cache_mode-writearound-crc-disable-gc-gc0-test_script-default-f98d": requirements OK (will proceed to check dependencies)
2025-08-12 04:03:26,849 avocado.core.task.statemachine DEBUG| Task "55-./pcache.py:PcacheTest.test;run-cache_mode-writearound-crc-disable-gc-gc0-test_script-default-f98d": about to be spawned with "<avocado.plugins.spawners.process.ProcessSpawner object at 0x79fe40575ca0>"
2025-08-12 04:03:26,852 avocado.core.task.statemachine DEBUG| Task "55-./pcache.py:PcacheTest.test;run-cache_mode-writearound-crc-disable-gc-gc0-test_script-default-f98d": spawned successfully
2025-08-12 04:03:27,138 avocado.core.status.repo DEBUG| Task "55-./pcache.py:PcacheTest.test;run-cache_mode-writearound-crc-disable-gc-gc0-test_script-default-f98d" started message: "{'status': 'started', 'time': 5954.116409185, 'output_dir': '/root/avocado/job-results/job-2025-08-12T02.24-2be3cd4/test-results/55-._pcache.py_PcacheTest.test_run-cache_mode-writearound-crc-disable-gc-gc0-test_script-default-f98d', 'id': '55-./pcache.py:PcacheTest.test;run-cache_mode-writearound-crc-disable-gc-gc0-test_script-default-f98d'}"
2025-08-12 04:03:27,155 avocado.test INFO | ./pcache.py:PcacheTest.test;run-cache_mode-writearound-crc-disable-gc-gc0-test_script-default-f98d: STARTED
2025-08-12 04:03:28,591 avocado.core.status.repo DEBUG| Task "55-./pcache.py:PcacheTest.test;run-cache_mode-writearound-crc-disable-gc-gc0-test_script-default-f98d" finished message: "{'result': 'pass', 'status': 'finished', 'time': 5955.477644646}"
2025-08-12 04:03:28,657 avocado.test INFO | ./pcache.py:PcacheTest.test;run-cache_mode-writearound-crc-disable-gc-gc0-test_script-default-f98d: PASS
2025-08-12 04:03:28,657 avocado.test INFO | More information in /root/avocado/job-results/job-2025-08-12T02.24-2be3cd4/test-results/55-._pcache.py_PcacheTest.test_run-cache_mode-writearound-crc-disable-gc-gc0-test_script-default-f98d
2025-08-12 04:03:28,674 avocado.core.task.statemachine DEBUG| Task "55-./pcache.py:PcacheTest.test;run-cache_mode-writearound-crc-disable-gc-gc0-test_script-default-f98d" finished
2025-08-12 04:03:28,674 avocado.core.task.statemachine DEBUG| Task "56-./pcache.py:PcacheTest.test;run-cache_mode-writearound-crc-disable-gc-gc0-test_script-xfstests-a109": requested -> triaging
2025-08-12 04:03:28,675 avocado.core.task.statemachine DEBUG| Task "56-./pcache.py:PcacheTest.test;run-cache_mode-writearound-crc-disable-gc-gc0-test_script-xfstests-a109": requirements OK (will proceed to check dependencies)
2025-08-12 04:03:28,675 avocado.core.task.statemachine DEBUG| Task "56-./pcache.py:PcacheTest.test;run-cache_mode-writearound-crc-disable-gc-gc0-test_script-xfstests-a109": about to be spawned with "<avocado.plugins.spawners.process.ProcessSpawner object at 0x79fe40575ca0>"
2025-08-12 04:03:28,678 avocado.core.task.statemachine DEBUG| Task "56-./pcache.py:PcacheTest.test;run-cache_mode-writearound-crc-disable-gc-gc0-test_script-xfstests-a109": spawned successfully
2025-08-12 04:03:28,961 avocado.core.status.repo DEBUG| Task "56-./pcache.py:PcacheTest.test;run-cache_mode-writearound-crc-disable-gc-gc0-test_script-xfstests-a109" started message: "{'status': 'started', 'time': 5955.939926489, 'output_dir': '/root/avocado/job-results/job-2025-08-12T02.24-2be3cd4/test-results/56-._pcache.py_PcacheTest.test_run-cache_mode-writearound-crc-disable-gc-gc0-test_script-xfstests-a109', 'id': '56-./pcache.py:PcacheTest.test;run-cache_mode-writearound-crc-disable-gc-gc0-test_script-xfstests-a109'}"
2025-08-12 04:03:29,011 avocado.test INFO | ./pcache.py:PcacheTest.test;run-cache_mode-writearound-crc-disable-gc-gc0-test_script-xfstests-a109: STARTED
2025-08-12 04:03:29,835 avocado.core.status.repo DEBUG| Task "56-./pcache.py:PcacheTest.test;run-cache_mode-writearound-crc-disable-gc-gc0-test_script-xfstests-a109" finished message: "{'result': 'pass', 'status': 'finished', 'time': 5956.71689656}"
2025-08-12 04:03:29,899 avocado.test INFO | ./pcache.py:PcacheTest.test;run-cache_mode-writearound-crc-disable-gc-gc0-test_script-xfstests-a109: PASS
2025-08-12 04:03:29,899 avocado.test INFO | More information in /root/avocado/job-results/job-2025-08-12T02.24-2be3cd4/test-results/56-._pcache.py_PcacheTest.test_run-cache_mode-writearound-crc-disable-gc-gc0-test_script-xfstests-a109
2025-08-12 04:03:29,918 avocado.core.task.statemachine DEBUG| Task "56-./pcache.py:PcacheTest.test;run-cache_mode-writearound-crc-disable-gc-gc0-test_script-xfstests-a109" finished
2025-08-12 04:03:29,918 avocado.core.task.statemachine DEBUG| Task "57-./pcache.py:PcacheTest.test;run-cache_mode-writearound-crc-disable-gc-gc0-test_script-misc-0302": requested -> triaging
2025-08-12 04:03:29,918 avocado.core.task.statemachine DEBUG| Task "57-./pcache.py:PcacheTest.test;run-cache_mode-writearound-crc-disable-gc-gc0-test_script-misc-0302": requirements OK (will proceed to check dependencies)
2025-08-12 04:03:29,918 avocado.core.task.statemachine DEBUG| Task "57-./pcache.py:PcacheTest.test;run-cache_mode-writearound-crc-disable-gc-gc0-test_script-misc-0302": about to be spawned with "<avocado.plugins.spawners.process.ProcessSpawner object at 0x79fe40575ca0>"
2025-08-12 04:03:29,921 avocado.core.task.statemachine DEBUG| Task "57-./pcache.py:PcacheTest.test;run-cache_mode-writearound-crc-disable-gc-gc0-test_script-misc-0302": spawned successfully
2025-08-12 04:03:30,210 avocado.core.status.repo DEBUG| Task "57-./pcache.py:PcacheTest.test;run-cache_mode-writearound-crc-disable-gc-gc0-test_script-misc-0302" started message: "{'status': 'started', 'time': 5957.189208805, 'output_dir': '/root/avocado/job-results/job-2025-08-12T02.24-2be3cd4/test-results/57-._pcache.py_PcacheTest.test_run-cache_mode-writearound-crc-disable-gc-gc0-test_script-misc-0302', 'id': '57-./pcache.py:PcacheTest.test;run-cache_mode-writearound-crc-disable-gc-gc0-test_script-misc-0302'}"
2025-08-12 04:03:30,253 avocado.test INFO | ./pcache.py:PcacheTest.test;run-cache_mode-writearound-crc-disable-gc-gc0-test_script-misc-0302: STARTED
2025-08-12 04:03:31,341 avocado.core.status.repo DEBUG| Task "57-./pcache.py:PcacheTest.test;run-cache_mode-writearound-crc-disable-gc-gc0-test_script-misc-0302" finished message: "{'result': 'pass', 'status': 'finished', 'time': 5958.221941723}"
2025-08-12 04:03:31,390 avocado.test INFO | ./pcache.py:PcacheTest.test;run-cache_mode-writearound-crc-disable-gc-gc0-test_script-misc-0302: PASS
2025-08-12 04:03:31,391 avocado.test INFO | More information in /root/avocado/job-results/job-2025-08-12T02.24-2be3cd4/test-results/57-._pcache.py_PcacheTest.test_run-cache_mode-writearound-crc-disable-gc-gc0-test_script-misc-0302
2025-08-12 04:03:31,425 avocado.core.task.statemachine DEBUG| Task "57-./pcache.py:PcacheTest.test;run-cache_mode-writearound-crc-disable-gc-gc0-test_script-misc-0302" finished
2025-08-12 04:03:31,425 avocado.core.task.statemachine DEBUG| Task "58-./pcache.py:PcacheTest.test;run-cache_mode-writearound-crc-disable-gc-gc0-test_script-failslab-fdd3": requested -> triaging
2025-08-12 04:03:31,425 avocado.core.task.statemachine DEBUG| Task "58-./pcache.py:PcacheTest.test;run-cache_mode-writearound-crc-disable-gc-gc0-test_script-failslab-fdd3": requirements OK (will proceed to check dependencies)
2025-08-12 04:03:31,426 avocado.core.task.statemachine DEBUG| Task "58-./pcache.py:PcacheTest.test;run-cache_mode-writearound-crc-disable-gc-gc0-test_script-failslab-fdd3": about to be spawned with "<avocado.plugins.spawners.process.ProcessSpawner object at 0x79fe40575ca0>"
2025-08-12 04:03:31,432 avocado.core.task.statemachine DEBUG| Task "58-./pcache.py:PcacheTest.test;run-cache_mode-writearound-crc-disable-gc-gc0-test_script-failslab-fdd3": spawned successfully
2025-08-12 04:03:31,721 avocado.core.status.repo DEBUG| Task "58-./pcache.py:PcacheTest.test;run-cache_mode-writearound-crc-disable-gc-gc0-test_script-failslab-fdd3" started message: "{'status': 'started', 'time': 5958.699321673, 'output_dir': '/root/avocado/job-results/job-2025-08-12T02.24-2be3cd4/test-results/58-._pcache.py_PcacheTest.test_run-cache_mode-writearound-crc-disable-gc-gc0-test_script-failslab-fdd3', 'id': '58-./pcache.py:PcacheTest.test;run-cache_mode-writearound-crc-disable-gc-gc0-test_script-failslab-fdd3'}"
2025-08-12 04:03:31,746 avocado.test INFO | ./pcache.py:PcacheTest.test;run-cache_mode-writearound-crc-disable-gc-gc0-test_script-failslab-fdd3: STARTED
2025-08-12 04:03:32,606 avocado.core.status.repo DEBUG| Task "58-./pcache.py:PcacheTest.test;run-cache_mode-writearound-crc-disable-gc-gc0-test_script-failslab-fdd3" finished message: "{'result': 'pass', 'status': 'finished', 'time': 5959.492052417}"
2025-08-12 04:03:32,633 avocado.test INFO | ./pcache.py:PcacheTest.test;run-cache_mode-writearound-crc-disable-gc-gc0-test_script-failslab-fdd3: PASS
2025-08-12 04:03:32,633 avocado.test INFO | More information in /root/avocado/job-results/job-2025-08-12T02.24-2be3cd4/test-results/58-._pcache.py_PcacheTest.test_run-cache_mode-writearound-crc-disable-gc-gc0-test_script-failslab-fdd3
2025-08-12 04:03:32,691 avocado.core.task.statemachine DEBUG| Task "58-./pcache.py:PcacheTest.test;run-cache_mode-writearound-crc-disable-gc-gc0-test_script-failslab-fdd3" finished
2025-08-12 04:03:32,692 avocado.core.task.statemachine DEBUG| Task "59-./pcache.py:PcacheTest.test;run-cache_mode-writearound-crc-disable-gc-gc0-test_script-fail_make_request-31b2": requested -> triaging
2025-08-12 04:03:32,692 avocado.core.task.statemachine DEBUG| Task "59-./pcache.py:PcacheTest.test;run-cache_mode-writearound-crc-disable-gc-gc0-test_script-fail_make_request-31b2": requirements OK (will proceed to check dependencies)
2025-08-12 04:03:32,692 avocado.core.task.statemachine DEBUG| Task "59-./pcache.py:PcacheTest.test;run-cache_mode-writearound-crc-disable-gc-gc0-test_script-fail_make_request-31b2": about to be spawned with "<avocado.plugins.spawners.process.ProcessSpawner object at 0x79fe40575ca0>"
2025-08-12 04:03:32,695 avocado.core.task.statemachine DEBUG| Task "59-./pcache.py:PcacheTest.test;run-cache_mode-writearound-crc-disable-gc-gc0-test_script-fail_make_request-31b2": spawned successfully
2025-08-12 04:03:32,982 avocado.core.status.repo DEBUG| Task "59-./pcache.py:PcacheTest.test;run-cache_mode-writearound-crc-disable-gc-gc0-test_script-fail_make_request-31b2" started message: "{'status': 'started', 'time': 5959.961129951, 'output_dir': '/root/avocado/job-results/job-2025-08-12T02.24-2be3cd4/test-results/59-._pcache.py_PcacheTest.test_run-cache_mode-writearound-crc-disable-gc-gc0-test_script-fail_make_request-31b2', 'id': '59-./pcache.py:PcacheTest.test;run-cache_mode-writearound-crc-disable-gc-gc0-test_script-fail_make_request-31b2'}"
2025-08-12 04:03:32,987 avocado.test INFO | ./pcache.py:PcacheTest.test;run-cache_mode-writearound-crc-disable-gc-gc0-test_script-fail_make_request-31b2: STARTED
2025-08-12 04:03:34,763 avocado.core.status.repo DEBUG| Task "59-./pcache.py:PcacheTest.test;run-cache_mode-writearound-crc-disable-gc-gc0-test_script-fail_make_request-31b2" finished message: "{'result': 'pass', 'status': 'finished', 'time': 5961.641071693}"
2025-08-12 04:03:34,908 avocado.test INFO | ./pcache.py:PcacheTest.test;run-cache_mode-writearound-crc-disable-gc-gc0-test_script-fail_make_request-31b2: PASS
2025-08-12 04:03:34,909 avocado.test INFO | More information in /root/avocado/job-results/job-2025-08-12T02.24-2be3cd4/test-results/59-._pcache.py_PcacheTest.test_run-cache_mode-writearound-crc-disable-gc-gc0-test_script-fail_make_request-31b2
2025-08-12 04:03:34,909 avocado.core.task.statemachine DEBUG| Task "59-./pcache.py:PcacheTest.test;run-cache_mode-writearound-crc-disable-gc-gc0-test_script-fail_make_request-31b2" finished
2025-08-12 04:03:34,910 avocado.core.task.statemachine DEBUG| Task "60-./pcache.py:PcacheTest.test;run-cache_mode-writearound-crc-disable-gc-gc0-test_script-recreate_loop-0702": requested -> triaging
2025-08-12 04:03:34,910 avocado.core.task.statemachine DEBUG| Task "60-./pcache.py:PcacheTest.test;run-cache_mode-writearound-crc-disable-gc-gc0-test_script-recreate_loop-0702": requirements OK (will proceed to check dependencies)
2025-08-12 04:03:34,910 avocado.core.task.statemachine DEBUG| Task "60-./pcache.py:PcacheTest.test;run-cache_mode-writearound-crc-disable-gc-gc0-test_script-recreate_loop-0702": about to be spawned with "<avocado.plugins.spawners.process.ProcessSpawner object at 0x79fe40575ca0>"
2025-08-12 04:03:34,913 avocado.core.task.statemachine DEBUG| Task "60-./pcache.py:PcacheTest.test;run-cache_mode-writearound-crc-disable-gc-gc0-test_script-recreate_loop-0702": spawned successfully
2025-08-12 04:03:35,206 avocado.core.status.repo DEBUG| Task "60-./pcache.py:PcacheTest.test;run-cache_mode-writearound-crc-disable-gc-gc0-test_script-recreate_loop-0702" started message: "{'status': 'started', 'time': 5962.18442933, 'output_dir': '/root/avocado/job-results/job-2025-08-12T02.24-2be3cd4/test-results/60-._pcache.py_PcacheTest.test_run-cache_mode-writearound-crc-disable-gc-gc0-test_script-recreate_loop-0702', 'id': '60-./pcache.py:PcacheTest.test;run-cache_mode-writearound-crc-disable-gc-gc0-test_script-recreate_loop-0702'}"
2025-08-12 04:03:35,212 avocado.test INFO | ./pcache.py:PcacheTest.test;run-cache_mode-writearound-crc-disable-gc-gc0-test_script-recreate_loop-0702: STARTED
2025-08-12 04:03:35,977 avocado.core.status.repo DEBUG| Task "60-./pcache.py:PcacheTest.test;run-cache_mode-writearound-crc-disable-gc-gc0-test_script-recreate_loop-0702" finished message: "{'result': 'pass', 'status': 'finished', 'time': 5962.865095131}"
2025-08-12 04:03:36,050 avocado.test INFO | ./pcache.py:PcacheTest.test;run-cache_mode-writearound-crc-disable-gc-gc0-test_script-recreate_loop-0702: PASS
2025-08-12 04:03:36,050 avocado.test INFO | More information in /root/avocado/job-results/job-2025-08-12T02.24-2be3cd4/test-results/60-._pcache.py_PcacheTest.test_run-cache_mode-writearound-crc-disable-gc-gc0-test_script-recreate_loop-0702
2025-08-12 04:03:36,058 avocado.core.task.statemachine DEBUG| Task "60-./pcache.py:PcacheTest.test;run-cache_mode-writearound-crc-disable-gc-gc0-test_script-recreate_loop-0702" finished
2025-08-12 04:03:36,058 avocado.core.task.statemachine DEBUG| Task "61-./pcache.py:PcacheTest.test;run-cache_mode-writearound-crc-enable-gc-gc80-test_script-default-9597": requested -> triaging
2025-08-12 04:03:36,058 avocado.core.task.statemachine DEBUG| Task "61-./pcache.py:PcacheTest.test;run-cache_mode-writearound-crc-enable-gc-gc80-test_script-default-9597": requirements OK (will proceed to check dependencies)
2025-08-12 04:03:36,058 avocado.core.task.statemachine DEBUG| Task "61-./pcache.py:PcacheTest.test;run-cache_mode-writearound-crc-enable-gc-gc80-test_script-default-9597": about to be spawned with "<avocado.plugins.spawners.process.ProcessSpawner object at 0x79fe40575ca0>"
2025-08-12 04:03:36,061 avocado.core.task.statemachine DEBUG| Task "61-./pcache.py:PcacheTest.test;run-cache_mode-writearound-crc-enable-gc-gc80-test_script-default-9597": spawned successfully
2025-08-12 04:03:36,348 avocado.core.status.repo DEBUG| Task "61-./pcache.py:PcacheTest.test;run-cache_mode-writearound-crc-enable-gc-gc80-test_script-default-9597" started message: "{'status': 'started', 'time': 5963.326940781, 'output_dir': '/root/avocado/job-results/job-2025-08-12T02.24-2be3cd4/test-results/61-._pcache.py_PcacheTest.test_run-cache_mode-writearound-crc-enable-gc-gc80-test_script-default-9597', 'id': '61-./pcache.py:PcacheTest.test;run-cache_mode-writearound-crc-enable-gc-gc80-test_script-default-9597'}"
2025-08-12 04:03:36,354 avocado.test INFO | ./pcache.py:PcacheTest.test;run-cache_mode-writearound-crc-enable-gc-gc80-test_script-default-9597: STARTED
2025-08-12 04:03:37,851 avocado.core.status.repo DEBUG| Task "61-./pcache.py:PcacheTest.test;run-cache_mode-writearound-crc-enable-gc-gc80-test_script-default-9597" finished message: "{'result': 'pass', 'status': 'finished', 'time': 5964.731950418}"
2025-08-12 04:03:37,892 avocado.test INFO | ./pcache.py:PcacheTest.test;run-cache_mode-writearound-crc-enable-gc-gc80-test_script-default-9597: PASS
2025-08-12 04:03:37,892 avocado.test INFO | More information in /root/avocado/job-results/job-2025-08-12T02.24-2be3cd4/test-results/61-._pcache.py_PcacheTest.test_run-cache_mode-writearound-crc-enable-gc-gc80-test_script-default-9597
2025-08-12 04:03:37,934 avocado.core.task.statemachine DEBUG| Task "61-./pcache.py:PcacheTest.test;run-cache_mode-writearound-crc-enable-gc-gc80-test_script-default-9597" finished
2025-08-12 04:03:37,934 avocado.core.task.statemachine DEBUG| Task "62-./pcache.py:PcacheTest.test;run-cache_mode-writearound-crc-enable-gc-gc80-test_script-xfstests-f6f2": requested -> triaging
2025-08-12 04:03:37,934 avocado.core.task.statemachine DEBUG| Task "62-./pcache.py:PcacheTest.test;run-cache_mode-writearound-crc-enable-gc-gc80-test_script-xfstests-f6f2": requirements OK (will proceed to check dependencies)
2025-08-12 04:03:37,934 avocado.core.task.statemachine DEBUG| Task "62-./pcache.py:PcacheTest.test;run-cache_mode-writearound-crc-enable-gc-gc80-test_script-xfstests-f6f2": about to be spawned with "<avocado.plugins.spawners.process.ProcessSpawner object at 0x79fe40575ca0>"
2025-08-12 04:03:37,937 avocado.core.task.statemachine DEBUG| Task "62-./pcache.py:PcacheTest.test;run-cache_mode-writearound-crc-enable-gc-gc80-test_script-xfstests-f6f2": spawned successfully
2025-08-12 04:03:38,223 avocado.core.status.repo DEBUG| Task "62-./pcache.py:PcacheTest.test;run-cache_mode-writearound-crc-enable-gc-gc80-test_script-xfstests-f6f2" started message: "{'status': 'started', 'time': 5965.201404004, 'output_dir': '/root/avocado/job-results/job-2025-08-12T02.24-2be3cd4/test-results/62-._pcache.py_PcacheTest.test_run-cache_mode-writearound-crc-enable-gc-gc80-test_script-xfstests-f6f2', 'id': '62-./pcache.py:PcacheTest.test;run-cache_mode-writearound-crc-enable-gc-gc80-test_script-xfstests-f6f2'}"
2025-08-12 04:03:38,246 avocado.test INFO | ./pcache.py:PcacheTest.test;run-cache_mode-writearound-crc-enable-gc-gc80-test_script-xfstests-f6f2: STARTED
2025-08-12 04:03:39,096 avocado.core.status.repo DEBUG| Task "62-./pcache.py:PcacheTest.test;run-cache_mode-writearound-crc-enable-gc-gc80-test_script-xfstests-f6f2" finished message: "{'result': 'pass', 'status': 'finished', 'time': 5965.983218049}"
2025-08-12 04:03:39,159 avocado.test INFO | ./pcache.py:PcacheTest.test;run-cache_mode-writearound-crc-enable-gc-gc80-test_script-xfstests-f6f2: PASS
2025-08-12 04:03:39,159 avocado.test INFO | More information in /root/avocado/job-results/job-2025-08-12T02.24-2be3cd4/test-results/62-._pcache.py_PcacheTest.test_run-cache_mode-writearound-crc-enable-gc-gc80-test_script-xfstests-f6f2
2025-08-12 04:03:39,176 avocado.core.task.statemachine DEBUG| Task "62-./pcache.py:PcacheTest.test;run-cache_mode-writearound-crc-enable-gc-gc80-test_script-xfstests-f6f2" finished
2025-08-12 04:03:39,176 avocado.core.task.statemachine DEBUG| Task "63-./pcache.py:PcacheTest.test;run-cache_mode-writearound-crc-enable-gc-gc80-test_script-misc-6e87": requested -> triaging
2025-08-12 04:03:39,176 avocado.core.task.statemachine DEBUG| Task "63-./pcache.py:PcacheTest.test;run-cache_mode-writearound-crc-enable-gc-gc80-test_script-misc-6e87": requirements OK (will proceed to check dependencies)
2025-08-12 04:03:39,176 avocado.core.task.statemachine DEBUG| Task "63-./pcache.py:PcacheTest.test;run-cache_mode-writearound-crc-enable-gc-gc80-test_script-misc-6e87": about to be spawned with "<avocado.plugins.spawners.process.ProcessSpawner object at 0x79fe40575ca0>"
2025-08-12 04:03:39,179 avocado.core.task.statemachine DEBUG| Task "63-./pcache.py:PcacheTest.test;run-cache_mode-writearound-crc-enable-gc-gc80-test_script-misc-6e87": spawned successfully
2025-08-12 04:03:39,465 avocado.core.status.repo DEBUG| Task "63-./pcache.py:PcacheTest.test;run-cache_mode-writearound-crc-enable-gc-gc80-test_script-misc-6e87" started message: "{'status': 'started', 'time': 5966.4437609, 'output_dir': '/root/avocado/job-results/job-2025-08-12T02.24-2be3cd4/test-results/63-._pcache.py_PcacheTest.test_run-cache_mode-writearound-crc-enable-gc-gc80-test_script-misc-6e87', 'id': '63-./pcache.py:PcacheTest.test;run-cache_mode-writearound-crc-enable-gc-gc80-test_script-misc-6e87'}"
2025-08-12 04:03:39,513 avocado.test INFO | ./pcache.py:PcacheTest.test;run-cache_mode-writearound-crc-enable-gc-gc80-test_script-misc-6e87: STARTED
2025-08-12 04:03:40,593 avocado.core.status.repo DEBUG| Task "63-./pcache.py:PcacheTest.test;run-cache_mode-writearound-crc-enable-gc-gc80-test_script-misc-6e87" finished message: "{'result': 'pass', 'status': 'finished', 'time': 5967.47339751}"
2025-08-12 04:03:40,651 avocado.test INFO | ./pcache.py:PcacheTest.test;run-cache_mode-writearound-crc-enable-gc-gc80-test_script-misc-6e87: PASS
2025-08-12 04:03:40,651 avocado.test INFO | More information in /root/avocado/job-results/job-2025-08-12T02.24-2be3cd4/test-results/63-._pcache.py_PcacheTest.test_run-cache_mode-writearound-crc-enable-gc-gc80-test_script-misc-6e87
2025-08-12 04:03:40,675 avocado.core.task.statemachine DEBUG| Task "63-./pcache.py:PcacheTest.test;run-cache_mode-writearound-crc-enable-gc-gc80-test_script-misc-6e87" finished
2025-08-12 04:03:40,676 avocado.core.task.statemachine DEBUG| Task "64-./pcache.py:PcacheTest.test;run-cache_mode-writearound-crc-enable-gc-gc80-test_script-failslab-bced": requested -> triaging
2025-08-12 04:03:40,676 avocado.core.task.statemachine DEBUG| Task "64-./pcache.py:PcacheTest.test;run-cache_mode-writearound-crc-enable-gc-gc80-test_script-failslab-bced": requirements OK (will proceed to check dependencies)
2025-08-12 04:03:40,676 avocado.core.task.statemachine DEBUG| Task "64-./pcache.py:PcacheTest.test;run-cache_mode-writearound-crc-enable-gc-gc80-test_script-failslab-bced": about to be spawned with "<avocado.plugins.spawners.process.ProcessSpawner object at 0x79fe40575ca0>"
2025-08-12 04:03:40,679 avocado.core.task.statemachine DEBUG| Task "64-./pcache.py:PcacheTest.test;run-cache_mode-writearound-crc-enable-gc-gc80-test_script-failslab-bced": spawned successfully
2025-08-12 04:03:40,955 avocado.core.status.repo DEBUG| Task "64-./pcache.py:PcacheTest.test;run-cache_mode-writearound-crc-enable-gc-gc80-test_script-failslab-bced" started message: "{'status': 'started', 'time': 5967.933984598, 'output_dir': '/root/avocado/job-results/job-2025-08-12T02.24-2be3cd4/test-results/64-._pcache.py_PcacheTest.test_run-cache_mode-writearound-crc-enable-gc-gc80-test_script-failslab-bced', 'id': '64-./pcache.py:PcacheTest.test;run-cache_mode-writearound-crc-enable-gc-gc80-test_script-failslab-bced'}"
2025-08-12 04:03:41,005 avocado.test INFO | ./pcache.py:PcacheTest.test;run-cache_mode-writearound-crc-enable-gc-gc80-test_script-failslab-bced: STARTED
2025-08-12 04:03:41,851 avocado.core.status.repo DEBUG| Task "64-./pcache.py:PcacheTest.test;run-cache_mode-writearound-crc-enable-gc-gc80-test_script-failslab-bced" finished message: "{'result': 'pass', 'status': 'finished', 'time': 5968.732177844}"
2025-08-12 04:03:41,901 avocado.test INFO | ./pcache.py:PcacheTest.test;run-cache_mode-writearound-crc-enable-gc-gc80-test_script-failslab-bced: PASS
2025-08-12 04:03:41,901 avocado.test INFO | More information in /root/avocado/job-results/job-2025-08-12T02.24-2be3cd4/test-results/64-._pcache.py_PcacheTest.test_run-cache_mode-writearound-crc-enable-gc-gc80-test_script-failslab-bced
2025-08-12 04:03:41,934 avocado.core.task.statemachine DEBUG| Task "64-./pcache.py:PcacheTest.test;run-cache_mode-writearound-crc-enable-gc-gc80-test_script-failslab-bced" finished
2025-08-12 04:03:41,934 avocado.core.task.statemachine DEBUG| Task "65-./pcache.py:PcacheTest.test;run-cache_mode-writearound-crc-enable-gc-gc80-test_script-fail_make_request-d504": requested -> triaging
2025-08-12 04:03:41,934 avocado.core.task.statemachine DEBUG| Task "65-./pcache.py:PcacheTest.test;run-cache_mode-writearound-crc-enable-gc-gc80-test_script-fail_make_request-d504": requirements OK (will proceed to check dependencies)
2025-08-12 04:03:41,934 avocado.core.task.statemachine DEBUG| Task "65-./pcache.py:PcacheTest.test;run-cache_mode-writearound-crc-enable-gc-gc80-test_script-fail_make_request-d504": about to be spawned with "<avocado.plugins.spawners.process.ProcessSpawner object at 0x79fe40575ca0>"
2025-08-12 04:03:41,937 avocado.core.task.statemachine DEBUG| Task "65-./pcache.py:PcacheTest.test;run-cache_mode-writearound-crc-enable-gc-gc80-test_script-fail_make_request-d504": spawned successfully
2025-08-12 04:03:42,220 avocado.core.status.repo DEBUG| Task "65-./pcache.py:PcacheTest.test;run-cache_mode-writearound-crc-enable-gc-gc80-test_script-fail_make_request-d504" started message: "{'status': 'started', 'time': 5969.199209761, 'output_dir': '/root/avocado/job-results/job-2025-08-12T02.24-2be3cd4/test-results/65-._pcache.py_PcacheTest.test_run-cache_mode-writearound-crc-enable-gc-gc80-test_script-fail_make_request-d504', 'id': '65-./pcache.py:PcacheTest.test;run-cache_mode-writearound-crc-enable-gc-gc80-test_script-fail_make_request-d504'}"
2025-08-12 04:03:42,257 avocado.test INFO | ./pcache.py:PcacheTest.test;run-cache_mode-writearound-crc-enable-gc-gc80-test_script-fail_make_request-d504: STARTED
2025-08-12 04:03:44,069 avocado.core.status.repo DEBUG| Task "65-./pcache.py:PcacheTest.test;run-cache_mode-writearound-crc-enable-gc-gc80-test_script-fail_make_request-d504" finished message: "{'result': 'pass', 'status': 'finished', 'time': 5970.951420759}"
2025-08-12 04:03:44,210 avocado.test INFO | ./pcache.py:PcacheTest.test;run-cache_mode-writearound-crc-enable-gc-gc80-test_script-fail_make_request-d504: PASS
2025-08-12 04:03:44,210 avocado.test INFO | More information in /root/avocado/job-results/job-2025-08-12T02.24-2be3cd4/test-results/65-._pcache.py_PcacheTest.test_run-cache_mode-writearound-crc-enable-gc-gc80-test_script-fail_make_request-d504
2025-08-12 04:03:44,211 avocado.core.task.statemachine DEBUG| Task "65-./pcache.py:PcacheTest.test;run-cache_mode-writearound-crc-enable-gc-gc80-test_script-fail_make_request-d504" finished
2025-08-12 04:03:44,211 avocado.core.task.statemachine DEBUG| Task "66-./pcache.py:PcacheTest.test;run-cache_mode-writearound-crc-enable-gc-gc80-test_script-recreate_loop-3140": requested -> triaging
2025-08-12 04:03:44,211 avocado.core.task.statemachine DEBUG| Task "66-./pcache.py:PcacheTest.test;run-cache_mode-writearound-crc-enable-gc-gc80-test_script-recreate_loop-3140": requirements OK (will proceed to check dependencies)
2025-08-12 04:03:44,211 avocado.core.task.statemachine DEBUG| Task "66-./pcache.py:PcacheTest.test;run-cache_mode-writearound-crc-enable-gc-gc80-test_script-recreate_loop-3140": about to be spawned with "<avocado.plugins.spawners.process.ProcessSpawner object at 0x79fe40575ca0>"
2025-08-12 04:03:44,214 avocado.core.task.statemachine DEBUG| Task "66-./pcache.py:PcacheTest.test;run-cache_mode-writearound-crc-enable-gc-gc80-test_script-recreate_loop-3140": spawned successfully
2025-08-12 04:03:44,503 avocado.core.status.repo DEBUG| Task "66-./pcache.py:PcacheTest.test;run-cache_mode-writearound-crc-enable-gc-gc80-test_script-recreate_loop-3140" started message: "{'status': 'started', 'time': 5971.481592968, 'output_dir': '/root/avocado/job-results/job-2025-08-12T02.24-2be3cd4/test-results/66-._pcache.py_PcacheTest.test_run-cache_mode-writearound-crc-enable-gc-gc80-test_script-recreate_loop-3140', 'id': '66-./pcache.py:PcacheTest.test;run-cache_mode-writearound-crc-enable-gc-gc80-test_script-recreate_loop-3140'}"
2025-08-12 04:03:44,514 avocado.test INFO | ./pcache.py:PcacheTest.test;run-cache_mode-writearound-crc-enable-gc-gc80-test_script-recreate_loop-3140: STARTED
2025-08-12 04:03:45,296 avocado.core.status.repo DEBUG| Task "66-./pcache.py:PcacheTest.test;run-cache_mode-writearound-crc-enable-gc-gc80-test_script-recreate_loop-3140" finished message: "{'result': 'pass', 'status': 'finished', 'time': 5972.177110237}"
2025-08-12 04:03:45,351 avocado.test INFO | ./pcache.py:PcacheTest.test;run-cache_mode-writearound-crc-enable-gc-gc80-test_script-recreate_loop-3140: PASS
2025-08-12 04:03:45,352 avocado.test INFO | More information in /root/avocado/job-results/job-2025-08-12T02.24-2be3cd4/test-results/66-._pcache.py_PcacheTest.test_run-cache_mode-writearound-crc-enable-gc-gc80-test_script-recreate_loop-3140
2025-08-12 04:03:45,378 avocado.core.task.statemachine DEBUG| Task "66-./pcache.py:PcacheTest.test;run-cache_mode-writearound-crc-enable-gc-gc80-test_script-recreate_loop-3140" finished
2025-08-12 04:03:45,378 avocado.core.task.statemachine DEBUG| Task "67-./pcache.py:PcacheTest.test;run-cache_mode-writearound-crc-disable-gc-gc80-test_script-default-9c0c": requested -> triaging
2025-08-12 04:03:45,378 avocado.core.task.statemachine DEBUG| Task "67-./pcache.py:PcacheTest.test;run-cache_mode-writearound-crc-disable-gc-gc80-test_script-default-9c0c": requirements OK (will proceed to check dependencies)
2025-08-12 04:03:45,379 avocado.core.task.statemachine DEBUG| Task "67-./pcache.py:PcacheTest.test;run-cache_mode-writearound-crc-disable-gc-gc80-test_script-default-9c0c": about to be spawned with "<avocado.plugins.spawners.process.ProcessSpawner object at 0x79fe40575ca0>"
2025-08-12 04:03:45,381 avocado.core.task.statemachine DEBUG| Task "67-./pcache.py:PcacheTest.test;run-cache_mode-writearound-crc-disable-gc-gc80-test_script-default-9c0c": spawned successfully
2025-08-12 04:03:45,671 avocado.core.status.repo DEBUG| Task "67-./pcache.py:PcacheTest.test;run-cache_mode-writearound-crc-disable-gc-gc80-test_script-default-9c0c" started message: "{'status': 'started', 'time': 5972.650266228, 'output_dir': '/root/avocado/job-results/job-2025-08-12T02.24-2be3cd4/test-results/67-._pcache.py_PcacheTest.test_run-cache_mode-writearound-crc-disable-gc-gc80-test_script-default-9c0c', 'id': '67-./pcache.py:PcacheTest.test;run-cache_mode-writearound-crc-disable-gc-gc80-test_script-default-9c0c'}"
2025-08-12 04:03:45,706 avocado.test INFO | ./pcache.py:PcacheTest.test;run-cache_mode-writearound-crc-disable-gc-gc80-test_script-default-9c0c: STARTED
2025-08-12 04:03:47,127 avocado.core.status.repo DEBUG| Task "67-./pcache.py:PcacheTest.test;run-cache_mode-writearound-crc-disable-gc-gc80-test_script-default-9c0c" finished message: "{'result': 'pass', 'status': 'finished', 'time': 5974.007927434}"
2025-08-12 04:03:47,202 avocado.test INFO | ./pcache.py:PcacheTest.test;run-cache_mode-writearound-crc-disable-gc-gc80-test_script-default-9c0c: PASS
2025-08-12 04:03:47,202 avocado.test INFO | More information in /root/avocado/job-results/job-2025-08-12T02.24-2be3cd4/test-results/67-._pcache.py_PcacheTest.test_run-cache_mode-writearound-crc-disable-gc-gc80-test_script-default-9c0c
2025-08-12 04:03:47,216 avocado.core.task.statemachine DEBUG| Task "67-./pcache.py:PcacheTest.test;run-cache_mode-writearound-crc-disable-gc-gc80-test_script-default-9c0c" finished
2025-08-12 04:03:47,216 avocado.core.task.statemachine DEBUG| Task "68-./pcache.py:PcacheTest.test;run-cache_mode-writearound-crc-disable-gc-gc80-test_script-xfstests-f925": requested -> triaging
2025-08-12 04:03:47,216 avocado.core.task.statemachine DEBUG| Task "68-./pcache.py:PcacheTest.test;run-cache_mode-writearound-crc-disable-gc-gc80-test_script-xfstests-f925": requirements OK (will proceed to check dependencies)
2025-08-12 04:03:47,216 avocado.core.task.statemachine DEBUG| Task "68-./pcache.py:PcacheTest.test;run-cache_mode-writearound-crc-disable-gc-gc80-test_script-xfstests-f925": about to be spawned with "<avocado.plugins.spawners.process.ProcessSpawner object at 0x79fe40575ca0>"
2025-08-12 04:03:47,219 avocado.core.task.statemachine DEBUG| Task "68-./pcache.py:PcacheTest.test;run-cache_mode-writearound-crc-disable-gc-gc80-test_script-xfstests-f925": spawned successfully
2025-08-12 04:03:47,505 avocado.core.status.repo DEBUG| Task "68-./pcache.py:PcacheTest.test;run-cache_mode-writearound-crc-disable-gc-gc80-test_script-xfstests-f925" started message: "{'status': 'started', 'time': 5974.484190055, 'output_dir': '/root/avocado/job-results/job-2025-08-12T02.24-2be3cd4/test-results/68-._pcache.py_PcacheTest.test_run-cache_mode-writearound-crc-disable-gc-gc80-test_script-xfstests-f925', 'id': '68-./pcache.py:PcacheTest.test;run-cache_mode-writearound-crc-disable-gc-gc80-test_script-xfstests-f925'}"
2025-08-12 04:03:47,556 avocado.test INFO | ./pcache.py:PcacheTest.test;run-cache_mode-writearound-crc-disable-gc-gc80-test_script-xfstests-f925: STARTED
2025-08-12 04:03:48,369 avocado.core.status.repo DEBUG| Task "68-./pcache.py:PcacheTest.test;run-cache_mode-writearound-crc-disable-gc-gc80-test_script-xfstests-f925" finished message: "{'result': 'pass', 'status': 'finished', 'time': 5975.249323203}"
2025-08-12 04:03:48,443 avocado.test INFO | ./pcache.py:PcacheTest.test;run-cache_mode-writearound-crc-disable-gc-gc80-test_script-xfstests-f925: PASS
2025-08-12 04:03:48,444 avocado.test INFO | More information in /root/avocado/job-results/job-2025-08-12T02.24-2be3cd4/test-results/68-._pcache.py_PcacheTest.test_run-cache_mode-writearound-crc-disable-gc-gc80-test_script-xfstests-f925
2025-08-12 04:03:48,450 avocado.core.task.statemachine DEBUG| Task "68-./pcache.py:PcacheTest.test;run-cache_mode-writearound-crc-disable-gc-gc80-test_script-xfstests-f925" finished
2025-08-12 04:03:48,450 avocado.core.task.statemachine DEBUG| Task "69-./pcache.py:PcacheTest.test;run-cache_mode-writearound-crc-disable-gc-gc80-test_script-misc-b299": requested -> triaging
2025-08-12 04:03:48,450 avocado.core.task.statemachine DEBUG| Task "69-./pcache.py:PcacheTest.test;run-cache_mode-writearound-crc-disable-gc-gc80-test_script-misc-b299": requirements OK (will proceed to check dependencies)
2025-08-12 04:03:48,450 avocado.core.task.statemachine DEBUG| Task "69-./pcache.py:PcacheTest.test;run-cache_mode-writearound-crc-disable-gc-gc80-test_script-misc-b299": about to be spawned with "<avocado.plugins.spawners.process.ProcessSpawner object at 0x79fe40575ca0>"
2025-08-12 04:03:48,453 avocado.core.task.statemachine DEBUG| Task "69-./pcache.py:PcacheTest.test;run-cache_mode-writearound-crc-disable-gc-gc80-test_script-misc-b299": spawned successfully
2025-08-12 04:03:48,739 avocado.core.status.repo DEBUG| Task "69-./pcache.py:PcacheTest.test;run-cache_mode-writearound-crc-disable-gc-gc80-test_script-misc-b299" started message: "{'status': 'started', 'time': 5975.717317116, 'output_dir': '/root/avocado/job-results/job-2025-08-12T02.24-2be3cd4/test-results/69-._pcache.py_PcacheTest.test_run-cache_mode-writearound-crc-disable-gc-gc80-test_script-misc-b299', 'id': '69-./pcache.py:PcacheTest.test;run-cache_mode-writearound-crc-disable-gc-gc80-test_script-misc-b299'}"
2025-08-12 04:03:48,747 avocado.test INFO | ./pcache.py:PcacheTest.test;run-cache_mode-writearound-crc-disable-gc-gc80-test_script-misc-b299: STARTED
2025-08-12 04:03:49,854 avocado.core.status.repo DEBUG| Task "69-./pcache.py:PcacheTest.test;run-cache_mode-writearound-crc-disable-gc-gc80-test_script-misc-b299" finished message: "{'result': 'pass', 'status': 'finished', 'time': 5976.73756572}"
2025-08-12 04:03:49,885 avocado.test INFO | ./pcache.py:PcacheTest.test;run-cache_mode-writearound-crc-disable-gc-gc80-test_script-misc-b299: PASS
2025-08-12 04:03:49,885 avocado.test INFO | More information in /root/avocado/job-results/job-2025-08-12T02.24-2be3cd4/test-results/69-._pcache.py_PcacheTest.test_run-cache_mode-writearound-crc-disable-gc-gc80-test_script-misc-b299
2025-08-12 04:03:49,935 avocado.core.task.statemachine DEBUG| Task "69-./pcache.py:PcacheTest.test;run-cache_mode-writearound-crc-disable-gc-gc80-test_script-misc-b299" finished
2025-08-12 04:03:49,935 avocado.core.task.statemachine DEBUG| Task "70-./pcache.py:PcacheTest.test;run-cache_mode-writearound-crc-disable-gc-gc80-test_script-failslab-a52e": requested -> triaging
2025-08-12 04:03:49,935 avocado.core.task.statemachine DEBUG| Task "70-./pcache.py:PcacheTest.test;run-cache_mode-writearound-crc-disable-gc-gc80-test_script-failslab-a52e": requirements OK (will proceed to check dependencies)
2025-08-12 04:03:49,935 avocado.core.task.statemachine DEBUG| Task "70-./pcache.py:PcacheTest.test;run-cache_mode-writearound-crc-disable-gc-gc80-test_script-failslab-a52e": about to be spawned with "<avocado.plugins.spawners.process.ProcessSpawner object at 0x79fe40575ca0>"
2025-08-12 04:03:49,938 avocado.core.task.statemachine DEBUG| Task "70-./pcache.py:PcacheTest.test;run-cache_mode-writearound-crc-disable-gc-gc80-test_script-failslab-a52e": spawned successfully
2025-08-12 04:03:50,225 avocado.core.status.repo DEBUG| Task "70-./pcache.py:PcacheTest.test;run-cache_mode-writearound-crc-disable-gc-gc80-test_script-failslab-a52e" started message: "{'status': 'started', 'time': 5977.201196647, 'output_dir': '/root/avocado/job-results/job-2025-08-12T02.24-2be3cd4/test-results/70-._pcache.py_PcacheTest.test_run-cache_mode-writearound-crc-disable-gc-gc80-test_script-failslab-a52e', 'id': '70-./pcache.py:PcacheTest.test;run-cache_mode-writearound-crc-disable-gc-gc80-test_script-failslab-a52e'}"
2025-08-12 04:03:50,241 avocado.test INFO | ./pcache.py:PcacheTest.test;run-cache_mode-writearound-crc-disable-gc-gc80-test_script-failslab-a52e: STARTED
2025-08-12 04:03:51,127 avocado.core.status.repo DEBUG| Task "70-./pcache.py:PcacheTest.test;run-cache_mode-writearound-crc-disable-gc-gc80-test_script-failslab-a52e" finished message: "{'result': 'pass', 'status': 'finished', 'time': 5978.014502998}"
2025-08-12 04:03:51,186 avocado.test INFO | ./pcache.py:PcacheTest.test;run-cache_mode-writearound-crc-disable-gc-gc80-test_script-failslab-a52e: PASS
2025-08-12 04:03:51,186 avocado.test INFO | More information in /root/avocado/job-results/job-2025-08-12T02.24-2be3cd4/test-results/70-._pcache.py_PcacheTest.test_run-cache_mode-writearound-crc-disable-gc-gc80-test_script-failslab-a52e
2025-08-12 04:03:51,210 avocado.core.task.statemachine DEBUG| Task "70-./pcache.py:PcacheTest.test;run-cache_mode-writearound-crc-disable-gc-gc80-test_script-failslab-a52e" finished
2025-08-12 04:03:51,210 avocado.core.task.statemachine DEBUG| Task "71-./pcache.py:PcacheTest.test;run-cache_mode-writearound-crc-disable-gc-gc80-test_script-fail_make_request-83d6": requested -> triaging
2025-08-12 04:03:51,211 avocado.core.task.statemachine DEBUG| Task "71-./pcache.py:PcacheTest.test;run-cache_mode-writearound-crc-disable-gc-gc80-test_script-fail_make_request-83d6": requirements OK (will proceed to check dependencies)
2025-08-12 04:03:51,211 avocado.core.task.statemachine DEBUG| Task "71-./pcache.py:PcacheTest.test;run-cache_mode-writearound-crc-disable-gc-gc80-test_script-fail_make_request-83d6": about to be spawned with "<avocado.plugins.spawners.process.ProcessSpawner object at 0x79fe40575ca0>"
2025-08-12 04:03:51,214 avocado.core.task.statemachine DEBUG| Task "71-./pcache.py:PcacheTest.test;run-cache_mode-writearound-crc-disable-gc-gc80-test_script-fail_make_request-83d6": spawned successfully
2025-08-12 04:03:51,506 avocado.core.status.repo DEBUG| Task "71-./pcache.py:PcacheTest.test;run-cache_mode-writearound-crc-disable-gc-gc80-test_script-fail_make_request-83d6" started message: "{'status': 'started', 'time': 5978.484384275, 'output_dir': '/root/avocado/job-results/job-2025-08-12T02.24-2be3cd4/test-results/71-._pcache.py_PcacheTest.test_run-cache_mode-writearound-crc-disable-gc-gc80-test_script-fail_make_request-83d6', 'id': '71-./pcache.py:PcacheTest.test;run-cache_mode-writearound-crc-disable-gc-gc80-test_script-fail_make_request-83d6'}"
2025-08-12 04:03:51,538 avocado.test INFO | ./pcache.py:PcacheTest.test;run-cache_mode-writearound-crc-disable-gc-gc80-test_script-fail_make_request-83d6: STARTED
2025-08-12 04:03:53,416 avocado.core.status.repo DEBUG| Task "71-./pcache.py:PcacheTest.test;run-cache_mode-writearound-crc-disable-gc-gc80-test_script-fail_make_request-83d6" finished message: "{'result': 'pass', 'status': 'finished', 'time': 5980.298097494}"
2025-08-12 04:03:53,553 avocado.test INFO | ./pcache.py:PcacheTest.test;run-cache_mode-writearound-crc-disable-gc-gc80-test_script-fail_make_request-83d6: PASS
2025-08-12 04:03:53,553 avocado.test INFO | More information in /root/avocado/job-results/job-2025-08-12T02.24-2be3cd4/test-results/71-._pcache.py_PcacheTest.test_run-cache_mode-writearound-crc-disable-gc-gc80-test_script-fail_make_request-83d6
2025-08-12 04:03:53,554 avocado.core.task.statemachine DEBUG| Task "71-./pcache.py:PcacheTest.test;run-cache_mode-writearound-crc-disable-gc-gc80-test_script-fail_make_request-83d6" finished
2025-08-12 04:03:53,554 avocado.core.task.statemachine DEBUG| Task "72-./pcache.py:PcacheTest.test;run-cache_mode-writearound-crc-disable-gc-gc80-test_script-recreate_loop-0910": requested -> triaging
2025-08-12 04:03:53,554 avocado.core.task.statemachine DEBUG| Task "72-./pcache.py:PcacheTest.test;run-cache_mode-writearound-crc-disable-gc-gc80-test_script-recreate_loop-0910": requirements OK (will proceed to check dependencies)
2025-08-12 04:03:53,554 avocado.core.task.statemachine DEBUG| Task "72-./pcache.py:PcacheTest.test;run-cache_mode-writearound-crc-disable-gc-gc80-test_script-recreate_loop-0910": about to be spawned with "<avocado.plugins.spawners.process.ProcessSpawner object at 0x79fe40575ca0>"
2025-08-12 04:03:53,557 avocado.core.task.statemachine DEBUG| Task "72-./pcache.py:PcacheTest.test;run-cache_mode-writearound-crc-disable-gc-gc80-test_script-recreate_loop-0910": spawned successfully
2025-08-12 04:03:53,850 avocado.core.status.repo DEBUG| Task "72-./pcache.py:PcacheTest.test;run-cache_mode-writearound-crc-disable-gc-gc80-test_script-recreate_loop-0910" started message: "{'status': 'started', 'time': 5980.828990415, 'output_dir': '/root/avocado/job-results/job-2025-08-12T02.24-2be3cd4/test-results/72-._pcache.py_PcacheTest.test_run-cache_mode-writearound-crc-disable-gc-gc80-test_script-recreate_loop-0910', 'id': '72-./pcache.py:PcacheTest.test;run-cache_mode-writearound-crc-disable-gc-gc80-test_script-recreate_loop-0910'}"
2025-08-12 04:03:53,857 avocado.test INFO | ./pcache.py:PcacheTest.test;run-cache_mode-writearound-crc-disable-gc-gc80-test_script-recreate_loop-0910: STARTED
2025-08-12 04:03:54,635 avocado.core.status.repo DEBUG| Task "72-./pcache.py:PcacheTest.test;run-cache_mode-writearound-crc-disable-gc-gc80-test_script-recreate_loop-0910" finished message: "{'result': 'pass', 'status': 'finished', 'time': 5981.517969722}"
2025-08-12 04:03:54,695 avocado.test INFO | ./pcache.py:PcacheTest.test;run-cache_mode-writearound-crc-disable-gc-gc80-test_script-recreate_loop-0910: PASS
2025-08-12 04:03:54,695 avocado.test INFO | More information in /root/avocado/job-results/job-2025-08-12T02.24-2be3cd4/test-results/72-._pcache.py_PcacheTest.test_run-cache_mode-writearound-crc-disable-gc-gc80-test_script-recreate_loop-0910
2025-08-12 04:03:54,719 avocado.core.task.statemachine DEBUG| Task "72-./pcache.py:PcacheTest.test;run-cache_mode-writearound-crc-disable-gc-gc80-test_script-recreate_loop-0910" finished
2025-08-12 04:03:54,719 avocado.core.task.statemachine DEBUG| Task "73-./pcache.py:PcacheTest.test;run-cache_mode-writeonly-crc-enable-gc-gc0-test_script-default-98fc": requested -> triaging
2025-08-12 04:03:54,719 avocado.core.task.statemachine DEBUG| Task "73-./pcache.py:PcacheTest.test;run-cache_mode-writeonly-crc-enable-gc-gc0-test_script-default-98fc": requirements OK (will proceed to check dependencies)
2025-08-12 04:03:54,719 avocado.core.task.statemachine DEBUG| Task "73-./pcache.py:PcacheTest.test;run-cache_mode-writeonly-crc-enable-gc-gc0-test_script-default-98fc": about to be spawned with "<avocado.plugins.spawners.process.ProcessSpawner object at 0x79fe40575ca0>"
2025-08-12 04:03:54,722 avocado.core.task.statemachine DEBUG| Task "73-./pcache.py:PcacheTest.test;run-cache_mode-writeonly-crc-enable-gc-gc0-test_script-default-98fc": spawned successfully
2025-08-12 04:03:55,007 avocado.core.status.repo DEBUG| Task "73-./pcache.py:PcacheTest.test;run-cache_mode-writeonly-crc-enable-gc-gc0-test_script-default-98fc" started message: "{'status': 'started', 'time': 5981.985864535, 'output_dir': '/root/avocado/job-results/job-2025-08-12T02.24-2be3cd4/test-results/73-._pcache.py_PcacheTest.test_run-cache_mode-writeonly-crc-enable-gc-gc0-test_script-default-98fc', 'id': '73-./pcache.py:PcacheTest.test;run-cache_mode-writeonly-crc-enable-gc-gc0-test_script-default-98fc'}"
2025-08-12 04:03:55,048 avocado.test INFO | ./pcache.py:PcacheTest.test;run-cache_mode-writeonly-crc-enable-gc-gc0-test_script-default-98fc: STARTED
2025-08-12 04:03:56,445 avocado.core.status.repo DEBUG| Task "73-./pcache.py:PcacheTest.test;run-cache_mode-writeonly-crc-enable-gc-gc0-test_script-default-98fc" finished message: "{'result': 'pass', 'status': 'finished', 'time': 5983.324702375}"
2025-08-12 04:03:56,495 avocado.test INFO | ./pcache.py:PcacheTest.test;run-cache_mode-writeonly-crc-enable-gc-gc0-test_script-default-98fc: PASS
2025-08-12 04:03:56,495 avocado.test INFO | More information in /root/avocado/job-results/job-2025-08-12T02.24-2be3cd4/test-results/73-._pcache.py_PcacheTest.test_run-cache_mode-writeonly-crc-enable-gc-gc0-test_script-default-98fc
2025-08-12 04:03:56,528 avocado.core.task.statemachine DEBUG| Task "73-./pcache.py:PcacheTest.test;run-cache_mode-writeonly-crc-enable-gc-gc0-test_script-default-98fc" finished
2025-08-12 04:03:56,528 avocado.core.task.statemachine DEBUG| Task "74-./pcache.py:PcacheTest.test;run-cache_mode-writeonly-crc-enable-gc-gc0-test_script-xfstests-4a11": requested -> triaging
2025-08-12 04:03:56,528 avocado.core.task.statemachine DEBUG| Task "74-./pcache.py:PcacheTest.test;run-cache_mode-writeonly-crc-enable-gc-gc0-test_script-xfstests-4a11": requirements OK (will proceed to check dependencies)
2025-08-12 04:03:56,528 avocado.core.task.statemachine DEBUG| Task "74-./pcache.py:PcacheTest.test;run-cache_mode-writeonly-crc-enable-gc-gc0-test_script-xfstests-4a11": about to be spawned with "<avocado.plugins.spawners.process.ProcessSpawner object at 0x79fe40575ca0>"
2025-08-12 04:03:56,531 avocado.core.task.statemachine DEBUG| Task "74-./pcache.py:PcacheTest.test;run-cache_mode-writeonly-crc-enable-gc-gc0-test_script-xfstests-4a11": spawned successfully
2025-08-12 04:03:56,839 avocado.core.status.repo DEBUG| Task "74-./pcache.py:PcacheTest.test;run-cache_mode-writeonly-crc-enable-gc-gc0-test_script-xfstests-4a11" started message: "{'status': 'started', 'time': 5983.817846005, 'output_dir': '/root/avocado/job-results/job-2025-08-12T02.24-2be3cd4/test-results/74-._pcache.py_PcacheTest.test_run-cache_mode-writeonly-crc-enable-gc-gc0-test_script-xfstests-4a11', 'id': '74-./pcache.py:PcacheTest.test;run-cache_mode-writeonly-crc-enable-gc-gc0-test_script-xfstests-4a11'}"
2025-08-12 04:03:56,850 avocado.test INFO | ./pcache.py:PcacheTest.test;run-cache_mode-writeonly-crc-enable-gc-gc0-test_script-xfstests-4a11: STARTED
2025-08-12 04:03:57,696 avocado.core.status.repo DEBUG| Task "74-./pcache.py:PcacheTest.test;run-cache_mode-writeonly-crc-enable-gc-gc0-test_script-xfstests-4a11" finished message: "{'result': 'pass', 'status': 'finished', 'time': 5984.575525675}"
2025-08-12 04:03:57,728 avocado.test INFO | ./pcache.py:PcacheTest.test;run-cache_mode-writeonly-crc-enable-gc-gc0-test_script-xfstests-4a11: PASS
2025-08-12 04:03:57,729 avocado.test INFO | More information in /root/avocado/job-results/job-2025-08-12T02.24-2be3cd4/test-results/74-._pcache.py_PcacheTest.test_run-cache_mode-writeonly-crc-enable-gc-gc0-test_script-xfstests-4a11
2025-08-12 04:03:57,776 avocado.core.task.statemachine DEBUG| Task "74-./pcache.py:PcacheTest.test;run-cache_mode-writeonly-crc-enable-gc-gc0-test_script-xfstests-4a11" finished
2025-08-12 04:03:57,776 avocado.core.task.statemachine DEBUG| Task "75-./pcache.py:PcacheTest.test;run-cache_mode-writeonly-crc-enable-gc-gc0-test_script-misc-1f09": requested -> triaging
2025-08-12 04:03:57,776 avocado.core.task.statemachine DEBUG| Task "75-./pcache.py:PcacheTest.test;run-cache_mode-writeonly-crc-enable-gc-gc0-test_script-misc-1f09": requirements OK (will proceed to check dependencies)
2025-08-12 04:03:57,777 avocado.core.task.statemachine DEBUG| Task "75-./pcache.py:PcacheTest.test;run-cache_mode-writeonly-crc-enable-gc-gc0-test_script-misc-1f09": about to be spawned with "<avocado.plugins.spawners.process.ProcessSpawner object at 0x79fe40575ca0>"
2025-08-12 04:03:57,779 avocado.core.task.statemachine DEBUG| Task "75-./pcache.py:PcacheTest.test;run-cache_mode-writeonly-crc-enable-gc-gc0-test_script-misc-1f09": spawned successfully
2025-08-12 04:03:58,066 avocado.core.status.repo DEBUG| Task "75-./pcache.py:PcacheTest.test;run-cache_mode-writeonly-crc-enable-gc-gc0-test_script-misc-1f09" started message: "{'status': 'started', 'time': 5985.044819437, 'output_dir': '/root/avocado/job-results/job-2025-08-12T02.24-2be3cd4/test-results/75-._pcache.py_PcacheTest.test_run-cache_mode-writeonly-crc-enable-gc-gc0-test_script-misc-1f09', 'id': '75-./pcache.py:PcacheTest.test;run-cache_mode-writeonly-crc-enable-gc-gc0-test_script-misc-1f09'}"
2025-08-12 04:03:58,082 avocado.test INFO | ./pcache.py:PcacheTest.test;run-cache_mode-writeonly-crc-enable-gc-gc0-test_script-misc-1f09: STARTED
2025-08-12 04:03:59,193 avocado.core.status.repo DEBUG| Task "75-./pcache.py:PcacheTest.test;run-cache_mode-writeonly-crc-enable-gc-gc0-test_script-misc-1f09" finished message: "{'result': 'pass', 'status': 'finished', 'time': 5986.077282334}"
2025-08-12 04:03:59,229 avocado.test INFO | ./pcache.py:PcacheTest.test;run-cache_mode-writeonly-crc-enable-gc-gc0-test_script-misc-1f09: PASS
2025-08-12 04:03:59,229 avocado.test INFO | More information in /root/avocado/job-results/job-2025-08-12T02.24-2be3cd4/test-results/75-._pcache.py_PcacheTest.test_run-cache_mode-writeonly-crc-enable-gc-gc0-test_script-misc-1f09
2025-08-12 04:03:59,274 avocado.core.task.statemachine DEBUG| Task "75-./pcache.py:PcacheTest.test;run-cache_mode-writeonly-crc-enable-gc-gc0-test_script-misc-1f09" finished
2025-08-12 04:03:59,275 avocado.core.task.statemachine DEBUG| Task "76-./pcache.py:PcacheTest.test;run-cache_mode-writeonly-crc-enable-gc-gc0-test_script-failslab-791b": requested -> triaging
2025-08-12 04:03:59,275 avocado.core.task.statemachine DEBUG| Task "76-./pcache.py:PcacheTest.test;run-cache_mode-writeonly-crc-enable-gc-gc0-test_script-failslab-791b": requirements OK (will proceed to check dependencies)
2025-08-12 04:03:59,275 avocado.core.task.statemachine DEBUG| Task "76-./pcache.py:PcacheTest.test;run-cache_mode-writeonly-crc-enable-gc-gc0-test_script-failslab-791b": about to be spawned with "<avocado.plugins.spawners.process.ProcessSpawner object at 0x79fe40575ca0>"
2025-08-12 04:03:59,278 avocado.core.task.statemachine DEBUG| Task "76-./pcache.py:PcacheTest.test;run-cache_mode-writeonly-crc-enable-gc-gc0-test_script-failslab-791b": spawned successfully
2025-08-12 04:03:59,583 avocado.core.status.repo DEBUG| Task "76-./pcache.py:PcacheTest.test;run-cache_mode-writeonly-crc-enable-gc-gc0-test_script-failslab-791b" started message: "{'status': 'started', 'time': 5986.562152834, 'output_dir': '/root/avocado/job-results/job-2025-08-12T02.24-2be3cd4/test-results/76-._pcache.py_PcacheTest.test_run-cache_mode-writeonly-crc-enable-gc-gc0-test_script-failslab-791b', 'id': '76-./pcache.py:PcacheTest.test;run-cache_mode-writeonly-crc-enable-gc-gc0-test_script-failslab-791b'}"
2025-08-12 04:03:59,632 avocado.test INFO | ./pcache.py:PcacheTest.test;run-cache_mode-writeonly-crc-enable-gc-gc0-test_script-failslab-791b: STARTED
2025-08-12 04:04:00,471 avocado.core.status.repo DEBUG| Task "76-./pcache.py:PcacheTest.test;run-cache_mode-writeonly-crc-enable-gc-gc0-test_script-failslab-791b" finished message: "{'result': 'pass', 'status': 'finished', 'time': 5987.352457489}"
2025-08-12 04:04:00,521 avocado.test INFO | ./pcache.py:PcacheTest.test;run-cache_mode-writeonly-crc-enable-gc-gc0-test_script-failslab-791b: PASS
2025-08-12 04:04:00,521 avocado.test INFO | More information in /root/avocado/job-results/job-2025-08-12T02.24-2be3cd4/test-results/76-._pcache.py_PcacheTest.test_run-cache_mode-writeonly-crc-enable-gc-gc0-test_script-failslab-791b
2025-08-12 04:04:00,549 avocado.core.task.statemachine DEBUG| Task "76-./pcache.py:PcacheTest.test;run-cache_mode-writeonly-crc-enable-gc-gc0-test_script-failslab-791b" finished
2025-08-12 04:04:00,549 avocado.core.task.statemachine DEBUG| Task "77-./pcache.py:PcacheTest.test;run-cache_mode-writeonly-crc-enable-gc-gc0-test_script-fail_make_request-2a45": requested -> triaging
2025-08-12 04:04:00,550 avocado.core.task.statemachine DEBUG| Task "77-./pcache.py:PcacheTest.test;run-cache_mode-writeonly-crc-enable-gc-gc0-test_script-fail_make_request-2a45": requirements OK (will proceed to check dependencies)
2025-08-12 04:04:00,550 avocado.core.task.statemachine DEBUG| Task "77-./pcache.py:PcacheTest.test;run-cache_mode-writeonly-crc-enable-gc-gc0-test_script-fail_make_request-2a45": about to be spawned with "<avocado.plugins.spawners.process.ProcessSpawner object at 0x79fe40575ca0>"
2025-08-12 04:04:00,553 avocado.core.task.statemachine DEBUG| Task "77-./pcache.py:PcacheTest.test;run-cache_mode-writeonly-crc-enable-gc-gc0-test_script-fail_make_request-2a45": spawned successfully
2025-08-12 04:04:00,839 avocado.core.status.repo DEBUG| Task "77-./pcache.py:PcacheTest.test;run-cache_mode-writeonly-crc-enable-gc-gc0-test_script-fail_make_request-2a45" started message: "{'status': 'started', 'time': 5987.817583808, 'output_dir': '/root/avocado/job-results/job-2025-08-12T02.24-2be3cd4/test-results/77-._pcache.py_PcacheTest.test_run-cache_mode-writeonly-crc-enable-gc-gc0-test_script-fail_make_request-2a45', 'id': '77-./pcache.py:PcacheTest.test;run-cache_mode-writeonly-crc-enable-gc-gc0-test_script-fail_make_request-2a45'}"
2025-08-12 04:04:00,876 avocado.test INFO | ./pcache.py:PcacheTest.test;run-cache_mode-writeonly-crc-enable-gc-gc0-test_script-fail_make_request-2a45: STARTED
2025-08-12 04:04:02,683 avocado.core.status.repo DEBUG| Task "77-./pcache.py:PcacheTest.test;run-cache_mode-writeonly-crc-enable-gc-gc0-test_script-fail_make_request-2a45" finished message: "{'result': 'pass', 'status': 'finished', 'time': 5989.566301447}"
2025-08-12 04:04:02,831 avocado.test INFO | ./pcache.py:PcacheTest.test;run-cache_mode-writeonly-crc-enable-gc-gc0-test_script-fail_make_request-2a45: PASS
2025-08-12 04:04:02,831 avocado.test INFO | More information in /root/avocado/job-results/job-2025-08-12T02.24-2be3cd4/test-results/77-._pcache.py_PcacheTest.test_run-cache_mode-writeonly-crc-enable-gc-gc0-test_script-fail_make_request-2a45
2025-08-12 04:04:02,832 avocado.core.task.statemachine DEBUG| Task "77-./pcache.py:PcacheTest.test;run-cache_mode-writeonly-crc-enable-gc-gc0-test_script-fail_make_request-2a45" finished
2025-08-12 04:04:02,833 avocado.core.task.statemachine DEBUG| Task "78-./pcache.py:PcacheTest.test;run-cache_mode-writeonly-crc-enable-gc-gc0-test_script-recreate_loop-bb85": requested -> triaging
2025-08-12 04:04:02,833 avocado.core.task.statemachine DEBUG| Task "78-./pcache.py:PcacheTest.test;run-cache_mode-writeonly-crc-enable-gc-gc0-test_script-recreate_loop-bb85": requirements OK (will proceed to check dependencies)
2025-08-12 04:04:02,833 avocado.core.task.statemachine DEBUG| Task "78-./pcache.py:PcacheTest.test;run-cache_mode-writeonly-crc-enable-gc-gc0-test_script-recreate_loop-bb85": about to be spawned with "<avocado.plugins.spawners.process.ProcessSpawner object at 0x79fe40575ca0>"
2025-08-12 04:04:02,836 avocado.core.task.statemachine DEBUG| Task "78-./pcache.py:PcacheTest.test;run-cache_mode-writeonly-crc-enable-gc-gc0-test_script-recreate_loop-bb85": spawned successfully
2025-08-12 04:04:03,124 avocado.core.status.repo DEBUG| Task "78-./pcache.py:PcacheTest.test;run-cache_mode-writeonly-crc-enable-gc-gc0-test_script-recreate_loop-bb85" started message: "{'status': 'started', 'time': 5990.103187295, 'output_dir': '/root/avocado/job-results/job-2025-08-12T02.24-2be3cd4/test-results/78-._pcache.py_PcacheTest.test_run-cache_mode-writeonly-crc-enable-gc-gc0-test_script-recreate_loop-bb85', 'id': '78-./pcache.py:PcacheTest.test;run-cache_mode-writeonly-crc-enable-gc-gc0-test_script-recreate_loop-bb85'}"
2025-08-12 04:04:03,136 avocado.test INFO | ./pcache.py:PcacheTest.test;run-cache_mode-writeonly-crc-enable-gc-gc0-test_script-recreate_loop-bb85: STARTED
2025-08-12 04:04:03,868 avocado.core.status.repo DEBUG| Task "78-./pcache.py:PcacheTest.test;run-cache_mode-writeonly-crc-enable-gc-gc0-test_script-recreate_loop-bb85" finished message: "{'result': 'pass', 'status': 'finished', 'time': 5990.752519175}"
2025-08-12 04:04:03,921 avocado.test INFO | ./pcache.py:PcacheTest.test;run-cache_mode-writeonly-crc-enable-gc-gc0-test_script-recreate_loop-bb85: PASS
2025-08-12 04:04:03,921 avocado.test INFO | More information in /root/avocado/job-results/job-2025-08-12T02.24-2be3cd4/test-results/78-._pcache.py_PcacheTest.test_run-cache_mode-writeonly-crc-enable-gc-gc0-test_script-recreate_loop-bb85
2025-08-12 04:04:03,947 avocado.core.task.statemachine DEBUG| Task "78-./pcache.py:PcacheTest.test;run-cache_mode-writeonly-crc-enable-gc-gc0-test_script-recreate_loop-bb85" finished
2025-08-12 04:04:03,947 avocado.core.task.statemachine DEBUG| Task "79-./pcache.py:PcacheTest.test;run-cache_mode-writeonly-crc-disable-gc-gc0-test_script-default-58d7": requested -> triaging
2025-08-12 04:04:03,947 avocado.core.task.statemachine DEBUG| Task "79-./pcache.py:PcacheTest.test;run-cache_mode-writeonly-crc-disable-gc-gc0-test_script-default-58d7": requirements OK (will proceed to check dependencies)
2025-08-12 04:04:03,948 avocado.core.task.statemachine DEBUG| Task "79-./pcache.py:PcacheTest.test;run-cache_mode-writeonly-crc-disable-gc-gc0-test_script-default-58d7": about to be spawned with "<avocado.plugins.spawners.process.ProcessSpawner object at 0x79fe40575ca0>"
2025-08-12 04:04:03,950 avocado.core.task.statemachine DEBUG| Task "79-./pcache.py:PcacheTest.test;run-cache_mode-writeonly-crc-disable-gc-gc0-test_script-default-58d7": spawned successfully
2025-08-12 04:04:04,216 avocado.core.status.repo DEBUG| Task "79-./pcache.py:PcacheTest.test;run-cache_mode-writeonly-crc-disable-gc-gc0-test_script-default-58d7" started message: "{'status': 'started', 'time': 5991.194579148, 'output_dir': '/root/avocado/job-results/job-2025-08-12T02.24-2be3cd4/test-results/79-._pcache.py_PcacheTest.test_run-cache_mode-writeonly-crc-disable-gc-gc0-test_script-default-58d7', 'id': '79-./pcache.py:PcacheTest.test;run-cache_mode-writeonly-crc-disable-gc-gc0-test_script-default-58d7'}"
2025-08-12 04:04:04,225 avocado.test INFO | ./pcache.py:PcacheTest.test;run-cache_mode-writeonly-crc-disable-gc-gc0-test_script-default-58d7: STARTED
2025-08-12 04:04:05,683 avocado.core.status.repo DEBUG| Task "79-./pcache.py:PcacheTest.test;run-cache_mode-writeonly-crc-disable-gc-gc0-test_script-default-58d7" finished message: "{'result': 'pass', 'status': 'finished', 'time': 5992.563454666}"
2025-08-12 04:04:05,713 avocado.test INFO | ./pcache.py:PcacheTest.test;run-cache_mode-writeonly-crc-disable-gc-gc0-test_script-default-58d7: PASS
2025-08-12 04:04:05,713 avocado.test INFO | More information in /root/avocado/job-results/job-2025-08-12T02.24-2be3cd4/test-results/79-._pcache.py_PcacheTest.test_run-cache_mode-writeonly-crc-disable-gc-gc0-test_script-default-58d7
2025-08-12 04:04:05,761 avocado.core.task.statemachine DEBUG| Task "79-./pcache.py:PcacheTest.test;run-cache_mode-writeonly-crc-disable-gc-gc0-test_script-default-58d7" finished
2025-08-12 04:04:05,761 avocado.core.task.statemachine DEBUG| Task "80-./pcache.py:PcacheTest.test;run-cache_mode-writeonly-crc-disable-gc-gc0-test_script-xfstests-ae82": requested -> triaging
2025-08-12 04:04:05,761 avocado.core.task.statemachine DEBUG| Task "80-./pcache.py:PcacheTest.test;run-cache_mode-writeonly-crc-disable-gc-gc0-test_script-xfstests-ae82": requirements OK (will proceed to check dependencies)
2025-08-12 04:04:05,761 avocado.core.task.statemachine DEBUG| Task "80-./pcache.py:PcacheTest.test;run-cache_mode-writeonly-crc-disable-gc-gc0-test_script-xfstests-ae82": about to be spawned with "<avocado.plugins.spawners.process.ProcessSpawner object at 0x79fe40575ca0>"
2025-08-12 04:04:05,764 avocado.core.task.statemachine DEBUG| Task "80-./pcache.py:PcacheTest.test;run-cache_mode-writeonly-crc-disable-gc-gc0-test_script-xfstests-ae82": spawned successfully
2025-08-12 04:04:06,032 avocado.core.status.repo DEBUG| Task "80-./pcache.py:PcacheTest.test;run-cache_mode-writeonly-crc-disable-gc-gc0-test_script-xfstests-ae82" started message: "{'status': 'started', 'time': 5993.011090961, 'output_dir': '/root/avocado/job-results/job-2025-08-12T02.24-2be3cd4/test-results/80-._pcache.py_PcacheTest.test_run-cache_mode-writeonly-crc-disable-gc-gc0-test_script-xfstests-ae82', 'id': '80-./pcache.py:PcacheTest.test;run-cache_mode-writeonly-crc-disable-gc-gc0-test_script-xfstests-ae82'}"
2025-08-12 04:04:06,067 avocado.test INFO | ./pcache.py:PcacheTest.test;run-cache_mode-writeonly-crc-disable-gc-gc0-test_script-xfstests-ae82: STARTED
2025-08-12 04:04:06,888 avocado.core.status.repo DEBUG| Task "80-./pcache.py:PcacheTest.test;run-cache_mode-writeonly-crc-disable-gc-gc0-test_script-xfstests-ae82" finished message: "{'result': 'pass', 'status': 'finished', 'time': 5993.767874522}"
2025-08-12 04:04:06,963 avocado.test INFO | ./pcache.py:PcacheTest.test;run-cache_mode-writeonly-crc-disable-gc-gc0-test_script-xfstests-ae82: PASS
2025-08-12 04:04:06,963 avocado.test INFO | More information in /root/avocado/job-results/job-2025-08-12T02.24-2be3cd4/test-results/80-._pcache.py_PcacheTest.test_run-cache_mode-writeonly-crc-disable-gc-gc0-test_script-xfstests-ae82
2025-08-12 04:04:06,969 avocado.core.task.statemachine DEBUG| Task "80-./pcache.py:PcacheTest.test;run-cache_mode-writeonly-crc-disable-gc-gc0-test_script-xfstests-ae82" finished
2025-08-12 04:04:06,969 avocado.core.task.statemachine DEBUG| Task "81-./pcache.py:PcacheTest.test;run-cache_mode-writeonly-crc-disable-gc-gc0-test_script-misc-3204": requested -> triaging
2025-08-12 04:04:06,969 avocado.core.task.statemachine DEBUG| Task "81-./pcache.py:PcacheTest.test;run-cache_mode-writeonly-crc-disable-gc-gc0-test_script-misc-3204": requirements OK (will proceed to check dependencies)
2025-08-12 04:04:06,969 avocado.core.task.statemachine DEBUG| Task "81-./pcache.py:PcacheTest.test;run-cache_mode-writeonly-crc-disable-gc-gc0-test_script-misc-3204": about to be spawned with "<avocado.plugins.spawners.process.ProcessSpawner object at 0x79fe40575ca0>"
2025-08-12 04:04:06,972 avocado.core.task.statemachine DEBUG| Task "81-./pcache.py:PcacheTest.test;run-cache_mode-writeonly-crc-disable-gc-gc0-test_script-misc-3204": spawned successfully
2025-08-12 04:04:07,258 avocado.core.status.repo DEBUG| Task "81-./pcache.py:PcacheTest.test;run-cache_mode-writeonly-crc-disable-gc-gc0-test_script-misc-3204" started message: "{'status': 'started', 'time': 5994.237028961, 'output_dir': '/root/avocado/job-results/job-2025-08-12T02.24-2be3cd4/test-results/81-._pcache.py_PcacheTest.test_run-cache_mode-writeonly-crc-disable-gc-gc0-test_script-misc-3204', 'id': '81-./pcache.py:PcacheTest.test;run-cache_mode-writeonly-crc-disable-gc-gc0-test_script-misc-3204'}"
2025-08-12 04:04:07,266 avocado.test INFO | ./pcache.py:PcacheTest.test;run-cache_mode-writeonly-crc-disable-gc-gc0-test_script-misc-3204: STARTED
2025-08-12 04:04:08,388 avocado.core.status.repo DEBUG| Task "81-./pcache.py:PcacheTest.test;run-cache_mode-writeonly-crc-disable-gc-gc0-test_script-misc-3204" finished message: "{'result': 'pass', 'status': 'finished', 'time': 5995.268961101}"
2025-08-12 04:04:08,455 avocado.test INFO | ./pcache.py:PcacheTest.test;run-cache_mode-writeonly-crc-disable-gc-gc0-test_script-misc-3204: PASS
2025-08-12 04:04:08,455 avocado.test INFO | More information in /root/avocado/job-results/job-2025-08-12T02.24-2be3cd4/test-results/81-._pcache.py_PcacheTest.test_run-cache_mode-writeonly-crc-disable-gc-gc0-test_script-misc-3204
2025-08-12 04:04:08,466 avocado.core.task.statemachine DEBUG| Task "81-./pcache.py:PcacheTest.test;run-cache_mode-writeonly-crc-disable-gc-gc0-test_script-misc-3204" finished
2025-08-12 04:04:08,466 avocado.core.task.statemachine DEBUG| Task "82-./pcache.py:PcacheTest.test;run-cache_mode-writeonly-crc-disable-gc-gc0-test_script-failslab-bec3": requested -> triaging
2025-08-12 04:04:08,466 avocado.core.task.statemachine DEBUG| Task "82-./pcache.py:PcacheTest.test;run-cache_mode-writeonly-crc-disable-gc-gc0-test_script-failslab-bec3": requirements OK (will proceed to check dependencies)
2025-08-12 04:04:08,467 avocado.core.task.statemachine DEBUG| Task "82-./pcache.py:PcacheTest.test;run-cache_mode-writeonly-crc-disable-gc-gc0-test_script-failslab-bec3": about to be spawned with "<avocado.plugins.spawners.process.ProcessSpawner object at 0x79fe40575ca0>"
2025-08-12 04:04:08,469 avocado.core.task.statemachine DEBUG| Task "82-./pcache.py:PcacheTest.test;run-cache_mode-writeonly-crc-disable-gc-gc0-test_script-failslab-bec3": spawned successfully
2025-08-12 04:04:08,755 avocado.core.status.repo DEBUG| Task "82-./pcache.py:PcacheTest.test;run-cache_mode-writeonly-crc-disable-gc-gc0-test_script-failslab-bec3" started message: "{'status': 'started', 'time': 5995.73422891, 'output_dir': '/root/avocado/job-results/job-2025-08-12T02.24-2be3cd4/test-results/82-._pcache.py_PcacheTest.test_run-cache_mode-writeonly-crc-disable-gc-gc0-test_script-failslab-bec3', 'id': '82-./pcache.py:PcacheTest.test;run-cache_mode-writeonly-crc-disable-gc-gc0-test_script-failslab-bec3'}"
2025-08-12 04:04:08,760 avocado.test INFO | ./pcache.py:PcacheTest.test;run-cache_mode-writeonly-crc-disable-gc-gc0-test_script-failslab-bec3: STARTED
2025-08-12 04:04:09,632 avocado.core.status.repo DEBUG| Task "82-./pcache.py:PcacheTest.test;run-cache_mode-writeonly-crc-disable-gc-gc0-test_script-failslab-bec3" finished message: "{'result': 'pass', 'status': 'finished', 'time': 5996.513247606}"
2025-08-12 04:04:09,714 avocado.test INFO | ./pcache.py:PcacheTest.test;run-cache_mode-writeonly-crc-disable-gc-gc0-test_script-failslab-bec3: PASS
2025-08-12 04:04:09,714 avocado.test INFO | More information in /root/avocado/job-results/job-2025-08-12T02.24-2be3cd4/test-results/82-._pcache.py_PcacheTest.test_run-cache_mode-writeonly-crc-disable-gc-gc0-test_script-failslab-bec3
2025-08-12 04:04:09,715 avocado.core.task.statemachine DEBUG| Task "82-./pcache.py:PcacheTest.test;run-cache_mode-writeonly-crc-disable-gc-gc0-test_script-failslab-bec3" finished
2025-08-12 04:04:09,715 avocado.core.task.statemachine DEBUG| Task "83-./pcache.py:PcacheTest.test;run-cache_mode-writeonly-crc-disable-gc-gc0-test_script-fail_make_request-3684": requested -> triaging
2025-08-12 04:04:09,715 avocado.core.task.statemachine DEBUG| Task "83-./pcache.py:PcacheTest.test;run-cache_mode-writeonly-crc-disable-gc-gc0-test_script-fail_make_request-3684": requirements OK (will proceed to check dependencies)
2025-08-12 04:04:09,715 avocado.core.task.statemachine DEBUG| Task "83-./pcache.py:PcacheTest.test;run-cache_mode-writeonly-crc-disable-gc-gc0-test_script-fail_make_request-3684": about to be spawned with "<avocado.plugins.spawners.process.ProcessSpawner object at 0x79fe40575ca0>"
2025-08-12 04:04:09,718 avocado.core.task.statemachine DEBUG| Task "83-./pcache.py:PcacheTest.test;run-cache_mode-writeonly-crc-disable-gc-gc0-test_script-fail_make_request-3684": spawned successfully
2025-08-12 04:04:10,003 avocado.core.status.repo DEBUG| Task "83-./pcache.py:PcacheTest.test;run-cache_mode-writeonly-crc-disable-gc-gc0-test_script-fail_make_request-3684" started message: "{'status': 'started', 'time': 5996.9815633, 'output_dir': '/root/avocado/job-results/job-2025-08-12T02.24-2be3cd4/test-results/83-._pcache.py_PcacheTest.test_run-cache_mode-writeonly-crc-disable-gc-gc0-test_script-fail_make_request-3684', 'id': '83-./pcache.py:PcacheTest.test;run-cache_mode-writeonly-crc-disable-gc-gc0-test_script-fail_make_request-3684'}"
2025-08-12 04:04:10,018 avocado.test INFO | ./pcache.py:PcacheTest.test;run-cache_mode-writeonly-crc-disable-gc-gc0-test_script-fail_make_request-3684: STARTED
2025-08-12 04:04:11,905 avocado.core.status.repo DEBUG| Task "83-./pcache.py:PcacheTest.test;run-cache_mode-writeonly-crc-disable-gc-gc0-test_script-fail_make_request-3684" finished message: "{'result': 'pass', 'status': 'finished', 'time': 5998.78776083}"
2025-08-12 04:04:12,072 avocado.test INFO | ./pcache.py:PcacheTest.test;run-cache_mode-writeonly-crc-disable-gc-gc0-test_script-fail_make_request-3684: PASS
2025-08-12 04:04:12,073 avocado.test INFO | More information in /root/avocado/job-results/job-2025-08-12T02.24-2be3cd4/test-results/83-._pcache.py_PcacheTest.test_run-cache_mode-writeonly-crc-disable-gc-gc0-test_script-fail_make_request-3684
2025-08-12 04:04:12,074 avocado.core.task.statemachine DEBUG| Task "83-./pcache.py:PcacheTest.test;run-cache_mode-writeonly-crc-disable-gc-gc0-test_script-fail_make_request-3684" finished
2025-08-12 04:04:12,074 avocado.core.task.statemachine DEBUG| Task "84-./pcache.py:PcacheTest.test;run-cache_mode-writeonly-crc-disable-gc-gc0-test_script-recreate_loop-8669": requested -> triaging
2025-08-12 04:04:12,074 avocado.core.task.statemachine DEBUG| Task "84-./pcache.py:PcacheTest.test;run-cache_mode-writeonly-crc-disable-gc-gc0-test_script-recreate_loop-8669": requirements OK (will proceed to check dependencies)
2025-08-12 04:04:12,074 avocado.core.task.statemachine DEBUG| Task "84-./pcache.py:PcacheTest.test;run-cache_mode-writeonly-crc-disable-gc-gc0-test_script-recreate_loop-8669": about to be spawned with "<avocado.plugins.spawners.process.ProcessSpawner object at 0x79fe40575ca0>"
2025-08-12 04:04:12,077 avocado.core.task.statemachine DEBUG| Task "84-./pcache.py:PcacheTest.test;run-cache_mode-writeonly-crc-disable-gc-gc0-test_script-recreate_loop-8669": spawned successfully
2025-08-12 04:04:12,370 avocado.core.status.repo DEBUG| Task "84-./pcache.py:PcacheTest.test;run-cache_mode-writeonly-crc-disable-gc-gc0-test_script-recreate_loop-8669" started message: "{'status': 'started', 'time': 5999.349027908, 'output_dir': '/root/avocado/job-results/job-2025-08-12T02.24-2be3cd4/test-results/84-._pcache.py_PcacheTest.test_run-cache_mode-writeonly-crc-disable-gc-gc0-test_script-recreate_loop-8669', 'id': '84-./pcache.py:PcacheTest.test;run-cache_mode-writeonly-crc-disable-gc-gc0-test_script-recreate_loop-8669'}"
2025-08-12 04:04:12,376 avocado.test INFO | ./pcache.py:PcacheTest.test;run-cache_mode-writeonly-crc-disable-gc-gc0-test_script-recreate_loop-8669: STARTED
2025-08-12 04:04:13,122 avocado.core.status.repo DEBUG| Task "84-./pcache.py:PcacheTest.test;run-cache_mode-writeonly-crc-disable-gc-gc0-test_script-recreate_loop-8669" finished message: "{'result': 'pass', 'status': 'finished', 'time': 6000.002362913}"
2025-08-12 04:04:13,164 avocado.test INFO | ./pcache.py:PcacheTest.test;run-cache_mode-writeonly-crc-disable-gc-gc0-test_script-recreate_loop-8669: PASS
2025-08-12 04:04:13,164 avocado.test INFO | More information in /root/avocado/job-results/job-2025-08-12T02.24-2be3cd4/test-results/84-._pcache.py_PcacheTest.test_run-cache_mode-writeonly-crc-disable-gc-gc0-test_script-recreate_loop-8669
2025-08-12 04:04:13,204 avocado.core.task.statemachine DEBUG| Task "84-./pcache.py:PcacheTest.test;run-cache_mode-writeonly-crc-disable-gc-gc0-test_script-recreate_loop-8669" finished
2025-08-12 04:04:13,204 avocado.core.task.statemachine DEBUG| Task "85-./pcache.py:PcacheTest.test;run-cache_mode-writeonly-crc-enable-gc-gc80-test_script-default-5d1b": requested -> triaging
2025-08-12 04:04:13,205 avocado.core.task.statemachine DEBUG| Task "85-./pcache.py:PcacheTest.test;run-cache_mode-writeonly-crc-enable-gc-gc80-test_script-default-5d1b": requirements OK (will proceed to check dependencies)
2025-08-12 04:04:13,205 avocado.core.task.statemachine DEBUG| Task "85-./pcache.py:PcacheTest.test;run-cache_mode-writeonly-crc-enable-gc-gc80-test_script-default-5d1b": about to be spawned with "<avocado.plugins.spawners.process.ProcessSpawner object at 0x79fe40575ca0>"
2025-08-12 04:04:13,207 avocado.core.task.statemachine DEBUG| Task "85-./pcache.py:PcacheTest.test;run-cache_mode-writeonly-crc-enable-gc-gc80-test_script-default-5d1b": spawned successfully
2025-08-12 04:04:13,519 avocado.core.status.repo DEBUG| Task "85-./pcache.py:PcacheTest.test;run-cache_mode-writeonly-crc-enable-gc-gc80-test_script-default-5d1b" started message: "{'status': 'started', 'time': 6000.498067515, 'output_dir': '/root/avocado/job-results/job-2025-08-12T02.24-2be3cd4/test-results/85-._pcache.py_PcacheTest.test_run-cache_mode-writeonly-crc-enable-gc-gc80-test_script-default-5d1b', 'id': '85-./pcache.py:PcacheTest.test;run-cache_mode-writeonly-crc-enable-gc-gc80-test_script-default-5d1b'}"
2025-08-12 04:04:13,568 avocado.test INFO | ./pcache.py:PcacheTest.test;run-cache_mode-writeonly-crc-enable-gc-gc80-test_script-default-5d1b: STARTED
2025-08-12 04:04:15,009 avocado.core.status.repo DEBUG| Task "85-./pcache.py:PcacheTest.test;run-cache_mode-writeonly-crc-enable-gc-gc80-test_script-default-5d1b" finished message: "{'result': 'pass', 'status': 'finished', 'time': 6001.886267309}"
2025-08-12 04:04:15,064 avocado.test INFO | ./pcache.py:PcacheTest.test;run-cache_mode-writeonly-crc-enable-gc-gc80-test_script-default-5d1b: PASS
2025-08-12 04:04:15,065 avocado.test INFO | More information in /root/avocado/job-results/job-2025-08-12T02.24-2be3cd4/test-results/85-._pcache.py_PcacheTest.test_run-cache_mode-writeonly-crc-enable-gc-gc80-test_script-default-5d1b
2025-08-12 04:04:15,089 avocado.core.task.statemachine DEBUG| Task "85-./pcache.py:PcacheTest.test;run-cache_mode-writeonly-crc-enable-gc-gc80-test_script-default-5d1b" finished
2025-08-12 04:04:15,089 avocado.core.task.statemachine DEBUG| Task "86-./pcache.py:PcacheTest.test;run-cache_mode-writeonly-crc-enable-gc-gc80-test_script-xfstests-c851": requested -> triaging
2025-08-12 04:04:15,089 avocado.core.task.statemachine DEBUG| Task "86-./pcache.py:PcacheTest.test;run-cache_mode-writeonly-crc-enable-gc-gc80-test_script-xfstests-c851": requirements OK (will proceed to check dependencies)
2025-08-12 04:04:15,089 avocado.core.task.statemachine DEBUG| Task "86-./pcache.py:PcacheTest.test;run-cache_mode-writeonly-crc-enable-gc-gc80-test_script-xfstests-c851": about to be spawned with "<avocado.plugins.spawners.process.ProcessSpawner object at 0x79fe40575ca0>"
2025-08-12 04:04:15,092 avocado.core.task.statemachine DEBUG| Task "86-./pcache.py:PcacheTest.test;run-cache_mode-writeonly-crc-enable-gc-gc80-test_script-xfstests-c851": spawned successfully
2025-08-12 04:04:15,378 avocado.core.status.repo DEBUG| Task "86-./pcache.py:PcacheTest.test;run-cache_mode-writeonly-crc-enable-gc-gc80-test_script-xfstests-c851" started message: "{'status': 'started', 'time': 6002.356884739, 'output_dir': '/root/avocado/job-results/job-2025-08-12T02.24-2be3cd4/test-results/86-._pcache.py_PcacheTest.test_run-cache_mode-writeonly-crc-enable-gc-gc80-test_script-xfstests-c851', 'id': '86-./pcache.py:PcacheTest.test;run-cache_mode-writeonly-crc-enable-gc-gc80-test_script-xfstests-c851'}"
2025-08-12 04:04:15,418 avocado.test INFO | ./pcache.py:PcacheTest.test;run-cache_mode-writeonly-crc-enable-gc-gc80-test_script-xfstests-c851: STARTED
2025-08-12 04:04:16,241 avocado.core.status.repo DEBUG| Task "86-./pcache.py:PcacheTest.test;run-cache_mode-writeonly-crc-enable-gc-gc80-test_script-xfstests-c851" finished message: "{'result': 'pass', 'status': 'finished', 'time': 6003.119856082}"
2025-08-12 04:04:16,298 avocado.test INFO | ./pcache.py:PcacheTest.test;run-cache_mode-writeonly-crc-enable-gc-gc80-test_script-xfstests-c851: PASS
2025-08-12 04:04:16,298 avocado.test INFO | More information in /root/avocado/job-results/job-2025-08-12T02.24-2be3cd4/test-results/86-._pcache.py_PcacheTest.test_run-cache_mode-writeonly-crc-enable-gc-gc80-test_script-xfstests-c851
2025-08-12 04:04:16,323 avocado.core.task.statemachine DEBUG| Task "86-./pcache.py:PcacheTest.test;run-cache_mode-writeonly-crc-enable-gc-gc80-test_script-xfstests-c851" finished
2025-08-12 04:04:16,323 avocado.core.task.statemachine DEBUG| Task "87-./pcache.py:PcacheTest.test;run-cache_mode-writeonly-crc-enable-gc-gc80-test_script-misc-24ff": requested -> triaging
2025-08-12 04:04:16,324 avocado.core.task.statemachine DEBUG| Task "87-./pcache.py:PcacheTest.test;run-cache_mode-writeonly-crc-enable-gc-gc80-test_script-misc-24ff": requirements OK (will proceed to check dependencies)
2025-08-12 04:04:16,324 avocado.core.task.statemachine DEBUG| Task "87-./pcache.py:PcacheTest.test;run-cache_mode-writeonly-crc-enable-gc-gc80-test_script-misc-24ff": about to be spawned with "<avocado.plugins.spawners.process.ProcessSpawner object at 0x79fe40575ca0>"
2025-08-12 04:04:16,327 avocado.core.task.statemachine DEBUG| Task "87-./pcache.py:PcacheTest.test;run-cache_mode-writeonly-crc-enable-gc-gc80-test_script-misc-24ff": spawned successfully
2025-08-12 04:04:16,615 avocado.core.status.repo DEBUG| Task "87-./pcache.py:PcacheTest.test;run-cache_mode-writeonly-crc-enable-gc-gc80-test_script-misc-24ff" started message: "{'status': 'started', 'time': 6003.59364569, 'output_dir': '/root/avocado/job-results/job-2025-08-12T02.24-2be3cd4/test-results/87-._pcache.py_PcacheTest.test_run-cache_mode-writeonly-crc-enable-gc-gc80-test_script-misc-24ff', 'id': '87-./pcache.py:PcacheTest.test;run-cache_mode-writeonly-crc-enable-gc-gc80-test_script-misc-24ff'}"
2025-08-12 04:04:16,652 avocado.test INFO | ./pcache.py:PcacheTest.test;run-cache_mode-writeonly-crc-enable-gc-gc80-test_script-misc-24ff: STARTED
2025-08-12 04:04:17,744 avocado.core.status.repo DEBUG| Task "87-./pcache.py:PcacheTest.test;run-cache_mode-writeonly-crc-enable-gc-gc80-test_script-misc-24ff" finished message: "{'result': 'pass', 'status': 'finished', 'time': 6004.631079954}"
2025-08-12 04:04:17,815 avocado.test INFO | ./pcache.py:PcacheTest.test;run-cache_mode-writeonly-crc-enable-gc-gc80-test_script-misc-24ff: PASS
2025-08-12 04:04:17,815 avocado.test INFO | More information in /root/avocado/job-results/job-2025-08-12T02.24-2be3cd4/test-results/87-._pcache.py_PcacheTest.test_run-cache_mode-writeonly-crc-enable-gc-gc80-test_script-misc-24ff
2025-08-12 04:04:17,837 avocado.core.task.statemachine DEBUG| Task "87-./pcache.py:PcacheTest.test;run-cache_mode-writeonly-crc-enable-gc-gc80-test_script-misc-24ff" finished
2025-08-12 04:04:17,837 avocado.core.task.statemachine DEBUG| Task "88-./pcache.py:PcacheTest.test;run-cache_mode-writeonly-crc-enable-gc-gc80-test_script-failslab-3074": requested -> triaging
2025-08-12 04:04:17,838 avocado.core.task.statemachine DEBUG| Task "88-./pcache.py:PcacheTest.test;run-cache_mode-writeonly-crc-enable-gc-gc80-test_script-failslab-3074": requirements OK (will proceed to check dependencies)
2025-08-12 04:04:17,838 avocado.core.task.statemachine DEBUG| Task "88-./pcache.py:PcacheTest.test;run-cache_mode-writeonly-crc-enable-gc-gc80-test_script-failslab-3074": about to be spawned with "<avocado.plugins.spawners.process.ProcessSpawner object at 0x79fe40575ca0>"
2025-08-12 04:04:17,840 avocado.core.task.statemachine DEBUG| Task "88-./pcache.py:PcacheTest.test;run-cache_mode-writeonly-crc-enable-gc-gc80-test_script-failslab-3074": spawned successfully
2025-08-12 04:04:18,127 avocado.core.status.repo DEBUG| Task "88-./pcache.py:PcacheTest.test;run-cache_mode-writeonly-crc-enable-gc-gc80-test_script-failslab-3074" started message: "{'status': 'started', 'time': 6005.105955012, 'output_dir': '/root/avocado/job-results/job-2025-08-12T02.24-2be3cd4/test-results/88-._pcache.py_PcacheTest.test_run-cache_mode-writeonly-crc-enable-gc-gc80-test_script-failslab-3074', 'id': '88-./pcache.py:PcacheTest.test;run-cache_mode-writeonly-crc-enable-gc-gc80-test_script-failslab-3074'}"
2025-08-12 04:04:18,169 avocado.test INFO | ./pcache.py:PcacheTest.test;run-cache_mode-writeonly-crc-enable-gc-gc80-test_script-failslab-3074: STARTED
2025-08-12 04:04:19,045 avocado.core.status.repo DEBUG| Task "88-./pcache.py:PcacheTest.test;run-cache_mode-writeonly-crc-enable-gc-gc80-test_script-failslab-3074" finished message: "{'result': 'pass', 'status': 'finished', 'time': 6005.922791139}"
2025-08-12 04:04:19,115 avocado.test INFO | ./pcache.py:PcacheTest.test;run-cache_mode-writeonly-crc-enable-gc-gc80-test_script-failslab-3074: PASS
2025-08-12 04:04:19,115 avocado.test INFO | More information in /root/avocado/job-results/job-2025-08-12T02.24-2be3cd4/test-results/88-._pcache.py_PcacheTest.test_run-cache_mode-writeonly-crc-enable-gc-gc80-test_script-failslab-3074
2025-08-12 04:04:19,127 avocado.core.task.statemachine DEBUG| Task "88-./pcache.py:PcacheTest.test;run-cache_mode-writeonly-crc-enable-gc-gc80-test_script-failslab-3074" finished
2025-08-12 04:04:19,128 avocado.core.task.statemachine DEBUG| Task "89-./pcache.py:PcacheTest.test;run-cache_mode-writeonly-crc-enable-gc-gc80-test_script-fail_make_request-3a28": requested -> triaging
2025-08-12 04:04:19,128 avocado.core.task.statemachine DEBUG| Task "89-./pcache.py:PcacheTest.test;run-cache_mode-writeonly-crc-enable-gc-gc80-test_script-fail_make_request-3a28": requirements OK (will proceed to check dependencies)
2025-08-12 04:04:19,128 avocado.core.task.statemachine DEBUG| Task "89-./pcache.py:PcacheTest.test;run-cache_mode-writeonly-crc-enable-gc-gc80-test_script-fail_make_request-3a28": about to be spawned with "<avocado.plugins.spawners.process.ProcessSpawner object at 0x79fe40575ca0>"
2025-08-12 04:04:19,131 avocado.core.task.statemachine DEBUG| Task "89-./pcache.py:PcacheTest.test;run-cache_mode-writeonly-crc-enable-gc-gc80-test_script-fail_make_request-3a28": spawned successfully
2025-08-12 04:04:19,417 avocado.core.status.repo DEBUG| Task "89-./pcache.py:PcacheTest.test;run-cache_mode-writeonly-crc-enable-gc-gc80-test_script-fail_make_request-3a28" started message: "{'status': 'started', 'time': 6006.395308845, 'output_dir': '/root/avocado/job-results/job-2025-08-12T02.24-2be3cd4/test-results/89-._pcache.py_PcacheTest.test_run-cache_mode-writeonly-crc-enable-gc-gc80-test_script-fail_make_request-3a28', 'id': '89-./pcache.py:PcacheTest.test;run-cache_mode-writeonly-crc-enable-gc-gc80-test_script-fail_make_request-3a28'}"
2025-08-12 04:04:19,419 avocado.test INFO | ./pcache.py:PcacheTest.test;run-cache_mode-writeonly-crc-enable-gc-gc80-test_script-fail_make_request-3a28: STARTED
2025-08-12 04:04:21,277 avocado.core.status.repo DEBUG| Task "89-./pcache.py:PcacheTest.test;run-cache_mode-writeonly-crc-enable-gc-gc80-test_script-fail_make_request-3a28" finished message: "{'result': 'pass', 'status': 'finished', 'time': 6008.162936834}"
2025-08-12 04:04:21,399 avocado.test INFO | ./pcache.py:PcacheTest.test;run-cache_mode-writeonly-crc-enable-gc-gc80-test_script-fail_make_request-3a28: PASS
2025-08-12 04:04:21,399 avocado.test INFO | More information in /root/avocado/job-results/job-2025-08-12T02.24-2be3cd4/test-results/89-._pcache.py_PcacheTest.test_run-cache_mode-writeonly-crc-enable-gc-gc80-test_script-fail_make_request-3a28
2025-08-12 04:04:21,400 avocado.core.task.statemachine DEBUG| Task "89-./pcache.py:PcacheTest.test;run-cache_mode-writeonly-crc-enable-gc-gc80-test_script-fail_make_request-3a28" finished
2025-08-12 04:04:21,401 avocado.core.task.statemachine DEBUG| Task "90-./pcache.py:PcacheTest.test;run-cache_mode-writeonly-crc-enable-gc-gc80-test_script-recreate_loop-8623": requested -> triaging
2025-08-12 04:04:21,401 avocado.core.task.statemachine DEBUG| Task "90-./pcache.py:PcacheTest.test;run-cache_mode-writeonly-crc-enable-gc-gc80-test_script-recreate_loop-8623": requirements OK (will proceed to check dependencies)
2025-08-12 04:04:21,401 avocado.core.task.statemachine DEBUG| Task "90-./pcache.py:PcacheTest.test;run-cache_mode-writeonly-crc-enable-gc-gc80-test_script-recreate_loop-8623": about to be spawned with "<avocado.plugins.spawners.process.ProcessSpawner object at 0x79fe40575ca0>"
2025-08-12 04:04:21,404 avocado.core.task.statemachine DEBUG| Task "90-./pcache.py:PcacheTest.test;run-cache_mode-writeonly-crc-enable-gc-gc80-test_script-recreate_loop-8623": spawned successfully
2025-08-12 04:04:21,715 avocado.core.status.repo DEBUG| Task "90-./pcache.py:PcacheTest.test;run-cache_mode-writeonly-crc-enable-gc-gc80-test_script-recreate_loop-8623" started message: "{'status': 'started', 'time': 6008.694169685, 'output_dir': '/root/avocado/job-results/job-2025-08-12T02.24-2be3cd4/test-results/90-._pcache.py_PcacheTest.test_run-cache_mode-writeonly-crc-enable-gc-gc80-test_script-recreate_loop-8623', 'id': '90-./pcache.py:PcacheTest.test;run-cache_mode-writeonly-crc-enable-gc-gc80-test_script-recreate_loop-8623'}"
2025-08-12 04:04:21,753 avocado.test INFO | ./pcache.py:PcacheTest.test;run-cache_mode-writeonly-crc-enable-gc-gc80-test_script-recreate_loop-8623: STARTED
2025-08-12 04:04:22,450 avocado.core.status.repo DEBUG| Task "90-./pcache.py:PcacheTest.test;run-cache_mode-writeonly-crc-enable-gc-gc80-test_script-recreate_loop-8623" finished message: "{'result': 'pass', 'status': 'finished', 'time': 6009.334175889}"
2025-08-12 04:04:22,499 avocado.test INFO | ./pcache.py:PcacheTest.test;run-cache_mode-writeonly-crc-enable-gc-gc80-test_script-recreate_loop-8623: PASS
2025-08-12 04:04:22,499 avocado.test INFO | More information in /root/avocado/job-results/job-2025-08-12T02.24-2be3cd4/test-results/90-._pcache.py_PcacheTest.test_run-cache_mode-writeonly-crc-enable-gc-gc80-test_script-recreate_loop-8623
2025-08-12 04:04:22,531 avocado.core.task.statemachine DEBUG| Task "90-./pcache.py:PcacheTest.test;run-cache_mode-writeonly-crc-enable-gc-gc80-test_script-recreate_loop-8623" finished
2025-08-12 04:04:22,531 avocado.core.task.statemachine DEBUG| Task "91-./pcache.py:PcacheTest.test;run-cache_mode-writeonly-crc-disable-gc-gc80-test_script-default-3529": requested -> triaging
2025-08-12 04:04:22,532 avocado.core.task.statemachine DEBUG| Task "91-./pcache.py:PcacheTest.test;run-cache_mode-writeonly-crc-disable-gc-gc80-test_script-default-3529": requirements OK (will proceed to check dependencies)
2025-08-12 04:04:22,532 avocado.core.task.statemachine DEBUG| Task "91-./pcache.py:PcacheTest.test;run-cache_mode-writeonly-crc-disable-gc-gc80-test_script-default-3529": about to be spawned with "<avocado.plugins.spawners.process.ProcessSpawner object at 0x79fe40575ca0>"
2025-08-12 04:04:22,536 avocado.core.task.statemachine DEBUG| Task "91-./pcache.py:PcacheTest.test;run-cache_mode-writeonly-crc-disable-gc-gc80-test_script-default-3529": spawned successfully
2025-08-12 04:04:22,823 avocado.core.status.repo DEBUG| Task "91-./pcache.py:PcacheTest.test;run-cache_mode-writeonly-crc-disable-gc-gc80-test_script-default-3529" started message: "{'status': 'started', 'time': 6009.801387153, 'output_dir': '/root/avocado/job-results/job-2025-08-12T02.24-2be3cd4/test-results/91-._pcache.py_PcacheTest.test_run-cache_mode-writeonly-crc-disable-gc-gc80-test_script-default-3529', 'id': '91-./pcache.py:PcacheTest.test;run-cache_mode-writeonly-crc-disable-gc-gc80-test_script-default-3529'}"
2025-08-12 04:04:22,852 avocado.test INFO | ./pcache.py:PcacheTest.test;run-cache_mode-writeonly-crc-disable-gc-gc80-test_script-default-3529: STARTED
2025-08-12 04:04:24,280 avocado.core.status.repo DEBUG| Task "91-./pcache.py:PcacheTest.test;run-cache_mode-writeonly-crc-disable-gc-gc80-test_script-default-3529" finished message: "{'result': 'pass', 'status': 'finished', 'time': 6011.162432837}"
2025-08-12 04:04:24,349 avocado.test INFO | ./pcache.py:PcacheTest.test;run-cache_mode-writeonly-crc-disable-gc-gc80-test_script-default-3529: PASS
2025-08-12 04:04:24,349 avocado.test INFO | More information in /root/avocado/job-results/job-2025-08-12T02.24-2be3cd4/test-results/91-._pcache.py_PcacheTest.test_run-cache_mode-writeonly-crc-disable-gc-gc80-test_script-default-3529
2025-08-12 04:04:24,361 avocado.core.task.statemachine DEBUG| Task "91-./pcache.py:PcacheTest.test;run-cache_mode-writeonly-crc-disable-gc-gc80-test_script-default-3529" finished
2025-08-12 04:04:24,361 avocado.core.task.statemachine DEBUG| Task "92-./pcache.py:PcacheTest.test;run-cache_mode-writeonly-crc-disable-gc-gc80-test_script-xfstests-a061": requested -> triaging
2025-08-12 04:04:24,361 avocado.core.task.statemachine DEBUG| Task "92-./pcache.py:PcacheTest.test;run-cache_mode-writeonly-crc-disable-gc-gc80-test_script-xfstests-a061": requirements OK (will proceed to check dependencies)
2025-08-12 04:04:24,361 avocado.core.task.statemachine DEBUG| Task "92-./pcache.py:PcacheTest.test;run-cache_mode-writeonly-crc-disable-gc-gc80-test_script-xfstests-a061": about to be spawned with "<avocado.plugins.spawners.process.ProcessSpawner object at 0x79fe40575ca0>"
2025-08-12 04:04:24,364 avocado.core.task.statemachine DEBUG| Task "92-./pcache.py:PcacheTest.test;run-cache_mode-writeonly-crc-disable-gc-gc80-test_script-xfstests-a061": spawned successfully
2025-08-12 04:04:24,658 avocado.core.status.repo DEBUG| Task "92-./pcache.py:PcacheTest.test;run-cache_mode-writeonly-crc-disable-gc-gc80-test_script-xfstests-a061" started message: "{'status': 'started', 'time': 6011.636842374, 'output_dir': '/root/avocado/job-results/job-2025-08-12T02.24-2be3cd4/test-results/92-._pcache.py_PcacheTest.test_run-cache_mode-writeonly-crc-disable-gc-gc80-test_script-xfstests-a061', 'id': '92-./pcache.py:PcacheTest.test;run-cache_mode-writeonly-crc-disable-gc-gc80-test_script-xfstests-a061'}"
2025-08-12 04:04:24,702 avocado.test INFO | ./pcache.py:PcacheTest.test;run-cache_mode-writeonly-crc-disable-gc-gc80-test_script-xfstests-a061: STARTED
2025-08-12 04:04:25,497 avocado.core.status.repo DEBUG| Task "92-./pcache.py:PcacheTest.test;run-cache_mode-writeonly-crc-disable-gc-gc80-test_script-xfstests-a061" finished message: "{'result': 'pass', 'status': 'finished', 'time': 6012.381328106}"
2025-08-12 04:04:25,541 avocado.test INFO | ./pcache.py:PcacheTest.test;run-cache_mode-writeonly-crc-disable-gc-gc80-test_script-xfstests-a061: PASS
2025-08-12 04:04:25,541 avocado.test INFO | More information in /root/avocado/job-results/job-2025-08-12T02.24-2be3cd4/test-results/92-._pcache.py_PcacheTest.test_run-cache_mode-writeonly-crc-disable-gc-gc80-test_script-xfstests-a061
2025-08-12 04:04:25,577 avocado.core.task.statemachine DEBUG| Task "92-./pcache.py:PcacheTest.test;run-cache_mode-writeonly-crc-disable-gc-gc80-test_script-xfstests-a061" finished
2025-08-12 04:04:25,577 avocado.core.task.statemachine DEBUG| Task "93-./pcache.py:PcacheTest.test;run-cache_mode-writeonly-crc-disable-gc-gc80-test_script-misc-1521": requested -> triaging
2025-08-12 04:04:25,577 avocado.core.task.statemachine DEBUG| Task "93-./pcache.py:PcacheTest.test;run-cache_mode-writeonly-crc-disable-gc-gc80-test_script-misc-1521": requirements OK (will proceed to check dependencies)
2025-08-12 04:04:25,578 avocado.core.task.statemachine DEBUG| Task "93-./pcache.py:PcacheTest.test;run-cache_mode-writeonly-crc-disable-gc-gc80-test_script-misc-1521": about to be spawned with "<avocado.plugins.spawners.process.ProcessSpawner object at 0x79fe40575ca0>"
2025-08-12 04:04:25,580 avocado.core.task.statemachine DEBUG| Task "93-./pcache.py:PcacheTest.test;run-cache_mode-writeonly-crc-disable-gc-gc80-test_script-misc-1521": spawned successfully
2025-08-12 04:04:25,865 avocado.core.status.repo DEBUG| Task "93-./pcache.py:PcacheTest.test;run-cache_mode-writeonly-crc-disable-gc-gc80-test_script-misc-1521" started message: "{'status': 'started', 'time': 6012.844207102, 'output_dir': '/root/avocado/job-results/job-2025-08-12T02.24-2be3cd4/test-results/93-._pcache.py_PcacheTest.test_run-cache_mode-writeonly-crc-disable-gc-gc80-test_script-misc-1521', 'id': '93-./pcache.py:PcacheTest.test;run-cache_mode-writeonly-crc-disable-gc-gc80-test_script-misc-1521'}"
2025-08-12 04:04:25,894 avocado.test INFO | ./pcache.py:PcacheTest.test;run-cache_mode-writeonly-crc-disable-gc-gc80-test_script-misc-1521: STARTED
2025-08-12 04:04:26,973 avocado.core.status.repo DEBUG| Task "93-./pcache.py:PcacheTest.test;run-cache_mode-writeonly-crc-disable-gc-gc80-test_script-misc-1521" finished message: "{'result': 'pass', 'status': 'finished', 'time': 6013.856593204}"
2025-08-12 04:04:27,031 avocado.test INFO | ./pcache.py:PcacheTest.test;run-cache_mode-writeonly-crc-disable-gc-gc80-test_script-misc-1521: PASS
2025-08-12 04:04:27,031 avocado.test INFO | More information in /root/avocado/job-results/job-2025-08-12T02.24-2be3cd4/test-results/93-._pcache.py_PcacheTest.test_run-cache_mode-writeonly-crc-disable-gc-gc80-test_script-misc-1521
2025-08-12 04:04:27,055 avocado.core.task.statemachine DEBUG| Task "93-./pcache.py:PcacheTest.test;run-cache_mode-writeonly-crc-disable-gc-gc80-test_script-misc-1521" finished
2025-08-12 04:04:27,056 avocado.core.task.statemachine DEBUG| Task "94-./pcache.py:PcacheTest.test;run-cache_mode-writeonly-crc-disable-gc-gc80-test_script-failslab-0356": requested -> triaging
2025-08-12 04:04:27,056 avocado.core.task.statemachine DEBUG| Task "94-./pcache.py:PcacheTest.test;run-cache_mode-writeonly-crc-disable-gc-gc80-test_script-failslab-0356": requirements OK (will proceed to check dependencies)
2025-08-12 04:04:27,056 avocado.core.task.statemachine DEBUG| Task "94-./pcache.py:PcacheTest.test;run-cache_mode-writeonly-crc-disable-gc-gc80-test_script-failslab-0356": about to be spawned with "<avocado.plugins.spawners.process.ProcessSpawner object at 0x79fe40575ca0>"
2025-08-12 04:04:27,059 avocado.core.task.statemachine DEBUG| Task "94-./pcache.py:PcacheTest.test;run-cache_mode-writeonly-crc-disable-gc-gc80-test_script-failslab-0356": spawned successfully
2025-08-12 04:04:27,349 avocado.core.status.repo DEBUG| Task "94-./pcache.py:PcacheTest.test;run-cache_mode-writeonly-crc-disable-gc-gc80-test_script-failslab-0356" started message: "{'status': 'started', 'time': 6014.327813601, 'output_dir': '/root/avocado/job-results/job-2025-08-12T02.24-2be3cd4/test-results/94-._pcache.py_PcacheTest.test_run-cache_mode-writeonly-crc-disable-gc-gc80-test_script-failslab-0356', 'id': '94-./pcache.py:PcacheTest.test;run-cache_mode-writeonly-crc-disable-gc-gc80-test_script-failslab-0356'}"
2025-08-12 04:04:27,385 avocado.test INFO | ./pcache.py:PcacheTest.test;run-cache_mode-writeonly-crc-disable-gc-gc80-test_script-failslab-0356: STARTED
2025-08-12 04:04:28,225 avocado.core.status.repo DEBUG| Task "94-./pcache.py:PcacheTest.test;run-cache_mode-writeonly-crc-disable-gc-gc80-test_script-failslab-0356" finished message: "{'result': 'pass', 'status': 'finished', 'time': 6015.107239101}"
2025-08-12 04:04:28,282 avocado.test INFO | ./pcache.py:PcacheTest.test;run-cache_mode-writeonly-crc-disable-gc-gc80-test_script-failslab-0356: PASS
2025-08-12 04:04:28,282 avocado.test INFO | More information in /root/avocado/job-results/job-2025-08-12T02.24-2be3cd4/test-results/94-._pcache.py_PcacheTest.test_run-cache_mode-writeonly-crc-disable-gc-gc80-test_script-failslab-0356
2025-08-12 04:04:28,305 avocado.core.task.statemachine DEBUG| Task "94-./pcache.py:PcacheTest.test;run-cache_mode-writeonly-crc-disable-gc-gc80-test_script-failslab-0356" finished
2025-08-12 04:04:28,305 avocado.core.task.statemachine DEBUG| Task "95-./pcache.py:PcacheTest.test;run-cache_mode-writeonly-crc-disable-gc-gc80-test_script-fail_make_request-369c": requested -> triaging
2025-08-12 04:04:28,305 avocado.core.task.statemachine DEBUG| Task "95-./pcache.py:PcacheTest.test;run-cache_mode-writeonly-crc-disable-gc-gc80-test_script-fail_make_request-369c": requirements OK (will proceed to check dependencies)
2025-08-12 04:04:28,306 avocado.core.task.statemachine DEBUG| Task "95-./pcache.py:PcacheTest.test;run-cache_mode-writeonly-crc-disable-gc-gc80-test_script-fail_make_request-369c": about to be spawned with "<avocado.plugins.spawners.process.ProcessSpawner object at 0x79fe40575ca0>"
2025-08-12 04:04:28,311 avocado.core.task.statemachine DEBUG| Task "95-./pcache.py:PcacheTest.test;run-cache_mode-writeonly-crc-disable-gc-gc80-test_script-fail_make_request-369c": spawned successfully
2025-08-12 04:04:28,599 avocado.core.status.repo DEBUG| Task "95-./pcache.py:PcacheTest.test;run-cache_mode-writeonly-crc-disable-gc-gc80-test_script-fail_make_request-369c" started message: "{'status': 'started', 'time': 6015.578077166, 'output_dir': '/root/avocado/job-results/job-2025-08-12T02.24-2be3cd4/test-results/95-._pcache.py_PcacheTest.test_run-cache_mode-writeonly-crc-disable-gc-gc80-test_script-fail_make_request-369c', 'id': '95-./pcache.py:PcacheTest.test;run-cache_mode-writeonly-crc-disable-gc-gc80-test_script-fail_make_request-369c'}"
2025-08-12 04:04:28,635 avocado.test INFO | ./pcache.py:PcacheTest.test;run-cache_mode-writeonly-crc-disable-gc-gc80-test_script-fail_make_request-369c: STARTED
2025-08-12 04:04:30,468 avocado.core.status.repo DEBUG| Task "95-./pcache.py:PcacheTest.test;run-cache_mode-writeonly-crc-disable-gc-gc80-test_script-fail_make_request-369c" finished message: "{'result': 'pass', 'status': 'finished', 'time': 6017.351298508}"
2025-08-12 04:04:30,607 avocado.test INFO | ./pcache.py:PcacheTest.test;run-cache_mode-writeonly-crc-disable-gc-gc80-test_script-fail_make_request-369c: PASS
2025-08-12 04:04:30,607 avocado.test INFO | More information in /root/avocado/job-results/job-2025-08-12T02.24-2be3cd4/test-results/95-._pcache.py_PcacheTest.test_run-cache_mode-writeonly-crc-disable-gc-gc80-test_script-fail_make_request-369c
2025-08-12 04:04:30,609 avocado.core.task.statemachine DEBUG| Task "95-./pcache.py:PcacheTest.test;run-cache_mode-writeonly-crc-disable-gc-gc80-test_script-fail_make_request-369c" finished
2025-08-12 04:04:30,609 avocado.core.task.statemachine DEBUG| Task "96-./pcache.py:PcacheTest.test;run-cache_mode-writeonly-crc-disable-gc-gc80-test_script-recreate_loop-b19f": requested -> triaging
2025-08-12 04:04:30,609 avocado.core.task.statemachine DEBUG| Task "96-./pcache.py:PcacheTest.test;run-cache_mode-writeonly-crc-disable-gc-gc80-test_script-recreate_loop-b19f": requirements OK (will proceed to check dependencies)
2025-08-12 04:04:30,609 avocado.core.task.statemachine DEBUG| Task "96-./pcache.py:PcacheTest.test;run-cache_mode-writeonly-crc-disable-gc-gc80-test_script-recreate_loop-b19f": about to be spawned with "<avocado.plugins.spawners.process.ProcessSpawner object at 0x79fe40575ca0>"
2025-08-12 04:04:30,612 avocado.core.task.statemachine DEBUG| Task "96-./pcache.py:PcacheTest.test;run-cache_mode-writeonly-crc-disable-gc-gc80-test_script-recreate_loop-b19f": spawned successfully
2025-08-12 04:04:30,905 avocado.core.status.repo DEBUG| Task "96-./pcache.py:PcacheTest.test;run-cache_mode-writeonly-crc-disable-gc-gc80-test_script-recreate_loop-b19f" started message: "{'status': 'started', 'time': 6017.883382088, 'output_dir': '/root/avocado/job-results/job-2025-08-12T02.24-2be3cd4/test-results/96-._pcache.py_PcacheTest.test_run-cache_mode-writeonly-crc-disable-gc-gc80-test_script-recreate_loop-b19f', 'id': '96-./pcache.py:PcacheTest.test;run-cache_mode-writeonly-crc-disable-gc-gc80-test_script-recreate_loop-b19f'}"
2025-08-12 04:04:30,911 avocado.test INFO | ./pcache.py:PcacheTest.test;run-cache_mode-writeonly-crc-disable-gc-gc80-test_script-recreate_loop-b19f: STARTED
2025-08-12 04:04:31,658 avocado.core.status.repo DEBUG| Task "96-./pcache.py:PcacheTest.test;run-cache_mode-writeonly-crc-disable-gc-gc80-test_script-recreate_loop-b19f" finished message: "{'result': 'pass', 'status': 'finished', 'time': 6018.5376061}"
2025-08-12 04:04:31,707 avocado.test INFO | ./pcache.py:PcacheTest.test;run-cache_mode-writeonly-crc-disable-gc-gc80-test_script-recreate_loop-b19f: PASS
2025-08-12 04:04:31,708 avocado.test INFO | More information in /root/avocado/job-results/job-2025-08-12T02.24-2be3cd4/test-results/96-._pcache.py_PcacheTest.test_run-cache_mode-writeonly-crc-disable-gc-gc80-test_script-recreate_loop-b19f
2025-08-12 04:04:31,742 avocado.core.task.statemachine DEBUG| Task "96-./pcache.py:PcacheTest.test;run-cache_mode-writeonly-crc-disable-gc-gc80-test_script-recreate_loop-b19f" finished
2025-08-12 04:04:31,803 avocado.test INFO | Test results available in /root/avocado/job-results/job-2025-08-12T02.24-2be3cd4
2025-08-12 04:04:32,043 avocado.sysinfo DEBUG| Not logging /proc/pci (file not found)
2025-08-12 04:04:34,570 avocado.sysinfo DEBUG| Not logging /sys/devices/system/cpu/cpu0/cpufreq/scaling_governor (file not found)
2025-08-12 04:04:34,571 avocado.sysinfo DEBUG| Not logging /sys/kernel/debug/sched_features (file not found)
