2025-08-03 13:33:30,987 avocado.sysinfo INFO | Commands configured by file: /usr/local/lib/python3.12/dist-packages/avocado/etc/avocado/sysinfo/commands
2025-08-03 13:33:30,987 avocado.sysinfo INFO | Files configured by file: /usr/local/lib/python3.12/dist-packages/avocado/etc/avocado/sysinfo/files
2025-08-03 13:33:30,987 avocado.sysinfo DEBUG| File /usr/local/lib/python3.12/dist-packages/avocado/etc/avocado/sysinfo/fail_commands does not exist.
2025-08-03 13:33:30,988 avocado.sysinfo DEBUG| File /usr/local/lib/python3.12/dist-packages/avocado/etc/avocado/sysinfo/fail_files does not exist.
2025-08-03 13:33:30,988 avocado.sysinfo INFO | Profilers configured by file: /usr/local/lib/python3.12/dist-packages/avocado/etc/avocado/sysinfo/profilers
2025-08-03 13:33:30,988 avocado.sysinfo INFO | Profiler disabled
2025-08-03 13:33:31,054 avocado.sysinfo DEBUG| Not logging /sys/kernel/debug/sched_features (file not found)
2025-08-03 13:33:31,170 avocado.sysinfo DEBUG| Not logging /sys/devices/system/cpu/cpu0/cpufreq/scaling_governor (file not found)
2025-08-03 13:33:31,414 avocado.sysinfo DEBUG| Not logging /proc/pci (file not found)
2025-08-03 13:33:31,415 avocado.test INFO | Command line: /usr/local/bin/avocado run --nrunner-max-parallel-tasks 1 ./pcache.py -m ./pcache.py.data/pcache.yaml
2025-08-03 13:33:31,415 avocado.test INFO | 
2025-08-03 13:33:31,416 avocado.test INFO | Avocado version: 96.0
2025-08-03 13:33:31,416 avocado.test INFO | 
2025-08-03 13:33:31,416 avocado.test INFO | Avocado config:
2025-08-03 13:33:31,416 avocado.test INFO | 
2025-08-03 13:33:31,420 avocado.test INFO | {'assets.fetch.ignore_errors': False,
2025-08-03 13:33:31,420 avocado.test INFO |  'assets.fetch.references': [],
2025-08-03 13:33:31,420 avocado.test INFO |  'assets.fetch.timeout': 300,
2025-08-03 13:33:31,420 avocado.test INFO |  'assets.list.days': None,
2025-08-03 13:33:31,420 avocado.test INFO |  'assets.list.overall_limit': None,
2025-08-03 13:33:31,421 avocado.test INFO |  'assets.list.size_filter': None,
2025-08-03 13:33:31,421 avocado.test INFO |  'assets.purge.days': None,
2025-08-03 13:33:31,421 avocado.test INFO |  'assets.purge.overall_limit': None,
2025-08-03 13:33:31,421 avocado.test INFO |  'assets.purge.size_filter': None,
2025-08-03 13:33:31,421 avocado.test INFO |  'assets.register.name': None,
2025-08-03 13:33:31,421 avocado.test INFO |  'assets.register.sha1_hash': None,
2025-08-03 13:33:31,421 avocado.test INFO |  'assets.register.url': None,
2025-08-03 13:33:31,421 avocado.test INFO |  'config': None,
2025-08-03 13:33:31,422 avocado.test INFO |  'config.datadir': False,
2025-08-03 13:33:31,422 avocado.test INFO |  'core.input_encoding': 'utf-8',
2025-08-03 13:33:31,422 avocado.test INFO |  'core.paginator': False,
2025-08-03 13:33:31,422 avocado.test INFO |  'core.show': {'app'},
2025-08-03 13:33:31,422 avocado.test INFO |  'core.verbose': False,
2025-08-03 13:33:31,422 avocado.test INFO |  'datadir.paths.base_dir': '/root/avocado',
2025-08-03 13:33:31,422 avocado.test INFO |  'datadir.paths.cache_dirs': ['/root/avocado/data/cache'],
2025-08-03 13:33:31,422 avocado.test INFO |  'datadir.paths.data_dir': '/root/avocado/data',
2025-08-03 13:33:31,423 avocado.test INFO |  'datadir.paths.logs_dir': '/root/avocado/job-results',
2025-08-03 13:33:31,423 avocado.test INFO |  'datadir.paths.test_dir': '/usr/share/doc/avocado/tests',
2025-08-03 13:33:31,423 avocado.test INFO |  'diff.create_reports': False,
2025-08-03 13:33:31,423 avocado.test INFO |  'diff.filter': ['cmdline', 'time', 'variants', 'results', 'config', 'sysinfo'],
2025-08-03 13:33:31,423 avocado.test INFO |  'diff.html': None,
2025-08-03 13:33:31,423 avocado.test INFO |  'diff.jobids': [],
2025-08-03 13:33:31,423 avocado.test INFO |  'diff.open_browser': False,
2025-08-03 13:33:31,424 avocado.test INFO |  'diff.strip_id': False,
2025-08-03 13:33:31,424 avocado.test INFO |  'distro.distro_def_arch': '',
2025-08-03 13:33:31,424 avocado.test INFO |  'distro.distro_def_create': False,
2025-08-03 13:33:31,424 avocado.test INFO |  'distro.distro_def_name': '',
2025-08-03 13:33:31,424 avocado.test INFO |  'distro.distro_def_path': '',
2025-08-03 13:33:31,424 avocado.test INFO |  'distro.distro_def_release': '',
2025-08-03 13:33:31,424 avocado.test INFO |  'distro.distro_def_type': '',
2025-08-03 13:33:31,425 avocado.test INFO |  'distro.distro_def_version': '',
2025-08-03 13:33:31,425 avocado.test INFO |  'filter.by_tags.include_empty': False,
2025-08-03 13:33:31,425 avocado.test INFO |  'filter.by_tags.include_empty_key': False,
2025-08-03 13:33:31,425 avocado.test INFO |  'filter.by_tags.tags': [],
2025-08-03 13:33:31,425 avocado.test INFO |  'human_ui.omit.statuses': [],
2025-08-03 13:33:31,425 avocado.test INFO |  'job.output.loglevel': 'DEBUG',
2025-08-03 13:33:31,425 avocado.test INFO |  'job.output.testlogs.logfiles': ['debug.log'],
2025-08-03 13:33:31,425 avocado.test INFO |  'job.output.testlogs.statuses': [],
2025-08-03 13:33:31,426 avocado.test INFO |  'job.output.testlogs.summary_statuses': ['FAIL', 'ERROR'],
2025-08-03 13:33:31,426 avocado.test INFO |  'job.replay.source_job_id': 'latest',
2025-08-03 13:33:31,426 avocado.test INFO |  'job.run.result.html.enabled': True,
2025-08-03 13:33:31,426 avocado.test INFO |  'job.run.result.html.open_browser': False,
2025-08-03 13:33:31,426 avocado.test INFO |  'job.run.result.html.output': None,
2025-08-03 13:33:31,426 avocado.test INFO |  'job.run.result.json.enabled': True,
2025-08-03 13:33:31,426 avocado.test INFO |  'job.run.result.json.output': None,
2025-08-03 13:33:31,426 avocado.test INFO |  'job.run.result.tap.enabled': True,
2025-08-03 13:33:31,426 avocado.test INFO |  'job.run.result.tap.include_logs': False,
2025-08-03 13:33:31,427 avocado.test INFO |  'job.run.result.tap.output': None,
2025-08-03 13:33:31,427 avocado.test INFO |  'job.run.result.xunit.enabled': True,
2025-08-03 13:33:31,427 avocado.test INFO |  'job.run.result.xunit.job_name': None,
2025-08-03 13:33:31,427 avocado.test INFO |  'job.run.result.xunit.max_test_log_chars': 100000,
2025-08-03 13:33:31,427 avocado.test INFO |  'job.run.result.xunit.output': None,
2025-08-03 13:33:31,427 avocado.test INFO |  'job.run.store_logging_stream': ['avocado.core:DEBUG'],
2025-08-03 13:33:31,427 avocado.test INFO |  'job.run.timeout': 0,
2025-08-03 13:33:31,428 avocado.test INFO |  'jobs.get.output_files.destination': None,
2025-08-03 13:33:31,428 avocado.test INFO |  'jobs.get.output_files.job_id': None,
2025-08-03 13:33:31,428 avocado.test INFO |  'jobs.show.job_id': 'latest',
2025-08-03 13:33:31,428 avocado.test INFO |  'json.variants.load': None,
2025-08-03 13:33:31,428 avocado.test INFO |  'list.recipes.write_to_directory': None,
2025-08-03 13:33:31,428 avocado.test INFO |  'list.write_to_json_file': None,
2025-08-03 13:33:31,428 avocado.test INFO |  'nrunner.max_parallel_tasks': 1,
2025-08-03 13:33:31,428 avocado.test INFO |  'nrunner.shuffle': False,
2025-08-03 13:33:31,429 avocado.test INFO |  'nrunner.spawner': 'process',
2025-08-03 13:33:31,429 avocado.test INFO |  'nrunner.status_server_auto': True,
2025-08-03 13:33:31,429 avocado.test INFO |  'nrunner.status_server_buffer_size': 33554432,
2025-08-03 13:33:31,429 avocado.test INFO |  'nrunner.status_server_listen': '127.0.0.1:8888',
2025-08-03 13:33:31,429 avocado.test INFO |  'nrunner.status_server_uri': '127.0.0.1:8888',
2025-08-03 13:33:31,429 avocado.test INFO |  'plugins.cli.cmd.order': [],
2025-08-03 13:33:31,429 avocado.test INFO |  'plugins.cli.order': [],
2025-08-03 13:33:31,429 avocado.test INFO |  'plugins.disable': [],
2025-08-03 13:33:31,430 avocado.test INFO |  'plugins.init.order': [],
2025-08-03 13:33:31,430 avocado.test INFO |  'plugins.job.prepost.order': [],
2025-08-03 13:33:31,430 avocado.test INFO |  'plugins.jobscripts.post': '/etc/avocado/scripts/job/post.d/',
2025-08-03 13:33:31,430 avocado.test INFO |  'plugins.jobscripts.pre': '/etc/avocado/scripts/job/pre.d/',
2025-08-03 13:33:31,430 avocado.test INFO |  'plugins.jobscripts.warn_non_existing_dir': False,
2025-08-03 13:33:31,430 avocado.test INFO |  'plugins.jobscripts.warn_non_zero_status': True,
2025-08-03 13:33:31,430 avocado.test INFO |  'plugins.ordered_list': False,
2025-08-03 13:33:31,430 avocado.test INFO |  'plugins.resolver.order': [],
2025-08-03 13:33:31,431 avocado.test INFO |  'plugins.result.order': [],
2025-08-03 13:33:31,431 avocado.test INFO |  'plugins.result_events.order': [],
2025-08-03 13:33:31,431 avocado.test INFO |  'plugins.runnable.runner.order': [],
2025-08-03 13:33:31,431 avocado.test INFO |  'plugins.runner.order': [],
2025-08-03 13:33:31,431 avocado.test INFO |  'plugins.skip_broken_plugin_notification': [],
2025-08-03 13:33:31,431 avocado.test INFO |  'plugins.spawner.order': [],
2025-08-03 13:33:31,431 avocado.test INFO |  'plugins.varianter.order': [],
2025-08-03 13:33:31,432 avocado.test INFO |  'resolver.references': ['./pcache.py'],
2025-08-03 13:33:31,432 avocado.test INFO |  'run.dict_variants': [],
2025-08-03 13:33:31,432 avocado.test INFO |  'run.dict_variants.variant_id_keys': [],
2025-08-03 13:33:31,432 avocado.test INFO |  'run.dry_run.enabled': False,
2025-08-03 13:33:31,432 avocado.test INFO |  'run.dry_run.no_cleanup': False,
2025-08-03 13:33:31,432 avocado.test INFO |  'run.execution_order': 'variants-per-test',
2025-08-03 13:33:31,432 avocado.test INFO |  'run.failfast': False,
2025-08-03 13:33:31,432 avocado.test INFO |  'run.ignore_missing_references': False,
2025-08-03 13:33:31,433 avocado.test INFO |  'run.job_category': None,
2025-08-03 13:33:31,433 avocado.test INFO |  'run.journal.enabled': False,
2025-08-03 13:33:31,433 avocado.test INFO |  'run.keep_tmp': False,
2025-08-03 13:33:31,433 avocado.test INFO |  'run.loaders': ['file', '@DEFAULT'],
2025-08-03 13:33:31,433 avocado.test INFO |  'run.log_test_data_directories': False,
2025-08-03 13:33:31,433 avocado.test INFO |  'run.results.archive': False,
2025-08-03 13:33:31,433 avocado.test INFO |  'run.results_dir': None,
2025-08-03 13:33:31,433 avocado.test INFO |  'run.test_parameters': [],
2025-08-03 13:33:31,434 avocado.test INFO |  'run.test_runner': 'nrunner',
2025-08-03 13:33:31,434 avocado.test INFO |  'run.unique_job_id': None,
2025-08-03 13:33:31,434 avocado.test INFO |  'run.wrapper.wrappers': [],
2025-08-03 13:33:31,434 avocado.test INFO |  'runner.exectest.exitcodes.skip': [],
2025-08-03 13:33:31,434 avocado.test INFO |  'runner.identifier_format': '{uri}',
2025-08-03 13:33:31,434 avocado.test INFO |  'runner.output.color': 'auto',
2025-08-03 13:33:31,434 avocado.test INFO |  'runner.output.colored': True,
2025-08-03 13:33:31,434 avocado.test INFO |  'runner.output.utf8': True,
2025-08-03 13:33:31,435 avocado.test INFO |  'runner.timeout.after_interrupted': 60,
2025-08-03 13:33:31,435 avocado.test INFO |  'runner.timeout.process_alive': 60,
2025-08-03 13:33:31,435 avocado.test INFO |  'runner.timeout.process_died': 10,
2025-08-03 13:33:31,435 avocado.test INFO |  'simpletests.status.failure_fields': ['status', 'stdout', 'stderr'],
2025-08-03 13:33:31,435 avocado.test INFO |  'simpletests.status.skip_location': 'all',
2025-08-03 13:33:31,435 avocado.test INFO |  'simpletests.status.skip_regex': '^SKIP$',
2025-08-03 13:33:31,435 avocado.test INFO |  'simpletests.status.warn_location': 'all',
2025-08-03 13:33:31,435 avocado.test INFO |  'simpletests.status.warn_regex': '^WARN$',
2025-08-03 13:33:31,436 avocado.test INFO |  'spawner.podman.avocado_spawner_egg': None,
2025-08-03 13:33:31,436 avocado.test INFO |  'spawner.podman.bin': '/usr/bin/podman',
2025-08-03 13:33:31,436 avocado.test INFO |  'spawner.podman.image': 'Ubuntu:24',
2025-08-03 13:33:31,436 avocado.test INFO |  'subcommand': 'run',
2025-08-03 13:33:31,436 avocado.test INFO |  'sysinfo.collect.commands_timeout': -1,
2025-08-03 13:33:31,436 avocado.test INFO |  'sysinfo.collect.enabled': True,
2025-08-03 13:33:31,436 avocado.test INFO |  'sysinfo.collect.installed_packages': False,
2025-08-03 13:33:31,436 avocado.test INFO |  'sysinfo.collect.locale': 'C',
2025-08-03 13:33:31,437 avocado.test INFO |  'sysinfo.collect.optimize': False,
2025-08-03 13:33:31,437 avocado.test INFO |  'sysinfo.collect.per_test': False,
2025-08-03 13:33:31,437 avocado.test INFO |  'sysinfo.collect.profiler': False,
2025-08-03 13:33:31,437 avocado.test INFO |  'sysinfo.collect.sysinfodir': None,
2025-08-03 13:33:31,437 avocado.test INFO |  'sysinfo.collectibles.commands': '/usr/local/lib/python3.12/dist-packages/avocado/etc/avocado/sysinfo/commands',
2025-08-03 13:33:31,437 avocado.test INFO |  'sysinfo.collectibles.fail_commands': '/usr/local/lib/python3.12/dist-packages/avocado/etc/avocado/sysinfo/fail_commands',
2025-08-03 13:33:31,437 avocado.test INFO |  'sysinfo.collectibles.fail_files': '/usr/local/lib/python3.12/dist-packages/avocado/etc/avocado/sysinfo/fail_files',
2025-08-03 13:33:31,437 avocado.test INFO |  'sysinfo.collectibles.files': '/usr/local/lib/python3.12/dist-packages/avocado/etc/avocado/sysinfo/files',
2025-08-03 13:33:31,438 avocado.test INFO |  'sysinfo.collectibles.profilers': '/usr/local/lib/python3.12/dist-packages/avocado/etc/avocado/sysinfo/profilers',
2025-08-03 13:33:31,438 avocado.test INFO |  'task.timeout.running': None,
2025-08-03 13:33:31,438 avocado.test INFO |  'variants.contents': False,
2025-08-03 13:33:31,438 avocado.test INFO |  'variants.debug': False,
2025-08-03 13:33:31,438 avocado.test INFO |  'variants.inherit': False,
2025-08-03 13:33:31,438 avocado.test INFO |  'variants.json_variants_dump': None,
2025-08-03 13:33:31,438 avocado.test INFO |  'variants.summary': 0,
2025-08-03 13:33:31,438 avocado.test INFO |  'variants.tree': False,
2025-08-03 13:33:31,439 avocado.test INFO |  'variants.variants': 1,
2025-08-03 13:33:31,439 avocado.test INFO |  'vmimage.get.arch': None,
2025-08-03 13:33:31,439 avocado.test INFO |  'vmimage.get.distro': None,
2025-08-03 13:33:31,439 avocado.test INFO |  'vmimage.get.version': None,
2025-08-03 13:33:31,439 avocado.test INFO |  'yaml_to_mux.files': ['./pcache.py.data/pcache.yaml'],
2025-08-03 13:33:31,439 avocado.test INFO |  'yaml_to_mux.filter_only': [],
2025-08-03 13:33:31,439 avocado.test INFO |  'yaml_to_mux.filter_out': [],
2025-08-03 13:33:31,439 avocado.test INFO |  'yaml_to_mux.inject': [],
2025-08-03 13:33:31,440 avocado.test INFO |  'yaml_to_mux.parameter_paths': ['/run/*']}
2025-08-03 13:33:31,440 avocado.test INFO | 
2025-08-03 13:33:31,440 avocado.test INFO | Avocado Data Directories:
2025-08-03 13:33:31,440 avocado.test INFO | 
2025-08-03 13:33:31,440 avocado.test INFO | base     /root/avocado
2025-08-03 13:33:31,441 avocado.test INFO | tests    /root/avocado/tests
2025-08-03 13:33:31,441 avocado.test INFO | data     /root/avocado/data
2025-08-03 13:33:31,441 avocado.test INFO | logs     /root/avocado/job-results/job-2025-08-03T13.33-3197a4b
2025-08-03 13:33:31,441 avocado.test INFO | 
2025-08-03 13:33:31,519 avocado.test INFO | Multiplex tree representation:
2025-08-03 13:33:31,519 avocado.test INFO |  \-- run
2025-08-03 13:33:31,519 avocado.test INFO |       |-- cache_mode
2025-08-03 13:33:31,519 avocado.test INFO |       |    #== writeback
2025-08-03 13:33:31,519 avocado.test INFO |       |    #== writethrough
2025-08-03 13:33:31,519 avocado.test INFO |       |    #== writearound
2025-08-03 13:33:31,519 avocado.test INFO |       |    #== writeonly
2025-08-03 13:33:31,519 avocado.test INFO |       |-- gc
2025-08-03 13:33:31,519 avocado.test INFO |       |    #== gc0
2025-08-03 13:33:31,519 avocado.test INFO |       |    #== gc80
2025-08-03 13:33:31,519 avocado.test INFO |       |-- crc
2025-08-03 13:33:31,519 avocado.test INFO |       |    #== enable
2025-08-03 13:33:31,519 avocado.test INFO |       |    #== disable
2025-08-03 13:33:31,519 avocado.test INFO |       \-- test_script
2025-08-03 13:33:31,519 avocado.test INFO |            #== default
2025-08-03 13:33:31,519 avocado.test INFO |            #== xfstests
2025-08-03 13:33:31,519 avocado.test INFO |            #== misc
2025-08-03 13:33:31,520 avocado.test INFO |            #== failslab
2025-08-03 13:33:31,520 avocado.test INFO |            #== fail_make_request
2025-08-03 13:33:31,520 avocado.test INFO | 
2025-08-03 13:33:31,520 avocado.test INFO | Multiplex variants (80):
2025-08-03 13:33:31,520 avocado.test INFO | Variant run-cache_mode-writeback-crc-enable-gc-gc0-test_script-default-473c:    /run/cache_mode/writeback, /run/gc/gc0, /run/crc/enable, /run/test_script/default
2025-08-03 13:33:31,520 avocado.test INFO | Variant run-cache_mode-writeback-crc-enable-gc-gc0-test_script-xfstests-a991:    /run/cache_mode/writeback, /run/gc/gc0, /run/crc/enable, /run/test_script/xfstests
2025-08-03 13:33:31,520 avocado.test INFO | Variant run-cache_mode-writeback-crc-enable-gc-gc0-test_script-misc-9072:    /run/cache_mode/writeback, /run/gc/gc0, /run/crc/enable, /run/test_script/misc
2025-08-03 13:33:31,520 avocado.test INFO | Variant run-cache_mode-writeback-crc-enable-gc-gc0-test_script-failslab-6073:    /run/cache_mode/writeback, /run/gc/gc0, /run/crc/enable, /run/test_script/failslab
2025-08-03 13:33:31,520 avocado.test INFO | Variant run-cache_mode-writeback-crc-enable-gc-gc0-test_script-fail_make_request-cc91:    /run/cache_mode/writeback, /run/gc/gc0, /run/crc/enable, /run/test_script/fail_make_request
2025-08-03 13:33:31,520 avocado.test INFO | Variant run-cache_mode-writeback-crc-disable-gc-gc0-test_script-default-6fa5:    /run/cache_mode/writeback, /run/gc/gc0, /run/crc/disable, /run/test_script/default
2025-08-03 13:33:31,520 avocado.test INFO | Variant run-cache_mode-writeback-crc-disable-gc-gc0-test_script-xfstests-fa3a:    /run/cache_mode/writeback, /run/gc/gc0, /run/crc/disable, /run/test_script/xfstests
2025-08-03 13:33:31,520 avocado.test INFO | Variant run-cache_mode-writeback-crc-disable-gc-gc0-test_script-misc-bb1f:    /run/cache_mode/writeback, /run/gc/gc0, /run/crc/disable, /run/test_script/misc
2025-08-03 13:33:31,520 avocado.test INFO | Variant run-cache_mode-writeback-crc-disable-gc-gc0-test_script-failslab-00c2:    /run/cache_mode/writeback, /run/gc/gc0, /run/crc/disable, /run/test_script/failslab
2025-08-03 13:33:31,520 avocado.test INFO | Variant run-cache_mode-writeback-crc-disable-gc-gc0-test_script-fail_make_request-cc40:    /run/cache_mode/writeback, /run/gc/gc0, /run/crc/disable, /run/test_script/fail_make_request
2025-08-03 13:33:31,520 avocado.test INFO | Variant run-cache_mode-writeback-crc-enable-gc-gc80-test_script-default-9937:    /run/cache_mode/writeback, /run/gc/gc80, /run/crc/enable, /run/test_script/default
2025-08-03 13:33:31,520 avocado.test INFO | Variant run-cache_mode-writeback-crc-enable-gc-gc80-test_script-xfstests-ec2d:    /run/cache_mode/writeback, /run/gc/gc80, /run/crc/enable, /run/test_script/xfstests
2025-08-03 13:33:31,520 avocado.test INFO | Variant run-cache_mode-writeback-crc-enable-gc-gc80-test_script-misc-0faa:    /run/cache_mode/writeback, /run/gc/gc80, /run/crc/enable, /run/test_script/misc
2025-08-03 13:33:31,520 avocado.test INFO | Variant run-cache_mode-writeback-crc-enable-gc-gc80-test_script-failslab-271d:    /run/cache_mode/writeback, /run/gc/gc80, /run/crc/enable, /run/test_script/failslab
2025-08-03 13:33:31,520 avocado.test INFO | Variant run-cache_mode-writeback-crc-enable-gc-gc80-test_script-fail_make_request-e4b8:    /run/cache_mode/writeback, /run/gc/gc80, /run/crc/enable, /run/test_script/fail_make_request
2025-08-03 13:33:31,520 avocado.test INFO | Variant run-cache_mode-writeback-crc-disable-gc-gc80-test_script-default-031b:    /run/cache_mode/writeback, /run/gc/gc80, /run/crc/disable, /run/test_script/default
2025-08-03 13:33:31,520 avocado.test INFO | Variant run-cache_mode-writeback-crc-disable-gc-gc80-test_script-xfstests-00b0:    /run/cache_mode/writeback, /run/gc/gc80, /run/crc/disable, /run/test_script/xfstests
2025-08-03 13:33:31,520 avocado.test INFO | Variant run-cache_mode-writeback-crc-disable-gc-gc80-test_script-misc-c1d5:    /run/cache_mode/writeback, /run/gc/gc80, /run/crc/disable, /run/test_script/misc
2025-08-03 13:33:31,520 avocado.test INFO | Variant run-cache_mode-writeback-crc-disable-gc-gc80-test_script-failslab-1adc:    /run/cache_mode/writeback, /run/gc/gc80, /run/crc/disable, /run/test_script/failslab
2025-08-03 13:33:31,521 avocado.test INFO | Variant run-cache_mode-writeback-crc-disable-gc-gc80-test_script-fail_make_request-2338:    /run/cache_mode/writeback, /run/gc/gc80, /run/crc/disable, /run/test_script/fail_make_request
2025-08-03 13:33:31,521 avocado.test INFO | Variant run-cache_mode-writethrough-crc-enable-gc-gc0-test_script-default-6bb7:    /run/cache_mode/writethrough, /run/gc/gc0, /run/crc/enable, /run/test_script/default
2025-08-03 13:33:31,521 avocado.test INFO | Variant run-cache_mode-writethrough-crc-enable-gc-gc0-test_script-xfstests-f521:    /run/cache_mode/writethrough, /run/gc/gc0, /run/crc/enable, /run/test_script/xfstests
2025-08-03 13:33:31,521 avocado.test INFO | Variant run-cache_mode-writethrough-crc-enable-gc-gc0-test_script-misc-98d1:    /run/cache_mode/writethrough, /run/gc/gc0, /run/crc/enable, /run/test_script/misc
2025-08-03 13:33:31,521 avocado.test INFO | Variant run-cache_mode-writethrough-crc-enable-gc-gc0-test_script-failslab-ca2a:    /run/cache_mode/writethrough, /run/gc/gc0, /run/crc/enable, /run/test_script/failslab
2025-08-03 13:33:31,521 avocado.test INFO | Variant run-cache_mode-writethrough-crc-enable-gc-gc0-test_script-fail_make_request-422c:    /run/cache_mode/writethrough, /run/gc/gc0, /run/crc/enable, /run/test_script/fail_make_request
2025-08-03 13:33:31,521 avocado.test INFO | Variant run-cache_mode-writethrough-crc-disable-gc-gc0-test_script-default-be89:    /run/cache_mode/writethrough, /run/gc/gc0, /run/crc/disable, /run/test_script/default
2025-08-03 13:33:31,521 avocado.test INFO | Variant run-cache_mode-writethrough-crc-disable-gc-gc0-test_script-xfstests-d744:    /run/cache_mode/writethrough, /run/gc/gc0, /run/crc/disable, /run/test_script/xfstests
2025-08-03 13:33:31,521 avocado.test INFO | Variant run-cache_mode-writethrough-crc-disable-gc-gc0-test_script-misc-d3a6:    /run/cache_mode/writethrough, /run/gc/gc0, /run/crc/disable, /run/test_script/misc
2025-08-03 13:33:31,521 avocado.test INFO | Variant run-cache_mode-writethrough-crc-disable-gc-gc0-test_script-failslab-452a:    /run/cache_mode/writethrough, /run/gc/gc0, /run/crc/disable, /run/test_script/failslab
2025-08-03 13:33:31,521 avocado.test INFO | Variant run-cache_mode-writethrough-crc-disable-gc-gc0-test_script-fail_make_request-74f4:    /run/cache_mode/writethrough, /run/gc/gc0, /run/crc/disable, /run/test_script/fail_make_request
2025-08-03 13:33:31,521 avocado.test INFO | Variant run-cache_mode-writethrough-crc-enable-gc-gc80-test_script-default-149c:    /run/cache_mode/writethrough, /run/gc/gc80, /run/crc/enable, /run/test_script/default
2025-08-03 13:33:31,521 avocado.test INFO | Variant run-cache_mode-writethrough-crc-enable-gc-gc80-test_script-xfstests-1450:    /run/cache_mode/writethrough, /run/gc/gc80, /run/crc/enable, /run/test_script/xfstests
2025-08-03 13:33:31,521 avocado.test INFO | Variant run-cache_mode-writethrough-crc-enable-gc-gc80-test_script-misc-5e1d:    /run/cache_mode/writethrough, /run/gc/gc80, /run/crc/enable, /run/test_script/misc
2025-08-03 13:33:31,521 avocado.test INFO | Variant run-cache_mode-writethrough-crc-enable-gc-gc80-test_script-failslab-4769:    /run/cache_mode/writethrough, /run/gc/gc80, /run/crc/enable, /run/test_script/failslab
2025-08-03 13:33:31,521 avocado.test INFO | Variant run-cache_mode-writethrough-crc-enable-gc-gc80-test_script-fail_make_request-8015:    /run/cache_mode/writethrough, /run/gc/gc80, /run/crc/enable, /run/test_script/fail_make_request
2025-08-03 13:33:31,521 avocado.test INFO | Variant run-cache_mode-writethrough-crc-disable-gc-gc80-test_script-default-dcd8:    /run/cache_mode/writethrough, /run/gc/gc80, /run/crc/disable, /run/test_script/default
2025-08-03 13:33:31,521 avocado.test INFO | Variant run-cache_mode-writethrough-crc-disable-gc-gc80-test_script-xfstests-a63a:    /run/cache_mode/writethrough, /run/gc/gc80, /run/crc/disable, /run/test_script/xfstests
2025-08-03 13:33:31,521 avocado.test INFO | Variant run-cache_mode-writethrough-crc-disable-gc-gc80-test_script-misc-3006:    /run/cache_mode/writethrough, /run/gc/gc80, /run/crc/disable, /run/test_script/misc
2025-08-03 13:33:31,521 avocado.test INFO | Variant run-cache_mode-writethrough-crc-disable-gc-gc80-test_script-failslab-f0e8:    /run/cache_mode/writethrough, /run/gc/gc80, /run/crc/disable, /run/test_script/failslab
2025-08-03 13:33:31,521 avocado.test INFO | Variant run-cache_mode-writethrough-crc-disable-gc-gc80-test_script-fail_make_request-5141:    /run/cache_mode/writethrough, /run/gc/gc80, /run/crc/disable, /run/test_script/fail_make_request
2025-08-03 13:33:31,521 avocado.test INFO | Variant run-cache_mode-writearound-crc-enable-gc-gc0-test_script-default-3b13:    /run/cache_mode/writearound, /run/gc/gc0, /run/crc/enable, /run/test_script/default
2025-08-03 13:33:31,521 avocado.test INFO | Variant run-cache_mode-writearound-crc-enable-gc-gc0-test_script-xfstests-babe:    /run/cache_mode/writearound, /run/gc/gc0, /run/crc/enable, /run/test_script/xfstests
2025-08-03 13:33:31,521 avocado.test INFO | Variant run-cache_mode-writearound-crc-enable-gc-gc0-test_script-misc-56c6:    /run/cache_mode/writearound, /run/gc/gc0, /run/crc/enable, /run/test_script/misc
2025-08-03 13:33:31,522 avocado.test INFO | Variant run-cache_mode-writearound-crc-enable-gc-gc0-test_script-failslab-1298:    /run/cache_mode/writearound, /run/gc/gc0, /run/crc/enable, /run/test_script/failslab
2025-08-03 13:33:31,522 avocado.test INFO | Variant run-cache_mode-writearound-crc-enable-gc-gc0-test_script-fail_make_request-1fc4:    /run/cache_mode/writearound, /run/gc/gc0, /run/crc/enable, /run/test_script/fail_make_request
2025-08-03 13:33:31,522 avocado.test INFO | Variant run-cache_mode-writearound-crc-disable-gc-gc0-test_script-default-2cad:    /run/cache_mode/writearound, /run/gc/gc0, /run/crc/disable, /run/test_script/default
2025-08-03 13:33:31,522 avocado.test INFO | Variant run-cache_mode-writearound-crc-disable-gc-gc0-test_script-xfstests-eb47:    /run/cache_mode/writearound, /run/gc/gc0, /run/crc/disable, /run/test_script/xfstests
2025-08-03 13:33:31,522 avocado.test INFO | Variant run-cache_mode-writearound-crc-disable-gc-gc0-test_script-misc-6e35:    /run/cache_mode/writearound, /run/gc/gc0, /run/crc/disable, /run/test_script/misc
2025-08-03 13:33:31,522 avocado.test INFO | Variant run-cache_mode-writearound-crc-disable-gc-gc0-test_script-failslab-e233:    /run/cache_mode/writearound, /run/gc/gc0, /run/crc/disable, /run/test_script/failslab
2025-08-03 13:33:31,522 avocado.test INFO | Variant run-cache_mode-writearound-crc-disable-gc-gc0-test_script-fail_make_request-a661:    /run/cache_mode/writearound, /run/gc/gc0, /run/crc/disable, /run/test_script/fail_make_request
2025-08-03 13:33:31,522 avocado.test INFO | Variant run-cache_mode-writearound-crc-enable-gc-gc80-test_script-default-4b92:    /run/cache_mode/writearound, /run/gc/gc80, /run/crc/enable, /run/test_script/default
2025-08-03 13:33:31,522 avocado.test INFO | Variant run-cache_mode-writearound-crc-enable-gc-gc80-test_script-xfstests-bcf0:    /run/cache_mode/writearound, /run/gc/gc80, /run/crc/enable, /run/test_script/xfstests
2025-08-03 13:33:31,522 avocado.test INFO | Variant run-cache_mode-writearound-crc-enable-gc-gc80-test_script-misc-959a:    /run/cache_mode/writearound, /run/gc/gc80, /run/crc/enable, /run/test_script/misc
2025-08-03 13:33:31,522 avocado.test INFO | Variant run-cache_mode-writearound-crc-enable-gc-gc80-test_script-failslab-d164:    /run/cache_mode/writearound, /run/gc/gc80, /run/crc/enable, /run/test_script/failslab
2025-08-03 13:33:31,522 avocado.test INFO | Variant run-cache_mode-writearound-crc-enable-gc-gc80-test_script-fail_make_request-e0a7:    /run/cache_mode/writearound, /run/gc/gc80, /run/crc/enable, /run/test_script/fail_make_request
2025-08-03 13:33:31,522 avocado.test INFO | Variant run-cache_mode-writearound-crc-disable-gc-gc80-test_script-default-c008:    /run/cache_mode/writearound, /run/gc/gc80, /run/crc/disable, /run/test_script/default
2025-08-03 13:33:31,522 avocado.test INFO | Variant run-cache_mode-writearound-crc-disable-gc-gc80-test_script-xfstests-e759:    /run/cache_mode/writearound, /run/gc/gc80, /run/crc/disable, /run/test_script/xfstests
2025-08-03 13:33:31,522 avocado.test INFO | Variant run-cache_mode-writearound-crc-disable-gc-gc80-test_script-misc-d898:    /run/cache_mode/writearound, /run/gc/gc80, /run/crc/disable, /run/test_script/misc
2025-08-03 13:33:31,522 avocado.test INFO | Variant run-cache_mode-writearound-crc-disable-gc-gc80-test_script-failslab-90ac:    /run/cache_mode/writearound, /run/gc/gc80, /run/crc/disable, /run/test_script/failslab
2025-08-03 13:33:31,522 avocado.test INFO | Variant run-cache_mode-writearound-crc-disable-gc-gc80-test_script-fail_make_request-b73b:    /run/cache_mode/writearound, /run/gc/gc80, /run/crc/disable, /run/test_script/fail_make_request
2025-08-03 13:33:31,522 avocado.test INFO | Variant run-cache_mode-writeonly-crc-enable-gc-gc0-test_script-default-47a3:    /run/cache_mode/writeonly, /run/gc/gc0, /run/crc/enable, /run/test_script/default
2025-08-03 13:33:31,522 avocado.test INFO | Variant run-cache_mode-writeonly-crc-enable-gc-gc0-test_script-xfstests-8ac3:    /run/cache_mode/writeonly, /run/gc/gc0, /run/crc/enable, /run/test_script/xfstests
2025-08-03 13:33:31,522 avocado.test INFO | Variant run-cache_mode-writeonly-crc-enable-gc-gc0-test_script-misc-c16c:    /run/cache_mode/writeonly, /run/gc/gc0, /run/crc/enable, /run/test_script/misc
2025-08-03 13:33:31,522 avocado.test INFO | Variant run-cache_mode-writeonly-crc-enable-gc-gc0-test_script-failslab-386d:    /run/cache_mode/writeonly, /run/gc/gc0, /run/crc/enable, /run/test_script/failslab
2025-08-03 13:33:31,522 avocado.test INFO | Variant run-cache_mode-writeonly-crc-enable-gc-gc0-test_script-fail_make_request-a64b:    /run/cache_mode/writeonly, /run/gc/gc0, /run/crc/enable, /run/test_script/fail_make_request
2025-08-03 13:33:31,522 avocado.test INFO | Variant run-cache_mode-writeonly-crc-disable-gc-gc0-test_script-default-29e2:    /run/cache_mode/writeonly, /run/gc/gc0, /run/crc/disable, /run/test_script/default
2025-08-03 13:33:31,522 avocado.test INFO | Variant run-cache_mode-writeonly-crc-disable-gc-gc0-test_script-xfstests-8041:    /run/cache_mode/writeonly, /run/gc/gc0, /run/crc/disable, /run/test_script/xfstests
2025-08-03 13:33:31,523 avocado.test INFO | Variant run-cache_mode-writeonly-crc-disable-gc-gc0-test_script-misc-faf9:    /run/cache_mode/writeonly, /run/gc/gc0, /run/crc/disable, /run/test_script/misc
2025-08-03 13:33:31,523 avocado.test INFO | Variant run-cache_mode-writeonly-crc-disable-gc-gc0-test_script-failslab-564f:    /run/cache_mode/writeonly, /run/gc/gc0, /run/crc/disable, /run/test_script/failslab
2025-08-03 13:33:31,523 avocado.test INFO | Variant run-cache_mode-writeonly-crc-disable-gc-gc0-test_script-fail_make_request-7da5:    /run/cache_mode/writeonly, /run/gc/gc0, /run/crc/disable, /run/test_script/fail_make_request
2025-08-03 13:33:31,523 avocado.test INFO | Variant run-cache_mode-writeonly-crc-enable-gc-gc80-test_script-default-8776:    /run/cache_mode/writeonly, /run/gc/gc80, /run/crc/enable, /run/test_script/default
2025-08-03 13:33:31,523 avocado.test INFO | Variant run-cache_mode-writeonly-crc-enable-gc-gc80-test_script-xfstests-c187:    /run/cache_mode/writeonly, /run/gc/gc80, /run/crc/enable, /run/test_script/xfstests
2025-08-03 13:33:31,523 avocado.test INFO | Variant run-cache_mode-writeonly-crc-enable-gc-gc80-test_script-misc-edc1:    /run/cache_mode/writeonly, /run/gc/gc80, /run/crc/enable, /run/test_script/misc
2025-08-03 13:33:31,523 avocado.test INFO | Variant run-cache_mode-writeonly-crc-enable-gc-gc80-test_script-failslab-c211:    /run/cache_mode/writeonly, /run/gc/gc80, /run/crc/enable, /run/test_script/failslab
2025-08-03 13:33:31,523 avocado.test INFO | Variant run-cache_mode-writeonly-crc-enable-gc-gc80-test_script-fail_make_request-8bd4:    /run/cache_mode/writeonly, /run/gc/gc80, /run/crc/enable, /run/test_script/fail_make_request
2025-08-03 13:33:31,523 avocado.test INFO | Variant run-cache_mode-writeonly-crc-disable-gc-gc80-test_script-default-9684:    /run/cache_mode/writeonly, /run/gc/gc80, /run/crc/disable, /run/test_script/default
2025-08-03 13:33:31,523 avocado.test INFO | Variant run-cache_mode-writeonly-crc-disable-gc-gc80-test_script-xfstests-9409:    /run/cache_mode/writeonly, /run/gc/gc80, /run/crc/disable, /run/test_script/xfstests
2025-08-03 13:33:31,523 avocado.test INFO | Variant run-cache_mode-writeonly-crc-disable-gc-gc80-test_script-misc-2db7:    /run/cache_mode/writeonly, /run/gc/gc80, /run/crc/disable, /run/test_script/misc
2025-08-03 13:33:31,523 avocado.test INFO | Variant run-cache_mode-writeonly-crc-disable-gc-gc80-test_script-failslab-6813:    /run/cache_mode/writeonly, /run/gc/gc80, /run/crc/disable, /run/test_script/failslab
2025-08-03 13:33:31,523 avocado.test INFO | Variant run-cache_mode-writeonly-crc-disable-gc-gc80-test_script-fail_make_request-e136:    /run/cache_mode/writeonly, /run/gc/gc80, /run/crc/disable, /run/test_script/fail_make_request
2025-08-03 13:33:31,523 avocado.test INFO | Temporary dir: /var/tmp/avocado_tmp_i9gmshrj/avocado_job_q9haz4nr
2025-08-03 13:33:31,523 avocado.test INFO | 
2025-08-03 13:33:31,523 avocado.test INFO | Job ID: 3197a4bf8915654ef083a6229cafe43152790b9d
2025-08-03 13:33:31,523 avocado.test INFO | 
2025-08-03 13:33:32,090 avocado.core.task.statemachine DEBUG| <Worker spawner="<avocado.plugins.spawners.process.ProcessSpawner object at 0x7f174d84bdd0>" max_triaging=32 max_running=1 task_timeout=None> has been initialized
2025-08-03 13:33:32,091 avocado.core.task.statemachine DEBUG| Task "01-./pcache.py:PcacheTest.test;run-cache_mode-writeback-crc-enable-gc-gc0-test_script-default-473c": requested -> triaging
2025-08-03 13:33:32,091 avocado.core.task.statemachine DEBUG| Task "01-./pcache.py:PcacheTest.test;run-cache_mode-writeback-crc-enable-gc-gc0-test_script-default-473c": requirements OK (will proceed to check dependencies)
2025-08-03 13:33:32,091 avocado.core.task.statemachine DEBUG| Task "01-./pcache.py:PcacheTest.test;run-cache_mode-writeback-crc-enable-gc-gc0-test_script-default-473c": about to be spawned with "<avocado.plugins.spawners.process.ProcessSpawner object at 0x7f174d84bdd0>"
2025-08-03 13:33:32,093 avocado.core.task.statemachine DEBUG| Task "01-./pcache.py:PcacheTest.test;run-cache_mode-writeback-crc-enable-gc-gc0-test_script-default-473c": spawned successfully
2025-08-03 13:33:32,439 avocado.core.status.repo DEBUG| Task "01-./pcache.py:PcacheTest.test;run-cache_mode-writeback-crc-enable-gc-gc0-test_script-default-473c" started message: "{'status': 'started', 'time': 3063.981553693, 'output_dir': '/root/avocado/job-results/job-2025-08-03T13.33-3197a4b/test-results/01-._pcache.py_PcacheTest.test_run-cache_mode-writeback-crc-enable-gc-gc0-test_script-default-473c', 'id': '01-./pcache.py:PcacheTest.test;run-cache_mode-writeback-crc-enable-gc-gc0-test_script-default-473c'}"
2025-08-03 13:33:32,445 avocado.test INFO | ./pcache.py:PcacheTest.test;run-cache_mode-writeback-crc-enable-gc-gc0-test_script-default-473c: STARTED
2025-08-03 13:33:33,589 avocado.core.status.repo DEBUG| Task "01-./pcache.py:PcacheTest.test;run-cache_mode-writeback-crc-enable-gc-gc0-test_script-default-473c" finished message: "{'result': 'pass', 'status': 'finished', 'time': 3065.031948834}"
2025-08-03 13:33:33,623 avocado.test INFO | ./pcache.py:PcacheTest.test;run-cache_mode-writeback-crc-enable-gc-gc0-test_script-default-473c: PASS
2025-08-03 13:33:33,623 avocado.test INFO | More information in /root/avocado/job-results/job-2025-08-03T13.33-3197a4b/test-results/01-._pcache.py_PcacheTest.test_run-cache_mode-writeback-crc-enable-gc-gc0-test_script-default-473c
2025-08-03 13:33:33,675 avocado.core.task.statemachine DEBUG| Task "01-./pcache.py:PcacheTest.test;run-cache_mode-writeback-crc-enable-gc-gc0-test_script-default-473c" finished
2025-08-03 13:33:33,676 avocado.core.task.statemachine DEBUG| Task "02-./pcache.py:PcacheTest.test;run-cache_mode-writeback-crc-enable-gc-gc0-test_script-xfstests-a991": requested -> triaging
2025-08-03 13:33:33,676 avocado.core.task.statemachine DEBUG| Task "02-./pcache.py:PcacheTest.test;run-cache_mode-writeback-crc-enable-gc-gc0-test_script-xfstests-a991": requirements OK (will proceed to check dependencies)
2025-08-03 13:33:33,676 avocado.core.task.statemachine DEBUG| Task "02-./pcache.py:PcacheTest.test;run-cache_mode-writeback-crc-enable-gc-gc0-test_script-xfstests-a991": about to be spawned with "<avocado.plugins.spawners.process.ProcessSpawner object at 0x7f174d84bdd0>"
2025-08-03 13:33:33,679 avocado.core.task.statemachine DEBUG| Task "02-./pcache.py:PcacheTest.test;run-cache_mode-writeback-crc-enable-gc-gc0-test_script-xfstests-a991": spawned successfully
2025-08-03 13:33:34,008 avocado.core.status.repo DEBUG| Task "02-./pcache.py:PcacheTest.test;run-cache_mode-writeback-crc-enable-gc-gc0-test_script-xfstests-a991" started message: "{'status': 'started', 'time': 3065.551816662, 'output_dir': '/root/avocado/job-results/job-2025-08-03T13.33-3197a4b/test-results/02-._pcache.py_PcacheTest.test_run-cache_mode-writeback-crc-enable-gc-gc0-test_script-xfstests-a991', 'id': '02-./pcache.py:PcacheTest.test;run-cache_mode-writeback-crc-enable-gc-gc0-test_script-xfstests-a991'}"
2025-08-03 13:33:34,028 avocado.test INFO | ./pcache.py:PcacheTest.test;run-cache_mode-writeback-crc-enable-gc-gc0-test_script-xfstests-a991: STARTED
2025-08-03 13:54:26,340 avocado.core.status.repo DEBUG| Task "02-./pcache.py:PcacheTest.test;run-cache_mode-writeback-crc-enable-gc-gc0-test_script-xfstests-a991" finished message: "{'result': 'pass', 'status': 'finished', 'time': 4317.784844894}"
2025-08-03 13:54:26,368 avocado.test INFO | ./pcache.py:PcacheTest.test;run-cache_mode-writeback-crc-enable-gc-gc0-test_script-xfstests-a991: PASS
2025-08-03 13:54:26,368 avocado.test INFO | More information in /root/avocado/job-results/job-2025-08-03T13.33-3197a4b/test-results/02-._pcache.py_PcacheTest.test_run-cache_mode-writeback-crc-enable-gc-gc0-test_script-xfstests-a991
2025-08-03 13:54:26,444 avocado.core.task.statemachine DEBUG| Task "02-./pcache.py:PcacheTest.test;run-cache_mode-writeback-crc-enable-gc-gc0-test_script-xfstests-a991" finished
2025-08-03 13:54:26,445 avocado.core.task.statemachine DEBUG| Task "03-./pcache.py:PcacheTest.test;run-cache_mode-writeback-crc-enable-gc-gc0-test_script-misc-9072": requested -> triaging
2025-08-03 13:54:26,445 avocado.core.task.statemachine DEBUG| Task "03-./pcache.py:PcacheTest.test;run-cache_mode-writeback-crc-enable-gc-gc0-test_script-misc-9072": requirements OK (will proceed to check dependencies)
2025-08-03 13:54:26,445 avocado.core.task.statemachine DEBUG| Task "03-./pcache.py:PcacheTest.test;run-cache_mode-writeback-crc-enable-gc-gc0-test_script-misc-9072": about to be spawned with "<avocado.plugins.spawners.process.ProcessSpawner object at 0x7f174d84bdd0>"
2025-08-03 13:54:26,451 avocado.core.task.statemachine DEBUG| Task "03-./pcache.py:PcacheTest.test;run-cache_mode-writeback-crc-enable-gc-gc0-test_script-misc-9072": spawned successfully
2025-08-03 13:54:28,422 avocado.core.status.repo DEBUG| Task "03-./pcache.py:PcacheTest.test;run-cache_mode-writeback-crc-enable-gc-gc0-test_script-misc-9072" started message: "{'status': 'started', 'time': 4319.965276341, 'output_dir': '/root/avocado/job-results/job-2025-08-03T13.33-3197a4b/test-results/03-._pcache.py_PcacheTest.test_run-cache_mode-writeback-crc-enable-gc-gc0-test_script-misc-9072', 'id': '03-./pcache.py:PcacheTest.test;run-cache_mode-writeback-crc-enable-gc-gc0-test_script-misc-9072'}"
2025-08-03 13:54:28,436 avocado.test INFO | ./pcache.py:PcacheTest.test;run-cache_mode-writeback-crc-enable-gc-gc0-test_script-misc-9072: STARTED
2025-08-03 13:55:43,843 avocado.core.status.repo DEBUG| Task "03-./pcache.py:PcacheTest.test;run-cache_mode-writeback-crc-enable-gc-gc0-test_script-misc-9072" finished message: "{'result': 'pass', 'status': 'finished', 'time': 4395.310768262}"
2025-08-03 13:55:43,862 avocado.test INFO | ./pcache.py:PcacheTest.test;run-cache_mode-writeback-crc-enable-gc-gc0-test_script-misc-9072: PASS
2025-08-03 13:55:43,862 avocado.test INFO | More information in /root/avocado/job-results/job-2025-08-03T13.33-3197a4b/test-results/03-._pcache.py_PcacheTest.test_run-cache_mode-writeback-crc-enable-gc-gc0-test_script-misc-9072
2025-08-03 13:55:43,935 avocado.core.task.statemachine DEBUG| Task "03-./pcache.py:PcacheTest.test;run-cache_mode-writeback-crc-enable-gc-gc0-test_script-misc-9072" finished
2025-08-03 13:55:43,935 avocado.core.task.statemachine DEBUG| Task "04-./pcache.py:PcacheTest.test;run-cache_mode-writeback-crc-enable-gc-gc0-test_script-failslab-6073": requested -> triaging
2025-08-03 13:55:43,936 avocado.core.task.statemachine DEBUG| Task "04-./pcache.py:PcacheTest.test;run-cache_mode-writeback-crc-enable-gc-gc0-test_script-failslab-6073": requirements OK (will proceed to check dependencies)
2025-08-03 13:55:43,936 avocado.core.task.statemachine DEBUG| Task "04-./pcache.py:PcacheTest.test;run-cache_mode-writeback-crc-enable-gc-gc0-test_script-failslab-6073": about to be spawned with "<avocado.plugins.spawners.process.ProcessSpawner object at 0x7f174d84bdd0>"
2025-08-03 13:55:43,939 avocado.core.task.statemachine DEBUG| Task "04-./pcache.py:PcacheTest.test;run-cache_mode-writeback-crc-enable-gc-gc0-test_script-failslab-6073": spawned successfully
2025-08-03 13:55:44,469 avocado.core.status.repo DEBUG| Task "04-./pcache.py:PcacheTest.test;run-cache_mode-writeback-crc-enable-gc-gc0-test_script-failslab-6073" started message: "{'status': 'started', 'time': 4396.012553943, 'output_dir': '/root/avocado/job-results/job-2025-08-03T13.33-3197a4b/test-results/04-._pcache.py_PcacheTest.test_run-cache_mode-writeback-crc-enable-gc-gc0-test_script-failslab-6073', 'id': '04-./pcache.py:PcacheTest.test;run-cache_mode-writeback-crc-enable-gc-gc0-test_script-failslab-6073'}"
2025-08-03 13:55:44,520 avocado.test INFO | ./pcache.py:PcacheTest.test;run-cache_mode-writeback-crc-enable-gc-gc0-test_script-failslab-6073: STARTED
2025-08-03 13:56:25,984 avocado.core.status.repo DEBUG| Task "04-./pcache.py:PcacheTest.test;run-cache_mode-writeback-crc-enable-gc-gc0-test_script-failslab-6073" finished message: "{'result': 'pass', 'status': 'finished', 'time': 4437.42899365}"
2025-08-03 13:56:26,021 avocado.test INFO | ./pcache.py:PcacheTest.test;run-cache_mode-writeback-crc-enable-gc-gc0-test_script-failslab-6073: PASS
2025-08-03 13:56:26,021 avocado.test INFO | More information in /root/avocado/job-results/job-2025-08-03T13.33-3197a4b/test-results/04-._pcache.py_PcacheTest.test_run-cache_mode-writeback-crc-enable-gc-gc0-test_script-failslab-6073
2025-08-03 13:56:26,072 avocado.core.task.statemachine DEBUG| Task "04-./pcache.py:PcacheTest.test;run-cache_mode-writeback-crc-enable-gc-gc0-test_script-failslab-6073" finished
2025-08-03 13:56:26,073 avocado.core.task.statemachine DEBUG| Task "05-./pcache.py:PcacheTest.test;run-cache_mode-writeback-crc-enable-gc-gc0-test_script-fail_make_request-cc91": requested -> triaging
2025-08-03 13:56:26,073 avocado.core.task.statemachine DEBUG| Task "05-./pcache.py:PcacheTest.test;run-cache_mode-writeback-crc-enable-gc-gc0-test_script-fail_make_request-cc91": requirements OK (will proceed to check dependencies)
2025-08-03 13:56:26,073 avocado.core.task.statemachine DEBUG| Task "05-./pcache.py:PcacheTest.test;run-cache_mode-writeback-crc-enable-gc-gc0-test_script-fail_make_request-cc91": about to be spawned with "<avocado.plugins.spawners.process.ProcessSpawner object at 0x7f174d84bdd0>"
2025-08-03 13:56:26,076 avocado.core.task.statemachine DEBUG| Task "05-./pcache.py:PcacheTest.test;run-cache_mode-writeback-crc-enable-gc-gc0-test_script-fail_make_request-cc91": spawned successfully
2025-08-03 13:56:26,588 avocado.core.status.repo DEBUG| Task "05-./pcache.py:PcacheTest.test;run-cache_mode-writeback-crc-enable-gc-gc0-test_script-fail_make_request-cc91" started message: "{'status': 'started', 'time': 4438.130967029, 'output_dir': '/root/avocado/job-results/job-2025-08-03T13.33-3197a4b/test-results/05-._pcache.py_PcacheTest.test_run-cache_mode-writeback-crc-enable-gc-gc0-test_script-fail_make_request-cc91', 'id': '05-./pcache.py:PcacheTest.test;run-cache_mode-writeback-crc-enable-gc-gc0-test_script-fail_make_request-cc91'}"
2025-08-03 13:56:26,628 avocado.test INFO | ./pcache.py:PcacheTest.test;run-cache_mode-writeback-crc-enable-gc-gc0-test_script-fail_make_request-cc91: STARTED
2025-08-03 13:56:30,390 avocado.core.status.repo DEBUG| Task "05-./pcache.py:PcacheTest.test;run-cache_mode-writeback-crc-enable-gc-gc0-test_script-fail_make_request-cc91" finished message: "{'result': 'pass', 'status': 'finished', 'time': 4441.837259414}"
2025-08-03 13:56:30,492 avocado.test INFO | ./pcache.py:PcacheTest.test;run-cache_mode-writeback-crc-enable-gc-gc0-test_script-fail_make_request-cc91: PASS
2025-08-03 13:56:30,492 avocado.test INFO | More information in /root/avocado/job-results/job-2025-08-03T13.33-3197a4b/test-results/05-._pcache.py_PcacheTest.test_run-cache_mode-writeback-crc-enable-gc-gc0-test_script-fail_make_request-cc91
2025-08-03 13:56:30,493 avocado.core.task.statemachine DEBUG| Task "05-./pcache.py:PcacheTest.test;run-cache_mode-writeback-crc-enable-gc-gc0-test_script-fail_make_request-cc91" finished
2025-08-03 13:56:30,493 avocado.core.task.statemachine DEBUG| Task "06-./pcache.py:PcacheTest.test;run-cache_mode-writeback-crc-disable-gc-gc0-test_script-default-6fa5": requested -> triaging
2025-08-03 13:56:30,493 avocado.core.task.statemachine DEBUG| Task "06-./pcache.py:PcacheTest.test;run-cache_mode-writeback-crc-disable-gc-gc0-test_script-default-6fa5": requirements OK (will proceed to check dependencies)
2025-08-03 13:56:30,493 avocado.core.task.statemachine DEBUG| Task "06-./pcache.py:PcacheTest.test;run-cache_mode-writeback-crc-disable-gc-gc0-test_script-default-6fa5": about to be spawned with "<avocado.plugins.spawners.process.ProcessSpawner object at 0x7f174d84bdd0>"
2025-08-03 13:56:30,496 avocado.core.task.statemachine DEBUG| Task "06-./pcache.py:PcacheTest.test;run-cache_mode-writeback-crc-disable-gc-gc0-test_script-default-6fa5": spawned successfully
2025-08-03 13:56:31,061 avocado.core.status.repo DEBUG| Task "06-./pcache.py:PcacheTest.test;run-cache_mode-writeback-crc-disable-gc-gc0-test_script-default-6fa5" started message: "{'status': 'started', 'time': 4442.603941916, 'output_dir': '/root/avocado/job-results/job-2025-08-03T13.33-3197a4b/test-results/06-._pcache.py_PcacheTest.test_run-cache_mode-writeback-crc-disable-gc-gc0-test_script-default-6fa5', 'id': '06-./pcache.py:PcacheTest.test;run-cache_mode-writeback-crc-disable-gc-gc0-test_script-default-6fa5'}"
2025-08-03 13:56:31,098 avocado.test INFO | ./pcache.py:PcacheTest.test;run-cache_mode-writeback-crc-disable-gc-gc0-test_script-default-6fa5: STARTED
2025-08-03 13:56:32,635 avocado.core.status.repo DEBUG| Task "06-./pcache.py:PcacheTest.test;run-cache_mode-writeback-crc-disable-gc-gc0-test_script-default-6fa5" finished message: "{'result': 'pass', 'status': 'finished', 'time': 4444.080982149}"
2025-08-03 13:56:32,677 avocado.test INFO | ./pcache.py:PcacheTest.test;run-cache_mode-writeback-crc-disable-gc-gc0-test_script-default-6fa5: PASS
2025-08-03 13:56:32,678 avocado.test INFO | More information in /root/avocado/job-results/job-2025-08-03T13.33-3197a4b/test-results/06-._pcache.py_PcacheTest.test_run-cache_mode-writeback-crc-disable-gc-gc0-test_script-default-6fa5
2025-08-03 13:56:32,728 avocado.core.task.statemachine DEBUG| Task "06-./pcache.py:PcacheTest.test;run-cache_mode-writeback-crc-disable-gc-gc0-test_script-default-6fa5" finished
2025-08-03 13:56:32,728 avocado.core.task.statemachine DEBUG| Task "07-./pcache.py:PcacheTest.test;run-cache_mode-writeback-crc-disable-gc-gc0-test_script-xfstests-fa3a": requested -> triaging
2025-08-03 13:56:32,729 avocado.core.task.statemachine DEBUG| Task "07-./pcache.py:PcacheTest.test;run-cache_mode-writeback-crc-disable-gc-gc0-test_script-xfstests-fa3a": requirements OK (will proceed to check dependencies)
2025-08-03 13:56:32,729 avocado.core.task.statemachine DEBUG| Task "07-./pcache.py:PcacheTest.test;run-cache_mode-writeback-crc-disable-gc-gc0-test_script-xfstests-fa3a": about to be spawned with "<avocado.plugins.spawners.process.ProcessSpawner object at 0x7f174d84bdd0>"
2025-08-03 13:56:32,732 avocado.core.task.statemachine DEBUG| Task "07-./pcache.py:PcacheTest.test;run-cache_mode-writeback-crc-disable-gc-gc0-test_script-xfstests-fa3a": spawned successfully
2025-08-03 13:56:33,084 avocado.core.status.repo DEBUG| Task "07-./pcache.py:PcacheTest.test;run-cache_mode-writeback-crc-disable-gc-gc0-test_script-xfstests-fa3a" started message: "{'status': 'started', 'time': 4444.627663166, 'output_dir': '/root/avocado/job-results/job-2025-08-03T13.33-3197a4b/test-results/07-._pcache.py_PcacheTest.test_run-cache_mode-writeback-crc-disable-gc-gc0-test_script-xfstests-fa3a', 'id': '07-./pcache.py:PcacheTest.test;run-cache_mode-writeback-crc-disable-gc-gc0-test_script-xfstests-fa3a'}"
2025-08-03 13:56:33,131 avocado.test INFO | ./pcache.py:PcacheTest.test;run-cache_mode-writeback-crc-disable-gc-gc0-test_script-xfstests-fa3a: STARTED
2025-08-03 14:23:01,560 avocado.core.status.repo DEBUG| Task "07-./pcache.py:PcacheTest.test;run-cache_mode-writeback-crc-disable-gc-gc0-test_script-xfstests-fa3a" finished message: "{'result': 'pass', 'status': 'finished', 'time': 6033.006635979}"
2025-08-03 14:23:01,580 avocado.test INFO | ./pcache.py:PcacheTest.test;run-cache_mode-writeback-crc-disable-gc-gc0-test_script-xfstests-fa3a: PASS
2025-08-03 14:23:01,580 avocado.test INFO | More information in /root/avocado/job-results/job-2025-08-03T13.33-3197a4b/test-results/07-._pcache.py_PcacheTest.test_run-cache_mode-writeback-crc-disable-gc-gc0-test_script-xfstests-fa3a
2025-08-03 14:23:01,662 avocado.core.task.statemachine DEBUG| Task "07-./pcache.py:PcacheTest.test;run-cache_mode-writeback-crc-disable-gc-gc0-test_script-xfstests-fa3a" finished
2025-08-03 14:23:01,663 avocado.core.task.statemachine DEBUG| Task "08-./pcache.py:PcacheTest.test;run-cache_mode-writeback-crc-disable-gc-gc0-test_script-misc-bb1f": requested -> triaging
2025-08-03 14:23:01,663 avocado.core.task.statemachine DEBUG| Task "08-./pcache.py:PcacheTest.test;run-cache_mode-writeback-crc-disable-gc-gc0-test_script-misc-bb1f": requirements OK (will proceed to check dependencies)
2025-08-03 14:23:01,663 avocado.core.task.statemachine DEBUG| Task "08-./pcache.py:PcacheTest.test;run-cache_mode-writeback-crc-disable-gc-gc0-test_script-misc-bb1f": about to be spawned with "<avocado.plugins.spawners.process.ProcessSpawner object at 0x7f174d84bdd0>"
2025-08-03 14:23:01,669 avocado.core.task.statemachine DEBUG| Task "08-./pcache.py:PcacheTest.test;run-cache_mode-writeback-crc-disable-gc-gc0-test_script-misc-bb1f": spawned successfully
2025-08-03 14:23:02,790 avocado.core.status.repo DEBUG| Task "08-./pcache.py:PcacheTest.test;run-cache_mode-writeback-crc-disable-gc-gc0-test_script-misc-bb1f" started message: "{'status': 'started', 'time': 6034.334025268, 'output_dir': '/root/avocado/job-results/job-2025-08-03T13.33-3197a4b/test-results/08-._pcache.py_PcacheTest.test_run-cache_mode-writeback-crc-disable-gc-gc0-test_script-misc-bb1f', 'id': '08-./pcache.py:PcacheTest.test;run-cache_mode-writeback-crc-disable-gc-gc0-test_script-misc-bb1f'}"
2025-08-03 14:23:02,839 avocado.test INFO | ./pcache.py:PcacheTest.test;run-cache_mode-writeback-crc-disable-gc-gc0-test_script-misc-bb1f: STARTED
2025-08-03 14:24:16,884 avocado.core.status.repo DEBUG| Task "08-./pcache.py:PcacheTest.test;run-cache_mode-writeback-crc-disable-gc-gc0-test_script-misc-bb1f" finished message: "{'result': 'pass', 'status': 'finished', 'time': 6108.352825032}"
2025-08-03 14:24:16,913 avocado.test INFO | ./pcache.py:PcacheTest.test;run-cache_mode-writeback-crc-disable-gc-gc0-test_script-misc-bb1f: PASS
2025-08-03 14:24:16,913 avocado.test INFO | More information in /root/avocado/job-results/job-2025-08-03T13.33-3197a4b/test-results/08-._pcache.py_PcacheTest.test_run-cache_mode-writeback-crc-disable-gc-gc0-test_script-misc-bb1f
2025-08-03 14:24:16,976 avocado.core.task.statemachine DEBUG| Task "08-./pcache.py:PcacheTest.test;run-cache_mode-writeback-crc-disable-gc-gc0-test_script-misc-bb1f" finished
2025-08-03 14:24:16,976 avocado.core.task.statemachine DEBUG| Task "09-./pcache.py:PcacheTest.test;run-cache_mode-writeback-crc-disable-gc-gc0-test_script-failslab-00c2": requested -> triaging
2025-08-03 14:24:16,976 avocado.core.task.statemachine DEBUG| Task "09-./pcache.py:PcacheTest.test;run-cache_mode-writeback-crc-disable-gc-gc0-test_script-failslab-00c2": requirements OK (will proceed to check dependencies)
2025-08-03 14:24:16,977 avocado.core.task.statemachine DEBUG| Task "09-./pcache.py:PcacheTest.test;run-cache_mode-writeback-crc-disable-gc-gc0-test_script-failslab-00c2": about to be spawned with "<avocado.plugins.spawners.process.ProcessSpawner object at 0x7f174d84bdd0>"
2025-08-03 14:24:16,980 avocado.core.task.statemachine DEBUG| Task "09-./pcache.py:PcacheTest.test;run-cache_mode-writeback-crc-disable-gc-gc0-test_script-failslab-00c2": spawned successfully
2025-08-03 14:24:17,573 avocado.core.status.repo DEBUG| Task "09-./pcache.py:PcacheTest.test;run-cache_mode-writeback-crc-disable-gc-gc0-test_script-failslab-00c2" started message: "{'status': 'started', 'time': 6109.116580806, 'output_dir': '/root/avocado/job-results/job-2025-08-03T13.33-3197a4b/test-results/09-._pcache.py_PcacheTest.test_run-cache_mode-writeback-crc-disable-gc-gc0-test_script-failslab-00c2', 'id': '09-./pcache.py:PcacheTest.test;run-cache_mode-writeback-crc-disable-gc-gc0-test_script-failslab-00c2'}"
2025-08-03 14:24:17,620 avocado.test INFO | ./pcache.py:PcacheTest.test;run-cache_mode-writeback-crc-disable-gc-gc0-test_script-failslab-00c2: STARTED
2025-08-03 14:24:59,561 avocado.core.status.repo DEBUG| Task "09-./pcache.py:PcacheTest.test;run-cache_mode-writeback-crc-disable-gc-gc0-test_script-failslab-00c2" finished message: "{'result': 'pass', 'status': 'finished', 'time': 6151.004388682}"
2025-08-03 14:24:59,615 avocado.test INFO | ./pcache.py:PcacheTest.test;run-cache_mode-writeback-crc-disable-gc-gc0-test_script-failslab-00c2: PASS
2025-08-03 14:24:59,616 avocado.test INFO | More information in /root/avocado/job-results/job-2025-08-03T13.33-3197a4b/test-results/09-._pcache.py_PcacheTest.test_run-cache_mode-writeback-crc-disable-gc-gc0-test_script-failslab-00c2
2025-08-03 14:24:59,658 avocado.core.task.statemachine DEBUG| Task "09-./pcache.py:PcacheTest.test;run-cache_mode-writeback-crc-disable-gc-gc0-test_script-failslab-00c2" finished
2025-08-03 14:24:59,659 avocado.core.task.statemachine DEBUG| Task "10-./pcache.py:PcacheTest.test;run-cache_mode-writeback-crc-disable-gc-gc0-test_script-fail_make_request-cc40": requested -> triaging
2025-08-03 14:24:59,659 avocado.core.task.statemachine DEBUG| Task "10-./pcache.py:PcacheTest.test;run-cache_mode-writeback-crc-disable-gc-gc0-test_script-fail_make_request-cc40": requirements OK (will proceed to check dependencies)
2025-08-03 14:24:59,659 avocado.core.task.statemachine DEBUG| Task "10-./pcache.py:PcacheTest.test;run-cache_mode-writeback-crc-disable-gc-gc0-test_script-fail_make_request-cc40": about to be spawned with "<avocado.plugins.spawners.process.ProcessSpawner object at 0x7f174d84bdd0>"
2025-08-03 14:24:59,661 avocado.core.task.statemachine DEBUG| Task "10-./pcache.py:PcacheTest.test;run-cache_mode-writeback-crc-disable-gc-gc0-test_script-fail_make_request-cc40": spawned successfully
2025-08-03 14:24:59,985 avocado.core.status.repo DEBUG| Task "10-./pcache.py:PcacheTest.test;run-cache_mode-writeback-crc-disable-gc-gc0-test_script-fail_make_request-cc40" started message: "{'status': 'started', 'time': 6151.528564974, 'output_dir': '/root/avocado/job-results/job-2025-08-03T13.33-3197a4b/test-results/10-._pcache.py_PcacheTest.test_run-cache_mode-writeback-crc-disable-gc-gc0-test_script-fail_make_request-cc40', 'id': '10-./pcache.py:PcacheTest.test;run-cache_mode-writeback-crc-disable-gc-gc0-test_script-fail_make_request-cc40'}"
2025-08-03 14:25:00,020 avocado.test INFO | ./pcache.py:PcacheTest.test;run-cache_mode-writeback-crc-disable-gc-gc0-test_script-fail_make_request-cc40: STARTED
2025-08-03 14:25:04,188 avocado.core.status.repo DEBUG| Task "10-./pcache.py:PcacheTest.test;run-cache_mode-writeback-crc-disable-gc-gc0-test_script-fail_make_request-cc40" finished message: "{'result': 'pass', 'status': 'finished', 'time': 6155.637593274}"
2025-08-03 14:25:04,286 avocado.test INFO | ./pcache.py:PcacheTest.test;run-cache_mode-writeback-crc-disable-gc-gc0-test_script-fail_make_request-cc40: PASS
2025-08-03 14:25:04,286 avocado.test INFO | More information in /root/avocado/job-results/job-2025-08-03T13.33-3197a4b/test-results/10-._pcache.py_PcacheTest.test_run-cache_mode-writeback-crc-disable-gc-gc0-test_script-fail_make_request-cc40
2025-08-03 14:25:04,287 avocado.core.task.statemachine DEBUG| Task "10-./pcache.py:PcacheTest.test;run-cache_mode-writeback-crc-disable-gc-gc0-test_script-fail_make_request-cc40" finished
2025-08-03 14:25:04,287 avocado.core.task.statemachine DEBUG| Task "11-./pcache.py:PcacheTest.test;run-cache_mode-writeback-crc-enable-gc-gc80-test_script-default-9937": requested -> triaging
2025-08-03 14:25:04,288 avocado.core.task.statemachine DEBUG| Task "11-./pcache.py:PcacheTest.test;run-cache_mode-writeback-crc-enable-gc-gc80-test_script-default-9937": requirements OK (will proceed to check dependencies)
2025-08-03 14:25:04,288 avocado.core.task.statemachine DEBUG| Task "11-./pcache.py:PcacheTest.test;run-cache_mode-writeback-crc-enable-gc-gc80-test_script-default-9937": about to be spawned with "<avocado.plugins.spawners.process.ProcessSpawner object at 0x7f174d84bdd0>"
2025-08-03 14:25:04,291 avocado.core.task.statemachine DEBUG| Task "11-./pcache.py:PcacheTest.test;run-cache_mode-writeback-crc-enable-gc-gc80-test_script-default-9937": spawned successfully
2025-08-03 14:25:04,638 avocado.core.status.repo DEBUG| Task "11-./pcache.py:PcacheTest.test;run-cache_mode-writeback-crc-enable-gc-gc80-test_script-default-9937" started message: "{'status': 'started', 'time': 6156.182484954, 'output_dir': '/root/avocado/job-results/job-2025-08-03T13.33-3197a4b/test-results/11-._pcache.py_PcacheTest.test_run-cache_mode-writeback-crc-enable-gc-gc80-test_script-default-9937', 'id': '11-./pcache.py:PcacheTest.test;run-cache_mode-writeback-crc-enable-gc-gc80-test_script-default-9937'}"
2025-08-03 14:25:04,639 avocado.test INFO | ./pcache.py:PcacheTest.test;run-cache_mode-writeback-crc-enable-gc-gc80-test_script-default-9937: STARTED
2025-08-03 14:25:06,255 avocado.core.status.repo DEBUG| Task "11-./pcache.py:PcacheTest.test;run-cache_mode-writeback-crc-enable-gc-gc80-test_script-default-9937" finished message: "{'result': 'pass', 'status': 'finished', 'time': 6157.702125235}"
2025-08-03 14:25:06,267 avocado.test INFO | ./pcache.py:PcacheTest.test;run-cache_mode-writeback-crc-enable-gc-gc80-test_script-default-9937: PASS
2025-08-03 14:25:06,267 avocado.test INFO | More information in /root/avocado/job-results/job-2025-08-03T13.33-3197a4b/test-results/11-._pcache.py_PcacheTest.test_run-cache_mode-writeback-crc-enable-gc-gc80-test_script-default-9937
2025-08-03 14:25:06,350 avocado.core.task.statemachine DEBUG| Task "11-./pcache.py:PcacheTest.test;run-cache_mode-writeback-crc-enable-gc-gc80-test_script-default-9937" finished
2025-08-03 14:25:06,351 avocado.core.task.statemachine DEBUG| Task "12-./pcache.py:PcacheTest.test;run-cache_mode-writeback-crc-enable-gc-gc80-test_script-xfstests-ec2d": requested -> triaging
2025-08-03 14:25:06,351 avocado.core.task.statemachine DEBUG| Task "12-./pcache.py:PcacheTest.test;run-cache_mode-writeback-crc-enable-gc-gc80-test_script-xfstests-ec2d": requirements OK (will proceed to check dependencies)
2025-08-03 14:25:06,351 avocado.core.task.statemachine DEBUG| Task "12-./pcache.py:PcacheTest.test;run-cache_mode-writeback-crc-enable-gc-gc80-test_script-xfstests-ec2d": about to be spawned with "<avocado.plugins.spawners.process.ProcessSpawner object at 0x7f174d84bdd0>"
2025-08-03 14:25:06,354 avocado.core.task.statemachine DEBUG| Task "12-./pcache.py:PcacheTest.test;run-cache_mode-writeback-crc-enable-gc-gc80-test_script-xfstests-ec2d": spawned successfully
2025-08-03 14:25:06,706 avocado.core.status.repo DEBUG| Task "12-./pcache.py:PcacheTest.test;run-cache_mode-writeback-crc-enable-gc-gc80-test_script-xfstests-ec2d" started message: "{'status': 'started', 'time': 6158.249081321, 'output_dir': '/root/avocado/job-results/job-2025-08-03T13.33-3197a4b/test-results/12-._pcache.py_PcacheTest.test_run-cache_mode-writeback-crc-enable-gc-gc80-test_script-xfstests-ec2d', 'id': '12-./pcache.py:PcacheTest.test;run-cache_mode-writeback-crc-enable-gc-gc80-test_script-xfstests-ec2d'}"
2025-08-03 14:25:06,722 avocado.test INFO | ./pcache.py:PcacheTest.test;run-cache_mode-writeback-crc-enable-gc-gc80-test_script-xfstests-ec2d: STARTED
2025-08-03 14:45:24,371 avocado.core.status.repo DEBUG| Task "12-./pcache.py:PcacheTest.test;run-cache_mode-writeback-crc-enable-gc-gc80-test_script-xfstests-ec2d" finished message: "{'result': 'pass', 'status': 'finished', 'time': 7375.817382284}"
2025-08-03 14:45:24,396 avocado.test INFO | ./pcache.py:PcacheTest.test;run-cache_mode-writeback-crc-enable-gc-gc80-test_script-xfstests-ec2d: PASS
2025-08-03 14:45:24,396 avocado.test INFO | More information in /root/avocado/job-results/job-2025-08-03T13.33-3197a4b/test-results/12-._pcache.py_PcacheTest.test_run-cache_mode-writeback-crc-enable-gc-gc80-test_script-xfstests-ec2d
2025-08-03 14:45:24,510 avocado.core.task.statemachine DEBUG| Task "12-./pcache.py:PcacheTest.test;run-cache_mode-writeback-crc-enable-gc-gc80-test_script-xfstests-ec2d" finished
2025-08-03 14:45:24,511 avocado.core.task.statemachine DEBUG| Task "13-./pcache.py:PcacheTest.test;run-cache_mode-writeback-crc-enable-gc-gc80-test_script-misc-0faa": requested -> triaging
2025-08-03 14:45:24,511 avocado.core.task.statemachine DEBUG| Task "13-./pcache.py:PcacheTest.test;run-cache_mode-writeback-crc-enable-gc-gc80-test_script-misc-0faa": requirements OK (will proceed to check dependencies)
2025-08-03 14:45:24,511 avocado.core.task.statemachine DEBUG| Task "13-./pcache.py:PcacheTest.test;run-cache_mode-writeback-crc-enable-gc-gc80-test_script-misc-0faa": about to be spawned with "<avocado.plugins.spawners.process.ProcessSpawner object at 0x7f174d84bdd0>"
2025-08-03 14:45:24,521 avocado.core.task.statemachine DEBUG| Task "13-./pcache.py:PcacheTest.test;run-cache_mode-writeback-crc-enable-gc-gc80-test_script-misc-0faa": spawned successfully
2025-08-03 14:45:25,779 avocado.core.status.repo DEBUG| Task "13-./pcache.py:PcacheTest.test;run-cache_mode-writeback-crc-enable-gc-gc80-test_script-misc-0faa" started message: "{'status': 'started', 'time': 7377.320799801, 'output_dir': '/root/avocado/job-results/job-2025-08-03T13.33-3197a4b/test-results/13-._pcache.py_PcacheTest.test_run-cache_mode-writeback-crc-enable-gc-gc80-test_script-misc-0faa', 'id': '13-./pcache.py:PcacheTest.test;run-cache_mode-writeback-crc-enable-gc-gc80-test_script-misc-0faa'}"
2025-08-03 14:45:25,809 avocado.test INFO | ./pcache.py:PcacheTest.test;run-cache_mode-writeback-crc-enable-gc-gc80-test_script-misc-0faa: STARTED
2025-08-03 14:46:41,279 avocado.core.status.repo DEBUG| Task "13-./pcache.py:PcacheTest.test;run-cache_mode-writeback-crc-enable-gc-gc80-test_script-misc-0faa" finished message: "{'result': 'pass', 'status': 'finished', 'time': 7452.746653972}"
2025-08-03 14:46:41,306 avocado.test INFO | ./pcache.py:PcacheTest.test;run-cache_mode-writeback-crc-enable-gc-gc80-test_script-misc-0faa: PASS
2025-08-03 14:46:41,306 avocado.test INFO | More information in /root/avocado/job-results/job-2025-08-03T13.33-3197a4b/test-results/13-._pcache.py_PcacheTest.test_run-cache_mode-writeback-crc-enable-gc-gc80-test_script-misc-0faa
2025-08-03 14:46:41,391 avocado.core.task.statemachine DEBUG| Task "13-./pcache.py:PcacheTest.test;run-cache_mode-writeback-crc-enable-gc-gc80-test_script-misc-0faa" finished
2025-08-03 14:46:41,392 avocado.core.task.statemachine DEBUG| Task "14-./pcache.py:PcacheTest.test;run-cache_mode-writeback-crc-enable-gc-gc80-test_script-failslab-271d": requested -> triaging
2025-08-03 14:46:41,392 avocado.core.task.statemachine DEBUG| Task "14-./pcache.py:PcacheTest.test;run-cache_mode-writeback-crc-enable-gc-gc80-test_script-failslab-271d": requirements OK (will proceed to check dependencies)
2025-08-03 14:46:41,392 avocado.core.task.statemachine DEBUG| Task "14-./pcache.py:PcacheTest.test;run-cache_mode-writeback-crc-enable-gc-gc80-test_script-failslab-271d": about to be spawned with "<avocado.plugins.spawners.process.ProcessSpawner object at 0x7f174d84bdd0>"
2025-08-03 14:46:41,395 avocado.core.task.statemachine DEBUG| Task "14-./pcache.py:PcacheTest.test;run-cache_mode-writeback-crc-enable-gc-gc80-test_script-failslab-271d": spawned successfully
2025-08-03 14:46:41,834 avocado.core.status.repo DEBUG| Task "14-./pcache.py:PcacheTest.test;run-cache_mode-writeback-crc-enable-gc-gc80-test_script-failslab-271d" started message: "{'status': 'started', 'time': 7453.376809462, 'output_dir': '/root/avocado/job-results/job-2025-08-03T13.33-3197a4b/test-results/14-._pcache.py_PcacheTest.test_run-cache_mode-writeback-crc-enable-gc-gc80-test_script-failslab-271d', 'id': '14-./pcache.py:PcacheTest.test;run-cache_mode-writeback-crc-enable-gc-gc80-test_script-failslab-271d'}"
2025-08-03 14:46:41,862 avocado.test INFO | ./pcache.py:PcacheTest.test;run-cache_mode-writeback-crc-enable-gc-gc80-test_script-failslab-271d: STARTED
2025-08-03 14:47:22,905 avocado.core.status.repo DEBUG| Task "14-./pcache.py:PcacheTest.test;run-cache_mode-writeback-crc-enable-gc-gc80-test_script-failslab-271d" finished message: "{'result': 'pass', 'status': 'finished', 'time': 7494.348388056}"
2025-08-03 14:47:22,955 avocado.test INFO | ./pcache.py:PcacheTest.test;run-cache_mode-writeback-crc-enable-gc-gc80-test_script-failslab-271d: PASS
2025-08-03 14:47:22,955 avocado.test INFO | More information in /root/avocado/job-results/job-2025-08-03T13.33-3197a4b/test-results/14-._pcache.py_PcacheTest.test_run-cache_mode-writeback-crc-enable-gc-gc80-test_script-failslab-271d
2025-08-03 14:47:22,980 avocado.core.task.statemachine DEBUG| Task "14-./pcache.py:PcacheTest.test;run-cache_mode-writeback-crc-enable-gc-gc80-test_script-failslab-271d" finished
2025-08-03 14:47:22,981 avocado.core.task.statemachine DEBUG| Task "15-./pcache.py:PcacheTest.test;run-cache_mode-writeback-crc-enable-gc-gc80-test_script-fail_make_request-e4b8": requested -> triaging
2025-08-03 14:47:22,981 avocado.core.task.statemachine DEBUG| Task "15-./pcache.py:PcacheTest.test;run-cache_mode-writeback-crc-enable-gc-gc80-test_script-fail_make_request-e4b8": requirements OK (will proceed to check dependencies)
2025-08-03 14:47:22,981 avocado.core.task.statemachine DEBUG| Task "15-./pcache.py:PcacheTest.test;run-cache_mode-writeback-crc-enable-gc-gc80-test_script-fail_make_request-e4b8": about to be spawned with "<avocado.plugins.spawners.process.ProcessSpawner object at 0x7f174d84bdd0>"
2025-08-03 14:47:22,983 avocado.core.task.statemachine DEBUG| Task "15-./pcache.py:PcacheTest.test;run-cache_mode-writeback-crc-enable-gc-gc80-test_script-fail_make_request-e4b8": spawned successfully
2025-08-03 14:47:23,424 avocado.core.status.repo DEBUG| Task "15-./pcache.py:PcacheTest.test;run-cache_mode-writeback-crc-enable-gc-gc80-test_script-fail_make_request-e4b8" started message: "{'status': 'started', 'time': 7494.966994541, 'output_dir': '/root/avocado/job-results/job-2025-08-03T13.33-3197a4b/test-results/15-._pcache.py_PcacheTest.test_run-cache_mode-writeback-crc-enable-gc-gc80-test_script-fail_make_request-e4b8', 'id': '15-./pcache.py:PcacheTest.test;run-cache_mode-writeback-crc-enable-gc-gc80-test_script-fail_make_request-e4b8'}"
2025-08-03 14:47:23,460 avocado.test INFO | ./pcache.py:PcacheTest.test;run-cache_mode-writeback-crc-enable-gc-gc80-test_script-fail_make_request-e4b8: STARTED
2025-08-03 14:47:27,560 avocado.core.status.repo DEBUG| Task "15-./pcache.py:PcacheTest.test;run-cache_mode-writeback-crc-enable-gc-gc80-test_script-fail_make_request-e4b8" finished message: "{'result': 'pass', 'status': 'finished', 'time': 7499.001397361}"
2025-08-03 14:47:27,672 avocado.test INFO | ./pcache.py:PcacheTest.test;run-cache_mode-writeback-crc-enable-gc-gc80-test_script-fail_make_request-e4b8: PASS
2025-08-03 14:47:27,673 avocado.test INFO | More information in /root/avocado/job-results/job-2025-08-03T13.33-3197a4b/test-results/15-._pcache.py_PcacheTest.test_run-cache_mode-writeback-crc-enable-gc-gc80-test_script-fail_make_request-e4b8
2025-08-03 14:47:27,674 avocado.core.task.statemachine DEBUG| Task "15-./pcache.py:PcacheTest.test;run-cache_mode-writeback-crc-enable-gc-gc80-test_script-fail_make_request-e4b8" finished
2025-08-03 14:47:27,674 avocado.core.task.statemachine DEBUG| Task "16-./pcache.py:PcacheTest.test;run-cache_mode-writeback-crc-disable-gc-gc80-test_script-default-031b": requested -> triaging
2025-08-03 14:47:27,674 avocado.core.task.statemachine DEBUG| Task "16-./pcache.py:PcacheTest.test;run-cache_mode-writeback-crc-disable-gc-gc80-test_script-default-031b": requirements OK (will proceed to check dependencies)
2025-08-03 14:47:27,675 avocado.core.task.statemachine DEBUG| Task "16-./pcache.py:PcacheTest.test;run-cache_mode-writeback-crc-disable-gc-gc80-test_script-default-031b": about to be spawned with "<avocado.plugins.spawners.process.ProcessSpawner object at 0x7f174d84bdd0>"
2025-08-03 14:47:27,678 avocado.core.task.statemachine DEBUG| Task "16-./pcache.py:PcacheTest.test;run-cache_mode-writeback-crc-disable-gc-gc80-test_script-default-031b": spawned successfully
2025-08-03 14:47:28,027 avocado.core.status.repo DEBUG| Task "16-./pcache.py:PcacheTest.test;run-cache_mode-writeback-crc-disable-gc-gc80-test_script-default-031b" started message: "{'status': 'started', 'time': 7499.57125822, 'output_dir': '/root/avocado/job-results/job-2025-08-03T13.33-3197a4b/test-results/16-._pcache.py_PcacheTest.test_run-cache_mode-writeback-crc-disable-gc-gc80-test_script-default-031b', 'id': '16-./pcache.py:PcacheTest.test;run-cache_mode-writeback-crc-disable-gc-gc80-test_script-default-031b'}"
2025-08-03 14:47:28,076 avocado.test INFO | ./pcache.py:PcacheTest.test;run-cache_mode-writeback-crc-disable-gc-gc80-test_script-default-031b: STARTED
2025-08-03 14:47:29,624 avocado.core.status.repo DEBUG| Task "16-./pcache.py:PcacheTest.test;run-cache_mode-writeback-crc-disable-gc-gc80-test_script-default-031b" finished message: "{'result': 'pass', 'status': 'finished', 'time': 7501.072566595}"
2025-08-03 14:47:29,654 avocado.test INFO | ./pcache.py:PcacheTest.test;run-cache_mode-writeback-crc-disable-gc-gc80-test_script-default-031b: PASS
2025-08-03 14:47:29,654 avocado.test INFO | More information in /root/avocado/job-results/job-2025-08-03T13.33-3197a4b/test-results/16-._pcache.py_PcacheTest.test_run-cache_mode-writeback-crc-disable-gc-gc80-test_script-default-031b
2025-08-03 14:47:29,737 avocado.core.task.statemachine DEBUG| Task "16-./pcache.py:PcacheTest.test;run-cache_mode-writeback-crc-disable-gc-gc80-test_script-default-031b" finished
2025-08-03 14:47:29,737 avocado.core.task.statemachine DEBUG| Task "17-./pcache.py:PcacheTest.test;run-cache_mode-writeback-crc-disable-gc-gc80-test_script-xfstests-00b0": requested -> triaging
2025-08-03 14:47:29,737 avocado.core.task.statemachine DEBUG| Task "17-./pcache.py:PcacheTest.test;run-cache_mode-writeback-crc-disable-gc-gc80-test_script-xfstests-00b0": requirements OK (will proceed to check dependencies)
2025-08-03 14:47:29,738 avocado.core.task.statemachine DEBUG| Task "17-./pcache.py:PcacheTest.test;run-cache_mode-writeback-crc-disable-gc-gc80-test_script-xfstests-00b0": about to be spawned with "<avocado.plugins.spawners.process.ProcessSpawner object at 0x7f174d84bdd0>"
2025-08-03 14:47:29,741 avocado.core.task.statemachine DEBUG| Task "17-./pcache.py:PcacheTest.test;run-cache_mode-writeback-crc-disable-gc-gc80-test_script-xfstests-00b0": spawned successfully
2025-08-03 14:47:30,092 avocado.core.status.repo DEBUG| Task "17-./pcache.py:PcacheTest.test;run-cache_mode-writeback-crc-disable-gc-gc80-test_script-xfstests-00b0" started message: "{'status': 'started', 'time': 7501.635174933, 'output_dir': '/root/avocado/job-results/job-2025-08-03T13.33-3197a4b/test-results/17-._pcache.py_PcacheTest.test_run-cache_mode-writeback-crc-disable-gc-gc80-test_script-xfstests-00b0', 'id': '17-./pcache.py:PcacheTest.test;run-cache_mode-writeback-crc-disable-gc-gc80-test_script-xfstests-00b0'}"
2025-08-03 14:47:30,109 avocado.test INFO | ./pcache.py:PcacheTest.test;run-cache_mode-writeback-crc-disable-gc-gc80-test_script-xfstests-00b0: STARTED
2025-08-03 15:08:26,752 avocado.core.status.repo DEBUG| Task "17-./pcache.py:PcacheTest.test;run-cache_mode-writeback-crc-disable-gc-gc80-test_script-xfstests-00b0" finished message: "{'result': 'pass', 'status': 'finished', 'time': 8758.205412097}"
2025-08-03 15:08:26,772 avocado.test INFO | ./pcache.py:PcacheTest.test;run-cache_mode-writeback-crc-disable-gc-gc80-test_script-xfstests-00b0: PASS
2025-08-03 15:08:26,772 avocado.test INFO | More information in /root/avocado/job-results/job-2025-08-03T13.33-3197a4b/test-results/17-._pcache.py_PcacheTest.test_run-cache_mode-writeback-crc-disable-gc-gc80-test_script-xfstests-00b0
2025-08-03 15:08:26,848 avocado.core.task.statemachine DEBUG| Task "17-./pcache.py:PcacheTest.test;run-cache_mode-writeback-crc-disable-gc-gc80-test_script-xfstests-00b0" finished
2025-08-03 15:08:26,848 avocado.core.task.statemachine DEBUG| Task "18-./pcache.py:PcacheTest.test;run-cache_mode-writeback-crc-disable-gc-gc80-test_script-misc-c1d5": requested -> triaging
2025-08-03 15:08:26,848 avocado.core.task.statemachine DEBUG| Task "18-./pcache.py:PcacheTest.test;run-cache_mode-writeback-crc-disable-gc-gc80-test_script-misc-c1d5": requirements OK (will proceed to check dependencies)
2025-08-03 15:08:26,849 avocado.core.task.statemachine DEBUG| Task "18-./pcache.py:PcacheTest.test;run-cache_mode-writeback-crc-disable-gc-gc80-test_script-misc-c1d5": about to be spawned with "<avocado.plugins.spawners.process.ProcessSpawner object at 0x7f174d84bdd0>"
2025-08-03 15:08:26,855 avocado.core.task.statemachine DEBUG| Task "18-./pcache.py:PcacheTest.test;run-cache_mode-writeback-crc-disable-gc-gc80-test_script-misc-c1d5": spawned successfully
2025-08-03 15:08:27,965 avocado.core.status.repo DEBUG| Task "18-./pcache.py:PcacheTest.test;run-cache_mode-writeback-crc-disable-gc-gc80-test_script-misc-c1d5" started message: "{'status': 'started', 'time': 8759.507784275, 'output_dir': '/root/avocado/job-results/job-2025-08-03T13.33-3197a4b/test-results/18-._pcache.py_PcacheTest.test_run-cache_mode-writeback-crc-disable-gc-gc80-test_script-misc-c1d5', 'id': '18-./pcache.py:PcacheTest.test;run-cache_mode-writeback-crc-disable-gc-gc80-test_script-misc-c1d5'}"
2025-08-03 15:08:27,984 avocado.test INFO | ./pcache.py:PcacheTest.test;run-cache_mode-writeback-crc-disable-gc-gc80-test_script-misc-c1d5: STARTED
2025-08-03 15:09:42,560 avocado.core.status.repo DEBUG| Task "18-./pcache.py:PcacheTest.test;run-cache_mode-writeback-crc-disable-gc-gc80-test_script-misc-c1d5" finished message: "{'result': 'pass', 'status': 'finished', 'time': 8834.027872833}"
2025-08-03 15:09:42,586 avocado.test INFO | ./pcache.py:PcacheTest.test;run-cache_mode-writeback-crc-disable-gc-gc80-test_script-misc-c1d5: PASS
2025-08-03 15:09:42,586 avocado.test INFO | More information in /root/avocado/job-results/job-2025-08-03T13.33-3197a4b/test-results/18-._pcache.py_PcacheTest.test_run-cache_mode-writeback-crc-disable-gc-gc80-test_script-misc-c1d5
2025-08-03 15:09:42,649 avocado.core.task.statemachine DEBUG| Task "18-./pcache.py:PcacheTest.test;run-cache_mode-writeback-crc-disable-gc-gc80-test_script-misc-c1d5" finished
2025-08-03 15:09:42,649 avocado.core.task.statemachine DEBUG| Task "19-./pcache.py:PcacheTest.test;run-cache_mode-writeback-crc-disable-gc-gc80-test_script-failslab-1adc": requested -> triaging
2025-08-03 15:09:42,649 avocado.core.task.statemachine DEBUG| Task "19-./pcache.py:PcacheTest.test;run-cache_mode-writeback-crc-disable-gc-gc80-test_script-failslab-1adc": requirements OK (will proceed to check dependencies)
2025-08-03 15:09:42,649 avocado.core.task.statemachine DEBUG| Task "19-./pcache.py:PcacheTest.test;run-cache_mode-writeback-crc-disable-gc-gc80-test_script-failslab-1adc": about to be spawned with "<avocado.plugins.spawners.process.ProcessSpawner object at 0x7f174d84bdd0>"
2025-08-03 15:09:42,653 avocado.core.task.statemachine DEBUG| Task "19-./pcache.py:PcacheTest.test;run-cache_mode-writeback-crc-disable-gc-gc80-test_script-failslab-1adc": spawned successfully
2025-08-03 15:09:43,005 avocado.core.status.repo DEBUG| Task "19-./pcache.py:PcacheTest.test;run-cache_mode-writeback-crc-disable-gc-gc80-test_script-failslab-1adc" started message: "{'status': 'started', 'time': 8834.548902971, 'output_dir': '/root/avocado/job-results/job-2025-08-03T13.33-3197a4b/test-results/19-._pcache.py_PcacheTest.test_run-cache_mode-writeback-crc-disable-gc-gc80-test_script-failslab-1adc', 'id': '19-./pcache.py:PcacheTest.test;run-cache_mode-writeback-crc-disable-gc-gc80-test_script-failslab-1adc'}"
2025-08-03 15:09:43,040 avocado.test INFO | ./pcache.py:PcacheTest.test;run-cache_mode-writeback-crc-disable-gc-gc80-test_script-failslab-1adc: STARTED
2025-08-03 15:10:24,503 avocado.core.status.repo DEBUG| Task "19-./pcache.py:PcacheTest.test;run-cache_mode-writeback-crc-disable-gc-gc80-test_script-failslab-1adc" finished message: "{'result': 'pass', 'status': 'finished', 'time': 8875.952467788}"
2025-08-03 15:10:24,536 avocado.test INFO | ./pcache.py:PcacheTest.test;run-cache_mode-writeback-crc-disable-gc-gc80-test_script-failslab-1adc: PASS
2025-08-03 15:10:24,537 avocado.test INFO | More information in /root/avocado/job-results/job-2025-08-03T13.33-3197a4b/test-results/19-._pcache.py_PcacheTest.test_run-cache_mode-writeback-crc-disable-gc-gc80-test_script-failslab-1adc
2025-08-03 15:10:24,574 avocado.core.task.statemachine DEBUG| Task "19-./pcache.py:PcacheTest.test;run-cache_mode-writeback-crc-disable-gc-gc80-test_script-failslab-1adc" finished
2025-08-03 15:10:24,574 avocado.core.task.statemachine DEBUG| Task "20-./pcache.py:PcacheTest.test;run-cache_mode-writeback-crc-disable-gc-gc80-test_script-fail_make_request-2338": requested -> triaging
2025-08-03 15:10:24,574 avocado.core.task.statemachine DEBUG| Task "20-./pcache.py:PcacheTest.test;run-cache_mode-writeback-crc-disable-gc-gc80-test_script-fail_make_request-2338": requirements OK (will proceed to check dependencies)
2025-08-03 15:10:24,574 avocado.core.task.statemachine DEBUG| Task "20-./pcache.py:PcacheTest.test;run-cache_mode-writeback-crc-disable-gc-gc80-test_script-fail_make_request-2338": about to be spawned with "<avocado.plugins.spawners.process.ProcessSpawner object at 0x7f174d84bdd0>"
2025-08-03 15:10:24,577 avocado.core.task.statemachine DEBUG| Task "20-./pcache.py:PcacheTest.test;run-cache_mode-writeback-crc-disable-gc-gc80-test_script-fail_make_request-2338": spawned successfully
2025-08-03 15:10:25,256 avocado.core.status.repo DEBUG| Task "20-./pcache.py:PcacheTest.test;run-cache_mode-writeback-crc-disable-gc-gc80-test_script-fail_make_request-2338" started message: "{'status': 'started', 'time': 8876.799490635, 'output_dir': '/root/avocado/job-results/job-2025-08-03T13.33-3197a4b/test-results/20-._pcache.py_PcacheTest.test_run-cache_mode-writeback-crc-disable-gc-gc80-test_script-fail_make_request-2338', 'id': '20-./pcache.py:PcacheTest.test;run-cache_mode-writeback-crc-disable-gc-gc80-test_script-fail_make_request-2338'}"
2025-08-03 15:10:25,294 avocado.test INFO | ./pcache.py:PcacheTest.test;run-cache_mode-writeback-crc-disable-gc-gc80-test_script-fail_make_request-2338: STARTED
2025-08-03 15:10:29,003 avocado.core.status.repo DEBUG| Task "20-./pcache.py:PcacheTest.test;run-cache_mode-writeback-crc-disable-gc-gc80-test_script-fail_make_request-2338" finished message: "{'result': 'pass', 'status': 'finished', 'time': 8880.44526363}"
2025-08-03 15:10:29,104 avocado.test INFO | ./pcache.py:PcacheTest.test;run-cache_mode-writeback-crc-disable-gc-gc80-test_script-fail_make_request-2338: PASS
2025-08-03 15:10:29,105 avocado.test INFO | More information in /root/avocado/job-results/job-2025-08-03T13.33-3197a4b/test-results/20-._pcache.py_PcacheTest.test_run-cache_mode-writeback-crc-disable-gc-gc80-test_script-fail_make_request-2338
2025-08-03 15:10:29,106 avocado.core.task.statemachine DEBUG| Task "20-./pcache.py:PcacheTest.test;run-cache_mode-writeback-crc-disable-gc-gc80-test_script-fail_make_request-2338" finished
2025-08-03 15:10:29,106 avocado.core.task.statemachine DEBUG| Task "21-./pcache.py:PcacheTest.test;run-cache_mode-writethrough-crc-enable-gc-gc0-test_script-default-6bb7": requested -> triaging
2025-08-03 15:10:29,106 avocado.core.task.statemachine DEBUG| Task "21-./pcache.py:PcacheTest.test;run-cache_mode-writethrough-crc-enable-gc-gc0-test_script-default-6bb7": requirements OK (will proceed to check dependencies)
2025-08-03 15:10:29,106 avocado.core.task.statemachine DEBUG| Task "21-./pcache.py:PcacheTest.test;run-cache_mode-writethrough-crc-enable-gc-gc0-test_script-default-6bb7": about to be spawned with "<avocado.plugins.spawners.process.ProcessSpawner object at 0x7f174d84bdd0>"
2025-08-03 15:10:29,110 avocado.core.task.statemachine DEBUG| Task "21-./pcache.py:PcacheTest.test;run-cache_mode-writethrough-crc-enable-gc-gc0-test_script-default-6bb7": spawned successfully
2025-08-03 15:10:29,462 avocado.core.status.repo DEBUG| Task "21-./pcache.py:PcacheTest.test;run-cache_mode-writethrough-crc-enable-gc-gc0-test_script-default-6bb7" started message: "{'status': 'started', 'time': 8881.00542168, 'output_dir': '/root/avocado/job-results/job-2025-08-03T13.33-3197a4b/test-results/21-._pcache.py_PcacheTest.test_run-cache_mode-writethrough-crc-enable-gc-gc0-test_script-default-6bb7', 'id': '21-./pcache.py:PcacheTest.test;run-cache_mode-writethrough-crc-enable-gc-gc0-test_script-default-6bb7'}"
2025-08-03 15:10:29,509 avocado.test INFO | ./pcache.py:PcacheTest.test;run-cache_mode-writethrough-crc-enable-gc-gc0-test_script-default-6bb7: STARTED
2025-08-03 15:10:30,347 avocado.core.status.repo DEBUG| Task "21-./pcache.py:PcacheTest.test;run-cache_mode-writethrough-crc-enable-gc-gc0-test_script-default-6bb7" finished message: "{'result': 'pass', 'status': 'finished', 'time': 8881.793017276}"
2025-08-03 15:10:30,380 avocado.test INFO | ./pcache.py:PcacheTest.test;run-cache_mode-writethrough-crc-enable-gc-gc0-test_script-default-6bb7: PASS
2025-08-03 15:10:30,381 avocado.test INFO | More information in /root/avocado/job-results/job-2025-08-03T13.33-3197a4b/test-results/21-._pcache.py_PcacheTest.test_run-cache_mode-writethrough-crc-enable-gc-gc0-test_script-default-6bb7
2025-08-03 15:10:30,442 avocado.core.task.statemachine DEBUG| Task "21-./pcache.py:PcacheTest.test;run-cache_mode-writethrough-crc-enable-gc-gc0-test_script-default-6bb7" finished
2025-08-03 15:10:30,442 avocado.core.task.statemachine DEBUG| Task "22-./pcache.py:PcacheTest.test;run-cache_mode-writethrough-crc-enable-gc-gc0-test_script-xfstests-f521": requested -> triaging
2025-08-03 15:10:30,442 avocado.core.task.statemachine DEBUG| Task "22-./pcache.py:PcacheTest.test;run-cache_mode-writethrough-crc-enable-gc-gc0-test_script-xfstests-f521": requirements OK (will proceed to check dependencies)
2025-08-03 15:10:30,443 avocado.core.task.statemachine DEBUG| Task "22-./pcache.py:PcacheTest.test;run-cache_mode-writethrough-crc-enable-gc-gc0-test_script-xfstests-f521": about to be spawned with "<avocado.plugins.spawners.process.ProcessSpawner object at 0x7f174d84bdd0>"
2025-08-03 15:10:30,446 avocado.core.task.statemachine DEBUG| Task "22-./pcache.py:PcacheTest.test;run-cache_mode-writethrough-crc-enable-gc-gc0-test_script-xfstests-f521": spawned successfully
2025-08-03 15:10:30,971 avocado.core.status.repo DEBUG| Task "22-./pcache.py:PcacheTest.test;run-cache_mode-writethrough-crc-enable-gc-gc0-test_script-xfstests-f521" started message: "{'status': 'started', 'time': 8882.51452386, 'output_dir': '/root/avocado/job-results/job-2025-08-03T13.33-3197a4b/test-results/22-._pcache.py_PcacheTest.test_run-cache_mode-writethrough-crc-enable-gc-gc0-test_script-xfstests-f521', 'id': '22-./pcache.py:PcacheTest.test;run-cache_mode-writethrough-crc-enable-gc-gc0-test_script-xfstests-f521'}"
2025-08-03 15:10:30,989 avocado.test INFO | ./pcache.py:PcacheTest.test;run-cache_mode-writethrough-crc-enable-gc-gc0-test_script-xfstests-f521: STARTED
2025-08-03 15:10:32,011 avocado.core.status.repo DEBUG| Task "22-./pcache.py:PcacheTest.test;run-cache_mode-writethrough-crc-enable-gc-gc0-test_script-xfstests-f521" finished message: "{'result': 'pass', 'status': 'finished', 'time': 8883.453706046}"
2025-08-03 15:10:32,061 avocado.test INFO | ./pcache.py:PcacheTest.test;run-cache_mode-writethrough-crc-enable-gc-gc0-test_script-xfstests-f521: PASS
2025-08-03 15:10:32,061 avocado.test INFO | More information in /root/avocado/job-results/job-2025-08-03T13.33-3197a4b/test-results/22-._pcache.py_PcacheTest.test_run-cache_mode-writethrough-crc-enable-gc-gc0-test_script-xfstests-f521
2025-08-03 15:10:32,102 avocado.core.task.statemachine DEBUG| Task "22-./pcache.py:PcacheTest.test;run-cache_mode-writethrough-crc-enable-gc-gc0-test_script-xfstests-f521" finished
2025-08-03 15:10:32,102 avocado.core.task.statemachine DEBUG| Task "23-./pcache.py:PcacheTest.test;run-cache_mode-writethrough-crc-enable-gc-gc0-test_script-misc-98d1": requested -> triaging
2025-08-03 15:10:32,102 avocado.core.task.statemachine DEBUG| Task "23-./pcache.py:PcacheTest.test;run-cache_mode-writethrough-crc-enable-gc-gc0-test_script-misc-98d1": requirements OK (will proceed to check dependencies)
2025-08-03 15:10:32,102 avocado.core.task.statemachine DEBUG| Task "23-./pcache.py:PcacheTest.test;run-cache_mode-writethrough-crc-enable-gc-gc0-test_script-misc-98d1": about to be spawned with "<avocado.plugins.spawners.process.ProcessSpawner object at 0x7f174d84bdd0>"
2025-08-03 15:10:32,106 avocado.core.task.statemachine DEBUG| Task "23-./pcache.py:PcacheTest.test;run-cache_mode-writethrough-crc-enable-gc-gc0-test_script-misc-98d1": spawned successfully
2025-08-03 15:10:32,455 avocado.core.status.repo DEBUG| Task "23-./pcache.py:PcacheTest.test;run-cache_mode-writethrough-crc-enable-gc-gc0-test_script-misc-98d1" started message: "{'status': 'started', 'time': 8883.998881019, 'output_dir': '/root/avocado/job-results/job-2025-08-03T13.33-3197a4b/test-results/23-._pcache.py_PcacheTest.test_run-cache_mode-writethrough-crc-enable-gc-gc0-test_script-misc-98d1', 'id': '23-./pcache.py:PcacheTest.test;run-cache_mode-writethrough-crc-enable-gc-gc0-test_script-misc-98d1'}"
2025-08-03 15:10:32,467 avocado.test INFO | ./pcache.py:PcacheTest.test;run-cache_mode-writethrough-crc-enable-gc-gc0-test_script-misc-98d1: STARTED
2025-08-03 15:10:33,432 avocado.core.status.repo DEBUG| Task "23-./pcache.py:PcacheTest.test;run-cache_mode-writethrough-crc-enable-gc-gc0-test_script-misc-98d1" finished message: "{'result': 'pass', 'status': 'finished', 'time': 8884.874490991}"
2025-08-03 15:10:33,439 avocado.test INFO | ./pcache.py:PcacheTest.test;run-cache_mode-writethrough-crc-enable-gc-gc0-test_script-misc-98d1: PASS
2025-08-03 15:10:33,439 avocado.test INFO | More information in /root/avocado/job-results/job-2025-08-03T13.33-3197a4b/test-results/23-._pcache.py_PcacheTest.test_run-cache_mode-writethrough-crc-enable-gc-gc0-test_script-misc-98d1
2025-08-03 15:10:33,523 avocado.core.task.statemachine DEBUG| Task "23-./pcache.py:PcacheTest.test;run-cache_mode-writethrough-crc-enable-gc-gc0-test_script-misc-98d1" finished
2025-08-03 15:10:33,523 avocado.core.task.statemachine DEBUG| Task "24-./pcache.py:PcacheTest.test;run-cache_mode-writethrough-crc-enable-gc-gc0-test_script-failslab-ca2a": requested -> triaging
2025-08-03 15:10:33,523 avocado.core.task.statemachine DEBUG| Task "24-./pcache.py:PcacheTest.test;run-cache_mode-writethrough-crc-enable-gc-gc0-test_script-failslab-ca2a": requirements OK (will proceed to check dependencies)
2025-08-03 15:10:33,524 avocado.core.task.statemachine DEBUG| Task "24-./pcache.py:PcacheTest.test;run-cache_mode-writethrough-crc-enable-gc-gc0-test_script-failslab-ca2a": about to be spawned with "<avocado.plugins.spawners.process.ProcessSpawner object at 0x7f174d84bdd0>"
2025-08-03 15:10:33,527 avocado.core.task.statemachine DEBUG| Task "24-./pcache.py:PcacheTest.test;run-cache_mode-writethrough-crc-enable-gc-gc0-test_script-failslab-ca2a": spawned successfully
2025-08-03 15:10:34,034 avocado.core.status.repo DEBUG| Task "24-./pcache.py:PcacheTest.test;run-cache_mode-writethrough-crc-enable-gc-gc0-test_script-failslab-ca2a" started message: "{'status': 'started', 'time': 8885.577496576, 'output_dir': '/root/avocado/job-results/job-2025-08-03T13.33-3197a4b/test-results/24-._pcache.py_PcacheTest.test_run-cache_mode-writethrough-crc-enable-gc-gc0-test_script-failslab-ca2a', 'id': '24-./pcache.py:PcacheTest.test;run-cache_mode-writethrough-crc-enable-gc-gc0-test_script-failslab-ca2a'}"
2025-08-03 15:10:34,046 avocado.test INFO | ./pcache.py:PcacheTest.test;run-cache_mode-writethrough-crc-enable-gc-gc0-test_script-failslab-ca2a: STARTED
2025-08-03 15:10:35,052 avocado.core.status.repo DEBUG| Task "24-./pcache.py:PcacheTest.test;run-cache_mode-writethrough-crc-enable-gc-gc0-test_script-failslab-ca2a" finished message: "{'result': 'pass', 'status': 'finished', 'time': 8886.494423221}"
2025-08-03 15:10:35,066 avocado.test INFO | ./pcache.py:PcacheTest.test;run-cache_mode-writethrough-crc-enable-gc-gc0-test_script-failslab-ca2a: PASS
2025-08-03 15:10:35,067 avocado.test INFO | More information in /root/avocado/job-results/job-2025-08-03T13.33-3197a4b/test-results/24-._pcache.py_PcacheTest.test_run-cache_mode-writethrough-crc-enable-gc-gc0-test_script-failslab-ca2a
2025-08-03 15:10:35,142 avocado.core.task.statemachine DEBUG| Task "24-./pcache.py:PcacheTest.test;run-cache_mode-writethrough-crc-enable-gc-gc0-test_script-failslab-ca2a" finished
2025-08-03 15:10:35,142 avocado.core.task.statemachine DEBUG| Task "25-./pcache.py:PcacheTest.test;run-cache_mode-writethrough-crc-enable-gc-gc0-test_script-fail_make_request-422c": requested -> triaging
2025-08-03 15:10:35,142 avocado.core.task.statemachine DEBUG| Task "25-./pcache.py:PcacheTest.test;run-cache_mode-writethrough-crc-enable-gc-gc0-test_script-fail_make_request-422c": requirements OK (will proceed to check dependencies)
2025-08-03 15:10:35,142 avocado.core.task.statemachine DEBUG| Task "25-./pcache.py:PcacheTest.test;run-cache_mode-writethrough-crc-enable-gc-gc0-test_script-fail_make_request-422c": about to be spawned with "<avocado.plugins.spawners.process.ProcessSpawner object at 0x7f174d84bdd0>"
2025-08-03 15:10:35,146 avocado.core.task.statemachine DEBUG| Task "25-./pcache.py:PcacheTest.test;run-cache_mode-writethrough-crc-enable-gc-gc0-test_script-fail_make_request-422c": spawned successfully
2025-08-03 15:10:35,493 avocado.core.status.repo DEBUG| Task "25-./pcache.py:PcacheTest.test;run-cache_mode-writethrough-crc-enable-gc-gc0-test_script-fail_make_request-422c" started message: "{'status': 'started', 'time': 8887.036869401, 'output_dir': '/root/avocado/job-results/job-2025-08-03T13.33-3197a4b/test-results/25-._pcache.py_PcacheTest.test_run-cache_mode-writethrough-crc-enable-gc-gc0-test_script-fail_make_request-422c', 'id': '25-./pcache.py:PcacheTest.test;run-cache_mode-writethrough-crc-enable-gc-gc0-test_script-fail_make_request-422c'}"
2025-08-03 15:10:35,522 avocado.test INFO | ./pcache.py:PcacheTest.test;run-cache_mode-writethrough-crc-enable-gc-gc0-test_script-fail_make_request-422c: STARTED
2025-08-03 15:10:37,212 avocado.core.status.repo DEBUG| Task "25-./pcache.py:PcacheTest.test;run-cache_mode-writethrough-crc-enable-gc-gc0-test_script-fail_make_request-422c" finished message: "{'result': 'pass', 'status': 'finished', 'time': 8888.655275986}"
2025-08-03 15:10:37,253 avocado.test INFO | ./pcache.py:PcacheTest.test;run-cache_mode-writethrough-crc-enable-gc-gc0-test_script-fail_make_request-422c: PASS
2025-08-03 15:10:37,253 avocado.test INFO | More information in /root/avocado/job-results/job-2025-08-03T13.33-3197a4b/test-results/25-._pcache.py_PcacheTest.test_run-cache_mode-writethrough-crc-enable-gc-gc0-test_script-fail_make_request-422c
2025-08-03 15:10:37,304 avocado.core.task.statemachine DEBUG| Task "25-./pcache.py:PcacheTest.test;run-cache_mode-writethrough-crc-enable-gc-gc0-test_script-fail_make_request-422c" finished
2025-08-03 15:10:37,304 avocado.core.task.statemachine DEBUG| Task "26-./pcache.py:PcacheTest.test;run-cache_mode-writethrough-crc-disable-gc-gc0-test_script-default-be89": requested -> triaging
2025-08-03 15:10:37,304 avocado.core.task.statemachine DEBUG| Task "26-./pcache.py:PcacheTest.test;run-cache_mode-writethrough-crc-disable-gc-gc0-test_script-default-be89": requirements OK (will proceed to check dependencies)
2025-08-03 15:10:37,304 avocado.core.task.statemachine DEBUG| Task "26-./pcache.py:PcacheTest.test;run-cache_mode-writethrough-crc-disable-gc-gc0-test_script-default-be89": about to be spawned with "<avocado.plugins.spawners.process.ProcessSpawner object at 0x7f174d84bdd0>"
2025-08-03 15:10:37,308 avocado.core.task.statemachine DEBUG| Task "26-./pcache.py:PcacheTest.test;run-cache_mode-writethrough-crc-disable-gc-gc0-test_script-default-be89": spawned successfully
2025-08-03 15:10:37,656 avocado.core.status.repo DEBUG| Task "26-./pcache.py:PcacheTest.test;run-cache_mode-writethrough-crc-disable-gc-gc0-test_script-default-be89" started message: "{'status': 'started', 'time': 8889.199446582, 'output_dir': '/root/avocado/job-results/job-2025-08-03T13.33-3197a4b/test-results/26-._pcache.py_PcacheTest.test_run-cache_mode-writethrough-crc-disable-gc-gc0-test_script-default-be89', 'id': '26-./pcache.py:PcacheTest.test;run-cache_mode-writethrough-crc-disable-gc-gc0-test_script-default-be89'}"
2025-08-03 15:10:37,662 avocado.test INFO | ./pcache.py:PcacheTest.test;run-cache_mode-writethrough-crc-disable-gc-gc0-test_script-default-be89: STARTED
2025-08-03 15:10:38,489 avocado.core.status.repo DEBUG| Task "26-./pcache.py:PcacheTest.test;run-cache_mode-writethrough-crc-disable-gc-gc0-test_script-default-be89" finished message: "{'result': 'pass', 'status': 'finished', 'time': 8889.939569328}"
2025-08-03 15:10:38,533 avocado.test INFO | ./pcache.py:PcacheTest.test;run-cache_mode-writethrough-crc-disable-gc-gc0-test_script-default-be89: PASS
2025-08-03 15:10:38,533 avocado.test INFO | More information in /root/avocado/job-results/job-2025-08-03T13.33-3197a4b/test-results/26-._pcache.py_PcacheTest.test_run-cache_mode-writethrough-crc-disable-gc-gc0-test_script-default-be89
2025-08-03 15:10:38,580 avocado.core.task.statemachine DEBUG| Task "26-./pcache.py:PcacheTest.test;run-cache_mode-writethrough-crc-disable-gc-gc0-test_script-default-be89" finished
2025-08-03 15:10:38,580 avocado.core.task.statemachine DEBUG| Task "27-./pcache.py:PcacheTest.test;run-cache_mode-writethrough-crc-disable-gc-gc0-test_script-xfstests-d744": requested -> triaging
2025-08-03 15:10:38,580 avocado.core.task.statemachine DEBUG| Task "27-./pcache.py:PcacheTest.test;run-cache_mode-writethrough-crc-disable-gc-gc0-test_script-xfstests-d744": requirements OK (will proceed to check dependencies)
2025-08-03 15:10:38,580 avocado.core.task.statemachine DEBUG| Task "27-./pcache.py:PcacheTest.test;run-cache_mode-writethrough-crc-disable-gc-gc0-test_script-xfstests-d744": about to be spawned with "<avocado.plugins.spawners.process.ProcessSpawner object at 0x7f174d84bdd0>"
2025-08-03 15:10:38,583 avocado.core.task.statemachine DEBUG| Task "27-./pcache.py:PcacheTest.test;run-cache_mode-writethrough-crc-disable-gc-gc0-test_script-xfstests-d744": spawned successfully
2025-08-03 15:10:39,227 avocado.core.status.repo DEBUG| Task "27-./pcache.py:PcacheTest.test;run-cache_mode-writethrough-crc-disable-gc-gc0-test_script-xfstests-d744" started message: "{'status': 'started', 'time': 8890.77062337, 'output_dir': '/root/avocado/job-results/job-2025-08-03T13.33-3197a4b/test-results/27-._pcache.py_PcacheTest.test_run-cache_mode-writethrough-crc-disable-gc-gc0-test_script-xfstests-d744', 'id': '27-./pcache.py:PcacheTest.test;run-cache_mode-writethrough-crc-disable-gc-gc0-test_script-xfstests-d744'}"
2025-08-03 15:10:39,241 avocado.test INFO | ./pcache.py:PcacheTest.test;run-cache_mode-writethrough-crc-disable-gc-gc0-test_script-xfstests-d744: STARTED
2025-08-03 15:10:40,058 avocado.core.status.repo DEBUG| Task "27-./pcache.py:PcacheTest.test;run-cache_mode-writethrough-crc-disable-gc-gc0-test_script-xfstests-d744" finished message: "{'result': 'pass', 'status': 'finished', 'time': 8891.50347646}"
2025-08-03 15:10:40,113 avocado.test INFO | ./pcache.py:PcacheTest.test;run-cache_mode-writethrough-crc-disable-gc-gc0-test_script-xfstests-d744: PASS
2025-08-03 15:10:40,114 avocado.test INFO | More information in /root/avocado/job-results/job-2025-08-03T13.33-3197a4b/test-results/27-._pcache.py_PcacheTest.test_run-cache_mode-writethrough-crc-disable-gc-gc0-test_script-xfstests-d744
2025-08-03 15:10:40,147 avocado.core.task.statemachine DEBUG| Task "27-./pcache.py:PcacheTest.test;run-cache_mode-writethrough-crc-disable-gc-gc0-test_script-xfstests-d744" finished
2025-08-03 15:10:40,147 avocado.core.task.statemachine DEBUG| Task "28-./pcache.py:PcacheTest.test;run-cache_mode-writethrough-crc-disable-gc-gc0-test_script-misc-d3a6": requested -> triaging
2025-08-03 15:10:40,148 avocado.core.task.statemachine DEBUG| Task "28-./pcache.py:PcacheTest.test;run-cache_mode-writethrough-crc-disable-gc-gc0-test_script-misc-d3a6": requirements OK (will proceed to check dependencies)
2025-08-03 15:10:40,148 avocado.core.task.statemachine DEBUG| Task "28-./pcache.py:PcacheTest.test;run-cache_mode-writethrough-crc-disable-gc-gc0-test_script-misc-d3a6": about to be spawned with "<avocado.plugins.spawners.process.ProcessSpawner object at 0x7f174d84bdd0>"
2025-08-03 15:10:40,151 avocado.core.task.statemachine DEBUG| Task "28-./pcache.py:PcacheTest.test;run-cache_mode-writethrough-crc-disable-gc-gc0-test_script-misc-d3a6": spawned successfully
2025-08-03 15:10:40,466 avocado.core.status.repo DEBUG| Task "28-./pcache.py:PcacheTest.test;run-cache_mode-writethrough-crc-disable-gc-gc0-test_script-misc-d3a6" started message: "{'status': 'started', 'time': 8892.009814582, 'output_dir': '/root/avocado/job-results/job-2025-08-03T13.33-3197a4b/test-results/28-._pcache.py_PcacheTest.test_run-cache_mode-writethrough-crc-disable-gc-gc0-test_script-misc-d3a6', 'id': '28-./pcache.py:PcacheTest.test;run-cache_mode-writethrough-crc-disable-gc-gc0-test_script-misc-d3a6'}"
2025-08-03 15:10:40,469 avocado.test INFO | ./pcache.py:PcacheTest.test;run-cache_mode-writethrough-crc-disable-gc-gc0-test_script-misc-d3a6: STARTED
2025-08-03 15:10:41,433 avocado.core.status.repo DEBUG| Task "28-./pcache.py:PcacheTest.test;run-cache_mode-writethrough-crc-disable-gc-gc0-test_script-misc-d3a6" finished message: "{'result': 'pass', 'status': 'finished', 'time': 8892.883620492}"
2025-08-03 15:10:41,440 avocado.test INFO | ./pcache.py:PcacheTest.test;run-cache_mode-writethrough-crc-disable-gc-gc0-test_script-misc-d3a6: PASS
2025-08-03 15:10:41,441 avocado.test INFO | More information in /root/avocado/job-results/job-2025-08-03T13.33-3197a4b/test-results/28-._pcache.py_PcacheTest.test_run-cache_mode-writethrough-crc-disable-gc-gc0-test_script-misc-d3a6
2025-08-03 15:10:41,521 avocado.core.task.statemachine DEBUG| Task "28-./pcache.py:PcacheTest.test;run-cache_mode-writethrough-crc-disable-gc-gc0-test_script-misc-d3a6" finished
2025-08-03 15:10:41,521 avocado.core.task.statemachine DEBUG| Task "29-./pcache.py:PcacheTest.test;run-cache_mode-writethrough-crc-disable-gc-gc0-test_script-failslab-452a": requested -> triaging
2025-08-03 15:10:41,522 avocado.core.task.statemachine DEBUG| Task "29-./pcache.py:PcacheTest.test;run-cache_mode-writethrough-crc-disable-gc-gc0-test_script-failslab-452a": requirements OK (will proceed to check dependencies)
2025-08-03 15:10:41,522 avocado.core.task.statemachine DEBUG| Task "29-./pcache.py:PcacheTest.test;run-cache_mode-writethrough-crc-disable-gc-gc0-test_script-failslab-452a": about to be spawned with "<avocado.plugins.spawners.process.ProcessSpawner object at 0x7f174d84bdd0>"
2025-08-03 15:10:41,528 avocado.core.task.statemachine DEBUG| Task "29-./pcache.py:PcacheTest.test;run-cache_mode-writethrough-crc-disable-gc-gc0-test_script-failslab-452a": spawned successfully
2025-08-03 15:10:42,196 avocado.core.status.repo DEBUG| Task "29-./pcache.py:PcacheTest.test;run-cache_mode-writethrough-crc-disable-gc-gc0-test_script-failslab-452a" started message: "{'status': 'started', 'time': 8893.739334651, 'output_dir': '/root/avocado/job-results/job-2025-08-03T13.33-3197a4b/test-results/29-._pcache.py_PcacheTest.test_run-cache_mode-writethrough-crc-disable-gc-gc0-test_script-failslab-452a', 'id': '29-./pcache.py:PcacheTest.test;run-cache_mode-writethrough-crc-disable-gc-gc0-test_script-failslab-452a'}"
2025-08-03 15:10:42,198 avocado.test INFO | ./pcache.py:PcacheTest.test;run-cache_mode-writethrough-crc-disable-gc-gc0-test_script-failslab-452a: STARTED
2025-08-03 15:10:43,021 avocado.core.status.repo DEBUG| Task "29-./pcache.py:PcacheTest.test;run-cache_mode-writethrough-crc-disable-gc-gc0-test_script-failslab-452a" finished message: "{'result': 'pass', 'status': 'finished', 'time': 8894.465774948}"
2025-08-03 15:10:43,067 avocado.test INFO | ./pcache.py:PcacheTest.test;run-cache_mode-writethrough-crc-disable-gc-gc0-test_script-failslab-452a: PASS
2025-08-03 15:10:43,067 avocado.test INFO | More information in /root/avocado/job-results/job-2025-08-03T13.33-3197a4b/test-results/29-._pcache.py_PcacheTest.test_run-cache_mode-writethrough-crc-disable-gc-gc0-test_script-failslab-452a
2025-08-03 15:10:43,116 avocado.core.task.statemachine DEBUG| Task "29-./pcache.py:PcacheTest.test;run-cache_mode-writethrough-crc-disable-gc-gc0-test_script-failslab-452a" finished
2025-08-03 15:10:43,116 avocado.core.task.statemachine DEBUG| Task "30-./pcache.py:PcacheTest.test;run-cache_mode-writethrough-crc-disable-gc-gc0-test_script-fail_make_request-74f4": requested -> triaging
2025-08-03 15:10:43,116 avocado.core.task.statemachine DEBUG| Task "30-./pcache.py:PcacheTest.test;run-cache_mode-writethrough-crc-disable-gc-gc0-test_script-fail_make_request-74f4": requirements OK (will proceed to check dependencies)
2025-08-03 15:10:43,117 avocado.core.task.statemachine DEBUG| Task "30-./pcache.py:PcacheTest.test;run-cache_mode-writethrough-crc-disable-gc-gc0-test_script-fail_make_request-74f4": about to be spawned with "<avocado.plugins.spawners.process.ProcessSpawner object at 0x7f174d84bdd0>"
2025-08-03 15:10:43,120 avocado.core.task.statemachine DEBUG| Task "30-./pcache.py:PcacheTest.test;run-cache_mode-writethrough-crc-disable-gc-gc0-test_script-fail_make_request-74f4": spawned successfully
2025-08-03 15:10:43,469 avocado.core.status.repo DEBUG| Task "30-./pcache.py:PcacheTest.test;run-cache_mode-writethrough-crc-disable-gc-gc0-test_script-fail_make_request-74f4" started message: "{'status': 'started', 'time': 8895.011917009, 'output_dir': '/root/avocado/job-results/job-2025-08-03T13.33-3197a4b/test-results/30-._pcache.py_PcacheTest.test_run-cache_mode-writethrough-crc-disable-gc-gc0-test_script-fail_make_request-74f4', 'id': '30-./pcache.py:PcacheTest.test;run-cache_mode-writethrough-crc-disable-gc-gc0-test_script-fail_make_request-74f4'}"
2025-08-03 15:10:43,474 avocado.test INFO | ./pcache.py:PcacheTest.test;run-cache_mode-writethrough-crc-disable-gc-gc0-test_script-fail_make_request-74f4: STARTED
2025-08-03 15:10:45,212 avocado.core.status.repo DEBUG| Task "30-./pcache.py:PcacheTest.test;run-cache_mode-writethrough-crc-disable-gc-gc0-test_script-fail_make_request-74f4" finished message: "{'result': 'pass', 'status': 'finished', 'time': 8896.659007779}"
2025-08-03 15:10:45,256 avocado.test INFO | ./pcache.py:PcacheTest.test;run-cache_mode-writethrough-crc-disable-gc-gc0-test_script-fail_make_request-74f4: PASS
2025-08-03 15:10:45,257 avocado.test INFO | More information in /root/avocado/job-results/job-2025-08-03T13.33-3197a4b/test-results/30-._pcache.py_PcacheTest.test_run-cache_mode-writethrough-crc-disable-gc-gc0-test_script-fail_make_request-74f4
2025-08-03 15:10:45,302 avocado.core.task.statemachine DEBUG| Task "30-./pcache.py:PcacheTest.test;run-cache_mode-writethrough-crc-disable-gc-gc0-test_script-fail_make_request-74f4" finished
2025-08-03 15:10:45,302 avocado.core.task.statemachine DEBUG| Task "31-./pcache.py:PcacheTest.test;run-cache_mode-writethrough-crc-enable-gc-gc80-test_script-default-149c": requested -> triaging
2025-08-03 15:10:45,302 avocado.core.task.statemachine DEBUG| Task "31-./pcache.py:PcacheTest.test;run-cache_mode-writethrough-crc-enable-gc-gc80-test_script-default-149c": requirements OK (will proceed to check dependencies)
2025-08-03 15:10:45,302 avocado.core.task.statemachine DEBUG| Task "31-./pcache.py:PcacheTest.test;run-cache_mode-writethrough-crc-enable-gc-gc80-test_script-default-149c": about to be spawned with "<avocado.plugins.spawners.process.ProcessSpawner object at 0x7f174d84bdd0>"
2025-08-03 15:10:45,305 avocado.core.task.statemachine DEBUG| Task "31-./pcache.py:PcacheTest.test;run-cache_mode-writethrough-crc-enable-gc-gc80-test_script-default-149c": spawned successfully
2025-08-03 15:10:45,618 avocado.core.status.repo DEBUG| Task "31-./pcache.py:PcacheTest.test;run-cache_mode-writethrough-crc-enable-gc-gc80-test_script-default-149c" started message: "{'status': 'started', 'time': 8897.161419662, 'output_dir': '/root/avocado/job-results/job-2025-08-03T13.33-3197a4b/test-results/31-._pcache.py_PcacheTest.test_run-cache_mode-writethrough-crc-enable-gc-gc80-test_script-default-149c', 'id': '31-./pcache.py:PcacheTest.test;run-cache_mode-writethrough-crc-enable-gc-gc80-test_script-default-149c'}"
2025-08-03 15:10:45,662 avocado.test INFO | ./pcache.py:PcacheTest.test;run-cache_mode-writethrough-crc-enable-gc-gc80-test_script-default-149c: STARTED
2025-08-03 15:10:46,481 avocado.core.status.repo DEBUG| Task "31-./pcache.py:PcacheTest.test;run-cache_mode-writethrough-crc-enable-gc-gc80-test_script-default-149c" finished message: "{'result': 'pass', 'status': 'finished', 'time': 8897.926781998}"
2025-08-03 15:10:46,533 avocado.test INFO | ./pcache.py:PcacheTest.test;run-cache_mode-writethrough-crc-enable-gc-gc80-test_script-default-149c: PASS
2025-08-03 15:10:46,533 avocado.test INFO | More information in /root/avocado/job-results/job-2025-08-03T13.33-3197a4b/test-results/31-._pcache.py_PcacheTest.test_run-cache_mode-writethrough-crc-enable-gc-gc80-test_script-default-149c
2025-08-03 15:10:46,572 avocado.core.task.statemachine DEBUG| Task "31-./pcache.py:PcacheTest.test;run-cache_mode-writethrough-crc-enable-gc-gc80-test_script-default-149c" finished
2025-08-03 15:10:46,572 avocado.core.task.statemachine DEBUG| Task "32-./pcache.py:PcacheTest.test;run-cache_mode-writethrough-crc-enable-gc-gc80-test_script-xfstests-1450": requested -> triaging
2025-08-03 15:10:46,572 avocado.core.task.statemachine DEBUG| Task "32-./pcache.py:PcacheTest.test;run-cache_mode-writethrough-crc-enable-gc-gc80-test_script-xfstests-1450": requirements OK (will proceed to check dependencies)
2025-08-03 15:10:46,572 avocado.core.task.statemachine DEBUG| Task "32-./pcache.py:PcacheTest.test;run-cache_mode-writethrough-crc-enable-gc-gc80-test_script-xfstests-1450": about to be spawned with "<avocado.plugins.spawners.process.ProcessSpawner object at 0x7f174d84bdd0>"
2025-08-03 15:10:46,576 avocado.core.task.statemachine DEBUG| Task "32-./pcache.py:PcacheTest.test;run-cache_mode-writethrough-crc-enable-gc-gc80-test_script-xfstests-1450": spawned successfully
2025-08-03 15:10:47,106 avocado.core.status.repo DEBUG| Task "32-./pcache.py:PcacheTest.test;run-cache_mode-writethrough-crc-enable-gc-gc80-test_script-xfstests-1450" started message: "{'status': 'started', 'time': 8898.649349693, 'output_dir': '/root/avocado/job-results/job-2025-08-03T13.33-3197a4b/test-results/32-._pcache.py_PcacheTest.test_run-cache_mode-writethrough-crc-enable-gc-gc80-test_script-xfstests-1450', 'id': '32-./pcache.py:PcacheTest.test;run-cache_mode-writethrough-crc-enable-gc-gc80-test_script-xfstests-1450'}"
2025-08-03 15:10:47,139 avocado.test INFO | ./pcache.py:PcacheTest.test;run-cache_mode-writethrough-crc-enable-gc-gc80-test_script-xfstests-1450: STARTED
2025-08-03 15:10:48,103 avocado.core.status.repo DEBUG| Task "32-./pcache.py:PcacheTest.test;run-cache_mode-writethrough-crc-enable-gc-gc80-test_script-xfstests-1450" finished message: "{'result': 'pass', 'status': 'finished', 'time': 8899.543806274}"
2025-08-03 15:10:48,111 avocado.test INFO | ./pcache.py:PcacheTest.test;run-cache_mode-writethrough-crc-enable-gc-gc80-test_script-xfstests-1450: PASS
2025-08-03 15:10:48,112 avocado.test INFO | More information in /root/avocado/job-results/job-2025-08-03T13.33-3197a4b/test-results/32-._pcache.py_PcacheTest.test_run-cache_mode-writethrough-crc-enable-gc-gc80-test_script-xfstests-1450
2025-08-03 15:10:48,192 avocado.core.task.statemachine DEBUG| Task "32-./pcache.py:PcacheTest.test;run-cache_mode-writethrough-crc-enable-gc-gc80-test_script-xfstests-1450" finished
2025-08-03 15:10:48,192 avocado.core.task.statemachine DEBUG| Task "33-./pcache.py:PcacheTest.test;run-cache_mode-writethrough-crc-enable-gc-gc80-test_script-misc-5e1d": requested -> triaging
2025-08-03 15:10:48,193 avocado.core.task.statemachine DEBUG| Task "33-./pcache.py:PcacheTest.test;run-cache_mode-writethrough-crc-enable-gc-gc80-test_script-misc-5e1d": requirements OK (will proceed to check dependencies)
2025-08-03 15:10:48,193 avocado.core.task.statemachine DEBUG| Task "33-./pcache.py:PcacheTest.test;run-cache_mode-writethrough-crc-enable-gc-gc80-test_script-misc-5e1d": about to be spawned with "<avocado.plugins.spawners.process.ProcessSpawner object at 0x7f174d84bdd0>"
2025-08-03 15:10:48,197 avocado.core.task.statemachine DEBUG| Task "33-./pcache.py:PcacheTest.test;run-cache_mode-writethrough-crc-enable-gc-gc80-test_script-misc-5e1d": spawned successfully
2025-08-03 15:10:48,543 avocado.core.status.repo DEBUG| Task "33-./pcache.py:PcacheTest.test;run-cache_mode-writethrough-crc-enable-gc-gc80-test_script-misc-5e1d" started message: "{'status': 'started', 'time': 8900.086677784, 'output_dir': '/root/avocado/job-results/job-2025-08-03T13.33-3197a4b/test-results/33-._pcache.py_PcacheTest.test_run-cache_mode-writethrough-crc-enable-gc-gc80-test_script-misc-5e1d', 'id': '33-./pcache.py:PcacheTest.test;run-cache_mode-writethrough-crc-enable-gc-gc80-test_script-misc-5e1d'}"
2025-08-03 15:10:48,567 avocado.test INFO | ./pcache.py:PcacheTest.test;run-cache_mode-writethrough-crc-enable-gc-gc80-test_script-misc-5e1d: STARTED
2025-08-03 15:10:49,520 avocado.core.status.repo DEBUG| Task "33-./pcache.py:PcacheTest.test;run-cache_mode-writethrough-crc-enable-gc-gc80-test_script-misc-5e1d" finished message: "{'result': 'pass', 'status': 'finished', 'time': 8900.964557872}"
2025-08-03 15:10:49,537 avocado.test INFO | ./pcache.py:PcacheTest.test;run-cache_mode-writethrough-crc-enable-gc-gc80-test_script-misc-5e1d: PASS
2025-08-03 15:10:49,538 avocado.test INFO | More information in /root/avocado/job-results/job-2025-08-03T13.33-3197a4b/test-results/33-._pcache.py_PcacheTest.test_run-cache_mode-writethrough-crc-enable-gc-gc80-test_script-misc-5e1d
2025-08-03 15:10:49,621 avocado.core.task.statemachine DEBUG| Task "33-./pcache.py:PcacheTest.test;run-cache_mode-writethrough-crc-enable-gc-gc80-test_script-misc-5e1d" finished
2025-08-03 15:10:49,621 avocado.core.task.statemachine DEBUG| Task "34-./pcache.py:PcacheTest.test;run-cache_mode-writethrough-crc-enable-gc-gc80-test_script-failslab-4769": requested -> triaging
2025-08-03 15:10:49,621 avocado.core.task.statemachine DEBUG| Task "34-./pcache.py:PcacheTest.test;run-cache_mode-writethrough-crc-enable-gc-gc80-test_script-failslab-4769": requirements OK (will proceed to check dependencies)
2025-08-03 15:10:49,621 avocado.core.task.statemachine DEBUG| Task "34-./pcache.py:PcacheTest.test;run-cache_mode-writethrough-crc-enable-gc-gc80-test_script-failslab-4769": about to be spawned with "<avocado.plugins.spawners.process.ProcessSpawner object at 0x7f174d84bdd0>"
2025-08-03 15:10:49,625 avocado.core.task.statemachine DEBUG| Task "34-./pcache.py:PcacheTest.test;run-cache_mode-writethrough-crc-enable-gc-gc80-test_script-failslab-4769": spawned successfully
2025-08-03 15:10:49,974 avocado.core.status.repo DEBUG| Task "34-./pcache.py:PcacheTest.test;run-cache_mode-writethrough-crc-enable-gc-gc80-test_script-failslab-4769" started message: "{'status': 'started', 'time': 8901.517757585, 'output_dir': '/root/avocado/job-results/job-2025-08-03T13.33-3197a4b/test-results/34-._pcache.py_PcacheTest.test_run-cache_mode-writethrough-crc-enable-gc-gc80-test_script-failslab-4769', 'id': '34-./pcache.py:PcacheTest.test;run-cache_mode-writethrough-crc-enable-gc-gc80-test_script-failslab-4769'}"
2025-08-03 15:10:49,992 avocado.test INFO | ./pcache.py:PcacheTest.test;run-cache_mode-writethrough-crc-enable-gc-gc80-test_script-failslab-4769: STARTED
2025-08-03 15:10:50,983 avocado.core.status.repo DEBUG| Task "34-./pcache.py:PcacheTest.test;run-cache_mode-writethrough-crc-enable-gc-gc80-test_script-failslab-4769" finished message: "{'result': 'pass', 'status': 'finished', 'time': 8902.425706826}"
2025-08-03 15:10:51,014 avocado.test INFO | ./pcache.py:PcacheTest.test;run-cache_mode-writethrough-crc-enable-gc-gc80-test_script-failslab-4769: PASS
2025-08-03 15:10:51,014 avocado.test INFO | More information in /root/avocado/job-results/job-2025-08-03T13.33-3197a4b/test-results/34-._pcache.py_PcacheTest.test_run-cache_mode-writethrough-crc-enable-gc-gc80-test_script-failslab-4769
2025-08-03 15:10:51,077 avocado.core.task.statemachine DEBUG| Task "34-./pcache.py:PcacheTest.test;run-cache_mode-writethrough-crc-enable-gc-gc80-test_script-failslab-4769" finished
2025-08-03 15:10:51,077 avocado.core.task.statemachine DEBUG| Task "35-./pcache.py:PcacheTest.test;run-cache_mode-writethrough-crc-enable-gc-gc80-test_script-fail_make_request-8015": requested -> triaging
2025-08-03 15:10:51,077 avocado.core.task.statemachine DEBUG| Task "35-./pcache.py:PcacheTest.test;run-cache_mode-writethrough-crc-enable-gc-gc80-test_script-fail_make_request-8015": requirements OK (will proceed to check dependencies)
2025-08-03 15:10:51,077 avocado.core.task.statemachine DEBUG| Task "35-./pcache.py:PcacheTest.test;run-cache_mode-writethrough-crc-enable-gc-gc80-test_script-fail_make_request-8015": about to be spawned with "<avocado.plugins.spawners.process.ProcessSpawner object at 0x7f174d84bdd0>"
2025-08-03 15:10:51,081 avocado.core.task.statemachine DEBUG| Task "35-./pcache.py:PcacheTest.test;run-cache_mode-writethrough-crc-enable-gc-gc80-test_script-fail_make_request-8015": spawned successfully
2025-08-03 15:10:51,761 avocado.core.status.repo DEBUG| Task "35-./pcache.py:PcacheTest.test;run-cache_mode-writethrough-crc-enable-gc-gc80-test_script-fail_make_request-8015" started message: "{'status': 'started', 'time': 8903.304765166, 'output_dir': '/root/avocado/job-results/job-2025-08-03T13.33-3197a4b/test-results/35-._pcache.py_PcacheTest.test_run-cache_mode-writethrough-crc-enable-gc-gc80-test_script-fail_make_request-8015', 'id': '35-./pcache.py:PcacheTest.test;run-cache_mode-writethrough-crc-enable-gc-gc80-test_script-fail_make_request-8015'}"
2025-08-03 15:10:51,771 avocado.test INFO | ./pcache.py:PcacheTest.test;run-cache_mode-writethrough-crc-enable-gc-gc80-test_script-fail_make_request-8015: STARTED
2025-08-03 15:10:53,342 avocado.core.status.repo DEBUG| Task "35-./pcache.py:PcacheTest.test;run-cache_mode-writethrough-crc-enable-gc-gc80-test_script-fail_make_request-8015" finished message: "{'result': 'pass', 'status': 'finished', 'time': 8904.791221146}"
2025-08-03 15:10:53,396 avocado.test INFO | ./pcache.py:PcacheTest.test;run-cache_mode-writethrough-crc-enable-gc-gc80-test_script-fail_make_request-8015: PASS
2025-08-03 15:10:53,396 avocado.test INFO | More information in /root/avocado/job-results/job-2025-08-03T13.33-3197a4b/test-results/35-._pcache.py_PcacheTest.test_run-cache_mode-writethrough-crc-enable-gc-gc80-test_script-fail_make_request-8015
2025-08-03 15:10:53,456 avocado.core.task.statemachine DEBUG| Task "35-./pcache.py:PcacheTest.test;run-cache_mode-writethrough-crc-enable-gc-gc80-test_script-fail_make_request-8015" finished
2025-08-03 15:10:53,456 avocado.core.task.statemachine DEBUG| Task "36-./pcache.py:PcacheTest.test;run-cache_mode-writethrough-crc-disable-gc-gc80-test_script-default-dcd8": requested -> triaging
2025-08-03 15:10:53,456 avocado.core.task.statemachine DEBUG| Task "36-./pcache.py:PcacheTest.test;run-cache_mode-writethrough-crc-disable-gc-gc80-test_script-default-dcd8": requirements OK (will proceed to check dependencies)
2025-08-03 15:10:53,456 avocado.core.task.statemachine DEBUG| Task "36-./pcache.py:PcacheTest.test;run-cache_mode-writethrough-crc-disable-gc-gc80-test_script-default-dcd8": about to be spawned with "<avocado.plugins.spawners.process.ProcessSpawner object at 0x7f174d84bdd0>"
2025-08-03 15:10:53,459 avocado.core.task.statemachine DEBUG| Task "36-./pcache.py:PcacheTest.test;run-cache_mode-writethrough-crc-disable-gc-gc80-test_script-default-dcd8": spawned successfully
2025-08-03 15:10:53,999 avocado.core.status.repo DEBUG| Task "36-./pcache.py:PcacheTest.test;run-cache_mode-writethrough-crc-disable-gc-gc80-test_script-default-dcd8" started message: "{'status': 'started', 'time': 8905.542097195, 'output_dir': '/root/avocado/job-results/job-2025-08-03T13.33-3197a4b/test-results/36-._pcache.py_PcacheTest.test_run-cache_mode-writethrough-crc-disable-gc-gc80-test_script-default-dcd8', 'id': '36-./pcache.py:PcacheTest.test;run-cache_mode-writethrough-crc-disable-gc-gc80-test_script-default-dcd8'}"
2025-08-03 15:10:54,002 avocado.test INFO | ./pcache.py:PcacheTest.test;run-cache_mode-writethrough-crc-disable-gc-gc80-test_script-default-dcd8: STARTED
2025-08-03 15:10:54,871 avocado.core.status.repo DEBUG| Task "36-./pcache.py:PcacheTest.test;run-cache_mode-writethrough-crc-disable-gc-gc80-test_script-default-dcd8" finished message: "{'result': 'pass', 'status': 'finished', 'time': 8906.31120333}"
2025-08-03 15:10:54,925 avocado.test INFO | ./pcache.py:PcacheTest.test;run-cache_mode-writethrough-crc-disable-gc-gc80-test_script-default-dcd8: PASS
2025-08-03 15:10:54,925 avocado.test INFO | More information in /root/avocado/job-results/job-2025-08-03T13.33-3197a4b/test-results/36-._pcache.py_PcacheTest.test_run-cache_mode-writethrough-crc-disable-gc-gc80-test_script-default-dcd8
2025-08-03 15:10:54,960 avocado.core.task.statemachine DEBUG| Task "36-./pcache.py:PcacheTest.test;run-cache_mode-writethrough-crc-disable-gc-gc80-test_script-default-dcd8" finished
2025-08-03 15:10:54,960 avocado.core.task.statemachine DEBUG| Task "37-./pcache.py:PcacheTest.test;run-cache_mode-writethrough-crc-disable-gc-gc80-test_script-xfstests-a63a": requested -> triaging
2025-08-03 15:10:54,960 avocado.core.task.statemachine DEBUG| Task "37-./pcache.py:PcacheTest.test;run-cache_mode-writethrough-crc-disable-gc-gc80-test_script-xfstests-a63a": requirements OK (will proceed to check dependencies)
2025-08-03 15:10:54,961 avocado.core.task.statemachine DEBUG| Task "37-./pcache.py:PcacheTest.test;run-cache_mode-writethrough-crc-disable-gc-gc80-test_script-xfstests-a63a": about to be spawned with "<avocado.plugins.spawners.process.ProcessSpawner object at 0x7f174d84bdd0>"
2025-08-03 15:10:54,964 avocado.core.task.statemachine DEBUG| Task "37-./pcache.py:PcacheTest.test;run-cache_mode-writethrough-crc-disable-gc-gc80-test_script-xfstests-a63a": spawned successfully
2025-08-03 15:10:55,527 avocado.core.status.repo DEBUG| Task "37-./pcache.py:PcacheTest.test;run-cache_mode-writethrough-crc-disable-gc-gc80-test_script-xfstests-a63a" started message: "{'status': 'started', 'time': 8907.070288651, 'output_dir': '/root/avocado/job-results/job-2025-08-03T13.33-3197a4b/test-results/37-._pcache.py_PcacheTest.test_run-cache_mode-writethrough-crc-disable-gc-gc80-test_script-xfstests-a63a', 'id': '37-./pcache.py:PcacheTest.test;run-cache_mode-writethrough-crc-disable-gc-gc80-test_script-xfstests-a63a'}"
2025-08-03 15:10:55,531 avocado.test INFO | ./pcache.py:PcacheTest.test;run-cache_mode-writethrough-crc-disable-gc-gc80-test_script-xfstests-a63a: STARTED
2025-08-03 15:10:56,575 avocado.core.status.repo DEBUG| Task "37-./pcache.py:PcacheTest.test;run-cache_mode-writethrough-crc-disable-gc-gc80-test_script-xfstests-a63a" finished message: "{'result': 'pass', 'status': 'finished', 'time': 8908.022103011}"
2025-08-03 15:10:56,605 avocado.test INFO | ./pcache.py:PcacheTest.test;run-cache_mode-writethrough-crc-disable-gc-gc80-test_script-xfstests-a63a: PASS
2025-08-03 15:10:56,605 avocado.test INFO | More information in /root/avocado/job-results/job-2025-08-03T13.33-3197a4b/test-results/37-._pcache.py_PcacheTest.test_run-cache_mode-writethrough-crc-disable-gc-gc80-test_script-xfstests-a63a
2025-08-03 15:10:56,668 avocado.core.task.statemachine DEBUG| Task "37-./pcache.py:PcacheTest.test;run-cache_mode-writethrough-crc-disable-gc-gc80-test_script-xfstests-a63a" finished
2025-08-03 15:10:56,668 avocado.core.task.statemachine DEBUG| Task "38-./pcache.py:PcacheTest.test;run-cache_mode-writethrough-crc-disable-gc-gc80-test_script-misc-3006": requested -> triaging
2025-08-03 15:10:56,669 avocado.core.task.statemachine DEBUG| Task "38-./pcache.py:PcacheTest.test;run-cache_mode-writethrough-crc-disable-gc-gc80-test_script-misc-3006": requirements OK (will proceed to check dependencies)
2025-08-03 15:10:56,669 avocado.core.task.statemachine DEBUG| Task "38-./pcache.py:PcacheTest.test;run-cache_mode-writethrough-crc-disable-gc-gc80-test_script-misc-3006": about to be spawned with "<avocado.plugins.spawners.process.ProcessSpawner object at 0x7f174d84bdd0>"
2025-08-03 15:10:56,672 avocado.core.task.statemachine DEBUG| Task "38-./pcache.py:PcacheTest.test;run-cache_mode-writethrough-crc-disable-gc-gc80-test_script-misc-3006": spawned successfully
2025-08-03 15:10:57,017 avocado.core.status.repo DEBUG| Task "38-./pcache.py:PcacheTest.test;run-cache_mode-writethrough-crc-disable-gc-gc80-test_script-misc-3006" started message: "{'status': 'started', 'time': 8908.56077858, 'output_dir': '/root/avocado/job-results/job-2025-08-03T13.33-3197a4b/test-results/38-._pcache.py_PcacheTest.test_run-cache_mode-writethrough-crc-disable-gc-gc80-test_script-misc-3006', 'id': '38-./pcache.py:PcacheTest.test;run-cache_mode-writethrough-crc-disable-gc-gc80-test_script-misc-3006'}"
2025-08-03 15:10:57,059 avocado.test INFO | ./pcache.py:PcacheTest.test;run-cache_mode-writethrough-crc-disable-gc-gc80-test_script-misc-3006: STARTED
2025-08-03 15:10:57,984 avocado.core.status.repo DEBUG| Task "38-./pcache.py:PcacheTest.test;run-cache_mode-writethrough-crc-disable-gc-gc80-test_script-misc-3006" finished message: "{'result': 'pass', 'status': 'finished', 'time': 8909.432970087}"
2025-08-03 15:10:58,030 avocado.test INFO | ./pcache.py:PcacheTest.test;run-cache_mode-writethrough-crc-disable-gc-gc80-test_script-misc-3006: PASS
2025-08-03 15:10:58,031 avocado.test INFO | More information in /root/avocado/job-results/job-2025-08-03T13.33-3197a4b/test-results/38-._pcache.py_PcacheTest.test_run-cache_mode-writethrough-crc-disable-gc-gc80-test_script-misc-3006
2025-08-03 15:10:58,099 avocado.core.task.statemachine DEBUG| Task "38-./pcache.py:PcacheTest.test;run-cache_mode-writethrough-crc-disable-gc-gc80-test_script-misc-3006" finished
2025-08-03 15:10:58,099 avocado.core.task.statemachine DEBUG| Task "39-./pcache.py:PcacheTest.test;run-cache_mode-writethrough-crc-disable-gc-gc80-test_script-failslab-f0e8": requested -> triaging
2025-08-03 15:10:58,100 avocado.core.task.statemachine DEBUG| Task "39-./pcache.py:PcacheTest.test;run-cache_mode-writethrough-crc-disable-gc-gc80-test_script-failslab-f0e8": requirements OK (will proceed to check dependencies)
2025-08-03 15:10:58,100 avocado.core.task.statemachine DEBUG| Task "39-./pcache.py:PcacheTest.test;run-cache_mode-writethrough-crc-disable-gc-gc80-test_script-failslab-f0e8": about to be spawned with "<avocado.plugins.spawners.process.ProcessSpawner object at 0x7f174d84bdd0>"
2025-08-03 15:10:58,103 avocado.core.task.statemachine DEBUG| Task "39-./pcache.py:PcacheTest.test;run-cache_mode-writethrough-crc-disable-gc-gc80-test_script-failslab-f0e8": spawned successfully
2025-08-03 15:10:58,457 avocado.core.status.repo DEBUG| Task "39-./pcache.py:PcacheTest.test;run-cache_mode-writethrough-crc-disable-gc-gc80-test_script-failslab-f0e8" started message: "{'status': 'started', 'time': 8910.000927802, 'output_dir': '/root/avocado/job-results/job-2025-08-03T13.33-3197a4b/test-results/39-._pcache.py_PcacheTest.test_run-cache_mode-writethrough-crc-disable-gc-gc80-test_script-failslab-f0e8', 'id': '39-./pcache.py:PcacheTest.test;run-cache_mode-writethrough-crc-disable-gc-gc80-test_script-failslab-f0e8'}"
2025-08-03 15:10:58,486 avocado.test INFO | ./pcache.py:PcacheTest.test;run-cache_mode-writethrough-crc-disable-gc-gc80-test_script-failslab-f0e8: STARTED
2025-08-03 15:10:59,433 avocado.core.status.repo DEBUG| Task "39-./pcache.py:PcacheTest.test;run-cache_mode-writethrough-crc-disable-gc-gc80-test_script-failslab-f0e8" finished message: "{'result': 'pass', 'status': 'finished', 'time': 8910.875073161}"
2025-08-03 15:10:59,461 avocado.test INFO | ./pcache.py:PcacheTest.test;run-cache_mode-writethrough-crc-disable-gc-gc80-test_script-failslab-f0e8: PASS
2025-08-03 15:10:59,461 avocado.test INFO | More information in /root/avocado/job-results/job-2025-08-03T13.33-3197a4b/test-results/39-._pcache.py_PcacheTest.test_run-cache_mode-writethrough-crc-disable-gc-gc80-test_script-failslab-f0e8
2025-08-03 15:10:59,526 avocado.core.task.statemachine DEBUG| Task "39-./pcache.py:PcacheTest.test;run-cache_mode-writethrough-crc-disable-gc-gc80-test_script-failslab-f0e8" finished
2025-08-03 15:10:59,527 avocado.core.task.statemachine DEBUG| Task "40-./pcache.py:PcacheTest.test;run-cache_mode-writethrough-crc-disable-gc-gc80-test_script-fail_make_request-5141": requested -> triaging
2025-08-03 15:10:59,527 avocado.core.task.statemachine DEBUG| Task "40-./pcache.py:PcacheTest.test;run-cache_mode-writethrough-crc-disable-gc-gc80-test_script-fail_make_request-5141": requirements OK (will proceed to check dependencies)
2025-08-03 15:10:59,527 avocado.core.task.statemachine DEBUG| Task "40-./pcache.py:PcacheTest.test;run-cache_mode-writethrough-crc-disable-gc-gc80-test_script-fail_make_request-5141": about to be spawned with "<avocado.plugins.spawners.process.ProcessSpawner object at 0x7f174d84bdd0>"
2025-08-03 15:10:59,530 avocado.core.task.statemachine DEBUG| Task "40-./pcache.py:PcacheTest.test;run-cache_mode-writethrough-crc-disable-gc-gc80-test_script-fail_make_request-5141": spawned successfully
2025-08-03 15:11:00,105 avocado.core.status.repo DEBUG| Task "40-./pcache.py:PcacheTest.test;run-cache_mode-writethrough-crc-disable-gc-gc80-test_script-fail_make_request-5141" started message: "{'status': 'started', 'time': 8911.648490795, 'output_dir': '/root/avocado/job-results/job-2025-08-03T13.33-3197a4b/test-results/40-._pcache.py_PcacheTest.test_run-cache_mode-writethrough-crc-disable-gc-gc80-test_script-fail_make_request-5141', 'id': '40-./pcache.py:PcacheTest.test;run-cache_mode-writethrough-crc-disable-gc-gc80-test_script-fail_make_request-5141'}"
2025-08-03 15:11:00,117 avocado.test INFO | ./pcache.py:PcacheTest.test;run-cache_mode-writethrough-crc-disable-gc-gc80-test_script-fail_make_request-5141: STARTED
2025-08-03 15:11:01,833 avocado.core.status.repo DEBUG| Task "40-./pcache.py:PcacheTest.test;run-cache_mode-writethrough-crc-disable-gc-gc80-test_script-fail_make_request-5141" finished message: "{'result': 'pass', 'status': 'finished', 'time': 8913.275606511}"
2025-08-03 15:11:01,846 avocado.test INFO | ./pcache.py:PcacheTest.test;run-cache_mode-writethrough-crc-disable-gc-gc80-test_script-fail_make_request-5141: PASS
2025-08-03 15:11:01,846 avocado.test INFO | More information in /root/avocado/job-results/job-2025-08-03T13.33-3197a4b/test-results/40-._pcache.py_PcacheTest.test_run-cache_mode-writethrough-crc-disable-gc-gc80-test_script-fail_make_request-5141
2025-08-03 15:11:01,925 avocado.core.task.statemachine DEBUG| Task "40-./pcache.py:PcacheTest.test;run-cache_mode-writethrough-crc-disable-gc-gc80-test_script-fail_make_request-5141" finished
2025-08-03 15:11:01,925 avocado.core.task.statemachine DEBUG| Task "41-./pcache.py:PcacheTest.test;run-cache_mode-writearound-crc-enable-gc-gc0-test_script-default-3b13": requested -> triaging
2025-08-03 15:11:01,926 avocado.core.task.statemachine DEBUG| Task "41-./pcache.py:PcacheTest.test;run-cache_mode-writearound-crc-enable-gc-gc0-test_script-default-3b13": requirements OK (will proceed to check dependencies)
2025-08-03 15:11:01,926 avocado.core.task.statemachine DEBUG| Task "41-./pcache.py:PcacheTest.test;run-cache_mode-writearound-crc-enable-gc-gc0-test_script-default-3b13": about to be spawned with "<avocado.plugins.spawners.process.ProcessSpawner object at 0x7f174d84bdd0>"
2025-08-03 15:11:01,929 avocado.core.task.statemachine DEBUG| Task "41-./pcache.py:PcacheTest.test;run-cache_mode-writearound-crc-enable-gc-gc0-test_script-default-3b13": spawned successfully
2025-08-03 15:11:02,250 avocado.core.status.repo DEBUG| Task "41-./pcache.py:PcacheTest.test;run-cache_mode-writearound-crc-enable-gc-gc0-test_script-default-3b13" started message: "{'status': 'started', 'time': 8913.793697539, 'output_dir': '/root/avocado/job-results/job-2025-08-03T13.33-3197a4b/test-results/41-._pcache.py_PcacheTest.test_run-cache_mode-writearound-crc-enable-gc-gc0-test_script-default-3b13', 'id': '41-./pcache.py:PcacheTest.test;run-cache_mode-writearound-crc-enable-gc-gc0-test_script-default-3b13'}"
2025-08-03 15:11:02,300 avocado.test INFO | ./pcache.py:PcacheTest.test;run-cache_mode-writearound-crc-enable-gc-gc0-test_script-default-3b13: STARTED
2025-08-03 15:11:02,968 avocado.core.status.repo DEBUG| Task "41-./pcache.py:PcacheTest.test;run-cache_mode-writearound-crc-enable-gc-gc0-test_script-default-3b13" finished message: "{'result': 'pass', 'status': 'finished', 'time': 8914.410422629}"
2025-08-03 15:11:03,022 avocado.test INFO | ./pcache.py:PcacheTest.test;run-cache_mode-writearound-crc-enable-gc-gc0-test_script-default-3b13: PASS
2025-08-03 15:11:03,023 avocado.test INFO | More information in /root/avocado/job-results/job-2025-08-03T13.33-3197a4b/test-results/41-._pcache.py_PcacheTest.test_run-cache_mode-writearound-crc-enable-gc-gc0-test_script-default-3b13
2025-08-03 15:11:03,060 avocado.core.task.statemachine DEBUG| Task "41-./pcache.py:PcacheTest.test;run-cache_mode-writearound-crc-enable-gc-gc0-test_script-default-3b13" finished
2025-08-03 15:11:03,060 avocado.core.task.statemachine DEBUG| Task "42-./pcache.py:PcacheTest.test;run-cache_mode-writearound-crc-enable-gc-gc0-test_script-xfstests-babe": requested -> triaging
2025-08-03 15:11:03,060 avocado.core.task.statemachine DEBUG| Task "42-./pcache.py:PcacheTest.test;run-cache_mode-writearound-crc-enable-gc-gc0-test_script-xfstests-babe": requirements OK (will proceed to check dependencies)
2025-08-03 15:11:03,060 avocado.core.task.statemachine DEBUG| Task "42-./pcache.py:PcacheTest.test;run-cache_mode-writearound-crc-enable-gc-gc0-test_script-xfstests-babe": about to be spawned with "<avocado.plugins.spawners.process.ProcessSpawner object at 0x7f174d84bdd0>"
2025-08-03 15:11:03,064 avocado.core.task.statemachine DEBUG| Task "42-./pcache.py:PcacheTest.test;run-cache_mode-writearound-crc-enable-gc-gc0-test_script-xfstests-babe": spawned successfully
2025-08-03 15:11:03,729 avocado.core.status.repo DEBUG| Task "42-./pcache.py:PcacheTest.test;run-cache_mode-writearound-crc-enable-gc-gc0-test_script-xfstests-babe" started message: "{'status': 'started', 'time': 8915.273050964, 'output_dir': '/root/avocado/job-results/job-2025-08-03T13.33-3197a4b/test-results/42-._pcache.py_PcacheTest.test_run-cache_mode-writearound-crc-enable-gc-gc0-test_script-xfstests-babe', 'id': '42-./pcache.py:PcacheTest.test;run-cache_mode-writearound-crc-enable-gc-gc0-test_script-xfstests-babe'}"
2025-08-03 15:11:03,730 avocado.test INFO | ./pcache.py:PcacheTest.test;run-cache_mode-writearound-crc-enable-gc-gc0-test_script-xfstests-babe: STARTED
2025-08-03 15:11:04,591 avocado.core.status.repo DEBUG| Task "42-./pcache.py:PcacheTest.test;run-cache_mode-writearound-crc-enable-gc-gc0-test_script-xfstests-babe" finished message: "{'result': 'pass', 'status': 'finished', 'time': 8916.035906336}"
2025-08-03 15:11:04,597 avocado.test INFO | ./pcache.py:PcacheTest.test;run-cache_mode-writearound-crc-enable-gc-gc0-test_script-xfstests-babe: PASS
2025-08-03 15:11:04,598 avocado.test INFO | More information in /root/avocado/job-results/job-2025-08-03T13.33-3197a4b/test-results/42-._pcache.py_PcacheTest.test_run-cache_mode-writearound-crc-enable-gc-gc0-test_script-xfstests-babe
2025-08-03 15:11:04,685 avocado.core.task.statemachine DEBUG| Task "42-./pcache.py:PcacheTest.test;run-cache_mode-writearound-crc-enable-gc-gc0-test_script-xfstests-babe" finished
2025-08-03 15:11:04,686 avocado.core.task.statemachine DEBUG| Task "43-./pcache.py:PcacheTest.test;run-cache_mode-writearound-crc-enable-gc-gc0-test_script-misc-56c6": requested -> triaging
2025-08-03 15:11:04,686 avocado.core.task.statemachine DEBUG| Task "43-./pcache.py:PcacheTest.test;run-cache_mode-writearound-crc-enable-gc-gc0-test_script-misc-56c6": requirements OK (will proceed to check dependencies)
2025-08-03 15:11:04,686 avocado.core.task.statemachine DEBUG| Task "43-./pcache.py:PcacheTest.test;run-cache_mode-writearound-crc-enable-gc-gc0-test_script-misc-56c6": about to be spawned with "<avocado.plugins.spawners.process.ProcessSpawner object at 0x7f174d84bdd0>"
2025-08-03 15:11:04,689 avocado.core.task.statemachine DEBUG| Task "43-./pcache.py:PcacheTest.test;run-cache_mode-writearound-crc-enable-gc-gc0-test_script-misc-56c6": spawned successfully
2025-08-03 15:11:05,041 avocado.core.status.repo DEBUG| Task "43-./pcache.py:PcacheTest.test;run-cache_mode-writearound-crc-enable-gc-gc0-test_script-misc-56c6" started message: "{'status': 'started', 'time': 8916.584779406, 'output_dir': '/root/avocado/job-results/job-2025-08-03T13.33-3197a4b/test-results/43-._pcache.py_PcacheTest.test_run-cache_mode-writearound-crc-enable-gc-gc0-test_script-misc-56c6', 'id': '43-./pcache.py:PcacheTest.test;run-cache_mode-writearound-crc-enable-gc-gc0-test_script-misc-56c6'}"
2025-08-03 15:11:05,053 avocado.test INFO | ./pcache.py:PcacheTest.test;run-cache_mode-writearound-crc-enable-gc-gc0-test_script-misc-56c6: STARTED
2025-08-03 15:11:05,989 avocado.core.status.repo DEBUG| Task "43-./pcache.py:PcacheTest.test;run-cache_mode-writearound-crc-enable-gc-gc0-test_script-misc-56c6" finished message: "{'result': 'pass', 'status': 'finished', 'time': 8917.43660899}"
2025-08-03 15:11:06,026 avocado.test INFO | ./pcache.py:PcacheTest.test;run-cache_mode-writearound-crc-enable-gc-gc0-test_script-misc-56c6: PASS
2025-08-03 15:11:06,026 avocado.test INFO | More information in /root/avocado/job-results/job-2025-08-03T13.33-3197a4b/test-results/43-._pcache.py_PcacheTest.test_run-cache_mode-writearound-crc-enable-gc-gc0-test_script-misc-56c6
2025-08-03 15:11:06,079 avocado.core.task.statemachine DEBUG| Task "43-./pcache.py:PcacheTest.test;run-cache_mode-writearound-crc-enable-gc-gc0-test_script-misc-56c6" finished
2025-08-03 15:11:06,080 avocado.core.task.statemachine DEBUG| Task "44-./pcache.py:PcacheTest.test;run-cache_mode-writearound-crc-enable-gc-gc0-test_script-failslab-1298": requested -> triaging
2025-08-03 15:11:06,080 avocado.core.task.statemachine DEBUG| Task "44-./pcache.py:PcacheTest.test;run-cache_mode-writearound-crc-enable-gc-gc0-test_script-failslab-1298": requirements OK (will proceed to check dependencies)
2025-08-03 15:11:06,080 avocado.core.task.statemachine DEBUG| Task "44-./pcache.py:PcacheTest.test;run-cache_mode-writearound-crc-enable-gc-gc0-test_script-failslab-1298": about to be spawned with "<avocado.plugins.spawners.process.ProcessSpawner object at 0x7f174d84bdd0>"
2025-08-03 15:11:06,083 avocado.core.task.statemachine DEBUG| Task "44-./pcache.py:PcacheTest.test;run-cache_mode-writearound-crc-enable-gc-gc0-test_script-failslab-1298": spawned successfully
2025-08-03 15:11:06,765 avocado.core.status.repo DEBUG| Task "44-./pcache.py:PcacheTest.test;run-cache_mode-writearound-crc-enable-gc-gc0-test_script-failslab-1298" started message: "{'status': 'started', 'time': 8918.309041978, 'output_dir': '/root/avocado/job-results/job-2025-08-03T13.33-3197a4b/test-results/44-._pcache.py_PcacheTest.test_run-cache_mode-writearound-crc-enable-gc-gc0-test_script-failslab-1298', 'id': '44-./pcache.py:PcacheTest.test;run-cache_mode-writearound-crc-enable-gc-gc0-test_script-failslab-1298'}"
2025-08-03 15:11:06,783 avocado.test INFO | ./pcache.py:PcacheTest.test;run-cache_mode-writearound-crc-enable-gc-gc0-test_script-failslab-1298: STARTED
2025-08-03 15:11:07,616 avocado.core.status.repo DEBUG| Task "44-./pcache.py:PcacheTest.test;run-cache_mode-writearound-crc-enable-gc-gc0-test_script-failslab-1298" finished message: "{'result': 'pass', 'status': 'finished', 'time': 8919.05770441}"
2025-08-03 15:11:07,650 avocado.test INFO | ./pcache.py:PcacheTest.test;run-cache_mode-writearound-crc-enable-gc-gc0-test_script-failslab-1298: PASS
2025-08-03 15:11:07,651 avocado.test INFO | More information in /root/avocado/job-results/job-2025-08-03T13.33-3197a4b/test-results/44-._pcache.py_PcacheTest.test_run-cache_mode-writearound-crc-enable-gc-gc0-test_script-failslab-1298
2025-08-03 15:11:07,731 avocado.core.task.statemachine DEBUG| Task "44-./pcache.py:PcacheTest.test;run-cache_mode-writearound-crc-enable-gc-gc0-test_script-failslab-1298" finished
2025-08-03 15:11:07,731 avocado.core.task.statemachine DEBUG| Task "45-./pcache.py:PcacheTest.test;run-cache_mode-writearound-crc-enable-gc-gc0-test_script-fail_make_request-1fc4": requested -> triaging
2025-08-03 15:11:07,732 avocado.core.task.statemachine DEBUG| Task "45-./pcache.py:PcacheTest.test;run-cache_mode-writearound-crc-enable-gc-gc0-test_script-fail_make_request-1fc4": requirements OK (will proceed to check dependencies)
2025-08-03 15:11:07,732 avocado.core.task.statemachine DEBUG| Task "45-./pcache.py:PcacheTest.test;run-cache_mode-writearound-crc-enable-gc-gc0-test_script-fail_make_request-1fc4": about to be spawned with "<avocado.plugins.spawners.process.ProcessSpawner object at 0x7f174d84bdd0>"
2025-08-03 15:11:07,735 avocado.core.task.statemachine DEBUG| Task "45-./pcache.py:PcacheTest.test;run-cache_mode-writearound-crc-enable-gc-gc0-test_script-fail_make_request-1fc4": spawned successfully
2025-08-03 15:11:08,082 avocado.core.status.repo DEBUG| Task "45-./pcache.py:PcacheTest.test;run-cache_mode-writearound-crc-enable-gc-gc0-test_script-fail_make_request-1fc4" started message: "{'status': 'started', 'time': 8919.625660411, 'output_dir': '/root/avocado/job-results/job-2025-08-03T13.33-3197a4b/test-results/45-._pcache.py_PcacheTest.test_run-cache_mode-writearound-crc-enable-gc-gc0-test_script-fail_make_request-1fc4', 'id': '45-./pcache.py:PcacheTest.test;run-cache_mode-writearound-crc-enable-gc-gc0-test_script-fail_make_request-1fc4'}"
2025-08-03 15:11:08,107 avocado.test INFO | ./pcache.py:PcacheTest.test;run-cache_mode-writearound-crc-enable-gc-gc0-test_script-fail_make_request-1fc4: STARTED
2025-08-03 15:11:09,841 avocado.core.status.repo DEBUG| Task "45-./pcache.py:PcacheTest.test;run-cache_mode-writearound-crc-enable-gc-gc0-test_script-fail_make_request-1fc4" finished message: "{'result': 'pass', 'status': 'finished', 'time': 8921.291034413}"
2025-08-03 15:11:09,887 avocado.test INFO | ./pcache.py:PcacheTest.test;run-cache_mode-writearound-crc-enable-gc-gc0-test_script-fail_make_request-1fc4: PASS
2025-08-03 15:11:09,887 avocado.test INFO | More information in /root/avocado/job-results/job-2025-08-03T13.33-3197a4b/test-results/45-._pcache.py_PcacheTest.test_run-cache_mode-writearound-crc-enable-gc-gc0-test_script-fail_make_request-1fc4
2025-08-03 15:11:09,932 avocado.core.task.statemachine DEBUG| Task "45-./pcache.py:PcacheTest.test;run-cache_mode-writearound-crc-enable-gc-gc0-test_script-fail_make_request-1fc4" finished
2025-08-03 15:11:09,932 avocado.core.task.statemachine DEBUG| Task "46-./pcache.py:PcacheTest.test;run-cache_mode-writearound-crc-disable-gc-gc0-test_script-default-2cad": requested -> triaging
2025-08-03 15:11:09,932 avocado.core.task.statemachine DEBUG| Task "46-./pcache.py:PcacheTest.test;run-cache_mode-writearound-crc-disable-gc-gc0-test_script-default-2cad": requirements OK (will proceed to check dependencies)
2025-08-03 15:11:09,933 avocado.core.task.statemachine DEBUG| Task "46-./pcache.py:PcacheTest.test;run-cache_mode-writearound-crc-disable-gc-gc0-test_script-default-2cad": about to be spawned with "<avocado.plugins.spawners.process.ProcessSpawner object at 0x7f174d84bdd0>"
2025-08-03 15:11:09,936 avocado.core.task.statemachine DEBUG| Task "46-./pcache.py:PcacheTest.test;run-cache_mode-writearound-crc-disable-gc-gc0-test_script-default-2cad": spawned successfully
2025-08-03 15:11:10,435 avocado.core.status.repo DEBUG| Task "46-./pcache.py:PcacheTest.test;run-cache_mode-writearound-crc-disable-gc-gc0-test_script-default-2cad" started message: "{'status': 'started', 'time': 8921.977741108, 'output_dir': '/root/avocado/job-results/job-2025-08-03T13.33-3197a4b/test-results/46-._pcache.py_PcacheTest.test_run-cache_mode-writearound-crc-disable-gc-gc0-test_script-default-2cad', 'id': '46-./pcache.py:PcacheTest.test;run-cache_mode-writearound-crc-disable-gc-gc0-test_script-default-2cad'}"
2025-08-03 15:11:10,442 avocado.test INFO | ./pcache.py:PcacheTest.test;run-cache_mode-writearound-crc-disable-gc-gc0-test_script-default-2cad: STARTED
2025-08-03 15:11:11,297 avocado.core.status.repo DEBUG| Task "46-./pcache.py:PcacheTest.test;run-cache_mode-writearound-crc-disable-gc-gc0-test_script-default-2cad" finished message: "{'result': 'pass', 'status': 'finished', 'time': 8922.748434225}"
2025-08-03 15:11:11,315 avocado.test INFO | ./pcache.py:PcacheTest.test;run-cache_mode-writearound-crc-disable-gc-gc0-test_script-default-2cad: PASS
2025-08-03 15:11:11,315 avocado.test INFO | More information in /root/avocado/job-results/job-2025-08-03T13.33-3197a4b/test-results/46-._pcache.py_PcacheTest.test_run-cache_mode-writearound-crc-disable-gc-gc0-test_script-default-2cad
2025-08-03 15:11:11,400 avocado.core.task.statemachine DEBUG| Task "46-./pcache.py:PcacheTest.test;run-cache_mode-writearound-crc-disable-gc-gc0-test_script-default-2cad" finished
2025-08-03 15:11:11,400 avocado.core.task.statemachine DEBUG| Task "47-./pcache.py:PcacheTest.test;run-cache_mode-writearound-crc-disable-gc-gc0-test_script-xfstests-eb47": requested -> triaging
2025-08-03 15:11:11,400 avocado.core.task.statemachine DEBUG| Task "47-./pcache.py:PcacheTest.test;run-cache_mode-writearound-crc-disable-gc-gc0-test_script-xfstests-eb47": requirements OK (will proceed to check dependencies)
2025-08-03 15:11:11,401 avocado.core.task.statemachine DEBUG| Task "47-./pcache.py:PcacheTest.test;run-cache_mode-writearound-crc-disable-gc-gc0-test_script-xfstests-eb47": about to be spawned with "<avocado.plugins.spawners.process.ProcessSpawner object at 0x7f174d84bdd0>"
2025-08-03 15:11:11,404 avocado.core.task.statemachine DEBUG| Task "47-./pcache.py:PcacheTest.test;run-cache_mode-writearound-crc-disable-gc-gc0-test_script-xfstests-eb47": spawned successfully
2025-08-03 15:11:11,840 avocado.core.status.repo DEBUG| Task "47-./pcache.py:PcacheTest.test;run-cache_mode-writearound-crc-disable-gc-gc0-test_script-xfstests-eb47" started message: "{'status': 'started', 'time': 8923.382998587, 'output_dir': '/root/avocado/job-results/job-2025-08-03T13.33-3197a4b/test-results/47-._pcache.py_PcacheTest.test_run-cache_mode-writearound-crc-disable-gc-gc0-test_script-xfstests-eb47', 'id': '47-./pcache.py:PcacheTest.test;run-cache_mode-writearound-crc-disable-gc-gc0-test_script-xfstests-eb47'}"
2025-08-03 15:11:11,869 avocado.test INFO | ./pcache.py:PcacheTest.test;run-cache_mode-writearound-crc-disable-gc-gc0-test_script-xfstests-eb47: STARTED
2025-08-03 15:11:12,857 avocado.core.status.repo DEBUG| Task "47-./pcache.py:PcacheTest.test;run-cache_mode-writearound-crc-disable-gc-gc0-test_script-xfstests-eb47" finished message: "{'result': 'pass', 'status': 'finished', 'time': 8924.304804333}"
2025-08-03 15:11:12,891 avocado.test INFO | ./pcache.py:PcacheTest.test;run-cache_mode-writearound-crc-disable-gc-gc0-test_script-xfstests-eb47: PASS
2025-08-03 15:11:12,892 avocado.test INFO | More information in /root/avocado/job-results/job-2025-08-03T13.33-3197a4b/test-results/47-._pcache.py_PcacheTest.test_run-cache_mode-writearound-crc-disable-gc-gc0-test_script-xfstests-eb47
2025-08-03 15:11:12,950 avocado.core.task.statemachine DEBUG| Task "47-./pcache.py:PcacheTest.test;run-cache_mode-writearound-crc-disable-gc-gc0-test_script-xfstests-eb47" finished
2025-08-03 15:11:12,951 avocado.core.task.statemachine DEBUG| Task "48-./pcache.py:PcacheTest.test;run-cache_mode-writearound-crc-disable-gc-gc0-test_script-misc-6e35": requested -> triaging
2025-08-03 15:11:12,951 avocado.core.task.statemachine DEBUG| Task "48-./pcache.py:PcacheTest.test;run-cache_mode-writearound-crc-disable-gc-gc0-test_script-misc-6e35": requirements OK (will proceed to check dependencies)
2025-08-03 15:11:12,951 avocado.core.task.statemachine DEBUG| Task "48-./pcache.py:PcacheTest.test;run-cache_mode-writearound-crc-disable-gc-gc0-test_script-misc-6e35": about to be spawned with "<avocado.plugins.spawners.process.ProcessSpawner object at 0x7f174d84bdd0>"
2025-08-03 15:11:12,955 avocado.core.task.statemachine DEBUG| Task "48-./pcache.py:PcacheTest.test;run-cache_mode-writearound-crc-disable-gc-gc0-test_script-misc-6e35": spawned successfully
2025-08-03 15:11:13,492 avocado.core.status.repo DEBUG| Task "48-./pcache.py:PcacheTest.test;run-cache_mode-writearound-crc-disable-gc-gc0-test_script-misc-6e35" started message: "{'status': 'started', 'time': 8925.034960974, 'output_dir': '/root/avocado/job-results/job-2025-08-03T13.33-3197a4b/test-results/48-._pcache.py_PcacheTest.test_run-cache_mode-writearound-crc-disable-gc-gc0-test_script-misc-6e35', 'id': '48-./pcache.py:PcacheTest.test;run-cache_mode-writearound-crc-disable-gc-gc0-test_script-misc-6e35'}"
2025-08-03 15:11:13,497 avocado.test INFO | ./pcache.py:PcacheTest.test;run-cache_mode-writearound-crc-disable-gc-gc0-test_script-misc-6e35: STARTED
2025-08-03 15:11:14,467 avocado.core.status.repo DEBUG| Task "48-./pcache.py:PcacheTest.test;run-cache_mode-writearound-crc-disable-gc-gc0-test_script-misc-6e35" finished message: "{'result': 'pass', 'status': 'finished', 'time': 8925.908641475}"
2025-08-03 15:11:14,520 avocado.test INFO | ./pcache.py:PcacheTest.test;run-cache_mode-writearound-crc-disable-gc-gc0-test_script-misc-6e35: PASS
2025-08-03 15:11:14,520 avocado.test INFO | More information in /root/avocado/job-results/job-2025-08-03T13.33-3197a4b/test-results/48-._pcache.py_PcacheTest.test_run-cache_mode-writearound-crc-disable-gc-gc0-test_script-misc-6e35
2025-08-03 15:11:14,561 avocado.core.task.statemachine DEBUG| Task "48-./pcache.py:PcacheTest.test;run-cache_mode-writearound-crc-disable-gc-gc0-test_script-misc-6e35" finished
2025-08-03 15:11:14,561 avocado.core.task.statemachine DEBUG| Task "49-./pcache.py:PcacheTest.test;run-cache_mode-writearound-crc-disable-gc-gc0-test_script-failslab-e233": requested -> triaging
2025-08-03 15:11:14,561 avocado.core.task.statemachine DEBUG| Task "49-./pcache.py:PcacheTest.test;run-cache_mode-writearound-crc-disable-gc-gc0-test_script-failslab-e233": requirements OK (will proceed to check dependencies)
2025-08-03 15:11:14,561 avocado.core.task.statemachine DEBUG| Task "49-./pcache.py:PcacheTest.test;run-cache_mode-writearound-crc-disable-gc-gc0-test_script-failslab-e233": about to be spawned with "<avocado.plugins.spawners.process.ProcessSpawner object at 0x7f174d84bdd0>"
2025-08-03 15:11:14,565 avocado.core.task.statemachine DEBUG| Task "49-./pcache.py:PcacheTest.test;run-cache_mode-writearound-crc-disable-gc-gc0-test_script-failslab-e233": spawned successfully
2025-08-03 15:11:15,244 avocado.core.status.repo DEBUG| Task "49-./pcache.py:PcacheTest.test;run-cache_mode-writearound-crc-disable-gc-gc0-test_script-failslab-e233" started message: "{'status': 'started', 'time': 8926.787103687, 'output_dir': '/root/avocado/job-results/job-2025-08-03T13.33-3197a4b/test-results/49-._pcache.py_PcacheTest.test_run-cache_mode-writearound-crc-disable-gc-gc0-test_script-failslab-e233', 'id': '49-./pcache.py:PcacheTest.test;run-cache_mode-writearound-crc-disable-gc-gc0-test_script-failslab-e233'}"
2025-08-03 15:11:15,278 avocado.test INFO | ./pcache.py:PcacheTest.test;run-cache_mode-writearound-crc-disable-gc-gc0-test_script-failslab-e233: STARTED
2025-08-03 15:11:16,093 avocado.core.status.repo DEBUG| Task "49-./pcache.py:PcacheTest.test;run-cache_mode-writearound-crc-disable-gc-gc0-test_script-failslab-e233" finished message: "{'result': 'pass', 'status': 'finished', 'time': 8927.541039438}"
2025-08-03 15:11:16,148 avocado.test INFO | ./pcache.py:PcacheTest.test;run-cache_mode-writearound-crc-disable-gc-gc0-test_script-failslab-e233: PASS
2025-08-03 15:11:16,149 avocado.test INFO | More information in /root/avocado/job-results/job-2025-08-03T13.33-3197a4b/test-results/49-._pcache.py_PcacheTest.test_run-cache_mode-writearound-crc-disable-gc-gc0-test_script-failslab-e233
2025-08-03 15:11:16,188 avocado.core.task.statemachine DEBUG| Task "49-./pcache.py:PcacheTest.test;run-cache_mode-writearound-crc-disable-gc-gc0-test_script-failslab-e233" finished
2025-08-03 15:11:16,188 avocado.core.task.statemachine DEBUG| Task "50-./pcache.py:PcacheTest.test;run-cache_mode-writearound-crc-disable-gc-gc0-test_script-fail_make_request-a661": requested -> triaging
2025-08-03 15:11:16,188 avocado.core.task.statemachine DEBUG| Task "50-./pcache.py:PcacheTest.test;run-cache_mode-writearound-crc-disable-gc-gc0-test_script-fail_make_request-a661": requirements OK (will proceed to check dependencies)
2025-08-03 15:11:16,189 avocado.core.task.statemachine DEBUG| Task "50-./pcache.py:PcacheTest.test;run-cache_mode-writearound-crc-disable-gc-gc0-test_script-fail_make_request-a661": about to be spawned with "<avocado.plugins.spawners.process.ProcessSpawner object at 0x7f174d84bdd0>"
2025-08-03 15:11:16,192 avocado.core.task.statemachine DEBUG| Task "50-./pcache.py:PcacheTest.test;run-cache_mode-writearound-crc-disable-gc-gc0-test_script-fail_make_request-a661": spawned successfully
2025-08-03 15:11:16,544 avocado.core.status.repo DEBUG| Task "50-./pcache.py:PcacheTest.test;run-cache_mode-writearound-crc-disable-gc-gc0-test_script-fail_make_request-a661" started message: "{'status': 'started', 'time': 8928.088107873, 'output_dir': '/root/avocado/job-results/job-2025-08-03T13.33-3197a4b/test-results/50-._pcache.py_PcacheTest.test_run-cache_mode-writearound-crc-disable-gc-gc0-test_script-fail_make_request-a661', 'id': '50-./pcache.py:PcacheTest.test;run-cache_mode-writearound-crc-disable-gc-gc0-test_script-fail_make_request-a661'}"
2025-08-03 15:11:16,552 avocado.test INFO | ./pcache.py:PcacheTest.test;run-cache_mode-writearound-crc-disable-gc-gc0-test_script-fail_make_request-a661: STARTED
2025-08-03 15:11:18,284 avocado.core.status.repo DEBUG| Task "50-./pcache.py:PcacheTest.test;run-cache_mode-writearound-crc-disable-gc-gc0-test_script-fail_make_request-a661" finished message: "{'result': 'pass', 'status': 'finished', 'time': 8929.731219958}"
2025-08-03 15:11:18,331 avocado.test INFO | ./pcache.py:PcacheTest.test;run-cache_mode-writearound-crc-disable-gc-gc0-test_script-fail_make_request-a661: PASS
2025-08-03 15:11:18,331 avocado.test INFO | More information in /root/avocado/job-results/job-2025-08-03T13.33-3197a4b/test-results/50-._pcache.py_PcacheTest.test_run-cache_mode-writearound-crc-disable-gc-gc0-test_script-fail_make_request-a661
2025-08-03 15:11:18,378 avocado.core.task.statemachine DEBUG| Task "50-./pcache.py:PcacheTest.test;run-cache_mode-writearound-crc-disable-gc-gc0-test_script-fail_make_request-a661" finished
2025-08-03 15:11:18,378 avocado.core.task.statemachine DEBUG| Task "51-./pcache.py:PcacheTest.test;run-cache_mode-writearound-crc-enable-gc-gc80-test_script-default-4b92": requested -> triaging
2025-08-03 15:11:18,379 avocado.core.task.statemachine DEBUG| Task "51-./pcache.py:PcacheTest.test;run-cache_mode-writearound-crc-enable-gc-gc80-test_script-default-4b92": requirements OK (will proceed to check dependencies)
2025-08-03 15:11:18,379 avocado.core.task.statemachine DEBUG| Task "51-./pcache.py:PcacheTest.test;run-cache_mode-writearound-crc-enable-gc-gc80-test_script-default-4b92": about to be spawned with "<avocado.plugins.spawners.process.ProcessSpawner object at 0x7f174d84bdd0>"
2025-08-03 15:11:18,382 avocado.core.task.statemachine DEBUG| Task "51-./pcache.py:PcacheTest.test;run-cache_mode-writearound-crc-enable-gc-gc80-test_script-default-4b92": spawned successfully
2025-08-03 15:11:18,783 avocado.core.status.repo DEBUG| Task "51-./pcache.py:PcacheTest.test;run-cache_mode-writearound-crc-enable-gc-gc80-test_script-default-4b92" started message: "{'status': 'started', 'time': 8930.32586796, 'output_dir': '/root/avocado/job-results/job-2025-08-03T13.33-3197a4b/test-results/51-._pcache.py_PcacheTest.test_run-cache_mode-writearound-crc-enable-gc-gc80-test_script-default-4b92', 'id': '51-./pcache.py:PcacheTest.test;run-cache_mode-writearound-crc-enable-gc-gc80-test_script-default-4b92'}"
2025-08-03 15:11:18,785 avocado.test INFO | ./pcache.py:PcacheTest.test;run-cache_mode-writearound-crc-enable-gc-gc80-test_script-default-4b92: STARTED
2025-08-03 15:11:19,665 avocado.core.status.repo DEBUG| Task "51-./pcache.py:PcacheTest.test;run-cache_mode-writearound-crc-enable-gc-gc80-test_script-default-4b92" finished message: "{'result': 'pass', 'status': 'finished', 'time': 8931.105919937}"
2025-08-03 15:11:19,709 avocado.test INFO | ./pcache.py:PcacheTest.test;run-cache_mode-writearound-crc-enable-gc-gc80-test_script-default-4b92: PASS
2025-08-03 15:11:19,710 avocado.test INFO | More information in /root/avocado/job-results/job-2025-08-03T13.33-3197a4b/test-results/51-._pcache.py_PcacheTest.test_run-cache_mode-writearound-crc-enable-gc-gc80-test_script-default-4b92
2025-08-03 15:11:19,779 avocado.core.task.statemachine DEBUG| Task "51-./pcache.py:PcacheTest.test;run-cache_mode-writearound-crc-enable-gc-gc80-test_script-default-4b92" finished
2025-08-03 15:11:19,779 avocado.core.task.statemachine DEBUG| Task "52-./pcache.py:PcacheTest.test;run-cache_mode-writearound-crc-enable-gc-gc80-test_script-xfstests-bcf0": requested -> triaging
2025-08-03 15:11:19,779 avocado.core.task.statemachine DEBUG| Task "52-./pcache.py:PcacheTest.test;run-cache_mode-writearound-crc-enable-gc-gc80-test_script-xfstests-bcf0": requirements OK (will proceed to check dependencies)
2025-08-03 15:11:19,780 avocado.core.task.statemachine DEBUG| Task "52-./pcache.py:PcacheTest.test;run-cache_mode-writearound-crc-enable-gc-gc80-test_script-xfstests-bcf0": about to be spawned with "<avocado.plugins.spawners.process.ProcessSpawner object at 0x7f174d84bdd0>"
2025-08-03 15:11:19,783 avocado.core.task.statemachine DEBUG| Task "52-./pcache.py:PcacheTest.test;run-cache_mode-writearound-crc-enable-gc-gc80-test_script-xfstests-bcf0": spawned successfully
2025-08-03 15:11:20,142 avocado.core.status.repo DEBUG| Task "52-./pcache.py:PcacheTest.test;run-cache_mode-writearound-crc-enable-gc-gc80-test_script-xfstests-bcf0" started message: "{'status': 'started', 'time': 8931.686394887, 'output_dir': '/root/avocado/job-results/job-2025-08-03T13.33-3197a4b/test-results/52-._pcache.py_PcacheTest.test_run-cache_mode-writearound-crc-enable-gc-gc80-test_script-xfstests-bcf0', 'id': '52-./pcache.py:PcacheTest.test;run-cache_mode-writearound-crc-enable-gc-gc80-test_script-xfstests-bcf0'}"
2025-08-03 15:11:20,164 avocado.test INFO | ./pcache.py:PcacheTest.test;run-cache_mode-writearound-crc-enable-gc-gc80-test_script-xfstests-bcf0: STARTED
2025-08-03 15:11:21,140 avocado.core.status.repo DEBUG| Task "52-./pcache.py:PcacheTest.test;run-cache_mode-writearound-crc-enable-gc-gc80-test_script-xfstests-bcf0" finished message: "{'result': 'pass', 'status': 'finished', 'time': 8932.58597093}"
2025-08-03 15:11:21,186 avocado.test INFO | ./pcache.py:PcacheTest.test;run-cache_mode-writearound-crc-enable-gc-gc80-test_script-xfstests-bcf0: PASS
2025-08-03 15:11:21,187 avocado.test INFO | More information in /root/avocado/job-results/job-2025-08-03T13.33-3197a4b/test-results/52-._pcache.py_PcacheTest.test_run-cache_mode-writearound-crc-enable-gc-gc80-test_script-xfstests-bcf0
2025-08-03 15:11:21,235 avocado.core.task.statemachine DEBUG| Task "52-./pcache.py:PcacheTest.test;run-cache_mode-writearound-crc-enable-gc-gc80-test_script-xfstests-bcf0" finished
2025-08-03 15:11:21,235 avocado.core.task.statemachine DEBUG| Task "53-./pcache.py:PcacheTest.test;run-cache_mode-writearound-crc-enable-gc-gc80-test_script-misc-959a": requested -> triaging
2025-08-03 15:11:21,235 avocado.core.task.statemachine DEBUG| Task "53-./pcache.py:PcacheTest.test;run-cache_mode-writearound-crc-enable-gc-gc80-test_script-misc-959a": requirements OK (will proceed to check dependencies)
2025-08-03 15:11:21,235 avocado.core.task.statemachine DEBUG| Task "53-./pcache.py:PcacheTest.test;run-cache_mode-writearound-crc-enable-gc-gc80-test_script-misc-959a": about to be spawned with "<avocado.plugins.spawners.process.ProcessSpawner object at 0x7f174d84bdd0>"
2025-08-03 15:11:21,239 avocado.core.task.statemachine DEBUG| Task "53-./pcache.py:PcacheTest.test;run-cache_mode-writearound-crc-enable-gc-gc80-test_script-misc-959a": spawned successfully
2025-08-03 15:11:21,590 avocado.core.status.repo DEBUG| Task "53-./pcache.py:PcacheTest.test;run-cache_mode-writearound-crc-enable-gc-gc80-test_script-misc-959a" started message: "{'status': 'started', 'time': 8933.133391839, 'output_dir': '/root/avocado/job-results/job-2025-08-03T13.33-3197a4b/test-results/53-._pcache.py_PcacheTest.test_run-cache_mode-writearound-crc-enable-gc-gc80-test_script-misc-959a', 'id': '53-./pcache.py:PcacheTest.test;run-cache_mode-writearound-crc-enable-gc-gc80-test_script-misc-959a'}"
2025-08-03 15:11:21,591 avocado.test INFO | ./pcache.py:PcacheTest.test;run-cache_mode-writearound-crc-enable-gc-gc80-test_script-misc-959a: STARTED
2025-08-03 15:11:22,567 avocado.core.status.repo DEBUG| Task "53-./pcache.py:PcacheTest.test;run-cache_mode-writearound-crc-enable-gc-gc80-test_script-misc-959a" finished message: "{'result': 'pass', 'status': 'finished', 'time': 8934.016158415}"
2025-08-03 15:11:22,615 avocado.test INFO | ./pcache.py:PcacheTest.test;run-cache_mode-writearound-crc-enable-gc-gc80-test_script-misc-959a: PASS
2025-08-03 15:11:22,616 avocado.test INFO | More information in /root/avocado/job-results/job-2025-08-03T13.33-3197a4b/test-results/53-._pcache.py_PcacheTest.test_run-cache_mode-writearound-crc-enable-gc-gc80-test_script-misc-959a
2025-08-03 15:11:22,684 avocado.core.task.statemachine DEBUG| Task "53-./pcache.py:PcacheTest.test;run-cache_mode-writearound-crc-enable-gc-gc80-test_script-misc-959a" finished
2025-08-03 15:11:22,684 avocado.core.task.statemachine DEBUG| Task "54-./pcache.py:PcacheTest.test;run-cache_mode-writearound-crc-enable-gc-gc80-test_script-failslab-d164": requested -> triaging
2025-08-03 15:11:22,684 avocado.core.task.statemachine DEBUG| Task "54-./pcache.py:PcacheTest.test;run-cache_mode-writearound-crc-enable-gc-gc80-test_script-failslab-d164": requirements OK (will proceed to check dependencies)
2025-08-03 15:11:22,684 avocado.core.task.statemachine DEBUG| Task "54-./pcache.py:PcacheTest.test;run-cache_mode-writearound-crc-enable-gc-gc80-test_script-failslab-d164": about to be spawned with "<avocado.plugins.spawners.process.ProcessSpawner object at 0x7f174d84bdd0>"
2025-08-03 15:11:22,687 avocado.core.task.statemachine DEBUG| Task "54-./pcache.py:PcacheTest.test;run-cache_mode-writearound-crc-enable-gc-gc80-test_script-failslab-d164": spawned successfully
2025-08-03 15:11:23,063 avocado.core.status.repo DEBUG| Task "54-./pcache.py:PcacheTest.test;run-cache_mode-writearound-crc-enable-gc-gc80-test_script-failslab-d164" started message: "{'status': 'started', 'time': 8934.561854279, 'output_dir': '/root/avocado/job-results/job-2025-08-03T13.33-3197a4b/test-results/54-._pcache.py_PcacheTest.test_run-cache_mode-writearound-crc-enable-gc-gc80-test_script-failslab-d164', 'id': '54-./pcache.py:PcacheTest.test;run-cache_mode-writearound-crc-enable-gc-gc80-test_script-failslab-d164'}"
2025-08-03 15:11:23,115 avocado.test INFO | ./pcache.py:PcacheTest.test;run-cache_mode-writearound-crc-enable-gc-gc80-test_script-failslab-d164: STARTED
2025-08-03 15:11:24,036 avocado.core.status.repo DEBUG| Task "54-./pcache.py:PcacheTest.test;run-cache_mode-writearound-crc-enable-gc-gc80-test_script-failslab-d164" finished message: "{'result': 'pass', 'status': 'finished', 'time': 8935.480247934}"
2025-08-03 15:11:24,086 avocado.test INFO | ./pcache.py:PcacheTest.test;run-cache_mode-writearound-crc-enable-gc-gc80-test_script-failslab-d164: PASS
2025-08-03 15:11:24,086 avocado.test INFO | More information in /root/avocado/job-results/job-2025-08-03T13.33-3197a4b/test-results/54-._pcache.py_PcacheTest.test_run-cache_mode-writearound-crc-enable-gc-gc80-test_script-failslab-d164
2025-08-03 15:11:24,128 avocado.core.task.statemachine DEBUG| Task "54-./pcache.py:PcacheTest.test;run-cache_mode-writearound-crc-enable-gc-gc80-test_script-failslab-d164" finished
2025-08-03 15:11:24,128 avocado.core.task.statemachine DEBUG| Task "55-./pcache.py:PcacheTest.test;run-cache_mode-writearound-crc-enable-gc-gc80-test_script-fail_make_request-e0a7": requested -> triaging
2025-08-03 15:11:24,129 avocado.core.task.statemachine DEBUG| Task "55-./pcache.py:PcacheTest.test;run-cache_mode-writearound-crc-enable-gc-gc80-test_script-fail_make_request-e0a7": requirements OK (will proceed to check dependencies)
2025-08-03 15:11:24,129 avocado.core.task.statemachine DEBUG| Task "55-./pcache.py:PcacheTest.test;run-cache_mode-writearound-crc-enable-gc-gc80-test_script-fail_make_request-e0a7": about to be spawned with "<avocado.plugins.spawners.process.ProcessSpawner object at 0x7f174d84bdd0>"
2025-08-03 15:11:24,132 avocado.core.task.statemachine DEBUG| Task "55-./pcache.py:PcacheTest.test;run-cache_mode-writearound-crc-enable-gc-gc80-test_script-fail_make_request-e0a7": spawned successfully
2025-08-03 15:11:24,487 avocado.core.status.repo DEBUG| Task "55-./pcache.py:PcacheTest.test;run-cache_mode-writearound-crc-enable-gc-gc80-test_script-fail_make_request-e0a7" started message: "{'status': 'started', 'time': 8936.031124594, 'output_dir': '/root/avocado/job-results/job-2025-08-03T13.33-3197a4b/test-results/55-._pcache.py_PcacheTest.test_run-cache_mode-writearound-crc-enable-gc-gc80-test_script-fail_make_request-e0a7', 'id': '55-./pcache.py:PcacheTest.test;run-cache_mode-writearound-crc-enable-gc-gc80-test_script-fail_make_request-e0a7'}"
2025-08-03 15:11:24,490 avocado.test INFO | ./pcache.py:PcacheTest.test;run-cache_mode-writearound-crc-enable-gc-gc80-test_script-fail_make_request-e0a7: STARTED
2025-08-03 15:11:26,227 avocado.core.status.repo DEBUG| Task "55-./pcache.py:PcacheTest.test;run-cache_mode-writearound-crc-enable-gc-gc80-test_script-fail_make_request-e0a7" finished message: "{'result': 'pass', 'status': 'finished', 'time': 8937.675540591}"
2025-08-03 15:11:26,269 avocado.test INFO | ./pcache.py:PcacheTest.test;run-cache_mode-writearound-crc-enable-gc-gc80-test_script-fail_make_request-e0a7: PASS
2025-08-03 15:11:26,270 avocado.test INFO | More information in /root/avocado/job-results/job-2025-08-03T13.33-3197a4b/test-results/55-._pcache.py_PcacheTest.test_run-cache_mode-writearound-crc-enable-gc-gc80-test_script-fail_make_request-e0a7
2025-08-03 15:11:26,336 avocado.core.task.statemachine DEBUG| Task "55-./pcache.py:PcacheTest.test;run-cache_mode-writearound-crc-enable-gc-gc80-test_script-fail_make_request-e0a7" finished
2025-08-03 15:11:26,336 avocado.core.task.statemachine DEBUG| Task "56-./pcache.py:PcacheTest.test;run-cache_mode-writearound-crc-disable-gc-gc80-test_script-default-c008": requested -> triaging
2025-08-03 15:11:26,337 avocado.core.task.statemachine DEBUG| Task "56-./pcache.py:PcacheTest.test;run-cache_mode-writearound-crc-disable-gc-gc80-test_script-default-c008": requirements OK (will proceed to check dependencies)
2025-08-03 15:11:26,337 avocado.core.task.statemachine DEBUG| Task "56-./pcache.py:PcacheTest.test;run-cache_mode-writearound-crc-disable-gc-gc80-test_script-default-c008": about to be spawned with "<avocado.plugins.spawners.process.ProcessSpawner object at 0x7f174d84bdd0>"
2025-08-03 15:11:26,340 avocado.core.task.statemachine DEBUG| Task "56-./pcache.py:PcacheTest.test;run-cache_mode-writearound-crc-disable-gc-gc80-test_script-default-c008": spawned successfully
2025-08-03 15:11:26,692 avocado.core.status.repo DEBUG| Task "56-./pcache.py:PcacheTest.test;run-cache_mode-writearound-crc-disable-gc-gc80-test_script-default-c008" started message: "{'status': 'started', 'time': 8938.236376124, 'output_dir': '/root/avocado/job-results/job-2025-08-03T13.33-3197a4b/test-results/56-._pcache.py_PcacheTest.test_run-cache_mode-writearound-crc-disable-gc-gc80-test_script-default-c008', 'id': '56-./pcache.py:PcacheTest.test;run-cache_mode-writearound-crc-disable-gc-gc80-test_script-default-c008'}"
2025-08-03 15:11:26,723 avocado.test INFO | ./pcache.py:PcacheTest.test;run-cache_mode-writearound-crc-disable-gc-gc80-test_script-default-c008: STARTED
2025-08-03 15:11:27,557 avocado.core.status.repo DEBUG| Task "56-./pcache.py:PcacheTest.test;run-cache_mode-writearound-crc-disable-gc-gc80-test_script-default-c008" finished message: "{'result': 'pass', 'status': 'finished', 'time': 8939.007273385}"
2025-08-03 15:11:27,595 avocado.test INFO | ./pcache.py:PcacheTest.test;run-cache_mode-writearound-crc-disable-gc-gc80-test_script-default-c008: PASS
2025-08-03 15:11:27,595 avocado.test INFO | More information in /root/avocado/job-results/job-2025-08-03T13.33-3197a4b/test-results/56-._pcache.py_PcacheTest.test_run-cache_mode-writearound-crc-disable-gc-gc80-test_script-default-c008
2025-08-03 15:11:27,652 avocado.core.task.statemachine DEBUG| Task "56-./pcache.py:PcacheTest.test;run-cache_mode-writearound-crc-disable-gc-gc80-test_script-default-c008" finished
2025-08-03 15:11:27,652 avocado.core.task.statemachine DEBUG| Task "57-./pcache.py:PcacheTest.test;run-cache_mode-writearound-crc-disable-gc-gc80-test_script-xfstests-e759": requested -> triaging
2025-08-03 15:11:27,653 avocado.core.task.statemachine DEBUG| Task "57-./pcache.py:PcacheTest.test;run-cache_mode-writearound-crc-disable-gc-gc80-test_script-xfstests-e759": requirements OK (will proceed to check dependencies)
2025-08-03 15:11:27,653 avocado.core.task.statemachine DEBUG| Task "57-./pcache.py:PcacheTest.test;run-cache_mode-writearound-crc-disable-gc-gc80-test_script-xfstests-e759": about to be spawned with "<avocado.plugins.spawners.process.ProcessSpawner object at 0x7f174d84bdd0>"
2025-08-03 15:11:27,656 avocado.core.task.statemachine DEBUG| Task "57-./pcache.py:PcacheTest.test;run-cache_mode-writearound-crc-disable-gc-gc80-test_script-xfstests-e759": spawned successfully
2025-08-03 15:11:28,008 avocado.core.status.repo DEBUG| Task "57-./pcache.py:PcacheTest.test;run-cache_mode-writearound-crc-disable-gc-gc80-test_script-xfstests-e759" started message: "{'status': 'started', 'time': 8939.552132018, 'output_dir': '/root/avocado/job-results/job-2025-08-03T13.33-3197a4b/test-results/57-._pcache.py_PcacheTest.test_run-cache_mode-writearound-crc-disable-gc-gc80-test_script-xfstests-e759', 'id': '57-./pcache.py:PcacheTest.test;run-cache_mode-writearound-crc-disable-gc-gc80-test_script-xfstests-e759'}"
2025-08-03 15:11:28,050 avocado.test INFO | ./pcache.py:PcacheTest.test;run-cache_mode-writearound-crc-disable-gc-gc80-test_script-xfstests-e759: STARTED
2025-08-03 15:11:28,997 avocado.core.status.repo DEBUG| Task "57-./pcache.py:PcacheTest.test;run-cache_mode-writearound-crc-disable-gc-gc80-test_script-xfstests-e759" finished message: "{'result': 'pass', 'status': 'finished', 'time': 8940.445146384}"
2025-08-03 15:11:29,020 avocado.test INFO | ./pcache.py:PcacheTest.test;run-cache_mode-writearound-crc-disable-gc-gc80-test_script-xfstests-e759: PASS
2025-08-03 15:11:29,020 avocado.test INFO | More information in /root/avocado/job-results/job-2025-08-03T13.33-3197a4b/test-results/57-._pcache.py_PcacheTest.test_run-cache_mode-writearound-crc-disable-gc-gc80-test_script-xfstests-e759
2025-08-03 15:11:29,091 avocado.core.task.statemachine DEBUG| Task "57-./pcache.py:PcacheTest.test;run-cache_mode-writearound-crc-disable-gc-gc80-test_script-xfstests-e759" finished
2025-08-03 15:11:29,091 avocado.core.task.statemachine DEBUG| Task "58-./pcache.py:PcacheTest.test;run-cache_mode-writearound-crc-disable-gc-gc80-test_script-misc-d898": requested -> triaging
2025-08-03 15:11:29,092 avocado.core.task.statemachine DEBUG| Task "58-./pcache.py:PcacheTest.test;run-cache_mode-writearound-crc-disable-gc-gc80-test_script-misc-d898": requirements OK (will proceed to check dependencies)
2025-08-03 15:11:29,092 avocado.core.task.statemachine DEBUG| Task "58-./pcache.py:PcacheTest.test;run-cache_mode-writearound-crc-disable-gc-gc80-test_script-misc-d898": about to be spawned with "<avocado.plugins.spawners.process.ProcessSpawner object at 0x7f174d84bdd0>"
2025-08-03 15:11:29,095 avocado.core.task.statemachine DEBUG| Task "58-./pcache.py:PcacheTest.test;run-cache_mode-writearound-crc-disable-gc-gc80-test_script-misc-d898": spawned successfully
2025-08-03 15:11:29,444 avocado.core.status.repo DEBUG| Task "58-./pcache.py:PcacheTest.test;run-cache_mode-writearound-crc-disable-gc-gc80-test_script-misc-d898" started message: "{'status': 'started', 'time': 8940.988281064, 'output_dir': '/root/avocado/job-results/job-2025-08-03T13.33-3197a4b/test-results/58-._pcache.py_PcacheTest.test_run-cache_mode-writearound-crc-disable-gc-gc80-test_script-misc-d898', 'id': '58-./pcache.py:PcacheTest.test;run-cache_mode-writearound-crc-disable-gc-gc80-test_script-misc-d898'}"
2025-08-03 15:11:29,475 avocado.test INFO | ./pcache.py:PcacheTest.test;run-cache_mode-writearound-crc-disable-gc-gc80-test_script-misc-d898: STARTED
2025-08-03 15:11:30,424 avocado.core.status.repo DEBUG| Task "58-./pcache.py:PcacheTest.test;run-cache_mode-writearound-crc-disable-gc-gc80-test_script-misc-d898" finished message: "{'result': 'pass', 'status': 'finished', 'time': 8941.871160749}"
2025-08-03 15:11:30,446 avocado.test INFO | ./pcache.py:PcacheTest.test;run-cache_mode-writearound-crc-disable-gc-gc80-test_script-misc-d898: PASS
2025-08-03 15:11:30,447 avocado.test INFO | More information in /root/avocado/job-results/job-2025-08-03T13.33-3197a4b/test-results/58-._pcache.py_PcacheTest.test_run-cache_mode-writearound-crc-disable-gc-gc80-test_script-misc-d898
2025-08-03 15:11:30,510 avocado.core.task.statemachine DEBUG| Task "58-./pcache.py:PcacheTest.test;run-cache_mode-writearound-crc-disable-gc-gc80-test_script-misc-d898" finished
2025-08-03 15:11:30,510 avocado.core.task.statemachine DEBUG| Task "59-./pcache.py:PcacheTest.test;run-cache_mode-writearound-crc-disable-gc-gc80-test_script-failslab-90ac": requested -> triaging
2025-08-03 15:11:30,510 avocado.core.task.statemachine DEBUG| Task "59-./pcache.py:PcacheTest.test;run-cache_mode-writearound-crc-disable-gc-gc80-test_script-failslab-90ac": requirements OK (will proceed to check dependencies)
2025-08-03 15:11:30,510 avocado.core.task.statemachine DEBUG| Task "59-./pcache.py:PcacheTest.test;run-cache_mode-writearound-crc-disable-gc-gc80-test_script-failslab-90ac": about to be spawned with "<avocado.plugins.spawners.process.ProcessSpawner object at 0x7f174d84bdd0>"
2025-08-03 15:11:30,514 avocado.core.task.statemachine DEBUG| Task "59-./pcache.py:PcacheTest.test;run-cache_mode-writearound-crc-disable-gc-gc80-test_script-failslab-90ac": spawned successfully
2025-08-03 15:11:31,153 avocado.core.status.repo DEBUG| Task "59-./pcache.py:PcacheTest.test;run-cache_mode-writearound-crc-disable-gc-gc80-test_script-failslab-90ac" started message: "{'status': 'started', 'time': 8942.695788777, 'output_dir': '/root/avocado/job-results/job-2025-08-03T13.33-3197a4b/test-results/59-._pcache.py_PcacheTest.test_run-cache_mode-writearound-crc-disable-gc-gc80-test_script-failslab-90ac', 'id': '59-./pcache.py:PcacheTest.test;run-cache_mode-writearound-crc-disable-gc-gc80-test_script-failslab-90ac'}"
2025-08-03 15:11:31,204 avocado.test INFO | ./pcache.py:PcacheTest.test;run-cache_mode-writearound-crc-disable-gc-gc80-test_script-failslab-90ac: STARTED
2025-08-03 15:11:32,127 avocado.core.status.repo DEBUG| Task "59-./pcache.py:PcacheTest.test;run-cache_mode-writearound-crc-disable-gc-gc80-test_script-failslab-90ac" finished message: "{'result': 'pass', 'status': 'finished', 'time': 8943.569230171}"
2025-08-03 15:11:32,174 avocado.test INFO | ./pcache.py:PcacheTest.test;run-cache_mode-writearound-crc-disable-gc-gc80-test_script-failslab-90ac: PASS
2025-08-03 15:11:32,174 avocado.test INFO | More information in /root/avocado/job-results/job-2025-08-03T13.33-3197a4b/test-results/59-._pcache.py_PcacheTest.test_run-cache_mode-writearound-crc-disable-gc-gc80-test_script-failslab-90ac
2025-08-03 15:11:32,222 avocado.core.task.statemachine DEBUG| Task "59-./pcache.py:PcacheTest.test;run-cache_mode-writearound-crc-disable-gc-gc80-test_script-failslab-90ac" finished
2025-08-03 15:11:32,223 avocado.core.task.statemachine DEBUG| Task "60-./pcache.py:PcacheTest.test;run-cache_mode-writearound-crc-disable-gc-gc80-test_script-fail_make_request-b73b": requested -> triaging
2025-08-03 15:11:32,223 avocado.core.task.statemachine DEBUG| Task "60-./pcache.py:PcacheTest.test;run-cache_mode-writearound-crc-disable-gc-gc80-test_script-fail_make_request-b73b": requirements OK (will proceed to check dependencies)
2025-08-03 15:11:32,223 avocado.core.task.statemachine DEBUG| Task "60-./pcache.py:PcacheTest.test;run-cache_mode-writearound-crc-disable-gc-gc80-test_script-fail_make_request-b73b": about to be spawned with "<avocado.plugins.spawners.process.ProcessSpawner object at 0x7f174d84bdd0>"
2025-08-03 15:11:32,226 avocado.core.task.statemachine DEBUG| Task "60-./pcache.py:PcacheTest.test;run-cache_mode-writearound-crc-disable-gc-gc80-test_script-fail_make_request-b73b": spawned successfully
2025-08-03 15:11:32,579 avocado.core.status.repo DEBUG| Task "60-./pcache.py:PcacheTest.test;run-cache_mode-writearound-crc-disable-gc-gc80-test_script-fail_make_request-b73b" started message: "{'status': 'started', 'time': 8944.122374179, 'output_dir': '/root/avocado/job-results/job-2025-08-03T13.33-3197a4b/test-results/60-._pcache.py_PcacheTest.test_run-cache_mode-writearound-crc-disable-gc-gc80-test_script-fail_make_request-b73b', 'id': '60-./pcache.py:PcacheTest.test;run-cache_mode-writearound-crc-disable-gc-gc80-test_script-fail_make_request-b73b'}"
2025-08-03 15:11:32,580 avocado.test INFO | ./pcache.py:PcacheTest.test;run-cache_mode-writearound-crc-disable-gc-gc80-test_script-fail_make_request-b73b: STARTED
2025-08-03 15:11:34,296 avocado.core.status.repo DEBUG| Task "60-./pcache.py:PcacheTest.test;run-cache_mode-writearound-crc-disable-gc-gc80-test_script-fail_make_request-b73b" finished message: "{'result': 'pass', 'status': 'finished', 'time': 8945.73881906}"
2025-08-03 15:11:34,309 avocado.test INFO | ./pcache.py:PcacheTest.test;run-cache_mode-writearound-crc-disable-gc-gc80-test_script-fail_make_request-b73b: PASS
2025-08-03 15:11:34,310 avocado.test INFO | More information in /root/avocado/job-results/job-2025-08-03T13.33-3197a4b/test-results/60-._pcache.py_PcacheTest.test_run-cache_mode-writearound-crc-disable-gc-gc80-test_script-fail_make_request-b73b
2025-08-03 15:11:34,386 avocado.core.task.statemachine DEBUG| Task "60-./pcache.py:PcacheTest.test;run-cache_mode-writearound-crc-disable-gc-gc80-test_script-fail_make_request-b73b" finished
2025-08-03 15:11:34,386 avocado.core.task.statemachine DEBUG| Task "61-./pcache.py:PcacheTest.test;run-cache_mode-writeonly-crc-enable-gc-gc0-test_script-default-47a3": requested -> triaging
2025-08-03 15:11:34,386 avocado.core.task.statemachine DEBUG| Task "61-./pcache.py:PcacheTest.test;run-cache_mode-writeonly-crc-enable-gc-gc0-test_script-default-47a3": requirements OK (will proceed to check dependencies)
2025-08-03 15:11:34,387 avocado.core.task.statemachine DEBUG| Task "61-./pcache.py:PcacheTest.test;run-cache_mode-writeonly-crc-enable-gc-gc0-test_script-default-47a3": about to be spawned with "<avocado.plugins.spawners.process.ProcessSpawner object at 0x7f174d84bdd0>"
2025-08-03 15:11:34,390 avocado.core.task.statemachine DEBUG| Task "61-./pcache.py:PcacheTest.test;run-cache_mode-writeonly-crc-enable-gc-gc0-test_script-default-47a3": spawned successfully
2025-08-03 15:11:34,792 avocado.core.status.repo DEBUG| Task "61-./pcache.py:PcacheTest.test;run-cache_mode-writeonly-crc-enable-gc-gc0-test_script-default-47a3" started message: "{'status': 'started', 'time': 8946.334975253, 'output_dir': '/root/avocado/job-results/job-2025-08-03T13.33-3197a4b/test-results/61-._pcache.py_PcacheTest.test_run-cache_mode-writeonly-crc-enable-gc-gc0-test_script-default-47a3', 'id': '61-./pcache.py:PcacheTest.test;run-cache_mode-writeonly-crc-enable-gc-gc0-test_script-default-47a3'}"
2025-08-03 15:11:34,814 avocado.test INFO | ./pcache.py:PcacheTest.test;run-cache_mode-writeonly-crc-enable-gc-gc0-test_script-default-47a3: STARTED
2025-08-03 15:11:35,644 avocado.core.status.repo DEBUG| Task "61-./pcache.py:PcacheTest.test;run-cache_mode-writeonly-crc-enable-gc-gc0-test_script-default-47a3" finished message: "{'result': 'pass', 'status': 'finished', 'time': 8947.092301035}"
2025-08-03 15:11:35,685 avocado.test INFO | ./pcache.py:PcacheTest.test;run-cache_mode-writeonly-crc-enable-gc-gc0-test_script-default-47a3: PASS
2025-08-03 15:11:35,685 avocado.test INFO | More information in /root/avocado/job-results/job-2025-08-03T13.33-3197a4b/test-results/61-._pcache.py_PcacheTest.test_run-cache_mode-writeonly-crc-enable-gc-gc0-test_script-default-47a3
2025-08-03 15:11:35,732 avocado.core.task.statemachine DEBUG| Task "61-./pcache.py:PcacheTest.test;run-cache_mode-writeonly-crc-enable-gc-gc0-test_script-default-47a3" finished
2025-08-03 15:11:35,733 avocado.core.task.statemachine DEBUG| Task "62-./pcache.py:PcacheTest.test;run-cache_mode-writeonly-crc-enable-gc-gc0-test_script-xfstests-8ac3": requested -> triaging
2025-08-03 15:11:35,733 avocado.core.task.statemachine DEBUG| Task "62-./pcache.py:PcacheTest.test;run-cache_mode-writeonly-crc-enable-gc-gc0-test_script-xfstests-8ac3": requirements OK (will proceed to check dependencies)
2025-08-03 15:11:35,733 avocado.core.task.statemachine DEBUG| Task "62-./pcache.py:PcacheTest.test;run-cache_mode-writeonly-crc-enable-gc-gc0-test_script-xfstests-8ac3": about to be spawned with "<avocado.plugins.spawners.process.ProcessSpawner object at 0x7f174d84bdd0>"
2025-08-03 15:11:35,736 avocado.core.task.statemachine DEBUG| Task "62-./pcache.py:PcacheTest.test;run-cache_mode-writeonly-crc-enable-gc-gc0-test_script-xfstests-8ac3": spawned successfully
2025-08-03 15:11:36,084 avocado.core.status.repo DEBUG| Task "62-./pcache.py:PcacheTest.test;run-cache_mode-writeonly-crc-enable-gc-gc0-test_script-xfstests-8ac3" started message: "{'status': 'started', 'time': 8947.628144804, 'output_dir': '/root/avocado/job-results/job-2025-08-03T13.33-3197a4b/test-results/62-._pcache.py_PcacheTest.test_run-cache_mode-writeonly-crc-enable-gc-gc0-test_script-xfstests-8ac3', 'id': '62-./pcache.py:PcacheTest.test;run-cache_mode-writeonly-crc-enable-gc-gc0-test_script-xfstests-8ac3'}"
2025-08-03 15:11:36,089 avocado.test INFO | ./pcache.py:PcacheTest.test;run-cache_mode-writeonly-crc-enable-gc-gc0-test_script-xfstests-8ac3: STARTED
2025-08-03 15:11:37,050 avocado.core.status.repo DEBUG| Task "62-./pcache.py:PcacheTest.test;run-cache_mode-writeonly-crc-enable-gc-gc0-test_script-xfstests-8ac3" finished message: "{'result': 'pass', 'status': 'finished', 'time': 8948.492418644}"
2025-08-03 15:11:37,085 avocado.test INFO | ./pcache.py:PcacheTest.test;run-cache_mode-writeonly-crc-enable-gc-gc0-test_script-xfstests-8ac3: PASS
2025-08-03 15:11:37,085 avocado.test INFO | More information in /root/avocado/job-results/job-2025-08-03T13.33-3197a4b/test-results/62-._pcache.py_PcacheTest.test_run-cache_mode-writeonly-crc-enable-gc-gc0-test_script-xfstests-8ac3
2025-08-03 15:11:37,170 avocado.core.task.statemachine DEBUG| Task "62-./pcache.py:PcacheTest.test;run-cache_mode-writeonly-crc-enable-gc-gc0-test_script-xfstests-8ac3" finished
2025-08-03 15:11:37,170 avocado.core.task.statemachine DEBUG| Task "63-./pcache.py:PcacheTest.test;run-cache_mode-writeonly-crc-enable-gc-gc0-test_script-misc-c16c": requested -> triaging
2025-08-03 15:11:37,170 avocado.core.task.statemachine DEBUG| Task "63-./pcache.py:PcacheTest.test;run-cache_mode-writeonly-crc-enable-gc-gc0-test_script-misc-c16c": requirements OK (will proceed to check dependencies)
2025-08-03 15:11:37,171 avocado.core.task.statemachine DEBUG| Task "63-./pcache.py:PcacheTest.test;run-cache_mode-writeonly-crc-enable-gc-gc0-test_script-misc-c16c": about to be spawned with "<avocado.plugins.spawners.process.ProcessSpawner object at 0x7f174d84bdd0>"
2025-08-03 15:11:37,174 avocado.core.task.statemachine DEBUG| Task "63-./pcache.py:PcacheTest.test;run-cache_mode-writeonly-crc-enable-gc-gc0-test_script-misc-c16c": spawned successfully
2025-08-03 15:11:37,520 avocado.core.status.repo DEBUG| Task "63-./pcache.py:PcacheTest.test;run-cache_mode-writeonly-crc-enable-gc-gc0-test_script-misc-c16c" started message: "{'status': 'started', 'time': 8949.06386716, 'output_dir': '/root/avocado/job-results/job-2025-08-03T13.33-3197a4b/test-results/63-._pcache.py_PcacheTest.test_run-cache_mode-writeonly-crc-enable-gc-gc0-test_script-misc-c16c', 'id': '63-./pcache.py:PcacheTest.test;run-cache_mode-writeonly-crc-enable-gc-gc0-test_script-misc-c16c'}"
2025-08-03 15:11:37,539 avocado.test INFO | ./pcache.py:PcacheTest.test;run-cache_mode-writeonly-crc-enable-gc-gc0-test_script-misc-c16c: STARTED
2025-08-03 15:11:38,465 avocado.core.status.repo DEBUG| Task "63-./pcache.py:PcacheTest.test;run-cache_mode-writeonly-crc-enable-gc-gc0-test_script-misc-c16c" finished message: "{'result': 'pass', 'status': 'finished', 'time': 8949.912940147}"
2025-08-03 15:11:38,512 avocado.test INFO | ./pcache.py:PcacheTest.test;run-cache_mode-writeonly-crc-enable-gc-gc0-test_script-misc-c16c: PASS
2025-08-03 15:11:38,512 avocado.test INFO | More information in /root/avocado/job-results/job-2025-08-03T13.33-3197a4b/test-results/63-._pcache.py_PcacheTest.test_run-cache_mode-writeonly-crc-enable-gc-gc0-test_script-misc-c16c
2025-08-03 15:11:38,555 avocado.core.task.statemachine DEBUG| Task "63-./pcache.py:PcacheTest.test;run-cache_mode-writeonly-crc-enable-gc-gc0-test_script-misc-c16c" finished
2025-08-03 15:11:38,555 avocado.core.task.statemachine DEBUG| Task "64-./pcache.py:PcacheTest.test;run-cache_mode-writeonly-crc-enable-gc-gc0-test_script-failslab-386d": requested -> triaging
2025-08-03 15:11:38,556 avocado.core.task.statemachine DEBUG| Task "64-./pcache.py:PcacheTest.test;run-cache_mode-writeonly-crc-enable-gc-gc0-test_script-failslab-386d": requirements OK (will proceed to check dependencies)
2025-08-03 15:11:38,556 avocado.core.task.statemachine DEBUG| Task "64-./pcache.py:PcacheTest.test;run-cache_mode-writeonly-crc-enable-gc-gc0-test_script-failslab-386d": about to be spawned with "<avocado.plugins.spawners.process.ProcessSpawner object at 0x7f174d84bdd0>"
2025-08-03 15:11:38,559 avocado.core.task.statemachine DEBUG| Task "64-./pcache.py:PcacheTest.test;run-cache_mode-writeonly-crc-enable-gc-gc0-test_script-failslab-386d": spawned successfully
2025-08-03 15:11:39,237 avocado.core.status.repo DEBUG| Task "64-./pcache.py:PcacheTest.test;run-cache_mode-writeonly-crc-enable-gc-gc0-test_script-failslab-386d" started message: "{'status': 'started', 'time': 8950.781207311, 'output_dir': '/root/avocado/job-results/job-2025-08-03T13.33-3197a4b/test-results/64-._pcache.py_PcacheTest.test_run-cache_mode-writeonly-crc-enable-gc-gc0-test_script-failslab-386d', 'id': '64-./pcache.py:PcacheTest.test;run-cache_mode-writeonly-crc-enable-gc-gc0-test_script-failslab-386d'}"
2025-08-03 15:11:39,268 avocado.test INFO | ./pcache.py:PcacheTest.test;run-cache_mode-writeonly-crc-enable-gc-gc0-test_script-failslab-386d: STARTED
2025-08-03 15:11:40,058 avocado.core.status.repo DEBUG| Task "64-./pcache.py:PcacheTest.test;run-cache_mode-writeonly-crc-enable-gc-gc0-test_script-failslab-386d" finished message: "{'result': 'pass', 'status': 'finished', 'time': 8951.509135203}"
2025-08-03 15:11:40,086 avocado.test INFO | ./pcache.py:PcacheTest.test;run-cache_mode-writeonly-crc-enable-gc-gc0-test_script-failslab-386d: PASS
2025-08-03 15:11:40,086 avocado.test INFO | More information in /root/avocado/job-results/job-2025-08-03T13.33-3197a4b/test-results/64-._pcache.py_PcacheTest.test_run-cache_mode-writeonly-crc-enable-gc-gc0-test_script-failslab-386d
2025-08-03 15:11:40,148 avocado.core.task.statemachine DEBUG| Task "64-./pcache.py:PcacheTest.test;run-cache_mode-writeonly-crc-enable-gc-gc0-test_script-failslab-386d" finished
2025-08-03 15:11:40,148 avocado.core.task.statemachine DEBUG| Task "65-./pcache.py:PcacheTest.test;run-cache_mode-writeonly-crc-enable-gc-gc0-test_script-fail_make_request-a64b": requested -> triaging
2025-08-03 15:11:40,148 avocado.core.task.statemachine DEBUG| Task "65-./pcache.py:PcacheTest.test;run-cache_mode-writeonly-crc-enable-gc-gc0-test_script-fail_make_request-a64b": requirements OK (will proceed to check dependencies)
2025-08-03 15:11:40,148 avocado.core.task.statemachine DEBUG| Task "65-./pcache.py:PcacheTest.test;run-cache_mode-writeonly-crc-enable-gc-gc0-test_script-fail_make_request-a64b": about to be spawned with "<avocado.plugins.spawners.process.ProcessSpawner object at 0x7f174d84bdd0>"
2025-08-03 15:11:40,151 avocado.core.task.statemachine DEBUG| Task "65-./pcache.py:PcacheTest.test;run-cache_mode-writeonly-crc-enable-gc-gc0-test_script-fail_make_request-a64b": spawned successfully
2025-08-03 15:11:40,501 avocado.core.status.repo DEBUG| Task "65-./pcache.py:PcacheTest.test;run-cache_mode-writeonly-crc-enable-gc-gc0-test_script-fail_make_request-a64b" started message: "{'status': 'started', 'time': 8952.044876268, 'output_dir': '/root/avocado/job-results/job-2025-08-03T13.33-3197a4b/test-results/65-._pcache.py_PcacheTest.test_run-cache_mode-writeonly-crc-enable-gc-gc0-test_script-fail_make_request-a64b', 'id': '65-./pcache.py:PcacheTest.test;run-cache_mode-writeonly-crc-enable-gc-gc0-test_script-fail_make_request-a64b'}"
2025-08-03 15:11:40,541 avocado.test INFO | ./pcache.py:PcacheTest.test;run-cache_mode-writeonly-crc-enable-gc-gc0-test_script-fail_make_request-a64b: STARTED
2025-08-03 15:11:42,208 avocado.core.status.repo DEBUG| Task "65-./pcache.py:PcacheTest.test;run-cache_mode-writeonly-crc-enable-gc-gc0-test_script-fail_make_request-a64b" finished message: "{'result': 'pass', 'status': 'finished', 'time': 8953.658632181}"
2025-08-03 15:11:42,219 avocado.test INFO | ./pcache.py:PcacheTest.test;run-cache_mode-writeonly-crc-enable-gc-gc0-test_script-fail_make_request-a64b: PASS
2025-08-03 15:11:42,219 avocado.test INFO | More information in /root/avocado/job-results/job-2025-08-03T13.33-3197a4b/test-results/65-._pcache.py_PcacheTest.test_run-cache_mode-writeonly-crc-enable-gc-gc0-test_script-fail_make_request-a64b
2025-08-03 15:11:42,297 avocado.core.task.statemachine DEBUG| Task "65-./pcache.py:PcacheTest.test;run-cache_mode-writeonly-crc-enable-gc-gc0-test_script-fail_make_request-a64b" finished
2025-08-03 15:11:42,297 avocado.core.task.statemachine DEBUG| Task "66-./pcache.py:PcacheTest.test;run-cache_mode-writeonly-crc-disable-gc-gc0-test_script-default-29e2": requested -> triaging
2025-08-03 15:11:42,297 avocado.core.task.statemachine DEBUG| Task "66-./pcache.py:PcacheTest.test;run-cache_mode-writeonly-crc-disable-gc-gc0-test_script-default-29e2": requirements OK (will proceed to check dependencies)
2025-08-03 15:11:42,297 avocado.core.task.statemachine DEBUG| Task "66-./pcache.py:PcacheTest.test;run-cache_mode-writeonly-crc-disable-gc-gc0-test_script-default-29e2": about to be spawned with "<avocado.plugins.spawners.process.ProcessSpawner object at 0x7f174d84bdd0>"
2025-08-03 15:11:42,301 avocado.core.task.statemachine DEBUG| Task "66-./pcache.py:PcacheTest.test;run-cache_mode-writeonly-crc-disable-gc-gc0-test_script-default-29e2": spawned successfully
2025-08-03 15:11:42,648 avocado.core.status.repo DEBUG| Task "66-./pcache.py:PcacheTest.test;run-cache_mode-writeonly-crc-disable-gc-gc0-test_script-default-29e2" started message: "{'status': 'started', 'time': 8954.191110361, 'output_dir': '/root/avocado/job-results/job-2025-08-03T13.33-3197a4b/test-results/66-._pcache.py_PcacheTest.test_run-cache_mode-writeonly-crc-disable-gc-gc0-test_script-default-29e2', 'id': '66-./pcache.py:PcacheTest.test;run-cache_mode-writeonly-crc-disable-gc-gc0-test_script-default-29e2'}"
2025-08-03 15:11:42,673 avocado.test INFO | ./pcache.py:PcacheTest.test;run-cache_mode-writeonly-crc-disable-gc-gc0-test_script-default-29e2: STARTED
2025-08-03 15:11:43,489 avocado.core.status.repo DEBUG| Task "66-./pcache.py:PcacheTest.test;run-cache_mode-writeonly-crc-disable-gc-gc0-test_script-default-29e2" finished message: "{'result': 'pass', 'status': 'finished', 'time': 8954.934862183}"
2025-08-03 15:11:43,511 avocado.test INFO | ./pcache.py:PcacheTest.test;run-cache_mode-writeonly-crc-disable-gc-gc0-test_script-default-29e2: PASS
2025-08-03 15:11:43,511 avocado.test INFO | More information in /root/avocado/job-results/job-2025-08-03T13.33-3197a4b/test-results/66-._pcache.py_PcacheTest.test_run-cache_mode-writeonly-crc-disable-gc-gc0-test_script-default-29e2
2025-08-03 15:11:43,594 avocado.core.task.statemachine DEBUG| Task "66-./pcache.py:PcacheTest.test;run-cache_mode-writeonly-crc-disable-gc-gc0-test_script-default-29e2" finished
2025-08-03 15:11:43,595 avocado.core.task.statemachine DEBUG| Task "67-./pcache.py:PcacheTest.test;run-cache_mode-writeonly-crc-disable-gc-gc0-test_script-xfstests-8041": requested -> triaging
2025-08-03 15:11:43,595 avocado.core.task.statemachine DEBUG| Task "67-./pcache.py:PcacheTest.test;run-cache_mode-writeonly-crc-disable-gc-gc0-test_script-xfstests-8041": requirements OK (will proceed to check dependencies)
2025-08-03 15:11:43,595 avocado.core.task.statemachine DEBUG| Task "67-./pcache.py:PcacheTest.test;run-cache_mode-writeonly-crc-disable-gc-gc0-test_script-xfstests-8041": about to be spawned with "<avocado.plugins.spawners.process.ProcessSpawner object at 0x7f174d84bdd0>"
2025-08-03 15:11:43,599 avocado.core.task.statemachine DEBUG| Task "67-./pcache.py:PcacheTest.test;run-cache_mode-writeonly-crc-disable-gc-gc0-test_script-xfstests-8041": spawned successfully
2025-08-03 15:11:43,951 avocado.core.status.repo DEBUG| Task "67-./pcache.py:PcacheTest.test;run-cache_mode-writeonly-crc-disable-gc-gc0-test_script-xfstests-8041" started message: "{'status': 'started', 'time': 8955.495079425, 'output_dir': '/root/avocado/job-results/job-2025-08-03T13.33-3197a4b/test-results/67-._pcache.py_PcacheTest.test_run-cache_mode-writeonly-crc-disable-gc-gc0-test_script-xfstests-8041', 'id': '67-./pcache.py:PcacheTest.test;run-cache_mode-writeonly-crc-disable-gc-gc0-test_script-xfstests-8041'}"
2025-08-03 15:11:43,966 avocado.test INFO | ./pcache.py:PcacheTest.test;run-cache_mode-writeonly-crc-disable-gc-gc0-test_script-xfstests-8041: STARTED
2025-08-03 15:11:44,918 avocado.core.status.repo DEBUG| Task "67-./pcache.py:PcacheTest.test;run-cache_mode-writeonly-crc-disable-gc-gc0-test_script-xfstests-8041" finished message: "{'result': 'pass', 'status': 'finished', 'time': 8956.364174954}"
2025-08-03 15:11:44,939 avocado.test INFO | ./pcache.py:PcacheTest.test;run-cache_mode-writeonly-crc-disable-gc-gc0-test_script-xfstests-8041: PASS
2025-08-03 15:11:44,939 avocado.test INFO | More information in /root/avocado/job-results/job-2025-08-03T13.33-3197a4b/test-results/67-._pcache.py_PcacheTest.test_run-cache_mode-writeonly-crc-disable-gc-gc0-test_script-xfstests-8041
2025-08-03 15:11:45,008 avocado.core.task.statemachine DEBUG| Task "67-./pcache.py:PcacheTest.test;run-cache_mode-writeonly-crc-disable-gc-gc0-test_script-xfstests-8041" finished
2025-08-03 15:11:45,008 avocado.core.task.statemachine DEBUG| Task "68-./pcache.py:PcacheTest.test;run-cache_mode-writeonly-crc-disable-gc-gc0-test_script-misc-faf9": requested -> triaging
2025-08-03 15:11:45,009 avocado.core.task.statemachine DEBUG| Task "68-./pcache.py:PcacheTest.test;run-cache_mode-writeonly-crc-disable-gc-gc0-test_script-misc-faf9": requirements OK (will proceed to check dependencies)
2025-08-03 15:11:45,009 avocado.core.task.statemachine DEBUG| Task "68-./pcache.py:PcacheTest.test;run-cache_mode-writeonly-crc-disable-gc-gc0-test_script-misc-faf9": about to be spawned with "<avocado.plugins.spawners.process.ProcessSpawner object at 0x7f174d84bdd0>"
2025-08-03 15:11:45,011 avocado.core.task.statemachine DEBUG| Task "68-./pcache.py:PcacheTest.test;run-cache_mode-writeonly-crc-disable-gc-gc0-test_script-misc-faf9": spawned successfully
2025-08-03 15:11:45,530 avocado.core.status.repo DEBUG| Task "68-./pcache.py:PcacheTest.test;run-cache_mode-writeonly-crc-disable-gc-gc0-test_script-misc-faf9" started message: "{'status': 'started', 'time': 8957.073063369, 'output_dir': '/root/avocado/job-results/job-2025-08-03T13.33-3197a4b/test-results/68-._pcache.py_PcacheTest.test_run-cache_mode-writeonly-crc-disable-gc-gc0-test_script-misc-faf9', 'id': '68-./pcache.py:PcacheTest.test;run-cache_mode-writeonly-crc-disable-gc-gc0-test_script-misc-faf9'}"
2025-08-03 15:11:45,545 avocado.test INFO | ./pcache.py:PcacheTest.test;run-cache_mode-writeonly-crc-disable-gc-gc0-test_script-misc-faf9: STARTED
2025-08-03 15:11:46,514 avocado.core.status.repo DEBUG| Task "68-./pcache.py:PcacheTest.test;run-cache_mode-writeonly-crc-disable-gc-gc0-test_script-misc-faf9" finished message: "{'result': 'pass', 'status': 'finished', 'time': 8957.958939985}"
2025-08-03 15:11:46,566 avocado.test INFO | ./pcache.py:PcacheTest.test;run-cache_mode-writeonly-crc-disable-gc-gc0-test_script-misc-faf9: PASS
2025-08-03 15:11:46,566 avocado.test INFO | More information in /root/avocado/job-results/job-2025-08-03T13.33-3197a4b/test-results/68-._pcache.py_PcacheTest.test_run-cache_mode-writeonly-crc-disable-gc-gc0-test_script-misc-faf9
2025-08-03 15:11:46,609 avocado.core.task.statemachine DEBUG| Task "68-./pcache.py:PcacheTest.test;run-cache_mode-writeonly-crc-disable-gc-gc0-test_script-misc-faf9" finished
2025-08-03 15:11:46,609 avocado.core.task.statemachine DEBUG| Task "69-./pcache.py:PcacheTest.test;run-cache_mode-writeonly-crc-disable-gc-gc0-test_script-failslab-564f": requested -> triaging
2025-08-03 15:11:46,609 avocado.core.task.statemachine DEBUG| Task "69-./pcache.py:PcacheTest.test;run-cache_mode-writeonly-crc-disable-gc-gc0-test_script-failslab-564f": requirements OK (will proceed to check dependencies)
2025-08-03 15:11:46,610 avocado.core.task.statemachine DEBUG| Task "69-./pcache.py:PcacheTest.test;run-cache_mode-writeonly-crc-disable-gc-gc0-test_script-failslab-564f": about to be spawned with "<avocado.plugins.spawners.process.ProcessSpawner object at 0x7f174d84bdd0>"
2025-08-03 15:11:46,613 avocado.core.task.statemachine DEBUG| Task "69-./pcache.py:PcacheTest.test;run-cache_mode-writeonly-crc-disable-gc-gc0-test_script-failslab-564f": spawned successfully
2025-08-03 15:11:46,967 avocado.core.status.repo DEBUG| Task "69-./pcache.py:PcacheTest.test;run-cache_mode-writeonly-crc-disable-gc-gc0-test_script-failslab-564f" started message: "{'status': 'started', 'time': 8958.510682104, 'output_dir': '/root/avocado/job-results/job-2025-08-03T13.33-3197a4b/test-results/69-._pcache.py_PcacheTest.test_run-cache_mode-writeonly-crc-disable-gc-gc0-test_script-failslab-564f', 'id': '69-./pcache.py:PcacheTest.test;run-cache_mode-writeonly-crc-disable-gc-gc0-test_script-failslab-564f'}"
2025-08-03 15:11:46,972 avocado.test INFO | ./pcache.py:PcacheTest.test;run-cache_mode-writeonly-crc-disable-gc-gc0-test_script-failslab-564f: STARTED
2025-08-03 15:11:48,017 avocado.core.status.repo DEBUG| Task "69-./pcache.py:PcacheTest.test;run-cache_mode-writeonly-crc-disable-gc-gc0-test_script-failslab-564f" finished message: "{'result': 'pass', 'status': 'finished', 'time': 8959.461997}"
2025-08-03 15:11:48,046 avocado.test INFO | ./pcache.py:PcacheTest.test;run-cache_mode-writeonly-crc-disable-gc-gc0-test_script-failslab-564f: PASS
2025-08-03 15:11:48,047 avocado.test INFO | More information in /root/avocado/job-results/job-2025-08-03T13.33-3197a4b/test-results/69-._pcache.py_PcacheTest.test_run-cache_mode-writeonly-crc-disable-gc-gc0-test_script-failslab-564f
2025-08-03 15:11:48,106 avocado.core.task.statemachine DEBUG| Task "69-./pcache.py:PcacheTest.test;run-cache_mode-writeonly-crc-disable-gc-gc0-test_script-failslab-564f" finished
2025-08-03 15:11:48,107 avocado.core.task.statemachine DEBUG| Task "70-./pcache.py:PcacheTest.test;run-cache_mode-writeonly-crc-disable-gc-gc0-test_script-fail_make_request-7da5": requested -> triaging
2025-08-03 15:11:48,107 avocado.core.task.statemachine DEBUG| Task "70-./pcache.py:PcacheTest.test;run-cache_mode-writeonly-crc-disable-gc-gc0-test_script-fail_make_request-7da5": requirements OK (will proceed to check dependencies)
2025-08-03 15:11:48,107 avocado.core.task.statemachine DEBUG| Task "70-./pcache.py:PcacheTest.test;run-cache_mode-writeonly-crc-disable-gc-gc0-test_script-fail_make_request-7da5": about to be spawned with "<avocado.plugins.spawners.process.ProcessSpawner object at 0x7f174d84bdd0>"
2025-08-03 15:11:48,110 avocado.core.task.statemachine DEBUG| Task "70-./pcache.py:PcacheTest.test;run-cache_mode-writeonly-crc-disable-gc-gc0-test_script-fail_make_request-7da5": spawned successfully
2025-08-03 15:11:48,570 avocado.core.status.repo DEBUG| Task "70-./pcache.py:PcacheTest.test;run-cache_mode-writeonly-crc-disable-gc-gc0-test_script-fail_make_request-7da5" started message: "{'status': 'started', 'time': 8960.113002347, 'output_dir': '/root/avocado/job-results/job-2025-08-03T13.33-3197a4b/test-results/70-._pcache.py_PcacheTest.test_run-cache_mode-writeonly-crc-disable-gc-gc0-test_script-fail_make_request-7da5', 'id': '70-./pcache.py:PcacheTest.test;run-cache_mode-writeonly-crc-disable-gc-gc0-test_script-fail_make_request-7da5'}"
2025-08-03 15:11:48,602 avocado.test INFO | ./pcache.py:PcacheTest.test;run-cache_mode-writeonly-crc-disable-gc-gc0-test_script-fail_make_request-7da5: STARTED
2025-08-03 15:11:50,299 avocado.core.status.repo DEBUG| Task "70-./pcache.py:PcacheTest.test;run-cache_mode-writeonly-crc-disable-gc-gc0-test_script-fail_make_request-7da5" finished message: "{'result': 'pass', 'status': 'finished', 'time': 8961.7443221}"
2025-08-03 15:11:50,333 avocado.test INFO | ./pcache.py:PcacheTest.test;run-cache_mode-writeonly-crc-disable-gc-gc0-test_script-fail_make_request-7da5: PASS
2025-08-03 15:11:50,334 avocado.test INFO | More information in /root/avocado/job-results/job-2025-08-03T13.33-3197a4b/test-results/70-._pcache.py_PcacheTest.test_run-cache_mode-writeonly-crc-disable-gc-gc0-test_script-fail_make_request-7da5
2025-08-03 15:11:50,389 avocado.core.task.statemachine DEBUG| Task "70-./pcache.py:PcacheTest.test;run-cache_mode-writeonly-crc-disable-gc-gc0-test_script-fail_make_request-7da5" finished
2025-08-03 15:11:50,389 avocado.core.task.statemachine DEBUG| Task "71-./pcache.py:PcacheTest.test;run-cache_mode-writeonly-crc-enable-gc-gc80-test_script-default-8776": requested -> triaging
2025-08-03 15:11:50,389 avocado.core.task.statemachine DEBUG| Task "71-./pcache.py:PcacheTest.test;run-cache_mode-writeonly-crc-enable-gc-gc80-test_script-default-8776": requirements OK (will proceed to check dependencies)
2025-08-03 15:11:50,390 avocado.core.task.statemachine DEBUG| Task "71-./pcache.py:PcacheTest.test;run-cache_mode-writeonly-crc-enable-gc-gc80-test_script-default-8776": about to be spawned with "<avocado.plugins.spawners.process.ProcessSpawner object at 0x7f174d84bdd0>"
2025-08-03 15:11:50,393 avocado.core.task.statemachine DEBUG| Task "71-./pcache.py:PcacheTest.test;run-cache_mode-writeonly-crc-enable-gc-gc80-test_script-default-8776": spawned successfully
2025-08-03 15:11:50,831 avocado.core.status.repo DEBUG| Task "71-./pcache.py:PcacheTest.test;run-cache_mode-writeonly-crc-enable-gc-gc80-test_script-default-8776" started message: "{'status': 'started', 'time': 8962.373772503, 'output_dir': '/root/avocado/job-results/job-2025-08-03T13.33-3197a4b/test-results/71-._pcache.py_PcacheTest.test_run-cache_mode-writeonly-crc-enable-gc-gc80-test_script-default-8776', 'id': '71-./pcache.py:PcacheTest.test;run-cache_mode-writeonly-crc-enable-gc-gc80-test_script-default-8776'}"
2025-08-03 15:11:50,839 avocado.test INFO | ./pcache.py:PcacheTest.test;run-cache_mode-writeonly-crc-enable-gc-gc80-test_script-default-8776: STARTED
2025-08-03 15:11:51,704 avocado.core.status.repo DEBUG| Task "71-./pcache.py:PcacheTest.test;run-cache_mode-writeonly-crc-enable-gc-gc80-test_script-default-8776" finished message: "{'result': 'pass', 'status': 'finished', 'time': 8963.147613388}"
2025-08-03 15:11:51,711 avocado.test INFO | ./pcache.py:PcacheTest.test;run-cache_mode-writeonly-crc-enable-gc-gc80-test_script-default-8776: PASS
2025-08-03 15:11:51,711 avocado.test INFO | More information in /root/avocado/job-results/job-2025-08-03T13.33-3197a4b/test-results/71-._pcache.py_PcacheTest.test_run-cache_mode-writeonly-crc-enable-gc-gc80-test_script-default-8776
2025-08-03 15:11:51,796 avocado.core.task.statemachine DEBUG| Task "71-./pcache.py:PcacheTest.test;run-cache_mode-writeonly-crc-enable-gc-gc80-test_script-default-8776" finished
2025-08-03 15:11:51,797 avocado.core.task.statemachine DEBUG| Task "72-./pcache.py:PcacheTest.test;run-cache_mode-writeonly-crc-enable-gc-gc80-test_script-xfstests-c187": requested -> triaging
2025-08-03 15:11:51,797 avocado.core.task.statemachine DEBUG| Task "72-./pcache.py:PcacheTest.test;run-cache_mode-writeonly-crc-enable-gc-gc80-test_script-xfstests-c187": requirements OK (will proceed to check dependencies)
2025-08-03 15:11:51,797 avocado.core.task.statemachine DEBUG| Task "72-./pcache.py:PcacheTest.test;run-cache_mode-writeonly-crc-enable-gc-gc80-test_script-xfstests-c187": about to be spawned with "<avocado.plugins.spawners.process.ProcessSpawner object at 0x7f174d84bdd0>"
2025-08-03 15:11:51,800 avocado.core.task.statemachine DEBUG| Task "72-./pcache.py:PcacheTest.test;run-cache_mode-writeonly-crc-enable-gc-gc80-test_script-xfstests-c187": spawned successfully
2025-08-03 15:11:52,147 avocado.core.status.repo DEBUG| Task "72-./pcache.py:PcacheTest.test;run-cache_mode-writeonly-crc-enable-gc-gc80-test_script-xfstests-c187" started message: "{'status': 'started', 'time': 8963.690169754, 'output_dir': '/root/avocado/job-results/job-2025-08-03T13.33-3197a4b/test-results/72-._pcache.py_PcacheTest.test_run-cache_mode-writeonly-crc-enable-gc-gc80-test_script-xfstests-c187', 'id': '72-./pcache.py:PcacheTest.test;run-cache_mode-writeonly-crc-enable-gc-gc80-test_script-xfstests-c187'}"
2025-08-03 15:11:52,167 avocado.test INFO | ./pcache.py:PcacheTest.test;run-cache_mode-writeonly-crc-enable-gc-gc80-test_script-xfstests-c187: STARTED
2025-08-03 15:11:53,134 avocado.core.status.repo DEBUG| Task "72-./pcache.py:PcacheTest.test;run-cache_mode-writeonly-crc-enable-gc-gc80-test_script-xfstests-c187" finished message: "{'result': 'pass', 'status': 'finished', 'time': 8964.582096555}"
2025-08-03 15:11:53,188 avocado.test INFO | ./pcache.py:PcacheTest.test;run-cache_mode-writeonly-crc-enable-gc-gc80-test_script-xfstests-c187: PASS
2025-08-03 15:11:53,188 avocado.test INFO | More information in /root/avocado/job-results/job-2025-08-03T13.33-3197a4b/test-results/72-._pcache.py_PcacheTest.test_run-cache_mode-writeonly-crc-enable-gc-gc80-test_script-xfstests-c187
2025-08-03 15:11:53,228 avocado.core.task.statemachine DEBUG| Task "72-./pcache.py:PcacheTest.test;run-cache_mode-writeonly-crc-enable-gc-gc80-test_script-xfstests-c187" finished
2025-08-03 15:11:53,229 avocado.core.task.statemachine DEBUG| Task "73-./pcache.py:PcacheTest.test;run-cache_mode-writeonly-crc-enable-gc-gc80-test_script-misc-edc1": requested -> triaging
2025-08-03 15:11:53,229 avocado.core.task.statemachine DEBUG| Task "73-./pcache.py:PcacheTest.test;run-cache_mode-writeonly-crc-enable-gc-gc80-test_script-misc-edc1": requirements OK (will proceed to check dependencies)
2025-08-03 15:11:53,229 avocado.core.task.statemachine DEBUG| Task "73-./pcache.py:PcacheTest.test;run-cache_mode-writeonly-crc-enable-gc-gc80-test_script-misc-edc1": about to be spawned with "<avocado.plugins.spawners.process.ProcessSpawner object at 0x7f174d84bdd0>"
2025-08-03 15:11:53,232 avocado.core.task.statemachine DEBUG| Task "73-./pcache.py:PcacheTest.test;run-cache_mode-writeonly-crc-enable-gc-gc80-test_script-misc-edc1": spawned successfully
2025-08-03 15:11:53,581 avocado.core.status.repo DEBUG| Task "73-./pcache.py:PcacheTest.test;run-cache_mode-writeonly-crc-enable-gc-gc80-test_script-misc-edc1" started message: "{'status': 'started', 'time': 8965.123957836, 'output_dir': '/root/avocado/job-results/job-2025-08-03T13.33-3197a4b/test-results/73-._pcache.py_PcacheTest.test_run-cache_mode-writeonly-crc-enable-gc-gc80-test_script-misc-edc1', 'id': '73-./pcache.py:PcacheTest.test;run-cache_mode-writeonly-crc-enable-gc-gc80-test_script-misc-edc1'}"
2025-08-03 15:11:53,593 avocado.test INFO | ./pcache.py:PcacheTest.test;run-cache_mode-writeonly-crc-enable-gc-gc80-test_script-misc-edc1: STARTED
2025-08-03 15:11:54,557 avocado.core.status.repo DEBUG| Task "73-./pcache.py:PcacheTest.test;run-cache_mode-writeonly-crc-enable-gc-gc80-test_script-misc-edc1" finished message: "{'result': 'pass', 'status': 'finished', 'time': 8966.00248423}"
2025-08-03 15:11:54,564 avocado.test INFO | ./pcache.py:PcacheTest.test;run-cache_mode-writeonly-crc-enable-gc-gc80-test_script-misc-edc1: PASS
2025-08-03 15:11:54,564 avocado.test INFO | More information in /root/avocado/job-results/job-2025-08-03T13.33-3197a4b/test-results/73-._pcache.py_PcacheTest.test_run-cache_mode-writeonly-crc-enable-gc-gc80-test_script-misc-edc1
2025-08-03 15:11:54,648 avocado.core.task.statemachine DEBUG| Task "73-./pcache.py:PcacheTest.test;run-cache_mode-writeonly-crc-enable-gc-gc80-test_script-misc-edc1" finished
2025-08-03 15:11:54,648 avocado.core.task.statemachine DEBUG| Task "74-./pcache.py:PcacheTest.test;run-cache_mode-writeonly-crc-enable-gc-gc80-test_script-failslab-c211": requested -> triaging
2025-08-03 15:11:54,648 avocado.core.task.statemachine DEBUG| Task "74-./pcache.py:PcacheTest.test;run-cache_mode-writeonly-crc-enable-gc-gc80-test_script-failslab-c211": requirements OK (will proceed to check dependencies)
2025-08-03 15:11:54,648 avocado.core.task.statemachine DEBUG| Task "74-./pcache.py:PcacheTest.test;run-cache_mode-writeonly-crc-enable-gc-gc80-test_script-failslab-c211": about to be spawned with "<avocado.plugins.spawners.process.ProcessSpawner object at 0x7f174d84bdd0>"
2025-08-03 15:11:54,651 avocado.core.task.statemachine DEBUG| Task "74-./pcache.py:PcacheTest.test;run-cache_mode-writeonly-crc-enable-gc-gc80-test_script-failslab-c211": spawned successfully
2025-08-03 15:11:55,006 avocado.core.status.repo DEBUG| Task "74-./pcache.py:PcacheTest.test;run-cache_mode-writeonly-crc-enable-gc-gc80-test_script-failslab-c211" started message: "{'status': 'started', 'time': 8966.549876082, 'output_dir': '/root/avocado/job-results/job-2025-08-03T13.33-3197a4b/test-results/74-._pcache.py_PcacheTest.test_run-cache_mode-writeonly-crc-enable-gc-gc80-test_script-failslab-c211', 'id': '74-./pcache.py:PcacheTest.test;run-cache_mode-writeonly-crc-enable-gc-gc80-test_script-failslab-c211'}"
2025-08-03 15:11:55,018 avocado.test INFO | ./pcache.py:PcacheTest.test;run-cache_mode-writeonly-crc-enable-gc-gc80-test_script-failslab-c211: STARTED
2025-08-03 15:11:56,046 avocado.core.status.repo DEBUG| Task "74-./pcache.py:PcacheTest.test;run-cache_mode-writeonly-crc-enable-gc-gc80-test_script-failslab-c211" finished message: "{'result': 'pass', 'status': 'finished', 'time': 8967.493682406}"
2025-08-03 15:11:56,090 avocado.test INFO | ./pcache.py:PcacheTest.test;run-cache_mode-writeonly-crc-enable-gc-gc80-test_script-failslab-c211: PASS
2025-08-03 15:11:56,090 avocado.test INFO | More information in /root/avocado/job-results/job-2025-08-03T13.33-3197a4b/test-results/74-._pcache.py_PcacheTest.test_run-cache_mode-writeonly-crc-enable-gc-gc80-test_script-failslab-c211
2025-08-03 15:11:56,157 avocado.core.task.statemachine DEBUG| Task "74-./pcache.py:PcacheTest.test;run-cache_mode-writeonly-crc-enable-gc-gc80-test_script-failslab-c211" finished
2025-08-03 15:11:56,157 avocado.core.task.statemachine DEBUG| Task "75-./pcache.py:PcacheTest.test;run-cache_mode-writeonly-crc-enable-gc-gc80-test_script-fail_make_request-8bd4": requested -> triaging
2025-08-03 15:11:56,158 avocado.core.task.statemachine DEBUG| Task "75-./pcache.py:PcacheTest.test;run-cache_mode-writeonly-crc-enable-gc-gc80-test_script-fail_make_request-8bd4": requirements OK (will proceed to check dependencies)
2025-08-03 15:11:56,158 avocado.core.task.statemachine DEBUG| Task "75-./pcache.py:PcacheTest.test;run-cache_mode-writeonly-crc-enable-gc-gc80-test_script-fail_make_request-8bd4": about to be spawned with "<avocado.plugins.spawners.process.ProcessSpawner object at 0x7f174d84bdd0>"
2025-08-03 15:11:56,161 avocado.core.task.statemachine DEBUG| Task "75-./pcache.py:PcacheTest.test;run-cache_mode-writeonly-crc-enable-gc-gc80-test_script-fail_make_request-8bd4": spawned successfully
2025-08-03 15:11:56,509 avocado.core.status.repo DEBUG| Task "75-./pcache.py:PcacheTest.test;run-cache_mode-writeonly-crc-enable-gc-gc80-test_script-fail_make_request-8bd4" started message: "{'status': 'started', 'time': 8968.052829173, 'output_dir': '/root/avocado/job-results/job-2025-08-03T13.33-3197a4b/test-results/75-._pcache.py_PcacheTest.test_run-cache_mode-writeonly-crc-enable-gc-gc80-test_script-fail_make_request-8bd4', 'id': '75-./pcache.py:PcacheTest.test;run-cache_mode-writeonly-crc-enable-gc-gc80-test_script-fail_make_request-8bd4'}"
2025-08-03 15:11:56,546 avocado.test INFO | ./pcache.py:PcacheTest.test;run-cache_mode-writeonly-crc-enable-gc-gc80-test_script-fail_make_request-8bd4: STARTED
2025-08-03 15:11:58,249 avocado.core.status.repo DEBUG| Task "75-./pcache.py:PcacheTest.test;run-cache_mode-writeonly-crc-enable-gc-gc80-test_script-fail_make_request-8bd4" finished message: "{'result': 'pass', 'status': 'finished', 'time': 8969.691703469}"
2025-08-03 15:11:58,277 avocado.test INFO | ./pcache.py:PcacheTest.test;run-cache_mode-writeonly-crc-enable-gc-gc80-test_script-fail_make_request-8bd4: PASS
2025-08-03 15:11:58,277 avocado.test INFO | More information in /root/avocado/job-results/job-2025-08-03T13.33-3197a4b/test-results/75-._pcache.py_PcacheTest.test_run-cache_mode-writeonly-crc-enable-gc-gc80-test_script-fail_make_request-8bd4
2025-08-03 15:11:58,338 avocado.core.task.statemachine DEBUG| Task "75-./pcache.py:PcacheTest.test;run-cache_mode-writeonly-crc-enable-gc-gc80-test_script-fail_make_request-8bd4" finished
2025-08-03 15:11:58,339 avocado.core.task.statemachine DEBUG| Task "76-./pcache.py:PcacheTest.test;run-cache_mode-writeonly-crc-disable-gc-gc80-test_script-default-9684": requested -> triaging
2025-08-03 15:11:58,339 avocado.core.task.statemachine DEBUG| Task "76-./pcache.py:PcacheTest.test;run-cache_mode-writeonly-crc-disable-gc-gc80-test_script-default-9684": requirements OK (will proceed to check dependencies)
2025-08-03 15:11:58,339 avocado.core.task.statemachine DEBUG| Task "76-./pcache.py:PcacheTest.test;run-cache_mode-writeonly-crc-disable-gc-gc80-test_script-default-9684": about to be spawned with "<avocado.plugins.spawners.process.ProcessSpawner object at 0x7f174d84bdd0>"
2025-08-03 15:11:58,342 avocado.core.task.statemachine DEBUG| Task "76-./pcache.py:PcacheTest.test;run-cache_mode-writeonly-crc-disable-gc-gc80-test_script-default-9684": spawned successfully
2025-08-03 15:11:58,655 avocado.core.status.repo DEBUG| Task "76-./pcache.py:PcacheTest.test;run-cache_mode-writeonly-crc-disable-gc-gc80-test_script-default-9684" started message: "{'status': 'started', 'time': 8970.198598439, 'output_dir': '/root/avocado/job-results/job-2025-08-03T13.33-3197a4b/test-results/76-._pcache.py_PcacheTest.test_run-cache_mode-writeonly-crc-disable-gc-gc80-test_script-default-9684', 'id': '76-./pcache.py:PcacheTest.test;run-cache_mode-writeonly-crc-disable-gc-gc80-test_script-default-9684'}"
2025-08-03 15:11:58,683 avocado.test INFO | ./pcache.py:PcacheTest.test;run-cache_mode-writeonly-crc-disable-gc-gc80-test_script-default-9684: STARTED
2025-08-03 15:11:59,509 avocado.core.status.repo DEBUG| Task "76-./pcache.py:PcacheTest.test;run-cache_mode-writeonly-crc-disable-gc-gc80-test_script-default-9684" finished message: "{'result': 'pass', 'status': 'finished', 'time': 8970.956436695}"
2025-08-03 15:11:59,553 avocado.test INFO | ./pcache.py:PcacheTest.test;run-cache_mode-writeonly-crc-disable-gc-gc80-test_script-default-9684: PASS
2025-08-03 15:11:59,554 avocado.test INFO | More information in /root/avocado/job-results/job-2025-08-03T13.33-3197a4b/test-results/76-._pcache.py_PcacheTest.test_run-cache_mode-writeonly-crc-disable-gc-gc80-test_script-default-9684
2025-08-03 15:11:59,598 avocado.core.task.statemachine DEBUG| Task "76-./pcache.py:PcacheTest.test;run-cache_mode-writeonly-crc-disable-gc-gc80-test_script-default-9684" finished
2025-08-03 15:11:59,598 avocado.core.task.statemachine DEBUG| Task "77-./pcache.py:PcacheTest.test;run-cache_mode-writeonly-crc-disable-gc-gc80-test_script-xfstests-9409": requested -> triaging
2025-08-03 15:11:59,599 avocado.core.task.statemachine DEBUG| Task "77-./pcache.py:PcacheTest.test;run-cache_mode-writeonly-crc-disable-gc-gc80-test_script-xfstests-9409": requirements OK (will proceed to check dependencies)
2025-08-03 15:11:59,599 avocado.core.task.statemachine DEBUG| Task "77-./pcache.py:PcacheTest.test;run-cache_mode-writeonly-crc-disable-gc-gc80-test_script-xfstests-9409": about to be spawned with "<avocado.plugins.spawners.process.ProcessSpawner object at 0x7f174d84bdd0>"
2025-08-03 15:11:59,602 avocado.core.task.statemachine DEBUG| Task "77-./pcache.py:PcacheTest.test;run-cache_mode-writeonly-crc-disable-gc-gc80-test_script-xfstests-9409": spawned successfully
2025-08-03 15:11:59,960 avocado.core.status.repo DEBUG| Task "77-./pcache.py:PcacheTest.test;run-cache_mode-writeonly-crc-disable-gc-gc80-test_script-xfstests-9409" started message: "{'status': 'started', 'time': 8971.503728349, 'output_dir': '/root/avocado/job-results/job-2025-08-03T13.33-3197a4b/test-results/77-._pcache.py_PcacheTest.test_run-cache_mode-writeonly-crc-disable-gc-gc80-test_script-xfstests-9409', 'id': '77-./pcache.py:PcacheTest.test;run-cache_mode-writeonly-crc-disable-gc-gc80-test_script-xfstests-9409'}"
2025-08-03 15:12:00,007 avocado.test INFO | ./pcache.py:PcacheTest.test;run-cache_mode-writeonly-crc-disable-gc-gc80-test_script-xfstests-9409: STARTED
2025-08-03 15:12:00,907 avocado.core.status.repo DEBUG| Task "77-./pcache.py:PcacheTest.test;run-cache_mode-writeonly-crc-disable-gc-gc80-test_script-xfstests-9409" finished message: "{'result': 'pass', 'status': 'finished', 'time': 8972.353050491}"
2025-08-03 15:12:00,937 avocado.test INFO | ./pcache.py:PcacheTest.test;run-cache_mode-writeonly-crc-disable-gc-gc80-test_script-xfstests-9409: PASS
2025-08-03 15:12:00,937 avocado.test INFO | More information in /root/avocado/job-results/job-2025-08-03T13.33-3197a4b/test-results/77-._pcache.py_PcacheTest.test_run-cache_mode-writeonly-crc-disable-gc-gc80-test_script-xfstests-9409
2025-08-03 15:12:01,025 avocado.core.task.statemachine DEBUG| Task "77-./pcache.py:PcacheTest.test;run-cache_mode-writeonly-crc-disable-gc-gc80-test_script-xfstests-9409" finished
2025-08-03 15:12:01,025 avocado.core.task.statemachine DEBUG| Task "78-./pcache.py:PcacheTest.test;run-cache_mode-writeonly-crc-disable-gc-gc80-test_script-misc-2db7": requested -> triaging
2025-08-03 15:12:01,026 avocado.core.task.statemachine DEBUG| Task "78-./pcache.py:PcacheTest.test;run-cache_mode-writeonly-crc-disable-gc-gc80-test_script-misc-2db7": requirements OK (will proceed to check dependencies)
2025-08-03 15:12:01,026 avocado.core.task.statemachine DEBUG| Task "78-./pcache.py:PcacheTest.test;run-cache_mode-writeonly-crc-disable-gc-gc80-test_script-misc-2db7": about to be spawned with "<avocado.plugins.spawners.process.ProcessSpawner object at 0x7f174d84bdd0>"
2025-08-03 15:12:01,029 avocado.core.task.statemachine DEBUG| Task "78-./pcache.py:PcacheTest.test;run-cache_mode-writeonly-crc-disable-gc-gc80-test_script-misc-2db7": spawned successfully
2025-08-03 15:12:01,709 avocado.core.status.repo DEBUG| Task "78-./pcache.py:PcacheTest.test;run-cache_mode-writeonly-crc-disable-gc-gc80-test_script-misc-2db7" started message: "{'status': 'started', 'time': 8973.252366217, 'output_dir': '/root/avocado/job-results/job-2025-08-03T13.33-3197a4b/test-results/78-._pcache.py_PcacheTest.test_run-cache_mode-writeonly-crc-disable-gc-gc80-test_script-misc-2db7', 'id': '78-./pcache.py:PcacheTest.test;run-cache_mode-writeonly-crc-disable-gc-gc80-test_script-misc-2db7'}"
2025-08-03 15:12:01,746 avocado.test INFO | ./pcache.py:PcacheTest.test;run-cache_mode-writeonly-crc-disable-gc-gc80-test_script-misc-2db7: STARTED
2025-08-03 15:12:02,513 avocado.core.status.repo DEBUG| Task "78-./pcache.py:PcacheTest.test;run-cache_mode-writeonly-crc-disable-gc-gc80-test_script-misc-2db7" finished message: "{'result': 'pass', 'status': 'finished', 'time': 8973.953755081}"
2025-08-03 15:12:02,520 avocado.test INFO | ./pcache.py:PcacheTest.test;run-cache_mode-writeonly-crc-disable-gc-gc80-test_script-misc-2db7: PASS
2025-08-03 15:12:02,520 avocado.test INFO | More information in /root/avocado/job-results/job-2025-08-03T13.33-3197a4b/test-results/78-._pcache.py_PcacheTest.test_run-cache_mode-writeonly-crc-disable-gc-gc80-test_script-misc-2db7
2025-08-03 15:12:02,599 avocado.core.task.statemachine DEBUG| Task "78-./pcache.py:PcacheTest.test;run-cache_mode-writeonly-crc-disable-gc-gc80-test_script-misc-2db7" finished
2025-08-03 15:12:02,599 avocado.core.task.statemachine DEBUG| Task "79-./pcache.py:PcacheTest.test;run-cache_mode-writeonly-crc-disable-gc-gc80-test_script-failslab-6813": requested -> triaging
2025-08-03 15:12:02,599 avocado.core.task.statemachine DEBUG| Task "79-./pcache.py:PcacheTest.test;run-cache_mode-writeonly-crc-disable-gc-gc80-test_script-failslab-6813": requirements OK (will proceed to check dependencies)
2025-08-03 15:12:02,600 avocado.core.task.statemachine DEBUG| Task "79-./pcache.py:PcacheTest.test;run-cache_mode-writeonly-crc-disable-gc-gc80-test_script-failslab-6813": about to be spawned with "<avocado.plugins.spawners.process.ProcessSpawner object at 0x7f174d84bdd0>"
2025-08-03 15:12:02,603 avocado.core.task.statemachine DEBUG| Task "79-./pcache.py:PcacheTest.test;run-cache_mode-writeonly-crc-disable-gc-gc80-test_script-failslab-6813": spawned successfully
2025-08-03 15:12:02,950 avocado.core.status.repo DEBUG| Task "79-./pcache.py:PcacheTest.test;run-cache_mode-writeonly-crc-disable-gc-gc80-test_script-failslab-6813" started message: "{'status': 'started', 'time': 8974.494037238, 'output_dir': '/root/avocado/job-results/job-2025-08-03T13.33-3197a4b/test-results/79-._pcache.py_PcacheTest.test_run-cache_mode-writeonly-crc-disable-gc-gc80-test_script-failslab-6813', 'id': '79-./pcache.py:PcacheTest.test;run-cache_mode-writeonly-crc-disable-gc-gc80-test_script-failslab-6813'}"
2025-08-03 15:12:02,976 avocado.test INFO | ./pcache.py:PcacheTest.test;run-cache_mode-writeonly-crc-disable-gc-gc80-test_script-failslab-6813: STARTED
2025-08-03 15:12:03,979 avocado.core.status.repo DEBUG| Task "79-./pcache.py:PcacheTest.test;run-cache_mode-writeonly-crc-disable-gc-gc80-test_script-failslab-6813" finished message: "{'result': 'pass', 'status': 'finished', 'time': 8975.429177607}"
2025-08-03 15:12:04,000 avocado.test INFO | ./pcache.py:PcacheTest.test;run-cache_mode-writeonly-crc-disable-gc-gc80-test_script-failslab-6813: PASS
2025-08-03 15:12:04,000 avocado.test INFO | More information in /root/avocado/job-results/job-2025-08-03T13.33-3197a4b/test-results/79-._pcache.py_PcacheTest.test_run-cache_mode-writeonly-crc-disable-gc-gc80-test_script-failslab-6813
2025-08-03 15:12:04,081 avocado.core.task.statemachine DEBUG| Task "79-./pcache.py:PcacheTest.test;run-cache_mode-writeonly-crc-disable-gc-gc80-test_script-failslab-6813" finished
2025-08-03 15:12:04,081 avocado.core.task.statemachine DEBUG| Task "80-./pcache.py:PcacheTest.test;run-cache_mode-writeonly-crc-disable-gc-gc80-test_script-fail_make_request-e136": requested -> triaging
2025-08-03 15:12:04,082 avocado.core.task.statemachine DEBUG| Task "80-./pcache.py:PcacheTest.test;run-cache_mode-writeonly-crc-disable-gc-gc80-test_script-fail_make_request-e136": requirements OK (will proceed to check dependencies)
2025-08-03 15:12:04,082 avocado.core.task.statemachine DEBUG| Task "80-./pcache.py:PcacheTest.test;run-cache_mode-writeonly-crc-disable-gc-gc80-test_script-fail_make_request-e136": about to be spawned with "<avocado.plugins.spawners.process.ProcessSpawner object at 0x7f174d84bdd0>"
2025-08-03 15:12:04,084 avocado.core.task.statemachine DEBUG| Task "80-./pcache.py:PcacheTest.test;run-cache_mode-writeonly-crc-disable-gc-gc80-test_script-fail_make_request-e136": spawned successfully
2025-08-03 15:12:04,729 avocado.core.status.repo DEBUG| Task "80-./pcache.py:PcacheTest.test;run-cache_mode-writeonly-crc-disable-gc-gc80-test_script-fail_make_request-e136" started message: "{'status': 'started', 'time': 8976.273279305, 'output_dir': '/root/avocado/job-results/job-2025-08-03T13.33-3197a4b/test-results/80-._pcache.py_PcacheTest.test_run-cache_mode-writeonly-crc-disable-gc-gc80-test_script-fail_make_request-e136', 'id': '80-./pcache.py:PcacheTest.test;run-cache_mode-writeonly-crc-disable-gc-gc80-test_script-fail_make_request-e136'}"
2025-08-03 15:12:04,755 avocado.test INFO | ./pcache.py:PcacheTest.test;run-cache_mode-writeonly-crc-disable-gc-gc80-test_script-fail_make_request-e136: STARTED
2025-08-03 15:12:06,290 avocado.core.status.repo DEBUG| Task "80-./pcache.py:PcacheTest.test;run-cache_mode-writeonly-crc-disable-gc-gc80-test_script-fail_make_request-e136" finished message: "{'result': 'pass', 'status': 'finished', 'time': 8977.731263879}"
2025-08-03 15:12:06,330 avocado.test INFO | ./pcache.py:PcacheTest.test;run-cache_mode-writeonly-crc-disable-gc-gc80-test_script-fail_make_request-e136: PASS
2025-08-03 15:12:06,331 avocado.test INFO | More information in /root/avocado/job-results/job-2025-08-03T13.33-3197a4b/test-results/80-._pcache.py_PcacheTest.test_run-cache_mode-writeonly-crc-disable-gc-gc80-test_script-fail_make_request-e136
2025-08-03 15:12:06,393 avocado.core.task.statemachine DEBUG| Task "80-./pcache.py:PcacheTest.test;run-cache_mode-writeonly-crc-disable-gc-gc80-test_script-fail_make_request-e136" finished
2025-08-03 15:12:06,454 avocado.test INFO | Test results available in /root/avocado/job-results/job-2025-08-03T13.33-3197a4b
2025-08-03 15:12:06,469 avocado.sysinfo DEBUG| Not logging /sys/kernel/debug/sched_features (file not found)
2025-08-03 15:12:13,185 avocado.sysinfo DEBUG| Not logging /sys/devices/system/cpu/cpu0/cpufreq/scaling_governor (file not found)
2025-08-03 15:12:13,769 avocado.sysinfo DEBUG| Not logging /proc/pci (file not found)
