           CPU0       CPU1       CPU2       CPU3       CPU4       CPU5       CPU6       CPU7       CPU8       CPU9       CPU10      CPU11      CPU12      CPU13      CPU14      CPU15      CPU16      CPU17      CPU18      CPU19      CPU20      CPU21      CPU22      CPU23      CPU24      CPU25      CPU26      CPU27      CPU28      CPU29      CPU30      CPU31      
  1:          0          0          0          0          0          0          0          0          0          0          0          0          0          0          0          0          0          0          0          0          0          0          0          0          0          9          0          0          0          0          0          0  IO-APIC   1-edge      i8042
  4:          0          0          0          0          0          0          0          0          0          0          0          0          0          0          0          0          0          0          0          0          0          0          0          0          0          0          0        894          0          0          0          0  IO-APIC   4-edge      ttyS0
  8:          0          0          0          0          0          0          0          0          0          0          0          0          0          0          0          0          0          0          0          0          0          0          0          0          0          0          0          0          0          0          0          0  IO-APIC   8-edge      rtc0
  9:          0          0          0          0          0          0          0          0          0          0          0          0          0          0          0          0          0          0          0          0          0          0          0          0          0          0          0          0          0          0          0          0  IO-APIC   9-fasteoi   acpi
 12:          0          0          0          0          0          0          0          0          0          0          0          0          0          0          0          0          0          0          0          0          0          0          0          0        144          0          0          0          0          0          0          0  IO-APIC  12-edge      i8042
 16:          0          0          0          0          0          0          0          0          0          0          0          0          0          0          0          0          0          0          0          0          0          0          0          0          0          0          0          0          0          0          0          0  IO-APIC  16-fasteoi   uhci_hcd:usb2, i801_smbus
 17:          0          0          0          0          0          0          0          0          0          0          0          0          0          0          0          0          0          0          0          0          0          0          0          0          0          0          0          0          0          0          0          0  IO-APIC  17-fasteoi   uhci_hcd:usb3
 18:          0          0          0          0          0          0          0          0          0          0          0          0          0          0          0          0          0          0          0          0          0          0          0          0          0          0          0          0          0          0          0          0  IO-APIC  18-fasteoi   uhci_hcd:usb4
 19:          0          0          0          0          0          0          0          0          0          0          0          0          0          0          0          0          0          0          0          0         27          0          0          0          0          0          0          0          0          0          0          0  IO-APIC  19-fasteoi   ehci_hcd:usb1
 22:          0          0          0          0          0          1          0          1          0          0         33          0          0         10          0         40         32          8          0          0         11          0          0          1          1          0          0          0          0         32          2          0  IO-APIC  22-fasteoi   virtio3, virtio4
 24:          0          0          0          0          0          0          0          0          0          0          0          0          0          0          0          0          0          0          0          0          0          0          0          0          0          0          0          0          0          0          0          0 PCI-MSIX-0000:00:02.0   0-edge      PCIe PME, aerdrv, PCIe bwctrl
 25:          0          0          0          0          0          0          0          0          0          0          0          0          0          0          0          0          0          0          0          0          0          0          0          0          0          0          0          0          0          0          0          0 PCI-MSIX-0000:00:02.1   0-edge      PCIe PME, aerdrv, PCIe bwctrl
 26:          0          0          0          0          0          0          0          0          0          0          0          0          0          0          0          0          0          0          0          0          0          0          0          0          0          0          0          0          0          0          0          0 PCI-MSIX-0000:00:02.2   0-edge      PCIe PME, aerdrv, PCIe bwctrl
 27:          0          0          0          0          0          0          0          0          0          0          0          0          0          0          0          0          0          0          0          0          0          0          0          0          0          0          0          0          0          0          0          0 PCI-MSIX-0000:00:02.3   0-edge      PCIe PME, aerdrv, PCIe bwctrl
 28:          0          0          0          0          0          0          0          0          0          0          0          0          0          0          0          0          0          0          0          0          0          0          0          0          0          0          0          0          0          0          0          0 PCI-MSIX-0000:00:02.4   0-edge      PCIe PME, aerdrv, PCIe bwctrl
 29:          0          0          0          0          0          0          0          0          0          0          0          0          0          0          0          0          0          0          0          0          0          0          0          0          0          0          0          0          0          0          0          0 PCI-MSIX-0000:00:02.5   0-edge      PCIe PME, aerdrv, PCIe bwctrl
 30:          0          0          0          0          0          0          0          0          0          0          0          0          0          0          0          0          0          0          0          0          0          0          0          0          0          0          0          0          0          0          0          0 PCI-MSIX-0000:00:02.6   0-edge      PCIe PME, aerdrv, PCIe bwctrl
 31:          0          0          0          0          0          0          0          0          0          0          0          0          0          0          0          0          0          0          0          0          0          0          0          0          0          0          0          0          0          0          0          0 PCI-MSIX-0000:00:02.7   0-edge      PCIe PME, aerdrv, PCIe bwctrl
 32:          0          0          0          0          0          0          0          0          0          0          0          0          0          0          0          0          0          0          0          0          0          0          0          0          0          0          0          0          0          0          0          0 PCI-MSIX-0000:00:03.0   0-edge      PCIe PME, aerdrv, PCIe bwctrl
 33:          0          0          0          0          0          0          0          0          0          0          0          0          0          0          0          0          0          0          0          0          0          0          0          0          0          0          0          0          0          0          0          0 PCI-MSIX-0000:00:03.1   0-edge      PCIe PME, aerdrv, PCIe bwctrl
 34:          0          0          0          0          0          0          0          0          0          0          0          0          0          0          0          0          0          0          0          0          0          0          0          0          0          0          0          0          0          0          0          0 PCI-MSIX-0000:00:03.2   0-edge      PCIe PME, aerdrv, PCIe bwctrl
 35:          0          0          0          0          0          0          0          0          0          0          0          0          0          0          0          0          0          0          0          0          0          0          0          0          0          0          0          0          0          0          0          0 PCI-MSIX-0000:00:03.3   0-edge      PCIe PME, aerdrv, PCIe bwctrl
 36:          0          0          0          0          0          0          0          0          0          0          0          0          0          0          0          0          0          0          0          0          0          0          0          0          0          0          0          0          0          0          0          0 PCI-MSIX-0000:00:03.4   0-edge      PCIe PME, aerdrv, PCIe bwctrl
 37:          0          0          0          0          0          0          0          0          0          0          0          0          0          0          0          0          0          0          0          0          0          0          0          0          0          0          0          0          0          0          0          0 PCI-MSIX-0000:00:03.5   0-edge      PCIe PME, aerdrv, PCIe bwctrl
 38:          0          0          0          0          0          0          0          0          0          0          0          0          0          0          0          0          0          0          0          0          0          0          0          0          0          0          0          0          0          0          0          0 PCI-MSIX-0000:00:03.6   0-edge      PCIe PME, aerdrv, PCIe bwctrl
 39:          0          0          0          0          0          0          0          0          0          0          0          0          0          0          0          0          0          0          0          0          0          0          0          0          0          0          0          0          0          0          0          0 PCI-MSIX-0000:00:03.7   0-edge      PCIe PME, aerdrv, PCIe bwctrl
 40:          0          0          0          0          0          0          0          0          0          0          0          0          0          0          0          0          0          0          0          0          0          0          0          0          0          0          0          0          0          0          0          0 PCI-MSIX-0000:02:00.0   0-edge      virtio1-config
 41:          0          0          0          0          0          0          0          0          0          0          0          0          0          0          0          0          0          0          0          2          0          0          0          0          0          0          0          0          0          0          0          0 PCI-MSIX-0000:02:00.0   1-edge      virtio1-virtqueues
 42:          0          0          0          0          0          0          0          0          0          0          0          0          0          0          0          0          0          0          0          0          0          0          0          0          0          0          0          0          0          0          0          0 PCI-MSIX-0000:03:00.0   0-edge      virtio2-config
 43:       6614          0          0          0          0          0          0          0          0          0          0          0          0          0          0          0          0          0          0          0          0          0          0          0          0          0          0          0          0          0          0          0 PCI-MSIX-0000:03:00.0   1-edge      virtio2-req.0
 44:          0       9462          0          0          0          0          0          0          0          0          0          0          0          0          0          0          0          0          0          0          0          0          0          0          0          0          0          0          0          0          0          0 PCI-MSIX-0000:03:00.0   2-edge      virtio2-req.1
 45:          0          0          0          0          0          0          0          0          0          0          0          0          0          0          0          0          0          0          0          0          0          0          0          0          0          0          0          0          0          0          0          0 PCI-MSIX-0000:01:00.0   0-edge      virtio0-config
 46:          0          0       9489          0          0          0          0          0          0          0          0          0          0          0          0          0          0          0          0          0          0          0          0          0          0          0          0          0          0          0          0          0 PCI-MSIX-0000:03:00.0   3-edge      virtio2-req.2
 47:          0          0          0          0          2          0          0          0          0          0          0          0          0          0          2          0          0          0          0          0          0          0          0          0          0          0          0          0          4        100          0          0 PCI-MSIX-0000:01:00.0   1-edge      virtio0-input.0
 48:          0          0          0       8423          0          0          0          0          0          0          0          0          0          0          0          0          0          0          0          0          0          0          0          0          0          0          0          0          0          0          0          0 PCI-MSIX-0000:03:00.0   4-edge      virtio2-req.3
 49:          0          3         32          2         85          3          0          0         55          0          5          8          2          0         30       1033          3          3          0        486          0          0          0         27          0          0        140          0          0          0        554          0 PCI-MSIX-0000:01:00.0   2-edge      virtio0-output.0
 50:          0          0          0          0       6646          0          0          0          0          0          0          0          0          0          0          0          0          0          0          0          0          0          0          0          0          0          0          0          0          0          0          0 PCI-MSIX-0000:03:00.0   5-edge      virtio2-req.4
 51:          0          0          0          0          0       5839          0          0          0          0          0          0          0          0          0          0          0          0          0          0          0          0          0          0          0          0          0          0          0          0          0          0 PCI-MSIX-0000:03:00.0   6-edge      virtio2-req.5
 52:          0          0          0          0          0          0       4964          0          0          0          0          0          0          0          0          0          0          0          0          0          0          0          0          0          0          0          0          0          0          0          0          0 PCI-MSIX-0000:03:00.0   7-edge      virtio2-req.6
 53:          0          0          0          0          0          0          0       6342          0          0          0          0          0          0          0          0          0          0          0          0          0          0          0          0          0          0          0          0          0          0          0          0 PCI-MSIX-0000:03:00.0   8-edge      virtio2-req.7
 54:          0          0          0          0          0          0          0          0       4712          0          0          0          0          0          0          0          0          0          0          0          0          0          0          0          0          0          0          0          0          0          0          0 PCI-MSIX-0000:03:00.0   9-edge      virtio2-req.8
 55:          0          0          0          0          0          0          0          0          0       4875          0          0          0          0          0          0          0          0          0          0          0          0          0          0          0          0          0          0          0          0          0          0 PCI-MSIX-0000:03:00.0  10-edge      virtio2-req.9
 56:          0          0          0          0          0          0          0          0          0          0       4863          0          0          0          0          0          0          0          0          0          0          0          0          0          0          0          0          0          0          0          0          0 PCI-MSIX-0000:03:00.0  11-edge      virtio2-req.10
 57:          0          0          0          0          0          0          0          0          0          0          0       4483          0          0          0          0          0          0          0          0          0          0          0          0          0          0          0          0          0          0          0          0 PCI-MSIX-0000:03:00.0  12-edge      virtio2-req.11
 58:          0          0          0          0          0          0          0          0          0          0          0          0       4100          0          0          0          0          0          0          0          0          0          0          0          0          0          0          0          0          0          0          0 PCI-MSIX-0000:03:00.0  13-edge      virtio2-req.12
 59:          0          0          0          0          0          0          0          0          0          0          0          0          0       4705          0          0          0          0          0          0          0          0          0          0          0          0          0          0          0          0          0          0 PCI-MSIX-0000:03:00.0  14-edge      virtio2-req.13
 60:          0          0          0          0          0          0          0          0          0          0          0          0          0          0       4602          0          0          0          0          0          0          0          0          0          0          0          0          0          0          0          0          0 PCI-MSIX-0000:03:00.0  15-edge      virtio2-req.14
 61:          0          0          0          0          0          0          0          0          0          0          0          0          0          0          0       4672          0          0          0          0          0          0          0          0          0          0          0          0          0          0          0          0 PCI-MSIX-0000:03:00.0  16-edge      virtio2-req.15
 62:          0          0          0          0          0          0          0          0          0          0          0          0          0          0          0          0       4951          0          0          0          0          0          0          0          0          0          0          0          0          0          0          0 PCI-MSIX-0000:03:00.0  17-edge      virtio2-req.16
 63:          0          0          0          0          0          0          0          0          0          0          0          0          0          0          0          0          0       4914          0          0          0          0          0          0          0          0          0          0          0          0          0          0 PCI-MSIX-0000:03:00.0  18-edge      virtio2-req.17
 64:          0          0          0          0          0          0          0          0          0          0          0          0          0          0          0          0          0          0       4169          0          0          0          0          0          0          0          0          0          0          0          0          0 PCI-MSIX-0000:03:00.0  19-edge      virtio2-req.18
 65:          0          0          0          0          0          0          0          0          0          0          0          0          0          0          0          0          0          0          0       4419          0          0          0          0          0          0          0          0          0          0          0          0 PCI-MSIX-0000:03:00.0  20-edge      virtio2-req.19
 66:          0          0          0          0          0          0          0          0          0          0          0          0          0          0          0          0          0          0          0          0       4668          0          0          0          0          0          0          0          0          0          0          0 PCI-MSIX-0000:03:00.0  21-edge      virtio2-req.20
 67:          0          0          0          0          0          0          0          0          0          0          0          0          0          0          0          0          0          0          0          0          0          0          0          0          0          0          0          0          0          0          0          0 PCI-MSIX-0000:06:00.0   0-edge      virtio5-config
 68:          0          0          0          0          0          0          0          0          0          0          0          0          0          0          0          0          0          0          0          0          0       3828          0          0          0          0          0          0          0          0          0          0 PCI-MSIX-0000:03:00.0  22-edge      virtio2-req.21
 69:          0          0          0          0          0          0          0          0          0          0          0          0          0          0          0          0          0          0          0          0          0          0       4048          0          0          0          0          0          0          0          0          0 PCI-MSIX-0000:03:00.0  23-edge      virtio2-req.22
 70:          0          0         17        136         29       4223       2962         41         30          0         10          0          0       1066          0       3074          0          0          0          0          0         89          0          0       1869       3303          4         94          0          0       1030          0 PCI-MSIX-0000:06:00.0   1-edge      virtio5-input.0
 71:          0          0          0          0          0          0          0          0          0          0          0          0          0          0          0          0          0          0          0          0          0          0          0       3966          0          0          0          0          0          0          0          0 PCI-MSIX-0000:03:00.0  24-edge      virtio2-req.23
 72:          0       2855       2576         37        687          0        857         52          0       2516          0          0         37         41          0         14          0         52          0       3450          3          0         28          0          0        129       1841          0          0          0          0        112 PCI-MSIX-0000:06:00.0   2-edge      virtio5-output.0
 73:          0          0          0          0          0          0          0          0          0          0          0          0          0          0          0          0          0          0          0          0          0          0          0          0       4697          0          0          0          0          0          0          0 PCI-MSIX-0000:03:00.0  25-edge      virtio2-req.24
 74:          0          0          0          0          0          0          0          0          0          0          0          0          0          0          0          0          0          0          0          0          0          0          0          0          0       4365          0          0          0          0          0          0 PCI-MSIX-0000:03:00.0  26-edge      virtio2-req.25
 75:          0          0          0          0          0          0          0          0          0          0          0          0          0          0          0          0          0          0          0          0          0          0          0          0          0          0       4577          0          0          0          0          0 PCI-MSIX-0000:03:00.0  27-edge      virtio2-req.26
 76:          0          0          0          0          0          0          0          0          0          0          0          0          0          0          0          0          0          0          0          0          0          0          0          0          0          0          0       4745          0          0          0          0 PCI-MSIX-0000:03:00.0  28-edge      virtio2-req.27
 77:          0          0          0          0          0          0          0          0          0          0          0          0          0          0          0          0          0          0          0          0          0          0          0          0          0          0          0          0       3889          0          0          0 PCI-MSIX-0000:03:00.0  29-edge      virtio2-req.28
 78:          0          0          0          0          0          0          0          0          0          0          0          0          0          0          0          0          0          0          0          0          0          0          0          0          0          0          0          0          0       3737          0          0 PCI-MSIX-0000:03:00.0  30-edge      virtio2-req.29
 79:          0          0          0          0          0          0          0          0          0          0          0          0          0          0          0          0          0          0          0          0          0          0          0          0          0          0          0          0          0          0       3899          0 PCI-MSIX-0000:03:00.0  31-edge      virtio2-req.30
 80:          0          0          0          0          0          0          0          0          0          0          0          0          0          0          0          0          0          0          0          0          0          0          0          0          0          0          0          0          0          0          0       3775 PCI-MSIX-0000:03:00.0  32-edge      virtio2-req.31
 81:          0          0          0          0          0          0          0          0          0          0          0          0          0          0          0          0          0          0          0          0          0          0          0          0          0          0          0          0          0          0          0          0 PCI-MSIX-0000:09:00.0   0-edge      virtio6-config
 82:          0          0          0          0          0          0          0          0          0          0          0          0          0          0          0          0          0          0          0          0          0          0          0          0          0          0          0          0          0          0          0          0 PCI-MSIX-0000:09:00.0   1-edge      virtio6-req.0
 83:          0          3          0          0          0          0          0          0          0          0          0          0          0          0          0          0          0          0          0          0          0          0          0          0          0          0          0          0          0          0          0          0 PCI-MSIX-0000:09:00.0   2-edge      virtio6-req.1
 84:          0          0          0          0          0          0          0          0          0          0          0          0          0          0          0          0          0          0          0          0          0          0          0          0          0          0          0          0          0          0          0          0 PCI-MSIX-0000:09:00.0   3-edge      virtio6-req.2
 85:          0          0          0          0          0          0          0          0          0          0          0          0          0          0          0          0          0          0          0          0          0          0          0          0          0          0          0          0          0          0          0          0 PCI-MSIX-0000:09:00.0   4-edge      virtio6-req.3
 86:          0          0          0          0          0          0          0          0          0          0          0          0          0          0          0          0          0          0          0          0          0          0          0          0          0          0          0          0          0          0          0          0 PCI-MSIX-0000:09:00.0   5-edge      virtio6-req.4
 87:          0          0          0          0          0          0          0          0          0          0          0          0          0          0          0          0          0          0          0          0          0          0          0          0          0          0          0          0          0          0          0          0 PCI-MSIX-0000:09:00.0   6-edge      virtio6-req.5
 88:          0          0          0          0          0          0          0          0          0          0          0          0          0          0          0          0          0          0          0          0          0          0          0          0          0          0          0          0          0          0          0          0 PCI-MSIX-0000:09:00.0   7-edge      virtio6-req.6
 89:          0          0          0          0          0          0          0          0          0          0          0          0          0          0          0          0          0          0          0          0          0          0          0          0          0          0          0          0          0          0          0          0 PCI-MSIX-0000:09:00.0   8-edge      virtio6-req.7
 90:          0          0          0          0          0          0          0          0         35          0          0          0          0          0          0          0          0          0          0          0          0          0          0          0          0          0          0          0          0          0          0          0 PCI-MSIX-0000:09:00.0   9-edge      virtio6-req.8
 91:          0          0          0          0          0          0          0          0          0          0          0          0          0          0          0          0          0          0          0          0          0          0          0          0          0          0          0          0          0          0          0          0 PCI-MSIX-0000:09:00.0  10-edge      virtio6-req.9
 92:          0          0          0          0          0          0          0          0          0          0        129          0          0          0          0          0          0          0          0          0          0          0          0          0          0          0          0          0          0          0          0          0 PCI-MSIX-0000:09:00.0  11-edge      virtio6-req.10
 93:          0          0          0          0          0          0          0          0          0          0          0          1          0          0          0          0          0          0          0          0          0          0          0          0          0          0          0          0          0          0          0          0 PCI-MSIX-0000:09:00.0  12-edge      virtio6-req.11
 94:          0          0          0          0          0          0          0          0          0          0          0          0          0          0          0          0          0          0          0          0          0          0          0          0          0          0          0          0          0          0          0          0 PCI-MSIX-0000:09:00.0  13-edge      virtio6-req.12
 95:          0          0          0          0          0          0          0          0          0          0          0          0          0          0          0          0          0          0          0          0          0          0          0          0          0          0          0          0          0          0          0          0 PCI-MSIX-0000:09:00.0  14-edge      virtio6-req.13
 96:          0          0          0          0          0          0          0          0          0          0          0          0          0          0          0          0          0          0          0          0          0          0          0          0          0          0          0          0          0          0          0          0 PCI-MSIX-0000:09:00.0  15-edge      virtio6-req.14
 97:          0          0          0          0          0          0          0          0          0          0          0          0          0          0          0          0          0          0          0          0          0          0          0          0          0          0          0          0          0          0          0          0 PCI-MSIX-0000:09:00.0  16-edge      virtio6-req.15
 98:          0          0          0          0          0          0          0          0          0          0          0          0          0          0          0          0          0          0          0          0          0          0          0          0          0          0          0          0          0          0          0          0 PCI-MSIX-0000:09:00.0  17-edge      virtio6-req.16
 99:          0          0          0          0          0          0          0          0          0          0          0          0          0          0          0          0          0         35          0          0          0          0          0          0          0          0          0          0          0          0          0          0 PCI-MSIX-0000:09:00.0  18-edge      virtio6-req.17
100:          0          0          0          0          0          0          0          0          0          0          0          0          0          0          0          0          0          0          0          0          0          0          0          0          0          0          0          0          0          0          0          0 PCI-MSIX-0000:09:00.0  19-edge      virtio6-req.18
101:          0          0          0          0          0          0          0          0          0          0          0          0          0          0          0          0          0          0          0          0          0          0          0          0          0          0          0          0          0          0          0          0 PCI-MSIX-0000:09:00.0  20-edge      virtio6-req.19
102:          0          0          0          0          0          0          0          0          0          0          0          0          0          0          0          0          0          0          0          0          0          0          0          0          0          0          0          0          0          0          0          0 PCI-MSIX-0000:09:00.0  21-edge      virtio6-req.20
103:          0          0          0          0          0          0          0          0          0          0          0          0          0          0          0          0          0          0          0          0          0          2          0          0          0          0          0          0          0          0          0          0 PCI-MSIX-0000:09:00.0  22-edge      virtio6-req.21
104:          0          0          0          0          0          0          0          0          0          0          0          0          0          0          0          0          0          0          0          0          0          0          0          0          0          0          0          0          0          0          0          0 PCI-MSIX-0000:09:00.0  23-edge      virtio6-req.22
105:          0          0          0          0          0          0          0          0          0          0          0          0          0          0          0          0          0          0          0          0          0          0          0         37          0          0          0          0          0          0          0          0 PCI-MSIX-0000:09:00.0  24-edge      virtio6-req.23
106:          0          0          0          0          0          0          0          0          0          0          0          0          0          0          0          0          0          0          0          0          0          0          0          0          0          0          0          0          0          0          0          0 PCI-MSIX-0000:09:00.0  25-edge      virtio6-req.24
107:          0          0          0          0          0          0          0          0          0          0          0          0          0          0          0          0          0          0          0          0          0          0          0          0          0          0          0          0          0          0          0          0 PCI-MSIX-0000:09:00.0  26-edge      virtio6-req.25
108:          0          0          0          0          0          0          0          0          0          0          0          0          0          0          0          0          0          0          0          0          0          0          0          0          0          0          0          0          0          0          0          0 PCI-MSIX-0000:09:00.0  27-edge      virtio6-req.26
109:          0          0          0          0          0          0          0          0          0          0          0          0          0          0          0          0          0          0          0          0          0          0          0          0          0          0          0         38          0          0          0          0 PCI-MSIX-0000:09:00.0  28-edge      virtio6-req.27
110:          0          0          0          0          0          0          0          0          0          0          0          0          0          0          0          0          0          0          0          0          0          0          0          0          0          0          0          0          0          0          0          0 PCI-MSIX-0000:09:00.0  29-edge      virtio6-req.28
111:          0          0          0          0          0          0          0          0          0          0          0          0          0          0          0          0          0          0          0          0          0          0          0          0          0          0          0          0          0          0          0          0 PCI-MSIX-0000:09:00.0  30-edge      virtio6-req.29
112:          0          0          0          0          0          0          0          0          0          0          0          0          0          0          0          0          0          0          0          0          0          0          0          0          0          0          0          0          0          0          0          0 PCI-MSIX-0000:09:00.0  31-edge      virtio6-req.30
113:          0          0          0          0          0          0          0          0          0          0          0          0          0          0          0          0          0          0          0          0          0          0          0          0          0          0          0          0          0          0          0          0 PCI-MSIX-0000:09:00.0  32-edge      virtio6-req.31
114:          0          0          0          0          0          0          0          0          0          0          0          0          0          0          0          0          0          0          0          0          0          0          0          0          0          0          0          0          0          0          0          0 PCI-MSIX-0000:0a:00.0   0-edge      virtio7-config
115:       1771          0          0          0          0          0          0          0          0          0          0          0          0          0          0          0          0          0          0          0          0          0          0          0          0          0          0          0          0          0          0          0 PCI-MSIX-0000:0a:00.0   1-edge      virtio7-req.0
116:          0       1034          0          0          0          0          0          0          0          0          0          0          0          0          0          0          0          0          0          0          0          0          0          0          0          0          0          0          0          0          0          0 PCI-MSIX-0000:0a:00.0   2-edge      virtio7-req.1
117:          0          0       1090          0          0          0          0          0          0          0          0          0          0          0          0          0          0          0          0          0          0          0          0          0          0          0          0          0          0          0          0          0 PCI-MSIX-0000:0a:00.0   3-edge      virtio7-req.2
118:          0          0          0       1274          0          0          0          0          0          0          0          0          0          0          0          0          0          0          0          0          0          0          0          0          0          0          0          0          0          0          0          0 PCI-MSIX-0000:0a:00.0   4-edge      virtio7-req.3
119:          0          0          0          0       1030          0          0          0          0          0          0          0          0          0          0          0          0          0          0          0          0          0          0          0          0          0          0          0          0          0          0          0 PCI-MSIX-0000:0a:00.0   5-edge      virtio7-req.4
120:          0          0          0          0          0        684          0          0          0          0          0          0          0          0          0          0          0          0          0          0          0          0          0          0          0          0          0          0          0          0          0          0 PCI-MSIX-0000:0a:00.0   6-edge      virtio7-req.5
121:          0          0          0          0          0          0        909          0          0          0          0          0          0          0          0          0          0          0          0          0          0          0          0          0          0          0          0          0          0          0          0          0 PCI-MSIX-0000:0a:00.0   7-edge      virtio7-req.6
122:          0          0          0          0          0          0          0       1648          0          0          0          0          0          0          0          0          0          0          0          0          0          0          0          0          0          0          0          0          0          0          0          0 PCI-MSIX-0000:0a:00.0   8-edge      virtio7-req.7
123:          0          0          0          0          0          0          0          0        874          0          0          0          0          0          0          0          0          0          0          0          0          0          0          0          0          0          0          0          0          0          0          0 PCI-MSIX-0000:0a:00.0   9-edge      virtio7-req.8
124:          0          0          0          0          0          0          0          0          0       1355          0          0          0          0          0          0          0          0          0          0          0          0          0          0          0          0          0          0          0          0          0          0 PCI-MSIX-0000:0a:00.0  10-edge      virtio7-req.9
125:          0          0          0          0          0          0          0          0          0          0       1168          0          0          0          0          0          0          0          0          0          0          0          0          0          0          0          0          0          0          0          0          0 PCI-MSIX-0000:0a:00.0  11-edge      virtio7-req.10
126:          0          0          0          0          0          0          0          0          0          0          0        988          0          0          0          0          0          0          0          0          0          0          0          0          0          0          0          0          0          0          0          0 PCI-MSIX-0000:0a:00.0  12-edge      virtio7-req.11
127:          0          0          0          0          0          0          0          0          0          0          0          0        976          0          0          0          0          0          0          0          0          0          0          0          0          0          0          0          0          0          0          0 PCI-MSIX-0000:0a:00.0  13-edge      virtio7-req.12
128:          0          0          0          0          0          0          0          0          0          0          0          0          0        945          0          0          0          0          0          0          0          0          0          0          0          0          0          0          0          0          0          0 PCI-MSIX-0000:0a:00.0  14-edge      virtio7-req.13
129:          0          0          0          0          0          0          0          0          0          0          0          0          0          0        975          0          0          0          0          0          0          0          0          0          0          0          0          0          0          0          0          0 PCI-MSIX-0000:0a:00.0  15-edge      virtio7-req.14
130:          0          0          0          0          0          0          0          0          0          0          0          0          0          0          0       1354          0          0          0          0          0          0          0          0          0          0          0          0          0          0          0          0 PCI-MSIX-0000:0a:00.0  16-edge      virtio7-req.15
131:          0          0          0          0          0          0          0          0          0          0          0          0          0          0          0          0       1025          0          0          0          0          0          0          0          0          0          0          0          0          0          0          0 PCI-MSIX-0000:0a:00.0  17-edge      virtio7-req.16
132:          0          0          0          0          0          0          0          0          0          0          0          0          0          0          0          0          0        898          0          0          0          0          0          0          0          0          0          0          0          0          0          0 PCI-MSIX-0000:0a:00.0  18-edge      virtio7-req.17
133:          0          0          0          0          0          0          0          0          0          0          0          0          0          0          0          0          0          0       2054          0          0          0          0          0          0          0          0          0          0          0          0          0 PCI-MSIX-0000:0a:00.0  19-edge      virtio7-req.18
134:          0          0          0          0          0          0          0          0          0          0          0          0          0          0          0          0          0          0          0       1118          0          0          0          0          0          0          0          0          0          0          0          0 PCI-MSIX-0000:0a:00.0  20-edge      virtio7-req.19
135:          0          0          0          0          0          0          0          0          0          0          0          0          0          0          0          0          0          0          0          0       1373          0          0          0          0          0          0          0          0          0          0          0 PCI-MSIX-0000:0a:00.0  21-edge      virtio7-req.20
136:          0          0          0          0          0          0          0          0          0          0          0          0          0          0          0          0          0          0          0          0          0       1369          0          0          0          0          0          0          0          0          0          0 PCI-MSIX-0000:0a:00.0  22-edge      virtio7-req.21
137:          0          0          0          0          0          0          0          0          0          0          0          0          0          0          0          0          0          0          0          0          0          0       1203          0          0          0          0          0          0          0          0          0 PCI-MSIX-0000:0a:00.0  23-edge      virtio7-req.22
138:          0          0          0          0          0          0          0          0          0          0          0          0          0          0          0          0          0          0          0          0          0          0          0        940          0          0          0          0          0          0          0          0 PCI-MSIX-0000:0a:00.0  24-edge      virtio7-req.23
139:          0          0          0          0          0          0          0          0          0          0          0          0          0          0          0          0          0          0          0          0          0          0          0          0       1017          0          0          0          0          0          0          0 PCI-MSIX-0000:0a:00.0  25-edge      virtio7-req.24
140:          0          0          0          0          0          0          0          0          0          0          0          0          0          0          0          0          0          0          0          0          0          0          0          0          0        922          0          0          0          0          0          0 PCI-MSIX-0000:0a:00.0  26-edge      virtio7-req.25
141:          0          0          0          0          0          0          0          0          0          0          0          0          0          0          0          0          0          0          0          0          0          0          0          0          0          0       1480          0          0          0          0          0 PCI-MSIX-0000:0a:00.0  27-edge      virtio7-req.26
142:          0          0          0          0          0          0          0          0          0          0          0          0          0          0          0          0          0          0          0          0          0          0          0          0          0          0          0       1344          0          0          0          0 PCI-MSIX-0000:0a:00.0  28-edge      virtio7-req.27
143:          0          0          0          0          0          0          0          0          0          0          0          0          0          0          0          0          0          0          0          0          0          0          0          0          0          0          0          0       1631          0          0          0 PCI-MSIX-0000:0a:00.0  29-edge      virtio7-req.28
144:          0          0          0          0          0          0          0          0          0          0          0          0          0          0          0          0          0          0          0          0          0          0          0          0          0          0          0          0          0       1129          0          0 PCI-MSIX-0000:0a:00.0  30-edge      virtio7-req.29
145:          0          0          0          0          0          0          0          0          0          0          0          0          0          0          0          0          0          0          0          0          0          0          0          0          0          0          0          0          0          0       1244          0 PCI-MSIX-0000:0a:00.0  31-edge      virtio7-req.30
146:          0          0          0          0          0          0          0          0          0          0          0          0          0          0          0          0          0          0          0          0          0          0          0          0          0          0          0          0          0          0          0       1041 PCI-MSIX-0000:0a:00.0  32-edge      virtio7-req.31
147:          0          0          0          0          0          0          0          0          0          0          0          0          0          0          0          0          0          0          0          0          0          0          0          0          0          0          0          0          0          0          0          0 PCI-MSIX-0000:0b:00.0   0-edge      virtio8-config
148:     133279          0          0          0          0          0          0          0          0          0          0          0          0          0          0          0          0          0          0          0          0          0          0          0          0          0          0          0          0          0          0          0 PCI-MSIX-0000:0b:00.0   1-edge      virtio8-req.0
149:          0     252749          0          0          0          0          0          0          0          0          0          0          0          0          0          0          0          0          0          0          0          0          0          0          0          0          0          0          0          0          0          0 PCI-MSIX-0000:0b:00.0   2-edge      virtio8-req.1
150:          0          0     311579          0          0          0          0          0          0          0          0          0          0          0          0          0          0          0          0          0          0          0          0          0          0          0          0          0          0          0          0          0 PCI-MSIX-0000:0b:00.0   3-edge      virtio8-req.2
151:          0          0          0     166417          0          0          0          0          0          0          0          0          0          0          0          0          0          0          0          0          0          0          0          0          0          0          0          0          0          0          0          0 PCI-MSIX-0000:0b:00.0   4-edge      virtio8-req.3
152:          0          0          0          0     140661          0          0          0          0          0          0          0          0          0          0          0          0          0          0          0          0          0          0          0          0          0          0          0          0          0          0          0 PCI-MSIX-0000:0b:00.0   5-edge      virtio8-req.4
153:          0          0          0          0          0     164232          0          0          0          0          0          0          0          0          0          0          0          0          0          0          0          0          0          0          0          0          0          0          0          0          0          0 PCI-MSIX-0000:0b:00.0   6-edge      virtio8-req.5
154:          0          0          0          0          0          0     113820          0          0          0          0          0          0          0          0          0          0          0          0          0          0          0          0          0          0          0          0          0          0          0          0          0 PCI-MSIX-0000:0b:00.0   7-edge      virtio8-req.6
155:          0          0          0          0          0          0          0      85202          0          0          0          0          0          0          0          0          0          0          0          0          0          0          0          0          0          0          0          0          0          0          0          0 PCI-MSIX-0000:0b:00.0   8-edge      virtio8-req.7
156:          0          0          0          0          0          0          0          0     101008          0          0          0          0          0          0          0          0          0          0          0          0          0          0          0          0          0          0          0          0          0          0          0 PCI-MSIX-0000:0b:00.0   9-edge      virtio8-req.8
157:          0          0          0          0          0          0          0          0          0     102797          0          0          0          0          0          0          0          0          0          0          0          0          0          0          0          0          0          0          0          0          0          0 PCI-MSIX-0000:0b:00.0  10-edge      virtio8-req.9
158:          0          0          0          0          0          0          0          0          0          0      94682          0          0          0          0          0          0          0          0          0          0          0          0          0          0          0          0          0          0          0          0          0 PCI-MSIX-0000:0b:00.0  11-edge      virtio8-req.10
159:          0          0          0          0          0          0          0          0          0          0          0      87093          0          0          0          0          0          0          0          0          0          0          0          0          0          0          0          0          0          0          0          0 PCI-MSIX-0000:0b:00.0  12-edge      virtio8-req.11
160:          0          0          0          0          0          0          0          0          0          0          0          0      86131          0          0          0          0          0          0          0          0          0          0          0          0          0          0          0          0          0          0          0 PCI-MSIX-0000:0b:00.0  13-edge      virtio8-req.12
161:          0          0          0          0          0          0          0          0          0          0          0          0          0     101081          0          0          0          0          0          0          0          0          0          0          0          0          0          0          0          0          0          0 PCI-MSIX-0000:0b:00.0  14-edge      virtio8-req.13
162:          0          0          0          0          0          0          0          0          0          0          0          0          0          0      85578          0          0          0          0          0          0          0          0          0          0          0          0          0          0          0          0          0 PCI-MSIX-0000:0b:00.0  15-edge      virtio8-req.14
163:          0          0          0          0          0          0          0          0          0          0          0          0          0          0          0      75011          0          0          0          0          0          0          0          0          0          0          0          0          0          0          0          0 PCI-MSIX-0000:0b:00.0  16-edge      virtio8-req.15
164:          0          0          0          0          0          0          0          0          0          0          0          0          0          0          0          0     100191          0          0          0          0          0          0          0          0          0          0          0          0          0          0          0 PCI-MSIX-0000:0b:00.0  17-edge      virtio8-req.16
165:          0          0          0          0          0          0          0          0          0          0          0          0          0          0          0          0          0     107495          0          0          0          0          0          0          0          0          0          0          0          0          0          0 PCI-MSIX-0000:0b:00.0  18-edge      virtio8-req.17
166:          0          0          0          0          0          0          0          0          0          0          0          0          0          0          0          0          0          0     101220          0          0          0          0          0          0          0          0          0          0          0          0          0 PCI-MSIX-0000:0b:00.0  19-edge      virtio8-req.18
167:          0          0          0          0          0          0          0          0          0          0          0          0          0          0          0          0          0          0          0     116770          0          0          0          0          0          0          0          0          0          0          0          0 PCI-MSIX-0000:0b:00.0  20-edge      virtio8-req.19
168:          0          0          0          0          0          0          0          0          0          0          0          0          0          0          0          0          0          0          0          0      55292          0          0          0          0          0          0          0          0          0          0          0 PCI-MSIX-0000:0b:00.0  21-edge      virtio8-req.20
169:          0          0          0          0          0          0          0          0          0          0          0          0          0          0          0          0          0          0          0          0          0      67157          0          0          0          0          0          0          0          0          0          0 PCI-MSIX-0000:0b:00.0  22-edge      virtio8-req.21
170:          0          0          0          0          0          0          0          0          0          0          0          0          0          0          0          0          0          0          0          0          0          0     127449          0          0          0          0          0          0          0          0          0 PCI-MSIX-0000:0b:00.0  23-edge      virtio8-req.22
171:          0          0          0          0          0          0          0          0          0          0          0          0          0          0          0          0          0          0          0          0          0          0          0      59884          0          0          0          0          0          0          0          0 PCI-MSIX-0000:0b:00.0  24-edge      virtio8-req.23
172:          0          0          0          0          0          0          0          0          0          0          0          0          0          0          0          0          0          0          0          0          0          0          0          0     107039          0          0          0          0          0          0          0 PCI-MSIX-0000:0b:00.0  25-edge      virtio8-req.24
173:          0          0          0          0          0          0          0          0          0          0          0          0          0          0          0          0          0          0          0          0          0          0          0          0          0      70417          0          0          0          0          0          0 PCI-MSIX-0000:0b:00.0  26-edge      virtio8-req.25
174:          0          0          0          0          0          0          0          0          0          0          0          0          0          0          0          0          0          0          0          0          0          0          0          0          0          0      69298          0          0          0          0          0 PCI-MSIX-0000:0b:00.0  27-edge      virtio8-req.26
175:          0          0          0          0          0          0          0          0          0          0          0          0          0          0          0          0          0          0          0          0          0          0          0          0          0          0          0      91520          0          0          0          0 PCI-MSIX-0000:0b:00.0  28-edge      virtio8-req.27
176:          0          0          0          0          0          0          0          0          0          0          0          0          0          0          0          0          0          0          0          0          0          0          0          0          0          0          0          0      79357          0          0          0 PCI-MSIX-0000:0b:00.0  29-edge      virtio8-req.28
177:          0          0          0          0          0          0          0          0          0          0          0          0          0          0          0          0          0          0          0          0          0          0          0          0          0          0          0          0          0      59629          0          0 PCI-MSIX-0000:0b:00.0  30-edge      virtio8-req.29
178:          0          0          0          0          0          0          0          0          0          0          0          0          0          0          0          0          0          0          0          0          0          0          0          0          0          0          0          0          0          0      77644          0 PCI-MSIX-0000:0b:00.0  31-edge      virtio8-req.30
179:          0          0          0          0          0          0          0          0          0          0          0          0          0          0          0          0          0          0          0          0          0          0          0          0          0          0          0          0          0          0          0      91670 PCI-MSIX-0000:0b:00.0  32-edge      virtio8-req.31
180:          0          0          0          0          0          0          0          0          0          0          0          0          0          0          0          0          0          0          0          0          0          0          0          0          0          0          0          0          0          0          0          0 PCI-MSIX-0000:0c:00.0   0-edge      virtio9-config
181:      32476          0          0          0          0          0          0          0          0          0          0          0          0          0          0          0          0          0          0          0          0          0          0          0          0          0          0          0          0          0          0          0 PCI-MSIX-0000:0c:00.0   1-edge      virtio9-req.0
182:          0     210287          0          0          0          0          0          0          0          0          0          0          0          0          0          0          0          0          0          0          0          0          0          0          0          0          0          0          0          0          0          0 PCI-MSIX-0000:0c:00.0   2-edge      virtio9-req.1
183:          0          0     193448          0          0          0          0          0          0          0          0          0          0          0          0          0          0          0          0          0          0          0          0          0          0          0          0          0          0          0          0          0 PCI-MSIX-0000:0c:00.0   3-edge      virtio9-req.2
184:          0          0          0     177851          0          0          0          0          0          0          0          0          0          0          0          0          0          0          0          0          0          0          0          0          0          0          0          0          0          0          0          0 PCI-MSIX-0000:0c:00.0   4-edge      virtio9-req.3
185:          0          0          0          0     130626          0          0          0          0          0          0          0          0          0          0          0          0          0          0          0          0          0          0          0          0          0          0          0          0          0          0          0 PCI-MSIX-0000:0c:00.0   5-edge      virtio9-req.4
186:          0          0          0          0          0     142761          0          0          0          0          0          0          0          0          0          0          0          0          0          0          0          0          0          0          0          0          0          0          0          0          0          0 PCI-MSIX-0000:0c:00.0   6-edge      virtio9-req.5
187:          0          0          0          0          0          0     120658          0          0          0          0          0          0          0          0          0          0          0          0          0          0          0          0          0          0          0          0          0          0          0          0          0 PCI-MSIX-0000:0c:00.0   7-edge      virtio9-req.6
188:          0          0          0          0          0          0          0      78764          0          0          0          0          0          0          0          0          0          0          0          0          0          0          0          0          0          0          0          0          0          0          0          0 PCI-MSIX-0000:0c:00.0   8-edge      virtio9-req.7
189:          0          0          0          0          0          0          0          0      72908          0          0          0          0          0          0          0          0          0          0          0          0          0          0          0          0          0          0          0          0          0          0          0 PCI-MSIX-0000:0c:00.0   9-edge      virtio9-req.8
190:          0          0          0          0          0          0          0          0          0      58388          0          0          0          0          0          0          0          0          0          0          0          0          0          0          0          0          0          0          0          0          0          0 PCI-MSIX-0000:0c:00.0  10-edge      virtio9-req.9
191:          0          0          0          0          0          0          0          0          0          0      75682          0          0          0          0          0          0          0          0          0          0          0          0          0          0          0          0          0          0          0          0          0 PCI-MSIX-0000:0c:00.0  11-edge      virtio9-req.10
192:          0          0          0          0          0          0          0          0          0          0          0      71064          0          0          0          0          0          0          0          0          0          0          0          0          0          0          0          0          0          0          0          0 PCI-MSIX-0000:0c:00.0  12-edge      virtio9-req.11
193:          0          0          0          0          0          0          0          0          0          0          0          0      52635          0          0          0          0          0          0          0          0          0          0          0          0          0          0          0          0          0          0          0 PCI-MSIX-0000:0c:00.0  13-edge      virtio9-req.12
194:          0          0          0          0          0          0          0          0          0          0          0          0          0      95206          0          0          0          0          0          0          0          0          0          0          0          0          0          0          0          0          0          0 PCI-MSIX-0000:0c:00.0  14-edge      virtio9-req.13
195:          0          0          0          0          0          0          0          0          0          0          0          0          0          0      60983          0          0          0          0          0          0          0          0          0          0          0          0          0          0          0          0          0 PCI-MSIX-0000:0c:00.0  15-edge      virtio9-req.14
196:          0          0          0          0          0          0          0          0          0          0          0          0          0          0          0     105814          0          0          0          0          0          0          0          0          0          0          0          0          0          0          0          0 PCI-MSIX-0000:0c:00.0  16-edge      virtio9-req.15
197:          0          0          0          0          0          0          0          0          0          0          0          0          0          0          0          0      84164          0          0          0          0          0          0          0          0          0          0          0          0          0          0          0 PCI-MSIX-0000:0c:00.0  17-edge      virtio9-req.16
198:          0          0          0          0          0          0          0          0          0          0          0          0          0          0          0          0          0      67048          0          0          0          0          0          0          0          0          0          0          0          0          0          0 PCI-MSIX-0000:0c:00.0  18-edge      virtio9-req.17
199:          0          0          0          0          0          0          0          0          0          0          0          0          0          0          0          0          0          0      48761          0          0          0          0          0          0          0          0          0          0          0          0          0 PCI-MSIX-0000:0c:00.0  19-edge      virtio9-req.18
200:          0          0          0          0          0          0          0          0          0          0          0          0          0          0          0          0          0          0          0      47048          0          0          0          0          0          0          0          0          0          0          0          0 PCI-MSIX-0000:0c:00.0  20-edge      virtio9-req.19
201:          0          0          0          0          0          0          0          0          0          0          0          0          0          0          0          0          0          0          0          0      68673          0          0          0          0          0          0          0          0          0          0          0 PCI-MSIX-0000:0c:00.0  21-edge      virtio9-req.20
202:          0          0          0          0          0          0          0          0          0          0          0          0          0          0          0          0          0          0          0          0          0      37217          0          0          0          0          0          0          0          0          0          0 PCI-MSIX-0000:0c:00.0  22-edge      virtio9-req.21
203:          0          0          0          0          0          0          0          0          0          0          0          0          0          0          0          0          0          0          0          0          0          0      93092          0          0          0          0          0          0          0          0          0 PCI-MSIX-0000:0c:00.0  23-edge      virtio9-req.22
204:          0          0          0          0          0          0          0          0          0          0          0          0          0          0          0          0          0          0          0          0          0          0          0      68667          0          0          0          0          0          0          0          0 PCI-MSIX-0000:0c:00.0  24-edge      virtio9-req.23
205:          0          0          0          0          0          0          0          0          0          0          0          0          0          0          0          0          0          0          0          0          0          0          0          0      52859          0          0          0          0          0          0          0 PCI-MSIX-0000:0c:00.0  25-edge      virtio9-req.24
206:          0          0          0          0          0          0          0          0          0          0          0          0          0          0          0          0          0          0          0          0          0          0          0          0          0      68889          0          0          0          0          0          0 PCI-MSIX-0000:0c:00.0  26-edge      virtio9-req.25
207:          0          0          0          0          0          0          0          0          0          0          0          0          0          0          0          0          0          0          0          0          0          0          0          0          0          0      50778          0          0          0          0          0 PCI-MSIX-0000:0c:00.0  27-edge      virtio9-req.26
208:          0          0          0          0          0          0          0          0          0          0          0          0          0          0          0          0          0          0          0          0          0          0          0          0          0          0          0      59676          0          0          0          0 PCI-MSIX-0000:0c:00.0  28-edge      virtio9-req.27
209:          0          0          0          0          0          0          0          0          0          0          0          0          0          0          0          0          0          0          0          0          0          0          0          0          0          0          0          0      62868          0          0          0 PCI-MSIX-0000:0c:00.0  29-edge      virtio9-req.28
210:          0          0          0          0          0          0          0          0          0          0          0          0          0          0          0          0          0          0          0          0          0          0          0          0          0          0          0          0          0      61369          0          0 PCI-MSIX-0000:0c:00.0  30-edge      virtio9-req.29
211:          0          0          0          0          0          0          0          0          0          0          0          0          0          0          0          0          0          0          0          0          0          0          0          0          0          0          0          0          0          0      64394          0 PCI-MSIX-0000:0c:00.0  31-edge      virtio9-req.30
212:          0          0          0          0          0          0          0          0          0          0          0          0          0          0          0          0          0          0          0          0          0          0          0          0          0          0          0          0          0          0          0      73247 PCI-MSIX-0000:0c:00.0  32-edge      virtio9-req.31
213:          0          0          0          0          0          0          0          0          0          0          0          0          0          0          0          0          0          0          0          0          0          0          0          0          0          0          0          0          0          0          0          0 PCI-MSIX-0000:0d:00.0   0-edge      virtio10-config
214:          0          0          0          0          0          0          0          0          0          0          0          0          0          0          0          0          0          0          0          0          0          0          0          0          0          0          0          0          0          0          0          0 PCI-MSIX-0000:0d:00.0   1-edge      virtio10-req.0
215:          0         10          0          0          0          0          0          0          0          0          0          0          0          0          0          0          0          0          0          0          0          0          0          0          0          0          0          0          0          0          0          0 PCI-MSIX-0000:0d:00.0   2-edge      virtio10-req.1
216:          0          0          0          0          0          0          0          0          0          0          0          0          0          0          0          0          0          0          0          0          0          0          0          0          0          0          0          0          0          0          0          0 PCI-MSIX-0000:0d:00.0   3-edge      virtio10-req.2
217:          0          0          0          1          0          0          0          0          0          0          0          0          0          0          0          0          0          0          0          0          0          0          0          0          0          0          0          0          0          0          0          0 PCI-MSIX-0000:0d:00.0   4-edge      virtio10-req.3
218:          0          0          0          0         65          0          0          0          0          0          0          0          0          0          0          0          0          0          0          0          0          0          0          0          0          0          0          0          0          0          0          0 PCI-MSIX-0000:0d:00.0   5-edge      virtio10-req.4
219:          0          0          0          0          0          0          0          0          0          0          0          0          0          0          0          0          0          0          0          0          0          0          0          0          0          0          0          0          0          0          0          0 PCI-MSIX-0000:0d:00.0   6-edge      virtio10-req.5
220:          0          0          0          0          0          0          0          0          0          0          0          0          0          0          0          0          0          0          0          0          0          0          0          0          0          0          0          0          0          0          0          0 PCI-MSIX-0000:0d:00.0   7-edge      virtio10-req.6
221:          0          0          0          0          0          0          0          0          0          0          0          0          0          0          0          0          0          0          0          0          0          0          0          0          0          0          0          0          0          0          0          0 PCI-MSIX-0000:0d:00.0   8-edge      virtio10-req.7
222:          0          0          0          0          0          0          0          0         49          0          0          0          0          0          0          0          0          0          0          0          0          0          0          0          0          0          0          0          0          0          0          0 PCI-MSIX-0000:0d:00.0   9-edge      virtio10-req.8
223:          0          0          0          0          0          0          0          0          0          0          0          0          0          0          0          0          0          0          0          0          0          0          0          0          0          0          0          0          0          0          0          0 PCI-MSIX-0000:0d:00.0  10-edge      virtio10-req.9
224:          0          0          0          0          0          0          0          0          0          0          0          0          0          0          0          0          0          0          0          0          0          0          0          0          0          0          0          0          0          0          0          0 PCI-MSIX-0000:0d:00.0  11-edge      virtio10-req.10
225:          0          0          0          0          0          0          0          0          0          0          0         29          0          0          0          0          0          0          0          0          0          0          0          0          0          0          0          0          0          0          0          0 PCI-MSIX-0000:0d:00.0  12-edge      virtio10-req.11
226:          0          0          0          0          0          0          0          0          0          0          0          0          0          0          0          0          0          0          0          0          0          0          0          0          0          0          0          0          0          0          0          0 PCI-MSIX-0000:0d:00.0  13-edge      virtio10-req.12
227:          0          0          0          0          0          0          0          0          0          0          0          0          0          0          0          0          0          0          0          0          0          0          0          0          0          0          0          0          0          0          0          0 PCI-MSIX-0000:0d:00.0  14-edge      virtio10-req.13
228:          0          0          0          0          0          0          0          0          0          0          0          0          0          0          0          0          0          0          0          0          0          0          0          0          0          0          0          0          0          0          0          0 PCI-MSIX-0000:0d:00.0  15-edge      virtio10-req.14
229:          0          0          0          0          0          0          0          0          0          0          0          0          0          0          0          0          0          0          0          0          0          0          0          0          0          0          0          0          0          0          0          0 PCI-MSIX-0000:0d:00.0  16-edge      virtio10-req.15
230:          0          0          0          0          0          0          0          0          0          0          0          0          0          0          0          0          0          0          0          0          0          0          0          0          0          0          0          0          0          0          0          0 PCI-MSIX-0000:0d:00.0  17-edge      virtio10-req.16
231:          0          0          0          0          0          0          0          0          0          0          0          0          0          0          0          0          0         51          0          0          0          0          0          0          0          0          0          0          0          0          0          0 PCI-MSIX-0000:0d:00.0  18-edge      virtio10-req.17
232:          0          0          0          0          0          0          0          0          0          0          0          0          0          0          0          0          0          0          0          0          0          0          0          0          0          0          0          0          0          0          0          0 PCI-MSIX-0000:0d:00.0  19-edge      virtio10-req.18
233:          0          0          0          0          0          0          0          0          0          0          0          0          0          0          0          0          0          0          0         27          0          0          0          0          0          0          0          0          0          0          0          0 PCI-MSIX-0000:0d:00.0  20-edge      virtio10-req.19
234:          0          0          0          0          0          0          0          0          0          0          0          0          0          0          0          0          0          0          0          0          1          0          0          0          0          0          0          0          0          0          0          0 PCI-MSIX-0000:0d:00.0  21-edge      virtio10-req.20
235:          0          0          0          0          0          0          0          0          0          0          0          0          0          0          0          0          0          0          0          0          0          4          0          0          0          0          0          0          0          0          0          0 PCI-MSIX-0000:0d:00.0  22-edge      virtio10-req.21
236:          0          0          0          0          0          0          0          0          0          0          0          0          0          0          0          0          0          0          0          0          0          0          0          0          0          0          0          0          0          0          0          0 PCI-MSIX-0000:0d:00.0  23-edge      virtio10-req.22
237:          0          0          0          0          0          0          0          0          0          0          0          0          0          0          0          0          0          0          0          0          0          0          0          0          0          0          0          0          0          0          0          0 PCI-MSIX-0000:0d:00.0  24-edge      virtio10-req.23
238:          0          0          0          0          0          0          0          0          0          0          0          0          0          0          0          0          0          0          0          0          0          0          0          0          0          0          0          0          0          0          0          0 PCI-MSIX-0000:0d:00.0  25-edge      virtio10-req.24
239:          0          0          0          0          0          0          0          0          0          0          0          0          0          0          0          0          0          0          0          0          0          0          0          0          0         37          0          0          0          0          0          0 PCI-MSIX-0000:0d:00.0  26-edge      virtio10-req.25
240:          0          0          0          0          0          0          0          0          0          0          0          0          0          0          0          0          0          0          0          0          0          0          0          0          0          0         26          0          0          0          0          0 PCI-MSIX-0000:0d:00.0  27-edge      virtio10-req.26
241:          0          0          0          0          0          0          0          0          0          0          0          0          0          0          0          0          0          0          0          0          0          0          0          0          0          0          0          0          0          0          0          0 PCI-MSIX-0000:0d:00.0  28-edge      virtio10-req.27
242:          0          0          0          0          0          0          0          0          0          0          0          0          0          0          0          0          0          0          0          0          0          0          0          0          0          0          0          0          0          0          0          0 PCI-MSIX-0000:0d:00.0  29-edge      virtio10-req.28
243:          0          0          0          0          0          0          0          0          0          0          0          0          0          0          0          0          0          0          0          0          0          0          0          0          0          0          0          0          0          0          0          0 PCI-MSIX-0000:0d:00.0  30-edge      virtio10-req.29
244:          0          0          0          0          0          0          0          0          0          0          0          0          0          0          0          0          0          0          0          0          0          0          0          0          0          0          0          0          0          0          0          0 PCI-MSIX-0000:0d:00.0  31-edge      virtio10-req.30
245:          0          0          0          0          0          0          0          0          0          0          0          0          0          0          0          0          0          0          0          0          0          0          0          0          0          0          0          0          0          0          0          0 PCI-MSIX-0000:0d:00.0  32-edge      virtio10-req.31
246:          0          0          0          0          0          0          0          0          0          0          0          0          0          0          0          0          0          0          0          0          0          0          0          0          0          0          0          0          0          0          0          0 PCI-MSIX-0000:0e:00.0   0-edge      virtio11-config
247:         30          0          0          0          0          0          0          0          0          0          0          0          0          0          0          0          0          0          0          0          0          0          0          0          0          0          0          0          0          0          0          0 PCI-MSIX-0000:0e:00.0   1-edge      virtio11-req.0
248:          0          3          0          0          0          0          0          0          0          0          0          0          0          0          0          0          0          0          0          0          0          0          0          0          0          0          0          0          0          0          0          0 PCI-MSIX-0000:0e:00.0   2-edge      virtio11-req.1
249:          0          0          0          0          0          0          0          0          0          0          0          0          0          0          0          0          0          0          0          0          0          0          0          0          0          0          0          0          0          0          0          0 PCI-MSIX-0000:0e:00.0   3-edge      virtio11-req.2
250:          0          0          0          0          0          0          0          0          0          0          0          0          0          0          0          0          0          0          0          0          0          0          0          0          0          0          0          0          0          0          0          0 PCI-MSIX-0000:0e:00.0   4-edge      virtio11-req.3
251:          0          0          0          0          0          0          0          0          0          0          0          0          0          0          0          0          0          0          0          0          0          0          0          0          0          0          0          0          0          0          0          0 PCI-MSIX-0000:0e:00.0   5-edge      virtio11-req.4
252:          0          0          0          0          0          0          0          0          0          0          0          0          0          0          0          0          0          0          0          0          0          0          0          0          0          0          0          0          0          0          0          0 PCI-MSIX-0000:0e:00.0   6-edge      virtio11-req.5
253:          0          0          0          0          0          0          0          0          0          0          0          0          0          0          0          0          0          0          0          0          0          0          0          0          0          0          0          0          0          0          0          0 PCI-MSIX-0000:0e:00.0   7-edge      virtio11-req.6
254:          0          0          0          0          0          0          0          0          0          0          0          0          0          0          0          0          0          0          0          0          0          0          0          0          0          0          0          0          0          0          0          0 PCI-MSIX-0000:0e:00.0   8-edge      virtio11-req.7
255:          0          0          0          0          0          0          0          0         35          0          0          0          0          0          0          0          0          0          0          0          0          0          0          0          0          0          0          0          0          0          0          0 PCI-MSIX-0000:0e:00.0   9-edge      virtio11-req.8
256:          0          0          0          0          0          0          0          0          0          0          0          0          0          0          0          0          0          0          0          0          0          0          0          0          0          0          0          0          0          0          0          0 PCI-MSIX-0000:0e:00.0  10-edge      virtio11-req.9
257:          0          0          0          0          0          0          0          0          0          0          0          0          0          0          0          0          0          0          0          0          0          0          0          0          0          0          0          0          0          0          0          0 PCI-MSIX-0000:0e:00.0  11-edge      virtio11-req.10
258:          0          0          0          0          0          0          0          0          0          0          0          1          0          0          0          0          0          0          0          0          0          0          0          0          0          0          0          0          0          0          0          0 PCI-MSIX-0000:0e:00.0  12-edge      virtio11-req.11
259:          0          0          0          0          0          0          0          0          0          0          0          0          0          0          0          0          0          0          0          0          0          0          0          0          0          0          0          0          0          0          0          0 PCI-MSIX-0000:0e:00.0  13-edge      virtio11-req.12
260:          0          0          0          0          0          0          0          0          0          0          0          0          0          0          0          0          0          0          0          0          0          0          0          0          0          0          0          0          0          0          0          0 PCI-MSIX-0000:0e:00.0  14-edge      virtio11-req.13
261:          0          0          0          0          0          0          0          0          0          0          0          0          0          0          0          0          0          0          0          0          0          0          0          0          0          0          0          0          0          0          0          0 PCI-MSIX-0000:0e:00.0  15-edge      virtio11-req.14
262:          0          0          0          0          0          0          0          0          0          0          0          0          0          0          0          0          0          0          0          0          0          0          0          0          0          0          0          0          0          0          0          0 PCI-MSIX-0000:0e:00.0  16-edge      virtio11-req.15
263:          0          0          0          0          0          0          0          0          0          0          0          0          0          0          0          0          0          0          0          0          0          0          0          0          0          0          0          0          0          0          0          0 PCI-MSIX-0000:0e:00.0  17-edge      virtio11-req.16
264:          0          0          0          0          0          0          0          0          0          0          0          0          0          0          0          0          0         35          0          0          0          0          0          0          0          0          0          0          0          0          0          0 PCI-MSIX-0000:0e:00.0  18-edge      virtio11-req.17
265:          0          0          0          0          0          0          0          0          0          0          0          0          0          0          0          0          0          0          0          0          0          0          0          0          0          0          0          0          0          0          0          0 PCI-MSIX-0000:0e:00.0  19-edge      virtio11-req.18
266:          0          0          0          0          0          0          0          0          0          0          0          0          0          0          0          0          0          0          0         38          0          0          0          0          0          0          0          0          0          0          0          0 PCI-MSIX-0000:0e:00.0  20-edge      virtio11-req.19
267:          0          0          0          0          0          0          0          0          0          0          0          0          0          0          0          0          0          0          0          0          0          0          0          0          0          0          0          0          0          0          0          0 PCI-MSIX-0000:0e:00.0  21-edge      virtio11-req.20
268:          0          0          0          0          0          0          0          0          0          0          0          0          0          0          0          0          0          0          0          0          0          5          0          0          0          0          0          0          0          0          0          0 PCI-MSIX-0000:0e:00.0  22-edge      virtio11-req.21
269:          0          0          0          0          0          0          0          0          0          0          0          0          0          0          0          0          0          0          0          0          0          0          0          0          0          0          0          0          0          0          0          0 PCI-MSIX-0000:0e:00.0  23-edge      virtio11-req.22
270:          0          0          0          0          0          0          0          0          0          0          0          0          0          0          0          0          0          0          0          0          0          0          0          0          0          0          0          0          0          0          0          0 PCI-MSIX-0000:0e:00.0  24-edge      virtio11-req.23
271:          0          0          0          0          0          0          0          0          0          0          0          0          0          0          0          0          0          0          0          0          0          0          0          0          0          0          0          0          0          0          0          0 PCI-MSIX-0000:0e:00.0  25-edge      virtio11-req.24
272:          0          0          0          0          0          0          0          0          0          0          0          0          0          0          0          0          0          0          0          0          0          0          0          0          0          3          0          0          0          0          0          0 PCI-MSIX-0000:0e:00.0  26-edge      virtio11-req.25
273:          0          0          0          0          0          0          0          0          0          0          0          0          0          0          0          0          0          0          0          0          0          0          0          0          0          0          0          0          0          0          0          0 PCI-MSIX-0000:0e:00.0  27-edge      virtio11-req.26
274:          0          0          0          0          0          0          0          0          0          0          0          0          0          0          0          0          0          0          0          0          0          0          0          0          0          0          0          0          0          0          0          0 PCI-MSIX-0000:0e:00.0  28-edge      virtio11-req.27
275:          0          0          0          0          0          0          0          0          0          0          0          0          0          0          0          0          0          0          0          0          0          0          0          0          0          0          0          0          0          0          0          0 PCI-MSIX-0000:0e:00.0  29-edge      virtio11-req.28
276:          0          0          0          0          0          0          0          0          0          0          0          0          0          0          0          0          0          0          0          0          0          0          0          0          0          0          0          0          0          0          0          0 PCI-MSIX-0000:0e:00.0  30-edge      virtio11-req.29
277:          0          0          0          0          0          0          0          0          0          0          0          0          0          0          0          0          0          0          0          0          0          0          0          0          0          0          0          0          0          0          0          0 PCI-MSIX-0000:0e:00.0  31-edge      virtio11-req.30
278:          0          0          0          0          0          0          0          0          0          0          0          0          0          0          0          0          0          0          0          0          0          0          0          0          0          0          0          0          0          0          0          0 PCI-MSIX-0000:0e:00.0  32-edge      virtio11-req.31
279:          0          0          0          0          0          0          0          0          0          0          0          0          0          0          0          0          0          0          0          0          0          0          0          0          0          0          0          0          0          0          0          0 PCI-MSIX-0000:10:00.0   0-edge      virtio13-config
280:          0          0          0          0          0          0          0          0          0          0          0          0          0          0          0          0          0          0          0          0          0          0          0          0          0          0          0          0          0          0          0          0 PCI-MSIX-0000:10:00.0   1-edge      virtio13-req.0
281:          0          3          0          0          0          0          0          0          0          0          0          0          0          0          0          0          0          0          0          0          0          0          0          0          0          0          0          0          0          0          0          0 PCI-MSIX-0000:10:00.0   2-edge      virtio13-req.1
282:          0          0          0          0          0          0          0          0          0          0          0          0          0          0          0          0          0          0          0          0          0          0          0          0          0          0          0          0          0          0          0          0 PCI-MSIX-0000:10:00.0   3-edge      virtio13-req.2
283:          0          0          0          0          0          0          0          0          0          0          0          0          0          0          0          0          0          0          0          0          0          0          0          0          0          0          0          0          0          0          0          0 PCI-MSIX-0000:10:00.0   4-edge      virtio13-req.3
284:          0          0          0          0          0          0          0          0          0          0          0          0          0          0          0          0          0          0          0          0          0          0          0          0          0          0          0          0          0          0          0          0 PCI-MSIX-0000:10:00.0   5-edge      virtio13-req.4
285:          0          0          0          0          0          0          0          0          0          0          0          0          0          0          0          0          0          0          0          0          0          0          0          0          0          0          0          0          0          0          0          0 PCI-MSIX-0000:10:00.0   6-edge      virtio13-req.5
286:          0          0          0          0          0          0          0          0          0          0          0          0          0          0          0          0          0          0          0          0          0          0          0          0          0          0          0          0          0          0          0          0 PCI-MSIX-0000:10:00.0   7-edge      virtio13-req.6
287:          0          0          0          0          0          0          0         40          0          0          0          0          0          0          0          0          0          0          0          0          0          0          0          0          0          0          0          0          0          0          0          0 PCI-MSIX-0000:10:00.0   8-edge      virtio13-req.7
288:          0          0          0          0          0          0          0          0         74          0          0          0          0          0          0          0          0          0          0          0          0          0          0          0          0          0          0          0          0          0          0          0 PCI-MSIX-0000:10:00.0   9-edge      virtio13-req.8
289:          0          0          0          0          0          0          0          0          0          0          0          0          0          0          0          0          0          0          0          0          0          0          0          0          0          0          0          0          0          0          0          0 PCI-MSIX-0000:10:00.0  10-edge      virtio13-req.9
290:          0          0          0          0          0          0          0          0          0          0          0          0          0          0          0          0          0          0          0          0          0          0          0          0          0          0          0          0          0          0          0          0 PCI-MSIX-0000:10:00.0  11-edge      virtio13-req.10
291:          0          0          0          0          0          0          0          0          0          0          0          1          0          0          0          0          0          0          0          0          0          0          0          0          0          0          0          0          0          0          0          0 PCI-MSIX-0000:10:00.0  12-edge      virtio13-req.11
292:          0          0          0          0          0          0          0          0          0          0          0          0          0          0          0          0          0          0          0          0          0          0          0          0          0          0          0          0          0          0          0          0 PCI-MSIX-0000:10:00.0  13-edge      virtio13-req.12
293:          0          0          0          0          0          0          0          0          0          0          0          0          0          0          0          0          0          0          0          0          0          0          0          0          0          0          0          0          0          0          0          0 PCI-MSIX-0000:10:00.0  14-edge      virtio13-req.13
294:          0          0          0          0          0          0          0          0          0          0          0          0          0          0          0          0          0          0          0          0          0          0          0          0          0          0          0          0          0          0          0          0 PCI-MSIX-0000:10:00.0  15-edge      virtio13-req.14
295:          0          0          0          0          0          0          0          0          0          0          0          0          0          0          0          0          0          0          0          0          0          0          0          0          0          0          0          0          0          0          0          0 PCI-MSIX-0000:10:00.0  16-edge      virtio13-req.15
296:          0          0          0          0          0          0          0          0          0          0          0          0          0          0          0          0          0          0          0          0          0          0          0          0          0          0          0          0          0          0          0          0 PCI-MSIX-0000:10:00.0  17-edge      virtio13-req.16
297:          0          0          0          0          0          0          0          0          0          0          0          0          0          0          0          0          0         49          0          0          0          0          0          0          0          0          0          0          0          0          0          0 PCI-MSIX-0000:10:00.0  18-edge      virtio13-req.17
298:          0          0          0          0          0          0          0          0          0          0          0          0          0          0          0          0          0          0          0          0          0          0          0          0          0          0          0          0          0          0          0          0 PCI-MSIX-0000:10:00.0  19-edge      virtio13-req.18
299:          0          0          0          0          0          0          0          0          0          0          0          0          0          0          0          0          0          0          0          0          0          0          0          0          0          0          0          0          0          0          0          0 PCI-MSIX-0000:10:00.0  20-edge      virtio13-req.19
300:          0          0          0          0          0          0          0          0          0          0          0          0          0          0          0          0          0          0          0          0          0          0          0          0          0          0          0          0          0          0          0          0 PCI-MSIX-0000:10:00.0  21-edge      virtio13-req.20
301:          0          0          0          0          0          0          0          0          0          0          0          0          0          0          0          0          0          0          0          0          0          2          0          0          0          0          0          0          0          0          0          0 PCI-MSIX-0000:10:00.0  22-edge      virtio13-req.21
302:          0          0          0          0          0          0          0          0          0          0          0          0          0          0          0          0          0          0          0          0          0          0          0          0          0          0          0          0          0          0          0          0 PCI-MSIX-0000:10:00.0  23-edge      virtio13-req.22
303:          0          0          0          0          0          0          0          0          0          0          0          0          0          0          0          0          0          0          0          0          0          0          0          0          0          0          0          0          0          0          0          0 PCI-MSIX-0000:10:00.0  24-edge      virtio13-req.23
304:          0          0          0          0          0          0          0          0          0          0          0          0          0          0          0          0          0          0          0          0          0          0          0          0          0          0          0          0          0          0          0          0 PCI-MSIX-0000:10:00.0  25-edge      virtio13-req.24
305:          0          0          0          0          0          0          0          0          0          0          0          0          0          0          0          0          0          0          0          0          0          0          0          0          0          0          0          0          0          0          0          0 PCI-MSIX-0000:10:00.0  26-edge      virtio13-req.25
306:          0          0          0          0          0          0          0          0          0          0          0          0          0          0          0          0          0          0          0          0          0          0          0          0          0          0          0          0          0          0          0          0 PCI-MSIX-0000:10:00.0  27-edge      virtio13-req.26
307:          0          0          0          0          0          0          0          0          0          0          0          0          0          0          0          0          0          0          0          0          0          0          0          0          0          0          0          0          0          0          0          0 PCI-MSIX-0000:10:00.0  28-edge      virtio13-req.27
308:          0          0          0          0          0          0          0          0          0          0          0          0          0          0          0          0          0          0          0          0          0          0          0          0          0          0          0          0          0          0          0          0 PCI-MSIX-0000:10:00.0  29-edge      virtio13-req.28
309:          0          0          0          0          0          0          0          0          0          0          0          0          0          0          0          0          0          0          0          0          0          0          0          0          0          0          0          0          0          0          0          0 PCI-MSIX-0000:10:00.0  30-edge      virtio13-req.29
310:          0          0          0          0          0          0          0          0          0          0          0          0          0          0          0          0          0          0          0          0          0          0          0          0          0          0          0          0          0          0          0          0 PCI-MSIX-0000:10:00.0  31-edge      virtio13-req.30
311:          0          0          0          0          0          0          0          0          0          0          0          0          0          0          0          0          0          0          0          0          0          0          0          0          0          0          0          0          0          0          0         39 PCI-MSIX-0000:10:00.0  32-edge      virtio13-req.31
312:          0         13          0         23         38          0          2          0        195       1033          0          0          0          0       1247          0         28         37          0          6          3         33          0        978        171       1028        363         68          0          4          0          0 PCI-MSI-0000:00:1f.2   0-edge      ahci[0000:00:1f.2]
313:          0          0          0          0          0          0          0          0          0        111          0          0          0          0          0          0          0          0          0          0          0          0          0          0          0          0          0          0          0          0          0          0 PCI-MSI-0000:00:1b.0   0-edge      snd_hda_intel:card0
NMI:          0          0          0          0          0          0          0          0          0          0          0          0          0          0          0          0          0          0          0          0          0          0          0          0          0          0          0          0          0          0          0          0   Non-maskable interrupts
LOC:     618202     756863     695185     646652     651970     608745     566839     599849     566864     571654     577246     578000     569628     583285     572115     563045     542598     544882     533023     557384     529199     538268     565995     552456     549053     555123     544746     549607     559325     536788     538528     550029   Local timer interrupts
SPU:          0          0          0          0          0          0          0          0          0          0          0          0          0          0          0          0          0          0          0          0          0          0          0          0          0          0          0          0          0          0          0          0   Spurious interrupts
PMI:          0          0          0          0          0          0          0          0          0          0          0          0          0          0          0          0          0          0          0          0          0          0          0          0          0          0          0          0          0          0          0          0   Performance monitoring interrupts
IWI:          5        197         28         31         99          4          2          6         16          1          3          4          5         53          0          1          1          2          3          0          0          1          3          0          0          2         63          4         17          1          2          1   IRQ work interrupts
RTR:          0          0          0          0          0          0          0          0          0          0          0          0          0          0          0          0          0          0          0          0          0          0          0          0          0          0          0          0          0          0          0          0   APIC ICR read retries
RES:      68982      74675      73196      70194      71238      69269      69008      70488      68374      68140      69417      68947      69134      68185      70469      69221      69337      66015      67666      69333      68365      67525      69529      68257      68569      69226      68531      70196      68290      67706      67025      68446   Rescheduling interrupts
CAL:    1043390    1007296     838410     797216     766302     734450     641752     679218     668041     577638     618729     757450     680393     678072     658191     657037     683772     559204     604113     583515     671010     594236     695009     543785     566613     568165     566213     637475     585082     587022     527060     651623   Function call interrupts
TLB:     105181     123026     114374     103880     106352     104810     103009     113437     102722     105086     102432     101019     105684     106713     117554     126670     105538     102752     106882     109088     104415     107485     108077     107314     117626     109062     117116     116396     106342     107206     104153     109754   TLB shootdowns
TRM:          0          0          0          0          0          0          0          0          0          0          0          0          0          0          0          0          0          0          0          0          0          0          0          0          0          0          0          0          0          0          0          0   Thermal event interrupts
THR:          0          0          0          0          0          0          0          0          0          0          0          0          0          0          0          0          0          0          0          0          0          0          0          0          0          0          0          0          0          0          0          0   Threshold APIC interrupts
DFR:          0          0          0          0          0          0          0          0          0          0          0          0          0          0          0          0          0          0          0          0          0          0          0          0          0          0          0          0          0          0          0          0   Deferred Error APIC interrupts
MCE:          0          0          0          0          0          0          0          0          0          0          0          0          0          0          0          0          0          0          0          0          0          0          0          0          0          0          0          0          0          0          0          0   Machine check exceptions
MCP:         33         43         45         47         45         50         45         46         47         42         48         43         40         40         47         42         41         43         46         44         47         47         46         46         42         44         45         43         46         44         45         48   Machine check polls
ERR:          0
MIS:          0
PIN:          0          0          0          0          0          0          0          0          0          0          0          0          0          0          0          0          0          0          0          0          0          0          0          0          0          0          0          0          0          0          0          0   Posted-interrupt notification event
NPI:          0          0          0          0          0          0          0          0          0          0          0          0          0          0          0          0          0          0          0          0          0          0          0          0          0          0          0          0          0          0          0          0   Nested posted-interrupt event
PIW:          0          0          0          0          0          0          0          0          0          0          0          0          0          0          0          0          0          0          0          0          0          0          0          0          0          0          0          0          0          0          0          0   Posted-interrupt wakeup event
